variants,batchSeed,metaPowerMultiplier,permanentMissChance,pickupReactionSeconds,pickupReactionJitterSeconds,pickupActionIntervalSeconds,perkDecisionSeconds,simulationHz,totalWaves,runIndex,gameplaySeed,botSeed,win,timedOut,activeDurationSeconds,estimatedWallDurationSeconds,waveReached,level,perkDecisions,kills,merges,formed3Star,locked3Star,consumes,dropsGenerated,collected,expired,cardsFull,permanentlyMissedDrops,unresolvedDrops,expiredRate,collectedRate,mergesBeforeBoss,mergesPerRegularWave,breatherSeconds,breatherShare,bossReached,bossKilled,bossBreached,bossEntryFormed3Star,bossEntryLocked3Star,bossEntryCollected,bossSpawnFormed3Star,bossSpawnLocked3Star,bossSpawnCollected,preBossKillFormed3Star,preBossKillLocked3Star,preBossKillCollected,bossFightDurationSeconds,bossShare,peakEnemies,peakBullets,peakDrops,peakParticles
base,20260712,1,0.12,0.45,0.2,0.18,3,30,9,0,2296215870,2743432545,false,false,773.1666666666208,791.1666666666208,9,7,6,179,23,7,3,6,42,37,5,6,5,0,0.11904761904761904,0.8809523809523809,19,2.375,167.7333333333248,0.2169433067471456,1,0,1,5,3,32,7,3,37,0,0,0,0,0,5,8,2,0
base,20260712,1,0.12,0.45,0.2,0.18,3,30,9,1,121806499,3016168439,false,false,839.4999999998938,857.4999999998938,9,7,6,179,21,6,3,4,39,35,4,4,4,0,0.10256410256410256,0.8974358974358975,20,2.5,167.7333333333248,0.19980146912846458,1,0,1,6,3,32,6,3,35,0,0,0,0,0,4,5,3,0
base,20260712,1,0.12,0.45,0.2,0.18,3,30,9,2,584696471,3861983035,true,false,813.333333333251,831.333333333251,9,7,6,180,19,6,3,9,44,37,7,9,7,0,0.1590909090909091,0.8409090909090909,15,1.875,167.7333333333248,0.2062295081967317,1,1,0,4,3,29,5,3,36,5,3,36,156.8333333331907,0.19282786885230319,2,7,2,0
base,20260712,1,0.12,0.45,0.2,0.18,3,30,9,3,2410699453,783182251,true,false,810.9999999999197,828.9999999999197,9,7,6,180,25,8,3,7,45,40,5,7,5,0,0.1111111111111111,0.8888888888888888,19,2.375,167.7333333333248,0.20682285244555043,1,1,0,6,3,28,7,3,38,7,3,38,128.89999999988277,0.15893958076435946,5,11,4,0
base,20260712,1,0.12,0.45,0.2,0.18,3,30,9,4,3511399940,1742797195,false,false,811.8999999999189,829.8999999999189,9,7,6,179,22,7,3,7,40,37,3,7,3,0,0.075,0.925,19,2.375,167.7333333333248,0.20659358705917175,1,0,1,6,3,27,6,3,36,0,0,0,0,0,6,10,2,0
base,20260712,1,0.12,0.45,0.2,0.18,3,30,9,5,4218843850,964822691,false,false,767.6666666666258,785.6666666666258,9,7,6,179,22,7,3,3,40,34,6,3,6,0,0.15,0.85,17,2.125,167.7333333333248,0.21849761181068222,1,0,1,5,3,29,7,3,34,0,0,0,0,0,6,7,2,0
base,20260712,1,0.12,0.45,0.2,0.18,3,30,9,6,2039225980,2443286865,false,false,827.199999999905,845.199999999905,9,7,6,179,24,7,2,15,58,49,9,15,9,0,0.15517241379310345,0.8448275862068966,19,2.375,167.7333333333248,0.20277240490007745,1,0,1,5,2,37,7,2,48,0,0,0,0,0,6,8,2,0
base,20260712,1,0.12,0.45,0.2,0.18,3,30,9,7,2204589574,1442323462,false,false,805.533333333258,823.533333333258,9,7,6,179,24,7,3,14,52,47,5,14,5,0,0.09615384615384616,0.9038461538461539,23,2.875,167.7333333333248,0.2082264338326663,1,0,1,7,3,41,7,3,47,0,0,0,0,0,2,4,2,0
base,20260712,1,0.12,0.45,0.2,0.18,3,30,9,8,3214878234,669185841,true,false,823.3999999999085,841.3999999999085,9,7,6,180,26,8,3,15,54,51,3,15,3,0,0.05555555555555555,0.9444444444444444,20,2.5,167.7333333333248,0.20370820176505156,1,1,0,6,3,33,8,3,45,8,3,51,134.09999999987804,0.1628613067766492,5,13,3,0
base,20260712,1,0.12,0.45,0.2,0.18,3,30,9,9,2053453029,1438868833,true,false,787.266666666608,805.266666666608,9,7,6,180,25,8,3,11,52,46,6,11,6,0,0.11538461538461539,0.8846153846153846,19,2.375,167.7333333333248,0.21305783724278596,1,1,0,6,3,33,8,3,45,8,3,45,112.7333333332308,0.14319586755852215,5,11,2,0
base,20260712,1,0.12,0.45,0.2,0.18,3,30,9,10,559618858,496218829,false,false,815.5999999999156,833.5999999999156,9,7,6,179,26,8,3,16,60,51,9,16,9,0,0.15,0.85,24,3,167.7333333333248,0.20565636750041952,1,0,1,7,3,42,7,3,49,0,0,0,0,0,6,8,2,0
base,20260712,1,0.12,0.45,0.2,0.18,3,30,9,11,531742719,992158343,true,false,760.1999999999659,778.1999999999659,9,7,6,180,21,6,2,4,41,35,6,4,6,0,0.14634146341463414,0.8536585365853658,17,2.125,167.7333333333248,0.22064369025694858,1,1,0,5,2,24,5,2,30,6,2,34,79.96666666659394,0.10519161624124904,6,13,3,0
base,20260712,1,0.12,0.45,0.2,0.18,3,30,9,12,4201694498,3214489409,false,false,837.1333333332293,855.1333333332293,9,7,6,179,22,7,3,7,47,39,8,7,8,0,0.1702127659574468,0.8297872340425532,17,2.125,167.7333333333248,0.20036632953732456,1,0,1,5,3,29,7,3,39,0,0,0,0,0,6,10,2,0
base,20260712,1,0.12,0.45,0.2,0.18,3,30,9,13,1839324408,3166077543,false,false,796.5999999999328,814.5999999999328,9,7,6,179,25,7,3,8,47,43,4,8,4,0,0.0851063829787234,0.9148936170212766,19,2.375,167.7333333333248,0.21056155326806295,1,0,1,6,3,32,7,3,40,0,0,0,0,0,3,5,2,0
base,20260712,1,0.12,0.45,0.2,0.18,3,30,9,14,56504798,1525320432,false,false,769.9666666666237,787.9666666666237,9,7,6,179,27,8,3,10,52,47,5,10,5,0,0.09615384615384616,0.9038461538461539,22,2.75,167.7333333333248,0.21784492835187777,1,0,1,6,3,38,8,3,46,0,0,0,0,0,5,5,3,0
base,20260712,1,0.12,0.45,0.2,0.18,3,30,9,15,2397099859,2713521751,true,false,808.2999999999222,826.2999999999222,9,7,6,180,20,6,3,6,36,35,1,6,1,0,0.027777777777777776,0.9722222222222222,14,1.75,167.7333333333248,0.207513711905655,1,1,0,4,3,22,5,3,34,5,3,34,148.1999999998652,0.18334776691807433,3,5,2,0
base,20260712,1,0.12,0.45,0.2,0.18,3,30,9,16,2015134913,1153751129,false,false,816.8666666665811,834.8666666665811,9,7,6,179,15,4,3,1,29,24,5,1,5,0,0.1724137931034483,0.8275862068965517,12,1.5,167.7333333333248,0.2053374683751029,1,0,1,3,3,19,3,3,23,0,0,0,0,0,5,14,2,0
base,20260712,1,0.12,0.45,0.2,0.18,3,30,9,17,608994987,47701258,false,false,768.9999999999579,786.9999999999579,9,7,6,179,23,6,3,5,44,38,6,5,6,0,0.13636363636363635,0.8636363636363636,19,2.375,167.7333333333248,0.21811876896402338,1,0,1,6,3,29,6,3,37,0,0,0,0,0,3,4,2,0
base,20260712,1,0.12,0.45,0.2,0.18,3,30,9,18,3557860175,4154778242,false,false,816.8999999999144,834.8999999999144,9,7,6,179,19,5,3,7,41,36,5,7,5,0,0.12195121951219512,0.8780487804878049,18,2.25,167.7333333333248,0.20532908964786678,1,0,1,5,3,28,5,3,35,0,0,0,0,0,2,5,3,0
base,20260712,1,0.12,0.45,0.2,0.18,3,30,9,19,120728548,626776274,true,false,788.69999999994,806.69999999994,9,7,6,180,20,6,3,1,31,30,1,1,1,0,0.03225806451612903,0.967741935483871,17,2.125,167.7333333333248,0.21267063944888748,1,1,0,5,3,26,5,3,29,5,3,29,120.4333333332238,0.15269853345154427,4,9,1,0
base,20260712,1,0.12,0.45,0.2,0.18,3,30,9,20,2151529111,2734624010,false,false,771.9666666666219,789.9666666666219,9,7,6,179,19,5,3,2,34,29,5,2,5,0,0.14705882352941177,0.8529411764705882,16,2,167.7333333333248,0.217280538883373,1,0,1,4,3,25,5,3,29,0,0,0,0,0,3,7,2,0
base,20260712,1,0.12,0.45,0.2,0.18,3,30,9,21,1382418872,836112913,false,false,798.0333333332649,816.0333333332649,9,7,6,179,21,6,3,7,44,38,6,7,6,0,0.13636363636363635,0.8636363636363636,18,2.25,167.7333333333248,0.2101833674449762,1,0,1,5,3,30,6,3,38,0,0,0,0,0,6,8,2,0
base,20260712,1,0.12,0.45,0.2,0.18,3,30,9,22,4072874768,3284093835,false,false,837.3999999998957,855.3999999998957,9,7,6,179,23,7,3,2,41,35,6,2,6,0,0.14634146341463414,0.8536585365853658,19,2.375,167.7333333333248,0.20030252368443477,1,0,1,6,3,28,7,3,34,0,0,0,0,0,5,10,2,0
base,20260712,1,0.12,0.45,0.2,0.18,3,30,9,23,1358835280,2977920616,false,false,830.5333333332353,848.5333333332353,9,7,6,179,26,7,3,19,63,55,8,19,8,0,0.12698412698412698,0.873015873015873,22,2.75,167.7333333333248,0.2019585808316077,1,0,1,6,3,41,7,3,54,0,0,0,0,0,5,14,3,0
base,20260712,1,0.12,0.45,0.2,0.18,3,30,9,24,1091918759,2357897933,false,false,785.0999999999433,803.0999999999433,9,7,6,179,24,7,3,9,53,43,10,9,10,0,0.18867924528301888,0.8113207547169812,20,2.5,167.7333333333248,0.213645820065389,1,0,1,6,3,32,7,3,42,0,0,0,0,0,5,14,2,0
base,20260712,1,0.12,0.45,0.2,0.18,3,30,9,25,3043943479,2490355969,false,false,814.3999999999166,832.3999999999166,9,7,6,179,22,6,3,7,46,39,7,7,7,0,0.15217391304347827,0.8478260869565217,17,2.125,167.7333333333248,0.20595939751147097,1,0,1,4,3,29,6,3,37,0,0,0,0,0,3,5,2,0
base,20260712,1,0.12,0.45,0.2,0.18,3,30,9,26,2575129775,3048092246,true,false,821.0999999999106,839.0999999999106,9,7,6,180,23,6,3,4,45,37,8,4,8,0,0.17777777777777778,0.8222222222222222,19,2.375,167.7333333333248,0.204278812974477,1,1,0,5,3,30,6,3,34,6,3,36,150.89999999986276,0.1837778589695277,6,6,2,0
base,20260712,1,0.12,0.45,0.2,0.18,3,30,9,27,4119587018,401003158,false,false,810.2666666665871,828.2666666665871,9,7,6,179,24,7,3,17,56,51,5,17,5,0,0.08928571428571429,0.9107142857142857,21,2.625,167.7333333333248,0.20701003784763197,1,0,1,6,3,41,7,3,50,0,0,0,0,0,4,5,2,0
base,20260712,1,0.12,0.45,0.2,0.18,3,30,9,28,3898742175,1879299208,true,false,782.0666666666127,800.0666666666127,9,7,6,180,23,7,2,9,43,39,4,9,4,0,0.09302325581395349,0.9069767441860465,14,1.75,167.7333333333248,0.2144744693547051,1,1,0,4,2,25,5,2,30,5,2,34,85.29999999992242,0.10906998550839013,4,11,3,0
base,20260712,1,0.12,0.45,0.2,0.18,3,30,9,29,1855762452,1504534728,false,false,826.4666666665723,844.4666666665723,9,7,6,179,23,7,3,4,42,37,5,4,5,0,0.11904761904761904,0.8809523809523809,22,2.75,167.7333333333248,0.2029523271759425,1,0,1,7,3,33,7,3,37,0,0,0,0,0,6,11,2,0
base,20260712,1,0.12,0.45,0.2,0.18,3,30,9,30,4081068806,3053816541,false,false,824.8999999999071,842.8999999999071,9,7,6,179,26,8,3,19,59,53,6,19,6,0,0.1016949152542373,0.8983050847457628,24,3,167.7333333333248,0.20333777831657618,1,0,1,7,3,48,7,3,52,0,0,0,0,0,5,5,2,0
base,20260712,1,0.12,0.45,0.2,0.18,3,30,9,31,1572237487,3552385709,false,false,834.7999999998981,852.7999999998981,9,7,6,179,22,6,2,13,50,45,5,13,5,0,0.1,0.9,20,2.5,167.7333333333248,0.20092636958953675,1,0,1,6,2,36,6,2,43,0,0,0,0,0,5,10,2,0
base,20260712,1,0.12,0.45,0.2,0.18,3,30,9,32,3917082294,2930887124,true,false,794.533333333268,812.533333333268,9,7,6,180,21,6,3,3,39,33,6,3,6,0,0.15384615384615385,0.8461538461538461,17,2.125,167.7333333333248,0.2111092465178787,1,1,0,4,3,29,5,3,32,5,3,32,112.03333333323144,0.1410052022150201,4,13,2,0
base,20260712,1,0.12,0.45,0.2,0.18,3,30,9,33,4041928192,2770734689,false,false,843.7666666665566,861.7666666665566,9,7,6,179,20,6,2,10,44,40,4,10,4,0,0.09090909090909091,0.9090909090909091,17,2.125,167.7333333333248,0.19879113498994194,1,0,1,5,2,32,6,2,40,0,0,0,0,0,7,10,3,0
base,20260712,1,0.12,0.45,0.2,0.18,3,30,9,34,2630378983,2742851049,false,false,757.8666666666347,775.8666666666347,9,7,6,179,23,7,3,5,41,37,4,5,4,0,0.0975609756097561,0.9024390243902439,17,2.125,167.7333333333248,0.22132301196340412,1,0,1,5,3,28,7,3,37,0,0,0,0,0,3,5,2,0
base,20260712,1,0.12,0.45,0.2,0.18,3,30,9,35,164910933,1925266347,false,false,866.1666666665362,884.1666666665362,9,7,6,179,23,6,3,11,53,44,9,11,9,0,0.16981132075471697,0.8301886792452831,21,2.625,167.7333333333248,0.19365018279778726,1,0,1,6,3,37,6,3,43,0,0,0,0,0,4,5,3,0
base,20260712,1,0.12,0.45,0.2,0.18,3,30,9,36,424926903,3312036924,true,false,791.1333333332711,809.1333333332711,9,7,6,180,17,5,3,2,31,28,3,2,3,0,0.0967741935483871,0.9032258064516129,11,1.375,167.7333333333248,0.2120165163899949,1,1,0,3,2,19,4,3,27,4,3,27,120.03333333322416,0.15172326620026155,5,10,2,0
base,20260712,1,0.12,0.45,0.2,0.18,3,30,9,37,1867347015,483734156,false,false,819.7999999999117,837.7999999999117,9,7,6,179,21,6,3,5,39,35,4,5,4,0,0.10256410256410256,0.8974358974358975,18,2.25,167.7333333333248,0.20460274863789077,1,0,1,5,3,30,6,3,35,0,0,0,0,0,6,10,2,0
base,20260712,1,0.12,0.45,0.2,0.18,3,30,9,38,687125727,1490913570,false,false,805.3666666665915,823.3666666665915,9,7,6,179,17,5,3,0,31,26,5,0,5,0,0.16129032258064516,0.8387096774193549,14,1.75,167.7333333333248,0.20826952526800271,1,0,1,4,3,21,5,3,26,0,0,0,0,0,3,5,2,0
base,20260712,1,0.12,0.45,0.2,0.18,3,30,9,39,1479431960,713292789,false,false,830.6666666665685,848.6666666665685,9,7,6,179,17,5,3,2,36,29,7,2,7,0,0.19444444444444445,0.8055555555555556,15,1.875,167.7333333333248,0.2019261637239301,1,0,1,5,3,24,5,3,29,0,0,0,0,0,4,11,2,0
base,20260712,1,0.12,0.45,0.2,0.18,3,30,9,40,1931715813,566750882,false,false,833.7666666665657,851.7666666665657,9,7,6,179,25,7,3,15,59,50,9,15,9,0,0.15254237288135594,0.847457627118644,22,2.75,167.7333333333248,0.20117538879783925,1,0,1,6,3,39,7,3,49,0,0,0,0,0,6,8,2,0
base,20260712,1,0.12,0.45,0.2,0.18,3,30,9,41,1460645803,1912962488,false,false,808.6666666665885,826.6666666665885,9,7,6,179,14,4,2,0,25,23,2,0,2,0,0.08,0.92,13,1.625,167.7333333333248,0.20741962077494766,1,0,1,4,2,20,4,2,23,0,0,0,0,0,4,5,2,0
base,20260712,1,0.12,0.45,0.2,0.18,3,30,9,42,2149213617,2917479110,false,false,806.2333333332574,824.2333333332574,9,7,6,179,20,6,2,2,36,32,4,2,4,0,0.1111111111111111,0.8888888888888888,16,2,167.7333333333248,0.20804564435441425,1,0,1,5,2,25,6,2,32,0,0,0,0,0,6,5,2,0
base,20260712,1,0.12,0.45,0.2,0.18,3,30,9,43,921984714,2696115224,false,false,850.9333333332168,868.9333333332168,9,7,6,179,23,7,3,3,42,35,7,3,7,0,0.16666666666666666,0.8333333333333334,17,2.125,167.7333333333248,0.19711689125667634,1,0,1,5,2,26,7,3,34,0,0,0,0,0,6,11,2,0
base,20260712,1,0.12,0.45,0.2,0.18,3,30,9,44,2396834857,3400542604,false,false,838.1333333332284,856.1333333332284,9,7,6,179,18,5,2,2,35,28,7,2,7,0,0.2,0.8,14,1.75,167.7333333333248,0.20012726694242658,1,0,1,3,2,25,5,2,28,0,0,0,0,0,6,10,2,0
base,20260712,1,0.12,0.45,0.2,0.18,3,30,9,45,2622366761,1405968849,false,false,831.7999999999008,849.7999999999008,9,7,6,179,25,8,3,11,54,46,8,11,8,0,0.14814814814814814,0.8518518518518519,22,2.75,167.7333333333248,0.2016510379097677,1,0,1,7,3,37,8,3,46,0,0,0,0,0,5,8,2,0
base,20260712,1,0.12,0.45,0.2,0.18,3,30,9,46,2480912865,2438698184,true,false,810.0666666665873,828.0666666665873,9,7,6,180,17,5,2,3,35,29,6,3,6,0,0.17142857142857143,0.8285714285714286,11,1.375,167.7333333333248,0.20706114723069036,1,1,0,3,2,19,3,2,23,5,2,28,141.5333333332046,0.1747181301949039,5,10,3,0
base,20260712,1,0.12,0.45,0.2,0.18,3,30,9,47,4115300923,114495816,false,false,801.7666666665948,819.7666666665948,9,7,6,179,24,7,3,11,52,45,7,11,7,0,0.1346153846153846,0.8653846153846154,22,2.75,167.7333333333248,0.20920467301376938,1,0,1,7,3,36,7,3,41,0,0,0,0,0,5,5,2,0
base,20260712,1,0.12,0.45,0.2,0.18,3,30,9,48,418587956,548361773,true,false,798.9999999999307,816.9999999999307,9,7,6,180,20,6,3,7,39,37,2,7,2,0,0.05128205128205128,0.9487179487179487,17,2.125,167.7333333333248,0.20992907801419192,1,1,0,5,3,27,6,3,35,6,3,35,123.19999999988795,0.15419274092603083,4,8,2,0
base,20260712,1,0.12,0.45,0.2,0.18,3,30,9,49,25899053,4184930629,false,false,769.3666666666243,787.3666666666243,9,7,6,179,18,5,3,3,32,30,2,3,2,0,0.0625,0.9375,15,1.875,167.7333333333248,0.2180148173822634,1,0,1,4,3,24,5,3,29,0,0,0,0,0,5,11,1,0
base,20260712,1,0.12,0.45,0.2,0.18,3,30,9,50,1398077836,2646842237,false,false,833.7666666665657,851.7666666665657,9,7,6,179,24,7,2,9,47,43,4,9,4,0,0.0851063829787234,0.9148936170212766,20,2.5,167.7333333333248,0.20117538879783925,1,0,1,6,2,33,7,2,42,0,0,0,0,0,5,10,2,0
base,20260712,1,0.12,0.45,0.2,0.18,3,30,9,51,4262311237,4162853964,false,false,771.1666666666226,789.1666666666226,9,7,6,179,12,3,3,0,23,21,2,0,2,0,0.08695652173913043,0.9130434782608695,10,1.25,167.7333333333248,0.2175059433758388,1,0,1,3,3,17,3,3,21,0,0,0,0,0,3,7,1,0
base,20260712,1,0.12,0.45,0.2,0.18,3,30,9,52,1084489622,1314381746,false,false,780.0666666666145,798.0666666666145,9,7,6,179,28,8,3,20,63,58,5,20,5,0,0.07936507936507936,0.9206349206349206,24,3,167.7333333333248,0.2150243568925767,1,0,1,7,3,45,8,3,56,0,0,0,0,0,4,5,2,0
base,20260712,1,0.12,0.45,0.2,0.18,3,30,9,53,72294272,1334344572,false,false,804.5666666665923,822.5666666665923,9,7,6,179,26,8,3,14,57,50,7,14,7,0,0.12280701754385964,0.8771929824561403,21,2.625,167.7333333333248,0.2084766126693545,1,0,1,6,3,38,8,3,50,0,0,0,0,0,2,5,2,0
base,20260712,1,0.12,0.45,0.2,0.18,3,30,9,54,1025788700,2240132783,false,false,809.0999999999215,827.0999999999215,9,7,6,179,21,6,3,4,38,34,4,4,4,0,0.10526315789473684,0.8947368421052632,20,2.5,167.7333333333248,0.20730853211388095,1,0,1,6,3,32,6,3,34,0,0,0,0,0,2,5,3,0
base,20260712,1,0.12,0.45,0.2,0.18,3,30,9,55,32769415,533269338,false,false,822.133333333243,840.133333333243,9,7,6,179,21,6,3,0,36,31,5,0,5,0,0.1388888888888889,0.8611111111111112,14,1.75,167.7333333333248,0.20402205643854593,1,0,1,4,3,23,6,3,30,0,0,0,0,0,6,5,2,0
base,20260712,1,0.12,0.45,0.2,0.18,3,30,9,56,1186139222,1902446670,true,false,804.8999999999253,822.8999999999253,9,7,6,180,18,6,3,6,38,33,5,6,5,0,0.13157894736842105,0.868421052631579,14,1.75,167.7333333333248,0.20839027622479855,1,1,0,4,3,26,5,3,32,5,3,32,120.3999999998905,0.1495837992295958,6,10,2,0
base,20260712,1,0.12,0.45,0.2,0.18,3,30,9,57,2186131343,324611309,false,false,811.0999999999196,829.0999999999196,9,7,6,179,21,6,3,6,43,37,6,6,6,0,0.13953488372093023,0.8604651162790697,19,2.375,167.7333333333248,0.20679735338841254,1,0,1,6,3,31,6,3,36,0,0,0,0,0,3,7,2,0
base,20260712,1,0.12,0.45,0.2,0.18,3,30,9,58,753116385,3137016239,true,false,767.6999999999591,785.6999999999591,9,7,6,180,20,6,3,6,43,36,7,6,7,0,0.16279069767441862,0.8372093023255814,20,2.5,167.7333333333248,0.21848812470148982,1,1,0,6,3,30,6,3,35,6,3,35,86.96666666658757,0.11328209804167279,6,11,3,0
base,20260712,1,0.12,0.45,0.2,0.18,3,30,9,59,4171387993,912606203,true,false,800.5333333332626,818.5333333332626,9,7,6,180,22,7,3,11,47,42,5,11,5,0,0.10638297872340426,0.8936170212765957,19,2.375,167.7333333333248,0.20952698201199985,1,1,0,6,3,35,6,3,40,6,3,41,122.16666666655556,0.15260659560280607,6,10,2,0
base,20260712,1,0.12,0.45,0.2,0.18,3,30,9,60,1599599045,3404086600,false,false,784.7999999999436,802.7999999999436,9,7,6,179,20,5,3,5,40,34,6,5,6,0,0.15,0.85,18,2.25,167.7333333333248,0.21372748895685123,1,0,1,5,3,27,5,3,34,0,0,0,0,0,6,7,2,0
base,20260712,1,0.12,0.45,0.2,0.18,3,30,9,61,1184744348,2660779864,true,false,804.9666666665919,822.9666666665919,9,7,6,180,26,9,3,10,50,45,5,10,5,0,0.1,0.9,19,2.375,167.7333333333248,0.208373017516262,1,1,0,6,3,27,8,3,44,8,3,44,150.2333333331967,0.18663298687301005,2,5,3,0
base,20260712,1,0.12,0.45,0.2,0.18,3,30,9,62,3726251780,2830737307,true,false,798.0666666665982,816.0666666665982,9,7,6,180,27,8,3,5,45,41,4,5,4,0,0.08888888888888889,0.9111111111111111,21,2.625,167.7333333333248,0.21017458858909763,1,1,0,6,3,31,8,3,40,8,3,40,114.69999999989568,0.14372232896153897,5,10,2,0
base,20260712,1,0.12,0.45,0.2,0.18,3,30,9,63,628420005,93984634,false,false,797.1333333332657,815.1333333332657,9,7,6,179,25,7,3,6,45,40,5,6,5,0,0.1111111111111111,0.8888888888888888,22,2.75,167.7333333333248,0.21042067408213477,1,0,1,7,3,35,7,3,40,0,0,0,0,0,6,8,2,0
base,20260712,1,0.12,0.45,0.2,0.18,3,30,9,64,3310469291,3058166250,false,false,821.8333333332432,839.8333333332432,9,7,6,179,27,8,3,9,52,45,7,9,7,0,0.1346153846153846,0.8653846153846154,23,2.875,167.7333333333248,0.2040965321435934,1,0,1,7,3,36,8,3,43,0,0,0,0,0,5,8,2,0
base,20260712,1,0.12,0.45,0.2,0.18,3,30,9,65,772134288,1673145911,false,false,784.4666666666105,802.4666666666105,9,7,6,179,21,6,3,4,34,33,1,4,1,0,0.029411764705882353,0.9705882352941176,15,1.875,167.7333333333248,0.21381830543044547,1,0,1,4,3,24,5,3,31,0,0,0,0,0,6,11,2,0
base,20260712,1,0.12,0.45,0.2,0.18,3,30,9,66,3226336270,3407807712,true,false,787.3333333332746,805.3333333332746,9,7,6,180,16,5,3,3,32,27,5,3,5,0,0.15625,0.84375,10,1.25,167.7333333333248,0.21303979678239285,1,1,0,3,2,17,4,3,26,4,3,26,122.36666666655537,0.15541913632501841,5,8,2,0
base,20260712,1,0.12,0.45,0.2,0.18,3,30,9,67,176166743,3655424218,false,false,824.2999999999076,842.2999999999076,9,7,6,179,23,7,3,13,49,46,3,13,3,0,0.061224489795918366,0.9387755102040817,20,2.5,167.7333333333248,0.20348578591937835,1,0,1,6,2,37,7,3,44,0,0,0,0,0,5,9,2,0
base,20260712,1,0.12,0.45,0.2,0.18,3,30,9,68,1364349378,290956375,false,false,767.1999999999596,785.1999999999596,9,7,6,179,18,5,2,5,40,33,7,5,7,0,0.175,0.825,12,1.5,167.7333333333248,0.2186305179005913,1,0,1,3,2,26,5,2,33,0,0,0,0,0,5,5,2,0
base,20260712,1,0.12,0.45,0.2,0.18,3,30,9,69,3700438327,214477261,false,false,814.1333333332502,832.1333333332502,9,7,6,179,24,7,3,22,61,55,6,22,6,0,0.09836065573770492,0.9016393442622951,21,2.625,167.7333333333248,0.20602685882739344,1,0,1,6,3,47,7,3,55,0,0,0,0,0,3,4,2,0
base,20260712,1,0.12,0.45,0.2,0.18,3,30,9,70,1009379196,346025300,false,false,819.6999999999118,837.6999999999118,9,7,6,179,18,5,3,4,37,31,6,4,6,0,0.16216216216216217,0.8378378378378378,12,1.5,167.7333333333248,0.20462770932456123,1,0,1,3,3,24,5,3,31,0,0,0,0,0,5,7,2,0
base,20260712,1,0.12,0.45,0.2,0.18,3,30,9,71,879063749,3923476295,false,false,822.6333333332425,840.6333333332425,9,7,6,179,19,5,2,12,47,41,6,12,6,0,0.1276595744680851,0.8723404255319149,18,2.25,167.7333333333248,0.20389805097452487,1,0,1,5,2,36,5,2,41,0,0,0,0,0,5,7,2,0
base,20260712,1,0.12,0.45,0.2,0.18,3,30,9,72,2558025091,4035319720,false,false,807.8999999999226,825.8999999999226,9,7,6,179,16,5,3,4,34,28,6,4,6,0,0.17647058823529413,0.8235294117647058,12,1.5,167.7333333333248,0.20761645418163246,1,0,1,3,3,23,5,3,28,0,0,0,0,0,4,5,3,0
base,20260712,1,0.12,0.45,0.2,0.18,3,30,9,73,105028354,696519562,false,false,837.9999999998952,855.9999999998952,9,7,6,179,21,6,2,10,47,41,6,10,6,0,0.1276595744680851,0.8723404255319149,21,2.625,167.7333333333248,0.20015910898967276,1,0,1,6,2,34,6,2,40,0,0,0,0,0,6,11,2,0
base,20260712,1,0.12,0.45,0.2,0.18,3,30,9,74,3147724494,1758340152,false,false,792.4999999999366,810.4999999999366,9,7,6,179,27,8,3,12,52,48,4,12,4,0,0.07692307692307693,0.9230769230769231,21,2.625,167.7333333333248,0.21165089379601038,1,0,1,6,3,39,8,3,48,0,0,0,0,0,3,4,2,0
base,20260712,1,0.12,0.45,0.2,0.18,3,30,9,75,3072069306,173343261,false,false,786.6999999999418,804.6999999999418,9,7,6,179,21,6,3,6,41,36,5,6,5,0,0.12195121951219512,0.8780487804878049,18,2.25,167.7333333333248,0.21321130460574195,1,0,1,5,3,31,6,3,36,0,0,0,0,0,5,11,2,0
base,20260712,1,0.12,0.45,0.2,0.18,3,30,9,76,1276772488,3889190384,false,false,829.0999999999033,847.0999999999033,9,7,6,179,19,6,3,5,39,34,5,5,5,0,0.1282051282051282,0.8717948717948718,15,1.875,167.7333333333248,0.20230772323404217,1,0,1,4,3,24,6,3,34,0,0,0,0,0,3,7,2,0
base,20260712,1,0.12,0.45,0.2,0.18,3,30,9,77,930022865,72636026,false,false,759.1333333333002,777.1333333333002,9,7,6,179,16,4,3,4,33,30,3,4,3,0,0.09090909090909091,0.9090909090909091,16,2,167.7333333333248,0.22095371915341894,1,0,1,4,3,27,4,3,29,0,0,0,0,0,5,5,2,0
base,20260712,1,0.12,0.45,0.2,0.18,3,30,9,78,2075503612,2137709207,false,false,778.4333333332827,796.4333333332827,9,7,6,179,13,3,3,0,28,23,5,0,5,0,0.17857142857142858,0.8214285714285714,10,1.25,167.7333333333248,0.2154755277694545,1,0,1,3,3,18,3,3,22,0,0,0,0,0,6,13,2,0
base,20260712,1,0.12,0.45,0.2,0.18,3,30,9,79,2401082734,2377095938,true,false,808.7666666665884,826.7666666665884,9,7,6,180,17,5,2,3,33,30,3,3,3,0,0.09090909090909091,0.9090909090909091,14,1.75,167.7333333333248,0.20739397436426785,1,1,0,4,2,23,5,2,29,5,2,29,130.5333333332146,0.16139801343596494,5,14,1,0
base,20260712,1,0.12,0.45,0.2,0.18,3,30,9,80,3833849000,715543658,false,false,813.0666666665845,831.0666666665845,9,7,6,179,30,9,3,12,61,52,9,12,9,0,0.14754098360655737,0.8524590163934426,27,3.375,167.7333333333248,0.20629714660545476,1,0,1,8,3,42,9,3,50,0,0,0,0,0,5,10,2,0
base,20260712,1,0.12,0.45,0.2,0.18,3,30,9,81,2103077099,2100715288,false,false,815.2999999999158,833.2999999999158,9,7,6,179,25,8,3,7,48,42,6,7,6,0,0.125,0.875,22,2.75,167.7333333333248,0.20573204137537363,1,0,1,7,3,34,8,3,41,0,0,0,0,0,3,4,2,0
base,20260712,1,0.12,0.45,0.2,0.18,3,30,9,82,1221524396,2315615845,false,false,812.2999999999186,830.2999999999186,9,7,6,179,19,6,3,4,36,31,5,4,5,0,0.1388888888888889,0.8611111111111112,17,2.125,167.7333333333248,0.2064918544051971,1,0,1,5,3,28,6,3,31,0,0,0,0,0,6,11,2,0
base,20260712,1,0.12,0.45,0.2,0.18,3,30,9,83,604884436,1246445482,false,false,798.0333333332649,816.0333333332649,9,7,6,179,28,8,3,16,61,54,7,16,7,0,0.11475409836065574,0.8852459016393442,25,3.125,167.7333333333248,0.2101833674449762,1,0,1,7,3,45,8,3,53,0,0,0,0,0,3,5,2,0
base,20260712,1,0.12,0.45,0.2,0.18,3,30,9,84,1429170968,2254597352,false,false,776.8333333332841,794.8333333332841,9,7,6,179,25,7,3,14,54,49,5,14,5,0,0.09259259259259259,0.9074074074074074,25,3.125,167.7333333333248,0.21591933061575036,1,0,1,7,3,41,7,3,49,0,0,0,0,0,3,4,2,0
base,20260712,1,0.12,0.45,0.2,0.18,3,30,9,85,3090036666,1569748138,false,false,835.5333333332308,853.5333333332308,9,7,6,179,25,7,3,6,43,40,3,6,3,0,0.06976744186046512,0.9302325581395349,23,2.875,167.7333333333248,0.20075001994735345,1,0,1,7,3,33,7,3,40,0,0,0,0,0,7,11,1,0
base,20260712,1,0.12,0.45,0.2,0.18,3,30,9,86,1070644286,2008798237,false,false,829.4999999999029,847.4999999999029,9,7,6,179,26,8,3,12,57,48,9,12,9,0,0.15789473684210525,0.8421052631578947,26,3.25,167.7333333333248,0.20221016676714215,1,0,1,8,3,43,8,3,48,0,0,0,0,0,7,11,3,0
base,20260712,1,0.12,0.45,0.2,0.18,3,30,9,87,63675402,4169177116,false,false,810.6333333332534,828.6333333332534,9,7,6,179,19,5,2,5,39,34,5,5,5,0,0.1282051282051282,0.8717948717948718,15,1.875,167.7333333333248,0.20691640281262552,1,0,1,4,2,28,5,2,34,0,0,0,0,0,3,7,2,0
base,20260712,1,0.12,0.45,0.2,0.18,3,30,9,88,1444555853,1377558937,false,false,822.8999999999089,840.8999999999089,9,7,6,179,24,7,3,16,59,50,9,16,9,0,0.15254237288135594,0.847457627118644,21,2.625,167.7333333333248,0.20383197634383687,1,0,1,6,3,39,7,3,50,0,0,0,0,0,5,8,2,0
base,20260712,1,0.12,0.45,0.2,0.18,3,30,9,89,1067362471,1799108961,false,false,854.9333333332131,872.9333333332131,9,7,6,179,25,7,3,21,61,56,5,21,5,0,0.08196721311475409,0.9180327868852459,22,2.75,167.7333333333248,0.19619463505928147,1,0,1,6,3,42,7,3,56,0,0,0,0,0,5,11,2,0
base,20260712,1,0.12,0.45,0.2,0.18,3,30,9,90,1775346706,1778769634,false,false,832.6999999999,850.6999999999,9,7,6,179,21,6,3,6,38,36,2,6,2,0,0.05263157894736842,0.9473684210526315,15,1.875,167.7333333333248,0.20143308914776623,1,0,1,4,3,24,6,3,35,0,0,0,0,0,7,8,2,0
base,20260712,1,0.12,0.45,0.2,0.18,3,30,9,91,3239144485,1960303496,false,false,807.0999999999233,825.0999999999233,9,7,6,179,25,8,3,6,41,39,2,6,2,0,0.04878048780487805,0.9512195121951219,21,2.625,167.7333333333248,0.20782224424896634,1,0,1,6,3,33,7,3,38,0,0,0,0,0,2,5,2,0
base,20260712,1,0.12,0.45,0.2,0.18,3,30,9,92,1924126919,3688351243,false,false,813.666666666584,831.666666666584,9,7,6,179,29,8,3,12,57,51,6,12,6,0,0.10526315789473684,0.8947368421052632,25,3.125,167.7333333333248,0.20614502253175973,1,0,1,7,3,40,8,3,51,0,0,0,0,0,5,6,3,0
base,20260712,1,0.12,0.45,0.2,0.18,3,30,9,93,2784716749,3071825351,false,false,790.9999999999379,808.9999999999379,9,7,6,179,19,5,3,5,44,34,10,5,10,0,0.22727272727272727,0.7727272727272727,16,2,167.7333333333248,0.21205225453013649,1,0,1,5,3,26,5,3,34,0,0,0,0,0,5,5,3,0
base,20260712,1,0.12,0.45,0.2,0.18,3,30,9,94,4011032937,1061175039,false,false,776.1999999999514,794.1999999999514,9,7,6,179,13,3,2,1,29,24,5,1,5,0,0.1724137931034483,0.8275862068965517,12,1.5,167.7333333333248,0.21609550803057884,1,0,1,3,2,20,3,2,24,0,0,0,0,0,6,10,2,0
base,20260712,1,0.12,0.45,0.2,0.18,3,30,9,95,554532066,1805251060,false,false,758.666666666634,776.666666666634,9,7,6,179,22,7,3,4,45,36,9,4,9,0,0.2,0.8,18,2.25,167.7333333333248,0.22108963093145698,1,0,1,5,3,29,7,3,36,0,0,0,0,0,2,5,2,0
base,20260712,1,0.12,0.45,0.2,0.18,3,30,9,96,303311596,432556793,true,false,767.0333333332931,785.0333333332931,9,7,6,180,18,5,3,3,37,31,6,3,6,0,0.16216216216216217,0.8378378378378378,16,2,167.7333333333248,0.2186780235539528,1,1,0,5,3,25,5,3,30,5,3,30,84.53333333325645,0.11020816131405965,6,11,2,0
base,20260712,1,0.12,0.45,0.2,0.18,3,30,9,97,2259200563,2457409816,false,false,818.733333333246,836.733333333246,9,7,6,179,23,7,3,9,45,42,3,9,3,0,0.06666666666666667,0.9333333333333333,18,2.25,167.7333333333248,0.20486931031676087,1,0,1,5,3,32,7,3,42,0,0,0,0,0,3,5,2,0
base,20260712,1,0.12,0.45,0.2,0.18,3,30,9,98,3329616752,961188463,false,false,804.7333333332588,822.7333333332588,9,7,6,179,24,7,3,9,49,43,6,9,6,0,0.12244897959183673,0.8775510204081632,20,2.5,167.7333333333248,0.20843343550659474,1,0,1,6,3,35,7,3,43,0,0,0,0,0,6,6,2,0
base,20260712,1,0.12,0.45,0.2,0.18,3,30,9,99,2675902986,2873391931,false,false,830.4666666665687,848.4666666665687,9,7,6,179,26,8,3,9,49,45,4,9,4,0,0.08163265306122448,0.9183673469387755,22,2.75,167.7333333333248,0.2019747932889274,1,0,1,6,3,36,8,3,45,0,0,0,0,0,5,9,1,0
base,20260712,1,0.12,0.45,0.2,0.18,3,30,9,100,309787450,158724146,false,false,783.966666666611,801.966666666611,9,7,6,179,24,7,3,15,55,49,6,15,6,0,0.10909090909090909,0.8909090909090909,21,2.625,167.7333333333248,0.21395467494366688,1,0,1,6,3,37,7,3,47,0,0,0,0,0,5,6,4,0
base,20260712,1,0.12,0.45,0.2,0.18,3,30,9,101,1869400402,545914937,false,false,800.6333333332625,818.6333333332625,9,7,6,179,20,6,3,2,34,29,5,2,5,0,0.14705882352941177,0.8529411764705882,16,2,167.7333333333248,0.20950081185728753,1,0,1,4,3,26,6,3,29,0,0,0,0,0,2,5,2,0
base,20260712,1,0.12,0.45,0.2,0.18,3,30,9,102,2354606193,3300882003,true,false,773.4666666666205,791.4666666666205,9,7,6,180,25,8,3,5,44,40,4,5,4,0,0.09090909090909091,0.9090909090909091,24,3,167.7333333333248,0.21685916221341336,1,1,0,8,3,34,8,3,39,8,3,39,85.79999999992197,0.11092915014643219,4,11,2,0
base,20260712,1,0.12,0.45,0.2,0.18,3,30,9,103,3199188327,2525595952,false,false,850.96666666655,868.96666666655,9,7,6,179,19,6,3,0,34,29,5,0,5,0,0.14705882352941177,0.8529411764705882,18,2.25,167.7333333333248,0.19710916996358782,1,0,1,6,3,26,6,3,28,0,0,0,0,0,4,5,2,0
base,20260712,1,0.12,0.45,0.2,0.18,3,30,9,104,1254458595,3556934750,false,false,836.0999999998969,854.0999999998969,9,7,6,179,27,8,3,19,56,54,2,19,2,0,0.03571428571428571,0.9642857142857143,22,2.75,167.7333333333248,0.20061396164734538,1,0,1,6,3,44,7,3,53,0,0,0,0,0,5,8,2,0
base,20260712,1,0.12,0.45,0.2,0.18,3,30,9,105,2746295834,2515366423,false,false,814.6666666665831,832.6666666665831,9,7,6,179,18,5,3,0,31,27,4,0,4,0,0.12903225806451613,0.8709677419354839,15,1.875,167.7333333333248,0.2058919803600761,1,0,1,4,3,23,5,3,27,0,0,0,0,0,3,5,2,0
base,20260712,1,0.12,0.45,0.2,0.18,3,30,9,106,3926062226,2262177562,false,false,837.5666666665622,855.5666666665622,9,7,6,179,18,5,3,6,41,34,7,6,7,0,0.17073170731707318,0.8292682926829268,11,1.375,167.7333333333248,0.2002626656584698,1,0,1,3,3,20,5,3,32,0,0,0,0,0,6,11,2,0
base,20260712,1,0.12,0.45,0.2,0.18,3,30,9,107,4016111893,1700202281,false,false,821.1333333332439,839.1333333332439,9,7,6,179,22,6,3,10,49,41,8,10,8,0,0.16326530612244897,0.8367346938775511,17,2.125,167.7333333333248,0.20427052041894503,1,0,1,5,3,27,6,3,41,0,0,0,0,0,3,7,2,0
base,20260712,1,0.12,0.45,0.2,0.18,3,30,9,108,3799113412,2842840435,false,false,762.3333333332973,780.3333333332973,9,7,6,179,25,7,3,21,62,56,6,21,6,0,0.0967741935483871,0.9032258064516129,24,3,167.7333333333248,0.22002623524267517,1,0,1,7,3,46,7,3,54,0,0,0,0,0,6,5,2,0
base,20260712,1,0.12,0.45,0.2,0.18,3,30,9,109,1209543035,937138471,false,false,791.8666666666038,809.8666666666038,9,7,6,179,27,8,3,9,53,46,7,9,7,0,0.1320754716981132,0.8679245283018868,26,3.25,167.7333333333248,0.21182017174609122,1,0,1,8,3,39,8,3,43,0,0,0,0,0,5,6,2,0
base,20260712,1,0.12,0.45,0.2,0.18,3,30,9,110,3966348207,2065116556,true,false,811.5333333332526,829.5333333332526,9,7,6,180,23,7,3,6,43,39,4,6,4,0,0.09302325581395349,0.9069767441860465,17,2.125,167.7333333333248,0.20668693009119546,1,1,0,5,3,27,7,3,37,7,3,38,130.2999999998815,0.1605602563048071,6,14,3,0
base,20260712,1,0.12,0.45,0.2,0.18,3,30,9,111,295997754,2402882070,false,false,791.1666666666044,809.1666666666044,9,7,6,179,26,8,3,3,46,39,7,3,7,0,0.15217391304347827,0.8478260869565217,22,2.75,167.7333333333248,0.212007583737103,1,0,1,7,3,33,8,3,37,0,0,0,0,0,5,7,2,0
base,20260712,1,0.12,0.45,0.2,0.18,3,30,9,112,1783978857,2278458826,false,false,773.633333333287,791.633333333287,9,7,6,179,14,4,2,3,31,26,5,3,5,0,0.16129032258064516,0.8387096774193549,12,1.5,167.7333333333248,0.2168124434486641,1,0,1,3,2,22,4,2,25,0,0,0,0,0,6,10,2,0
base,20260712,1,0.12,0.45,0.2,0.18,3,30,9,113,2517524705,3418042266,false,false,807.2666666665898,825.2666666665898,9,7,6,179,21,6,3,2,36,31,5,2,5,0,0.1388888888888889,0.8611111111111112,14,1.75,167.7333333333248,0.20777933768272455,1,0,1,4,3,22,6,3,31,0,0,0,0,0,3,5,2,0
base,20260712,1,0.12,0.45,0.2,0.18,3,30,9,114,3071509352,521227380,false,false,784.9999999999434,802.9999999999434,9,7,6,179,21,6,3,10,49,41,8,10,8,0,0.16326530612244897,0.8367346938775511,21,2.625,167.7333333333248,0.21367303609342278,1,0,1,6,3,36,6,3,41,0,0,0,0,0,4,7,3,0
base,20260712,1,0.12,0.45,0.2,0.18,3,30,9,115,740257506,134522956,false,false,813.4666666665842,831.4666666665842,9,7,6,179,17,5,3,5,40,32,8,5,8,0,0.2,0.8,16,2,167.7333333333248,0.2061957056220396,1,0,1,5,3,28,5,3,32,0,0,0,0,0,3,5,2,0
base,20260712,1,0.12,0.45,0.2,0.18,3,30,9,116,2962464148,2114920476,true,false,793.6666666666022,811.6666666666022,9,7,6,180,22,7,3,15,52,47,5,15,5,0,0.09615384615384616,0.9038461538461539,21,2.625,167.7333333333248,0.21133977320454234,1,1,0,6,3,37,6,3,45,6,3,45,107.83333333323526,0.1358672826542344,5,11,3,0
base,20260712,1,0.12,0.45,0.2,0.18,3,30,9,117,1210375085,4259043814,true,false,843.7666666665566,861.7666666665566,9,7,6,180,21,6,3,17,52,48,4,17,4,0,0.07692307692307693,0.9230769230769231,18,2.25,167.7333333333248,0.19879113498994194,1,1,0,5,3,40,6,3,47,6,3,47,164.4999999998504,0.19495911191862503,6,6,2,0
base,20260712,1,0.12,0.45,0.2,0.18,3,30,9,118,3421255839,1498656756,false,false,779.8333333332814,797.8333333332814,9,7,6,179,26,8,3,15,61,50,11,15,11,0,0.18032786885245902,0.819672131147541,24,3,167.7333333333248,0.21508869416542334,1,0,1,7,3,45,7,3,48,0,0,0,0,0,6,11,3,0
base,20260712,1,0.12,0.45,0.2,0.18,3,30,9,119,3072983141,1207315300,false,false,818.4666666665796,836.4666666665796,9,7,6,179,20,6,3,3,35,32,3,3,3,0,0.08571428571428572,0.9142857142857143,17,2.125,167.7333333333248,0.20493605929788544,1,0,1,5,3,27,6,3,32,0,0,0,0,0,5,13,2,0
base,20260712,1,0.12,0.45,0.2,0.18,3,30,9,120,2202207500,3656528266,false,false,825.1999999999068,843.1999999999068,9,7,6,179,26,8,3,12,55,46,9,12,9,0,0.16363636363636364,0.8363636363636363,23,2.875,167.7333333333248,0.20326385522702828,1,0,1,7,3,40,8,3,46,0,0,0,0,0,5,5,2,0
base,20260712,1,0.12,0.45,0.2,0.18,3,30,9,121,3165678159,4196636827,true,false,806.5333333332571,824.5333333332571,9,7,6,180,21,7,3,3,36,33,3,3,3,0,0.08333333333333333,0.9166666666666666,20,2.5,167.7333333333248,0.20796825921640846,1,1,0,6,3,31,6,3,32,6,3,32,122.99999999988813,0.15250454620586015,4,8,2,0
base,20260712,1,0.12,0.45,0.2,0.18,3,30,9,122,2719753289,1508627709,false,false,818.4333333332463,836.4333333332463,9,7,6,179,25,7,3,8,48,43,5,8,5,0,0.10416666666666667,0.8958333333333334,22,2.75,167.7333333333248,0.20494440597891414,1,0,1,7,3,34,7,3,42,0,0,0,0,0,3,4,2,0
base,20260712,1,0.12,0.45,0.2,0.18,3,30,9,123,567898651,3393913153,false,false,820.8333333332441,838.8333333332441,9,7,6,179,32,10,3,13,60,53,7,13,7,0,0.11666666666666667,0.8833333333333333,21,2.625,167.7333333333248,0.20434517766498642,1,0,1,6,3,35,10,3,53,0,0,0,0,0,5,9,3,0
base,20260712,1,0.12,0.45,0.2,0.18,3,30,9,124,1859314885,3515844217,false,false,844.466666666556,862.466666666556,9,7,6,179,28,8,3,15,61,53,8,15,8,0,0.13114754098360656,0.8688524590163934,21,2.625,167.7333333333248,0.1986263519381228,1,0,1,6,3,36,8,3,52,0,0,0,0,0,5,10,2,0
base,20260712,1,0.12,0.45,0.2,0.18,3,30,9,125,2371572170,1588596298,false,false,768.7999999999581,786.7999999999581,9,7,6,179,27,7,3,18,59,55,4,18,4,0,0.06779661016949153,0.9322033898305084,24,3,167.7333333333248,0.21817551161984122,1,0,1,6,3,44,7,3,55,0,0,0,0,0,3,5,2,0
base,20260712,1,0.12,0.45,0.2,0.18,3,30,9,126,3664689629,248663365,true,false,831.5333333332344,849.5333333332344,9,7,6,180,20,7,3,0,30,28,2,0,2,0,0.06666666666666667,0.9333333333333333,11,1.375,167.7333333333248,0.2017157059248113,1,1,0,3,3,19,5,3,25,6,3,27,151.2666666665291,0.18191293193283142,6,6,2,0
base,20260712,1,0.12,0.45,0.2,0.18,3,30,9,127,3957446512,2387814600,false,false,816.533333333248,834.533333333248,9,7,6,179,26,7,3,9,51,45,6,9,6,0,0.11764705882352941,0.8823529411764706,22,2.75,167.7333333333248,0.205421293272382,1,0,1,6,3,35,7,3,45,0,0,0,0,0,5,5,2,0
base,20260712,1,0.12,0.45,0.2,0.18,3,30,9,128,3096907722,722873398,false,false,837.3333333332291,855.3333333332291,9,7,6,179,25,7,3,15,56,50,6,15,6,0,0.10714285714285714,0.8928571428571429,23,2.875,167.7333333333248,0.20031847133759434,1,0,1,7,3,41,7,3,46,0,0,0,0,0,5,11,4,0
base,20260712,1,0.12,0.45,0.2,0.18,3,30,9,129,3036198834,1656015064,true,false,778.5666666666159,796.5666666666159,9,7,6,180,21,6,3,4,40,35,5,4,5,0,0.125,0.875,14,1.75,167.7333333333248,0.2154386265359452,1,1,0,3,2,24,6,3,33,6,3,34,105.46666666657075,0.1354626022176362,5,11,3,0
base,20260712,1,0.12,0.45,0.2,0.18,3,30,9,130,2999277546,924322600,false,false,762.1333333332975,780.1333333332975,9,7,6,179,15,4,3,2,33,27,6,2,6,0,0.18181818181818182,0.8181818181818182,13,1.625,167.7333333333248,0.22008397480755687,1,0,1,4,3,21,4,3,25,0,0,0,0,0,5,11,2,0
base,20260712,1,0.12,0.45,0.2,0.18,3,30,9,131,207872869,3645634908,false,false,767.7666666666257,785.7666666666257,9,7,6,179,25,7,3,16,55,50,5,16,5,0,0.09090909090909091,0.9090909090909091,22,2.75,167.7333333333248,0.21846915295445718,1,0,1,6,3,39,6,3,48,0,0,0,0,0,5,8,3,0
base,20260712,1,0.12,0.45,0.2,0.18,3,30,9,132,979158521,3452732761,false,false,834.6999999998982,852.6999999998982,9,7,6,179,22,6,3,6,46,38,8,6,8,0,0.17391304347826086,0.8260869565217391,17,2.125,167.7333333333248,0.20095044127632114,1,0,1,4,3,27,6,3,38,0,0,0,0,0,6,10,2,0
base,20260712,1,0.12,0.45,0.2,0.18,3,30,9,133,2975105594,3411493043,false,false,809.2333333332547,827.2333333332547,9,7,6,179,31,9,3,17,62,58,4,17,4,0,0.06451612903225806,0.9354838709677419,24,3,167.7333333333248,0.207274374922776,1,0,1,7,3,40,9,3,58,0,0,0,0,0,5,7,3,0
base,20260712,1,0.12,0.45,0.2,0.18,3,30,9,134,1317838698,792364634,false,false,774.2333333332865,792.2333333332865,9,7,6,179,20,6,3,7,40,35,5,7,5,0,0.125,0.875,15,1.875,167.7333333333248,0.2166444224394045,1,0,1,4,3,25,5,3,32,0,0,0,0,0,5,9,2,0
base,20260712,1,0.12,0.45,0.2,0.18,3,30,9,135,1597404232,785209467,false,false,817.4333333332472,835.4333333332472,9,7,6,179,27,8,3,9,51,45,6,9,6,0,0.11764705882352941,0.8823529411764706,23,2.875,167.7333333333248,0.20519512294581715,1,0,1,7,3,37,8,3,45,0,0,0,0,0,3,5,2,0
base,20260712,1,0.12,0.45,0.2,0.18,3,30,9,136,3506374869,3452123525,false,false,816.1666666665817,834.1666666665817,9,7,6,179,16,4,2,1,32,27,5,1,5,0,0.15625,0.84375,14,1.75,167.7333333333248,0.20551357974271053,1,0,1,3,2,23,3,2,24,0,0,0,0,0,6,14,3,0
base,20260712,1,0.12,0.45,0.2,0.18,3,30,9,137,98372788,3958419568,false,false,771.5666666666223,789.5666666666223,9,7,6,179,27,8,3,8,52,45,7,8,7,0,0.1346153846153846,0.8653846153846154,20,2.5,167.7333333333248,0.21739318270186345,1,0,1,6,3,35,8,3,45,0,0,0,0,0,2,7,2,0
base,20260712,1,0.12,0.45,0.2,0.18,3,30,9,138,4021316731,3301874808,false,false,784.2666666666107,802.2666666666107,9,7,6,179,20,6,3,4,35,34,1,4,1,0,0.02857142857142857,0.9714285714285714,17,2.125,167.7333333333248,0.21387283236994656,1,0,1,5,3,28,6,3,34,0,0,0,0,0,3,5,2,0
base,20260712,1,0.12,0.45,0.2,0.18,3,30,9,139,1118674039,2615891444,false,false,745.5333333333126,763.5333333333126,9,7,6,179,21,6,3,8,47,39,8,8,8,0,0.1702127659574468,0.8297872340425532,18,2.25,167.7333333333248,0.22498435124742394,1,0,1,5,3,33,6,3,39,0,0,0,0,0,3,5,2,0
base,20260712,1,0.12,0.45,0.2,0.18,3,30,9,140,3788704140,3797786968,false,false,809.0333333332549,827.0333333332549,9,7,6,179,22,6,3,13,53,43,10,13,10,0,0.18867924528301888,0.8113207547169812,19,2.375,167.7333333333248,0.20732561493140916,1,0,1,5,3,37,5,3,42,0,0,0,0,0,3,5,2,0
base,20260712,1,0.12,0.45,0.2,0.18,3,30,9,141,1843501865,1453385799,true,false,795.8333333332669,813.8333333332669,9,7,6,180,19,6,3,11,41,39,2,11,2,0,0.04878048780487805,0.9512195121951219,16,2,167.7333333333248,0.21076439790576604,1,1,0,4,3,33,5,3,37,5,3,38,114.09999999989623,0.14337172774857268,6,10,2,0
base,20260712,1,0.12,0.45,0.2,0.18,3,30,9,142,2108085073,2692805170,false,false,798.4999999999311,816.4999999999311,9,7,6,179,24,6,3,7,48,41,7,7,7,0,0.14583333333333334,0.8541666666666666,20,2.5,167.7333333333248,0.21006053016072543,1,0,1,5,3,33,6,3,41,0,0,0,0,0,2,5,2,0
base,20260712,1,0.12,0.45,0.2,0.18,3,30,9,143,3478216589,3237700627,false,false,806.7999999999236,824.7999999999236,9,7,6,179,20,6,3,8,42,38,4,8,4,0,0.09523809523809523,0.9047619047619048,20,2.5,167.7333333333248,0.2078995207403826,1,0,1,6,3,33,6,3,38,0,0,0,0,0,3,5,2,0
base,20260712,1,0.12,0.45,0.2,0.18,3,30,9,144,1504087569,74755035,true,false,800.033333333263,818.033333333263,9,7,6,180,19,6,2,7,40,35,5,7,5,0,0.125,0.875,16,2,167.7333333333248,0.20965793091955276,1,1,0,4,2,29,5,2,33,5,2,34,129.366666666549,0.1617015957667102,5,7,2,0
base,20260712,1,0.12,0.45,0.2,0.18,3,30,9,145,2981424582,2850458104,false,false,801.233333333262,819.233333333262,9,7,6,179,23,7,3,7,44,40,4,7,4,0,0.09090909090909091,0.9090909090909091,20,2.5,167.7333333333248,0.20934392811083713,1,0,1,6,3,29,7,3,39,0,0,0,0,0,5,7,2,0
base,20260712,1,0.12,0.45,0.2,0.18,3,30,9,146,280611867,1323195042,false,false,827.9333333332377,845.9333333332377,9,7,6,179,24,7,3,4,44,38,6,4,6,0,0.13636363636363635,0.8636363636363636,22,2.75,167.7333333333248,0.20259280135277902,1,0,1,7,3,33,7,3,37,0,0,0,0,0,4,11,2,0
base,20260712,1,0.12,0.45,0.2,0.18,3,30,9,147,2544746304,1567418394,false,false,809.9999999999206,827.9999999999206,9,7,6,179,24,7,3,6,43,40,3,6,3,0,0.06976744186046512,0.9302325581395349,21,2.625,167.7333333333248,0.20707818930042127,1,0,1,6,3,32,7,3,40,0,0,0,0,0,2,5,2,0
base,20260712,1,0.12,0.45,0.2,0.18,3,30,9,148,2336725293,3566457257,false,false,819.7333333332451,837.7333333332451,9,7,6,179,15,4,3,0,29,23,6,0,6,0,0.20689655172413793,0.7931034482758621,12,1.5,167.7333333333248,0.20461938841900965,1,0,1,3,3,19,4,3,23,0,0,0,0,0,5,11,2,0
base,20260712,1,0.12,0.45,0.2,0.18,3,30,9,149,955363084,3901899374,false,false,824.1999999999077,842.1999999999077,9,7,6,179,25,7,3,15,54,48,6,15,6,0,0.1111111111111111,0.8888888888888888,17,2.125,167.7333333333248,0.2035104748038626,1,0,1,4,3,36,6,3,46,0,0,0,0,0,5,8,2,0
base,20260712,1,0.12,0.45,0.2,0.18,3,30,9,150,3688972581,3399886802,true,false,796.833333333266,814.833333333266,9,7,6,180,15,4,3,2,29,27,2,2,2,0,0.06896551724137931,0.9310344827586207,8,1,167.7333333333248,0.21049989541937542,1,1,0,2,2,16,4,3,24,4,3,26,122.03333333322234,0.15314787701305083,5,8,1,0
base,20260712,1,0.12,0.45,0.2,0.18,3,30,9,151,309556288,2821558726,false,false,815.7333333332488,833.7333333332488,9,7,6,179,24,7,3,3,39,36,3,3,3,0,0.07692307692307693,0.9230769230769231,19,2.375,167.7333333333248,0.20562275253351853,1,0,1,6,3,28,7,3,36,0,0,0,0,0,6,11,3,0
base,20260712,1,0.12,0.45,0.2,0.18,3,30,9,152,3310279876,3631038247,true,false,806.4666666665905,824.4666666665905,9,7,6,180,20,6,3,9,42,39,3,9,3,0,0.07142857142857142,0.9285714285714286,18,2.25,167.7333333333248,0.2079854509382582,1,1,0,5,3,30,6,3,37,6,3,38,122.53333333322189,0.1519384971479294,6,10,2,0
base,20260712,1,0.12,0.45,0.2,0.18,3,30,9,153,1709836494,957570155,true,false,810.6333333332534,828.6333333332534,9,7,6,180,18,5,2,2,34,30,4,2,4,0,0.11764705882352941,0.8823529411764706,15,1.875,167.7333333333248,0.20691640281262552,1,1,0,4,2,26,5,2,29,5,2,29,138.69999999987385,0.17110078539399753,6,10,2,0
base,20260712,1,0.12,0.45,0.2,0.18,3,30,9,154,891065281,2001501134,false,false,803.0999999999269,821.0999999999269,9,7,6,179,19,6,3,2,31,29,2,2,2,0,0.06451612903225806,0.9354838709677419,15,1.875,167.7333333333248,0.20885734445690457,1,0,1,4,3,26,6,3,29,0,0,0,0,0,3,5,1,0
base,20260712,1,0.12,0.45,0.2,0.18,3,30,9,155,1300447633,3815942107,false,false,833.5999999998992,851.5999999998992,9,7,6,179,19,6,3,3,34,32,2,3,2,0,0.058823529411764705,0.9411764705882353,16,2,167.7333333333248,0.20121561100449264,1,0,1,5,3,26,6,3,31,0,0,0,0,0,6,11,2,0
base,20260712,1,0.12,0.45,0.2,0.18,3,30,9,156,243781276,4168973638,false,false,833.8999999998989,851.8999999998989,9,7,6,179,20,6,3,6,42,36,6,6,6,0,0.14285714285714285,0.8571428571428571,17,2.125,167.7333333333248,0.2011432226086403,1,0,1,5,3,27,6,3,34,0,0,0,0,0,6,8,2,0
base,20260712,1,0.12,0.45,0.2,0.18,3,30,9,157,3695728801,1924031485,false,false,831.1999999999014,849.1999999999014,9,7,6,179,24,7,3,7,45,40,5,7,5,0,0.1111111111111111,0.8888888888888888,21,2.625,167.7333333333248,0.20179659929420682,1,0,1,6,3,34,6,3,38,0,0,0,0,0,6,11,2,0
base,20260712,1,0.12,0.45,0.2,0.18,3,30,9,158,2953847507,2947029615,false,false,805.2666666665916,823.2666666665916,9,7,6,179,26,7,3,16,58,52,6,16,6,0,0.10344827586206896,0.896551724137931,24,3,167.7333333333248,0.20829538869112563,1,0,1,7,3,40,7,3,50,0,0,0,0,0,6,9,3,0
base,20260712,1,0.12,0.45,0.2,0.18,3,30,9,159,597318306,2969988937,false,false,751.3666666666406,769.3666666666406,9,7,6,179,23,7,3,14,51,46,5,14,5,0,0.09803921568627451,0.9019607843137255,15,1.875,167.7333333333248,0.22323765582715577,1,0,1,4,3,32,7,3,46,0,0,0,0,0,3,5,2,0
base,20260712,1,0.12,0.45,0.2,0.18,3,30,9,160,4021549137,175298607,false,false,841.2666666665589,859.2666666665589,9,7,6,179,18,5,3,2,33,30,3,2,3,0,0.09090909090909091,0.9090909090909091,15,1.875,167.7333333333248,0.19938188445995675,1,0,1,4,3,26,5,3,30,0,0,0,0,0,5,14,2,0
base,20260712,1,0.12,0.45,0.2,0.18,3,30,9,161,3627696161,2215963411,false,false,830.0666666665691,848.0666666665691,9,7,6,179,18,5,3,5,36,33,3,5,3,0,0.08333333333333333,0.9166666666666666,16,2,167.7333333333248,0.20207212272108005,1,0,1,5,3,26,5,3,33,0,0,0,0,0,5,10,2,0
base,20260712,1,0.12,0.45,0.2,0.18,3,30,9,162,1721084332,2679391550,true,false,787.6666666666076,805.6666666666076,9,7,6,180,15,4,2,0,31,25,6,0,6,0,0.1935483870967742,0.8064516129032258,10,1.25,167.7333333333248,0.2129496402877749,1,1,0,2,2,19,4,2,24,4,2,24,113.8333333332298,0.1445196783748265,6,6,2,0
base,20260712,1,0.12,0.45,0.2,0.18,3,30,9,163,3200445703,2404784930,false,false,782.4666666666124,800.4666666666124,9,7,6,179,14,4,3,2,33,26,7,2,7,0,0.21212121212121213,0.7878787878787878,10,1.25,167.7333333333248,0.2143648291727057,1,0,1,2,2,19,4,3,25,0,0,0,0,0,5,8,3,0
base,20260712,1,0.12,0.45,0.2,0.18,3,30,9,164,3590333780,1706214015,false,false,759.3999999999667,777.3999999999667,9,7,6,179,24,7,2,20,60,54,6,20,6,0,0.1,0.9,20,2.5,167.7333333333248,0.22087613027828834,1,0,1,6,2,39,7,2,49,0,0,0,0,0,5,8,3,0
base,20260712,1,0.12,0.45,0.2,0.18,3,30,9,165,2747337816,804328599,false,false,807.5666666665895,825.5666666665895,9,7,6,179,21,6,3,9,45,39,6,9,6,0,0.13333333333333333,0.8666666666666667,18,2.25,167.7333333333248,0.2077021504932606,1,0,1,5,3,35,6,3,39,0,0,0,0,0,2,4,2,0
base,20260712,1,0.12,0.45,0.2,0.18,3,30,9,166,2617124955,1707924128,true,false,776.6333333332843,794.6333333332843,9,7,6,180,19,6,3,3,36,32,4,3,4,0,0.1111111111111111,0.8888888888888888,17,2.125,167.7333333333248,0.2159749345465497,1,1,0,5,3,27,6,3,30,6,3,31,86.59999999992124,0.1115069316278725,5,11,2,0
base,20260712,1,0.12,0.45,0.2,0.18,3,30,9,167,3812811456,3006015671,false,false,822.2999999999095,840.2999999999095,9,7,6,179,26,8,3,11,51,47,4,11,4,0,0.0784313725490196,0.9215686274509803,21,2.625,167.7333333333248,0.20398070452796213,1,0,1,6,3,37,8,3,45,0,0,0,0,0,6,11,2,0
base,20260712,1,0.12,0.45,0.2,0.18,3,30,9,168,1894926263,3091468205,false,false,822.9333333332422,840.9333333332422,9,7,6,179,20,6,2,15,51,43,8,15,8,0,0.1568627450980392,0.8431372549019608,18,2.25,167.7333333333248,0.2038237200259357,1,0,1,5,2,39,6,2,43,0,0,0,0,0,4,5,2,0
base,20260712,1,0.12,0.45,0.2,0.18,3,30,9,169,1343395008,3077451486,false,false,812.3666666665852,830.3666666665852,9,7,6,179,20,6,3,8,41,37,4,8,4,0,0.0975609756097561,0.9024390243902439,17,2.125,167.7333333333248,0.20647490870297686,1,0,1,5,3,30,6,3,37,0,0,0,0,0,3,5,2,0
base,20260712,1,0.12,0.45,0.2,0.18,3,30,9,170,3083524862,3128302937,false,false,772.5666666666214,790.5666666666214,9,7,6,179,25,8,3,15,54,49,5,15,5,0,0.09259259259259259,0.9074074074074074,21,2.625,167.7333333333248,0.2171117918626241,1,0,1,6,3,41,8,3,48,0,0,0,0,0,6,9,2,0
base,20260712,1,0.12,0.45,0.2,0.18,3,30,9,171,3692811832,1601863949,true,false,778.3666666666161,796.3666666666161,9,7,6,180,19,6,3,4,38,31,7,4,7,0,0.18421052631578946,0.8157894736842105,11,1.375,167.7333333333248,0.21549398312706397,1,1,0,2,1,22,5,3,30,5,3,30,104.06666666657202,0.13369877093046822,5,11,2,0
base,20260712,1,0.12,0.45,0.2,0.18,3,30,9,172,260346616,1777829146,false,false,769.2999999999577,787.2999999999577,9,7,6,179,23,7,3,9,51,42,9,9,9,0,0.17647058823529413,0.8235294117647058,20,2.5,167.7333333333248,0.2180337102994073,1,0,1,6,3,35,7,3,41,0,0,0,0,0,6,10,2,0
base,20260712,1,0.12,0.45,0.2,0.18,3,30,9,173,2363802864,251246025,false,false,774.0333333332867,792.0333333332867,9,7,6,179,22,6,3,8,46,39,7,8,7,0,0.15217391304347827,0.8478260869565217,18,2.25,167.7333333333248,0.21670040049954986,1,0,1,5,3,27,6,3,39,0,0,0,0,0,6,11,2,0
base,20260712,1,0.12,0.45,0.2,0.18,3,30,9,174,3472932576,2670432390,true,false,755.9666666666365,773.9666666666365,9,7,6,180,23,7,3,7,48,39,9,7,9,0,0.1875,0.8125,19,2.375,167.7333333333248,0.22187927157281825,1,1,0,5,3,31,6,3,34,6,3,34,78.83333333326163,0.10428149389293812,5,13,2,0
base,20260712,1,0.12,0.45,0.2,0.18,3,30,9,175,35922449,1183517001,false,false,759.6999999999664,777.6999999999664,9,7,6,179,21,6,2,9,50,39,11,9,11,0,0.22,0.78,19,2.375,167.7333333333248,0.22078890790224065,1,0,1,5,2,31,6,2,38,0,0,0,0,0,4,4,3,0
base,20260712,1,0.12,0.45,0.2,0.18,3,30,9,176,3309073840,2474689324,false,false,801.9666666665946,819.9666666665946,9,7,6,179,25,7,3,15,56,50,6,15,6,0,0.10714285714285714,0.8928571428571429,24,3,167.7333333333248,0.20915250010391936,1,0,1,7,3,38,7,3,48,0,0,0,0,0,5,10,2,0
base,20260712,1,0.12,0.45,0.2,0.18,3,30,9,177,1709810134,1706985734,false,false,825.3999999999066,843.3999999999066,9,7,6,179,22,6,3,4,48,36,12,4,12,0,0.25,0.75,18,2.25,167.7333333333248,0.20321460302077024,1,0,1,5,3,30,6,3,34,0,0,0,0,0,4,7,3,0
base,20260712,1,0.12,0.45,0.2,0.18,3,30,9,178,2231219360,3165967807,true,false,799.1333333332639,817.1333333332639,9,7,6,180,20,6,3,1,40,31,9,1,9,0,0.225,0.775,14,1.75,167.7333333333248,0.20989405188955457,1,1,0,4,2,22,6,3,29,6,3,30,137.93333333320788,0.172603653958313,5,13,2,0
base,20260712,1,0.12,0.45,0.2,0.18,3,30,9,179,4086400158,1411118034,false,false,779.6666666666149,797.6666666666149,9,7,6,179,23,6,2,5,42,37,5,5,5,0,0.11904761904761904,0.8809523809523809,19,2.375,167.7333333333248,0.21513467293715596,1,0,1,5,2,31,6,2,37,0,0,0,0,0,4,10,2,0
base,20260712,1,0.12,0.45,0.2,0.18,3,30,9,180,3396149480,2643783067,true,false,820.7999999999108,838.7999999999108,9,7,6,180,21,6,3,1,39,31,8,1,8,0,0.20512820512820512,0.7948717948717948,16,2,167.7333333333248,0.20435347628331263,1,1,0,4,3,26,6,3,30,6,3,30,127.23333333321762,0.1550113710200188,6,11,2,0
base,20260712,1,0.12,0.45,0.2,0.18,3,30,9,181,1539862456,2124321942,false,false,817.1666666665808,835.1666666665808,9,7,6,179,23,7,3,14,54,47,7,14,7,0,0.12962962962962962,0.8703703703703703,21,2.625,167.7333333333248,0.20526208443811025,1,0,1,7,3,37,7,3,47,0,0,0,0,0,4,5,3,0
base,20260712,1,0.12,0.45,0.2,0.18,3,30,9,182,3982333332,2191480214,false,false,820.4666666665778,838.4666666665778,9,7,6,179,24,7,3,11,49,45,4,11,4,0,0.08163265306122448,0.9183673469387755,20,2.5,167.7333333333248,0.2044364995531116,1,0,1,6,3,33,7,3,45,0,0,0,0,0,4,7,2,0
base,20260712,1,0.12,0.45,0.2,0.18,3,30,9,183,3370242222,2233083578,false,false,835.5999999998974,853.5999999998974,9,7,6,179,23,7,3,9,45,42,3,9,3,0,0.06666666666666667,0.9333333333333333,19,2.375,167.7333333333248,0.200734003510466,1,0,1,6,3,32,7,3,42,0,0,0,0,0,5,7,2,0
base,20260712,1,0.12,0.45,0.2,0.18,3,30,9,184,1945302814,3761440154,true,false,841.4666666665587,859.4666666665587,9,7,6,180,22,7,3,9,44,40,4,9,4,0,0.09090909090909091,0.9090909090909091,19,2.375,167.7333333333248,0.19933449532563735,1,1,0,5,3,35,6,3,38,6,3,39,161.09999999985348,0.19145143400397024,5,6,2,0
base,20260712,1,0.12,0.45,0.2,0.18,3,30,9,185,335860985,1158552183,false,false,753.8999999999717,771.8999999999717,9,7,6,179,24,7,3,10,48,44,4,10,4,0,0.08333333333333333,0.9166666666666666,24,3,167.7333333333248,0.22248750939558443,1,0,1,7,3,40,7,3,44,0,0,0,0,0,5,5,2,0
base,20260712,1,0.12,0.45,0.2,0.18,3,30,9,186,1518606970,3817611327,false,false,805.1333333332584,823.1333333332584,9,7,6,179,19,6,2,8,42,36,6,8,6,0,0.14285714285714285,0.8571428571428571,15,1.875,167.7333333333248,0.20832988324916005,1,0,1,4,2,29,6,2,36,0,0,0,0,0,3,5,2,0
base,20260712,1,0.12,0.45,0.2,0.18,3,30,9,187,3923749955,2167258355,false,false,754.8333333333042,772.8333333333042,9,7,6,179,25,8,3,6,48,41,7,6,7,0,0.14583333333333334,0.8541666666666666,18,2.25,167.7333333333248,0.22221240892028873,1,0,1,5,3,31,8,3,39,0,0,0,0,0,5,11,2,0
base,20260712,1,0.12,0.45,0.2,0.18,3,30,9,188,3735206585,3581428821,true,false,757.899999999968,775.899999999968,9,7,6,180,18,5,3,2,36,30,6,2,6,0,0.16666666666666666,0.8333333333333334,15,1.875,167.7333333333248,0.22131327791704958,1,1,0,5,3,21,5,3,28,5,3,28,86.69999999992115,0.1143950389232416,5,13,2,0
base,20260712,1,0.12,0.45,0.2,0.18,3,30,9,189,1567608989,762687710,false,false,831.0999999999015,849.0999999999015,9,7,6,179,27,8,3,10,55,47,8,10,8,0,0.14545454545454545,0.8545454545454545,22,2.75,167.7333333333248,0.20182087995830186,1,0,1,6,3,35,8,3,46,0,0,0,0,0,6,13,2,0
base,20260712,1,0.12,0.45,0.2,0.18,3,30,9,190,1875642726,415732446,false,false,801.4333333332618,819.4333333332618,9,7,6,179,16,5,3,6,38,32,6,6,6,0,0.15789473684210525,0.8421052631578947,14,1.75,167.7333333333248,0.20929168572974227,1,0,1,4,3,27,5,3,32,0,0,0,0,0,3,7,2,0
base,20260712,1,0.12,0.45,0.2,0.18,3,30,9,191,3635021742,1948714062,false,false,824.9666666665737,842.9666666665737,9,7,6,179,23,6,2,4,41,37,4,4,4,0,0.0975609756097561,0.9024390243902439,17,2.125,167.7333333333248,0.20332134631703547,1,0,1,5,2,29,6,2,36,0,0,0,0,0,5,5,2,0
base,20260712,1,0.12,0.45,0.2,0.18,3,30,9,192,1847269624,695243254,false,false,846.1666666665544,864.1666666665544,9,7,6,179,23,7,3,2,40,34,6,2,6,0,0.15,0.85,17,2.125,167.7333333333248,0.1982272995863861,1,0,1,4,3,27,7,3,32,0,0,0,0,0,5,14,2,0
base,20260712,1,0.12,0.45,0.2,0.18,3,30,9,193,2435878032,3002292414,false,false,821.8333333332432,839.8333333332432,9,7,6,179,16,4,2,5,33,30,3,5,3,0,0.09090909090909091,0.9090909090909091,14,1.75,167.7333333333248,0.2040965321435934,1,0,1,4,2,25,4,2,30,0,0,0,0,0,6,13,1,0
base,20260712,1,0.12,0.45,0.2,0.18,3,30,9,194,1526140492,834550320,false,false,798.5333333332644,816.5333333332644,9,7,6,179,23,7,3,7,41,40,1,7,1,0,0.024390243902439025,0.975609756097561,22,2.75,167.7333333333248,0.2100517615628727,1,0,1,7,3,36,7,3,40,0,0,0,0,0,2,7,2,0
base,20260712,1,0.12,0.45,0.2,0.18,3,30,9,195,830050442,807777994,true,false,807.4999999999229,825.4999999999229,9,7,6,180,22,6,3,5,39,36,3,5,3,0,0.07692307692307693,0.9230769230769231,18,2.25,167.7333333333248,0.2077192982456233,1,1,0,5,3,29,6,3,34,6,3,35,126.89999999988459,0.1571517027862498,5,10,2,0
base,20260712,1,0.12,0.45,0.2,0.18,3,30,9,196,2401368156,3670785343,false,false,827.2333333332383,845.2333333332383,9,7,6,179,22,6,3,7,41,38,3,7,3,0,0.07317073170731707,0.926829268292683,17,2.125,167.7333333333248,0.20276423419431527,1,0,1,4,3,28,6,3,38,0,0,0,0,0,3,4,3,0
base,20260712,1,0.12,0.45,0.2,0.18,3,30,9,197,2198695329,3600445244,false,false,819.933333333245,837.933333333245,9,7,6,179,16,4,3,0,30,25,5,0,5,0,0.16666666666666666,0.8333333333333334,11,1.375,167.7333333333248,0.2045694771932794,1,0,1,3,2,18,4,3,25,0,0,0,0,0,6,7,2,0
base,20260712,1,0.12,0.45,0.2,0.18,3,30,9,198,3126872149,1628234327,false,false,748.2333333333102,766.2333333333102,9,7,6,179,22,6,3,11,51,43,8,11,8,0,0.1568627450980392,0.8431372549019608,19,2.375,167.7333333333248,0.22417249521093685,1,0,1,5,3,36,6,3,43,0,0,0,0,0,3,5,2,0
base,20260712,1,0.12,0.45,0.2,0.18,3,30,9,199,3628101857,872160027,false,false,839.0999999998942,857.0999999998942,9,7,6,179,23,7,3,9,50,42,8,9,8,0,0.16,0.84,19,2.375,167.7333333333248,0.19989671473405546,1,0,1,5,3,31,7,3,42,0,0,0,0,0,5,14,2,0
base,20260712,1,0.12,0.45,0.2,0.18,3,30,9,200,82110196,1843425213,false,false,784.6666666666104,802.6666666666104,9,7,6,179,27,8,3,7,50,44,6,7,6,0,0.12,0.88,25,3.125,167.7333333333248,0.21376380628717523,1,0,1,8,3,35,8,3,42,0,0,0,0,0,5,11,2,0
base,20260712,1,0.12,0.45,0.2,0.18,3,30,9,201,4018850377,3814553458,false,false,774.5666666666195,792.5666666666195,9,7,6,179,24,7,3,3,42,36,6,3,6,0,0.14285714285714285,0.8571428571428571,18,2.25,167.7333333333248,0.21655118991264147,1,0,1,5,3,28,7,3,34,0,0,0,0,0,5,7,2,0
base,20260712,1,0.12,0.45,0.2,0.18,3,30,9,202,3870910387,4069866358,false,false,840.4333333332263,858.4333333332263,9,7,6,179,21,6,3,10,43,41,2,10,2,0,0.046511627906976744,0.9534883720930233,20,2.5,167.7333333333248,0.1995795819617017,1,0,1,6,3,32,6,3,41,0,0,0,0,0,5,14,3,0
base,20260712,1,0.12,0.45,0.2,0.18,3,30,9,203,149356833,2060664912,false,false,760.0333333332994,778.0333333332994,9,7,6,179,22,6,3,13,54,45,9,13,9,0,0.16666666666666666,0.8333333333333334,21,2.625,167.7333333333248,0.22069207490899384,1,0,1,6,3,38,6,3,44,0,0,0,0,0,3,4,3,0
base,20260712,1,0.12,0.45,0.2,0.18,3,30,9,204,2155685474,828924839,true,false,817.5333333332471,835.5333333332471,9,7,6,180,24,8,3,3,39,35,4,3,4,0,0.10256410256410256,0.8974358974358975,19,2.375,167.7333333333248,0.20517002364838435,1,1,0,6,3,29,8,3,34,8,3,34,130.89999999988095,0.16011579548221652,5,11,2,0
base,20260712,1,0.12,0.45,0.2,0.18,3,30,9,205,417693831,1154257760,false,false,818.733333333246,836.733333333246,9,7,6,179,24,7,3,9,48,43,5,9,5,0,0.10416666666666667,0.8958333333333334,21,2.625,167.7333333333248,0.20486931031676087,1,0,1,6,3,35,7,3,43,0,0,0,0,0,5,6,2,0
base,20260712,1,0.12,0.45,0.2,0.18,3,30,9,206,2491093858,3679727859,true,false,811.3999999999194,829.3999999999194,9,7,6,180,25,7,3,20,60,55,5,20,5,0,0.08333333333333333,0.9166666666666666,19,2.375,167.7333333333248,0.20672089392819998,1,1,0,5,3,40,7,3,49,7,3,54,142.99999999986994,0.1762385999505597,5,6,2,0
base,20260712,1,0.12,0.45,0.2,0.18,3,30,9,207,2769506202,234627338,false,false,785.0333333332767,803.0333333332767,9,7,6,179,29,9,3,9,51,46,5,9,5,0,0.09803921568627451,0.9019607843137255,23,2.875,167.7333333333248,0.21366396331366425,1,0,1,7,3,37,8,3,45,0,0,0,0,0,6,8,3,0
base,20260712,1,0.12,0.45,0.2,0.18,3,30,9,208,1695446040,1464608370,false,false,812.2666666665853,830.2666666665853,9,7,6,179,19,5,3,9,45,38,7,9,7,0,0.15555555555555556,0.8444444444444444,16,2,167.7333333333248,0.20650032829941925,1,0,1,4,3,26,5,3,36,0,0,0,0,0,5,10,2,0
base,20260712,1,0.12,0.45,0.2,0.18,3,30,9,209,4174067465,2298668592,false,false,826.0333333332394,844.0333333332394,9,7,6,179,21,6,2,15,60,46,14,15,14,0,0.23333333333333334,0.7666666666666667,19,2.375,167.7333333333248,0.20305879504460336,1,0,1,5,2,37,6,2,46,0,0,0,0,0,6,8,3,0
base,20260712,1,0.12,0.45,0.2,0.18,3,30,9,210,1707711480,1083167641,false,false,772.9333333332877,790.9333333332877,9,7,6,179,23,6,3,7,45,40,5,7,5,0,0.1111111111111111,0.8888888888888888,21,2.625,167.7333333333248,0.21700879765396072,1,0,1,6,3,33,6,3,40,0,0,0,0,0,5,14,2,0
base,20260712,1,0.12,0.45,0.2,0.18,3,30,9,211,2141854888,1341466183,false,false,820.6999999999109,838.6999999999109,9,7,6,179,22,6,3,16,53,48,5,16,5,0,0.09433962264150944,0.9056603773584906,21,2.625,167.7333333333248,0.20437837618294505,1,0,1,6,3,39,6,3,47,0,0,0,0,0,3,4,3,0
base,20260712,1,0.12,0.45,0.2,0.18,3,30,9,212,2240692290,1984115244,false,false,817.7999999999136,835.7999999999136,9,7,6,179,23,7,3,3,38,35,3,3,3,0,0.07894736842105263,0.9210526315789473,21,2.625,167.7333333333248,0.2051031221977776,1,0,1,6,3,31,7,3,35,0,0,0,0,0,5,10,2,0
base,20260712,1,0.12,0.45,0.2,0.18,3,30,9,213,3154705907,830505868,false,false,829.5333333332362,847.5333333332362,9,7,6,179,19,5,2,13,49,42,7,13,7,0,0.14285714285714285,0.8571428571428571,18,2.25,167.7333333333248,0.20220204130837952,1,0,1,5,2,35,5,2,41,0,0,0,0,0,5,14,2,0
base,20260712,1,0.12,0.45,0.2,0.18,3,30,9,214,2843314281,1521524693,false,false,820.7333333332442,838.7333333332442,9,7,6,179,24,7,3,7,47,41,6,7,6,0,0.1276595744680851,0.8723404255319149,21,2.625,167.7333333333248,0.20437007554220982,1,0,1,6,3,35,7,3,40,0,0,0,0,0,5,6,3,0
base,20260712,1,0.12,0.45,0.2,0.18,3,30,9,215,1951423146,1811103409,false,false,828.4999999999038,846.4999999999038,9,7,6,179,18,5,2,7,41,35,6,7,6,0,0.14634146341463414,0.8536585365853658,15,1.875,167.7333333333248,0.2024542345604638,1,0,1,4,2,28,5,2,35,0,0,0,0,0,5,14,2,0
base,20260712,1,0.12,0.45,0.2,0.18,3,30,9,216,2515557984,419142457,false,false,758.7333333333006,776.7333333333006,9,7,6,179,19,5,2,5,38,34,4,5,4,0,0.10526315789473684,0.8947368421052632,18,2.25,167.7333333333248,0.22107020472717515,1,0,1,5,2,31,5,2,34,0,0,0,0,0,3,5,2,0
base,20260712,1,0.12,0.45,0.2,0.18,3,30,9,217,2905933155,4116718287,false,false,844.8666666665556,862.8666666665556,9,7,6,179,29,9,3,14,59,51,8,14,8,0,0.13559322033898305,0.864406779661017,25,3.125,167.7333333333248,0.19853231279098893,1,0,1,8,3,37,9,3,50,0,0,0,0,0,6,8,3,0
base,20260712,1,0.12,0.45,0.2,0.18,3,30,9,218,4226582809,416812559,false,false,790.133333333272,808.133333333272,9,7,6,179,21,6,3,3,38,34,4,3,4,0,0.10526315789473684,0.8947368421052632,18,2.25,167.7333333333248,0.21228484643942516,1,0,1,6,3,26,6,3,34,0,0,0,0,0,5,14,4,0
base,20260712,1,0.12,0.45,0.2,0.18,3,30,9,219,605723200,1003772549,false,false,787.933333333274,805.933333333274,9,7,6,179,24,7,3,14,49,48,1,14,1,0,0.02040816326530612,0.9795918367346939,21,2.625,167.7333333333248,0.2128775700143888,1,0,1,6,3,38,7,3,46,0,0,0,0,0,6,10,2,0
base,20260712,1,0.12,0.45,0.2,0.18,3,30,9,220,4087178351,1237651290,false,false,788.4333333332736,806.4333333332736,9,7,6,179,24,7,3,10,49,44,5,10,5,0,0.10204081632653061,0.8979591836734694,20,2.5,167.7333333333248,0.21274256965290345,1,0,1,6,3,34,7,3,44,0,0,0,0,0,3,5,2,0
base,20260712,1,0.12,0.45,0.2,0.18,3,30,9,221,1144567018,480018665,false,false,807.733333333256,825.733333333256,9,7,6,179,27,8,3,9,48,45,3,9,3,0,0.0625,0.9375,23,2.875,167.7333333333248,0.20765929349621268,1,0,1,7,3,35,8,3,44,0,0,0,0,0,3,5,4,0
base,20260712,1,0.12,0.45,0.2,0.18,3,30,9,222,2167231004,1571274072,false,false,769.8999999999571,787.8999999999571,9,7,6,179,22,6,3,8,46,38,8,8,8,0,0.17391304347826086,0.8260869565217391,15,1.875,167.7333333333248,0.2178637918344384,1,0,1,4,3,28,5,3,37,0,0,0,0,0,5,8,2,0
base,20260712,1,0.12,0.45,0.2,0.18,3,30,9,223,737399196,3205082114,false,false,780.0666666666145,798.0666666666145,9,7,6,179,22,7,3,5,42,36,6,5,6,0,0.14285714285714285,0.8571428571428571,19,2.375,167.7333333333248,0.2150243568925767,1,0,1,6,3,29,7,3,36,0,0,0,0,0,5,13,2,0
base,20260712,1,0.12,0.45,0.2,0.18,3,30,9,224,1788945342,275024770,false,false,829.8666666665692,847.8666666665692,9,7,6,179,19,5,3,6,36,35,1,6,1,0,0.027777777777777776,0.9722222222222222,14,1.75,167.7333333333248,0.20212082262212142,1,0,1,3,3,26,5,3,34,0,0,0,0,0,5,5,1,0
base,20260712,1,0.12,0.45,0.2,0.18,3,30,9,225,2464768654,2049551651,false,false,813.4333333332509,831.4333333332509,9,7,6,179,23,6,2,19,56,52,4,19,4,0,0.07142857142857142,0.9285714285714286,19,2.375,167.7333333333248,0.20620415522682678,1,0,1,5,2,41,6,2,52,0,0,0,0,0,3,5,2,0
base,20260712,1,0.12,0.45,0.2,0.18,3,30,9,226,2618027127,3819495355,false,false,820.4999999999111,838.4999999999111,9,7,6,179,25,7,3,4,50,38,12,4,12,0,0.24,0.76,16,2,167.7333333333248,0.20442819419054598,1,0,1,5,3,26,7,3,37,0,0,0,0,0,6,8,3,0
base,20260712,1,0.12,0.45,0.2,0.18,3,30,9,227,684539206,3416307305,false,false,813.6999999999173,831.6999999999173,9,7,6,179,21,6,3,6,42,37,5,6,5,0,0.11904761904761904,0.8809523809523809,17,2.125,167.7333333333248,0.20613657777232622,1,0,1,5,3,27,5,3,34,0,0,0,0,0,6,6,2,0
base,20260712,1,0.12,0.45,0.2,0.18,3,30,9,228,576204067,2256529216,false,false,809.7333333332542,827.7333333332542,9,7,6,179,20,5,3,5,39,34,5,5,5,0,0.1282051282051282,0.8717948717948718,17,2.125,167.7333333333248,0.2071463856413731,1,0,1,4,3,28,5,3,34,0,0,0,0,0,2,5,2,0
base,20260712,1,0.12,0.45,0.2,0.18,3,30,9,229,1483928871,1445423649,false,false,799.7333333332633,817.7333333332633,9,7,6,179,25,7,3,17,55,52,3,17,3,0,0.05454545454545454,0.9454545454545454,23,2.875,167.7333333333248,0.20973657885962757,1,0,1,7,3,37,7,3,50,0,0,0,0,0,6,6,1,0
base,20260712,1,0.12,0.45,0.2,0.18,3,30,9,230,3174676850,928612638,false,false,788.4999999999402,806.4999999999402,9,7,6,179,18,5,2,6,39,34,5,6,5,0,0.1282051282051282,0.8717948717948718,14,1.75,167.7333333333248,0.21272458254069437,1,0,1,4,2,26,5,2,33,0,0,0,0,0,3,5,2,0
base,20260712,1,0.12,0.45,0.2,0.18,3,30,9,231,2423965070,719119834,false,false,820.4333333332445,838.4333333332445,9,7,6,179,18,5,3,1,31,27,4,1,4,0,0.12903225806451613,0.8709677419354839,16,2,167.7333333333248,0.2044448055905533,1,0,1,4,3,26,5,3,27,0,0,0,0,0,5,7,2,0
base,20260712,1,0.12,0.45,0.2,0.18,3,30,9,232,1343798630,2718142536,true,false,828.5666666665704,846.5666666665704,9,7,6,180,26,8,2,12,55,48,7,12,7,0,0.12727272727272726,0.8727272727272727,22,2.75,167.7333333333248,0.2024379450456744,1,1,0,6,2,39,8,2,46,8,2,47,158.66666666652236,0.19149535342141946,6,6,2,0
base,20260712,1,0.12,0.45,0.2,0.18,3,30,9,233,727706053,3937387364,false,false,810.4999999999202,828.4999999999202,9,7,6,179,21,6,3,13,49,44,5,13,5,0,0.10204081632653061,0.8979591836734694,21,2.625,167.7333333333248,0.2069504421139313,1,0,1,6,3,36,6,3,44,0,0,0,0,0,3,5,2,0
base,20260712,1,0.12,0.45,0.2,0.18,3,30,9,234,806029282,2416807435,false,false,819.6666666665785,837.6666666665785,9,7,6,179,22,7,3,8,43,38,5,8,5,0,0.11627906976744186,0.8837209302325582,20,2.5,167.7333333333248,0.2046360309068843,1,0,1,6,3,35,7,3,38,0,0,0,0,0,5,10,2,0
base,20260712,1,0.12,0.45,0.2,0.18,3,30,9,235,3910707710,4186776254,false,false,805.0999999999251,823.0999999999251,9,7,6,179,19,5,3,3,38,31,7,3,7,0,0.18421052631578946,0.8157894736842105,15,1.875,167.7333333333248,0.2083385086738795,1,0,1,4,3,22,5,3,31,0,0,0,0,0,2,5,2,0
base,20260712,1,0.12,0.45,0.2,0.18,3,30,9,236,3816510720,4252146054,false,false,795.9666666666001,813.9666666666001,9,7,6,179,24,7,3,6,47,40,7,6,7,0,0.14893617021276595,0.851063829787234,21,2.625,167.7333333333248,0.21072909250806837,1,0,1,6,3,34,7,3,38,0,0,0,0,0,5,7,2,0
base,20260712,1,0.12,0.45,0.2,0.18,3,30,9,237,2007936054,2179853944,false,false,810.69999999992,828.69999999992,9,7,6,179,21,6,3,5,42,36,6,5,6,0,0.14285714285714285,0.8571428571428571,20,2.5,167.7333333333248,0.20689938736072697,1,0,1,6,3,30,6,3,36,0,0,0,0,0,5,5,2,0
base,20260712,1,0.12,0.45,0.2,0.18,3,30,9,238,1613922475,4146057515,false,false,779.7999999999481,797.7999999999481,9,7,6,179,27,8,3,15,57,52,5,15,5,0,0.08771929824561403,0.9122807017543859,23,2.875,167.7333333333248,0.21509788834744287,1,0,1,7,3,36,8,3,52,0,0,0,0,0,4,7,3,0
base,20260712,1,0.12,0.45,0.2,0.18,3,30,9,239,3169452984,1610026307,false,false,821.2999999999104,839.2999999999104,9,7,6,179,26,8,3,14,54,50,4,14,4,0,0.07407407407407407,0.9259259259259259,24,3,167.7333333333248,0.2042290677381506,1,0,1,7,3,40,8,3,49,0,0,0,0,0,3,4,2,0
base,20260712,1,0.12,0.45,0.2,0.18,3,30,9,240,3071937110,3483667099,false,false,829.7999999999026,847.7999999999026,9,7,6,179,28,8,3,15,61,53,8,15,8,0,0.13114754098360656,0.8688524590163934,28,3.5,167.7333333333248,0.20213706113924376,1,0,1,8,3,48,8,3,53,0,0,0,0,0,6,8,3,0
base,20260712,1,0.12,0.45,0.2,0.18,3,30,9,241,3310753976,3323007188,false,false,833.3666666665661,851.3666666665661,9,7,6,179,27,8,3,18,63,55,8,18,8,0,0.12698412698412698,0.873015873015873,24,3,167.7333333333248,0.20127194912204918,1,0,1,7,3,44,8,3,55,0,0,0,0,0,5,8,2,0
base,20260712,1,0.12,0.45,0.2,0.18,3,30,9,242,1782500555,98831180,true,false,804.3333333332591,822.3333333332591,9,7,6,180,19,5,3,2,34,30,4,2,4,0,0.11764705882352941,0.8823529411764706,13,1.625,167.7333333333248,0.20853709075840066,1,1,0,4,3,20,5,3,29,5,3,30,122.43333333322198,0.1522171570657687,5,13,2,0
base,20260712,1,0.12,0.45,0.2,0.18,3,30,9,243,1927857696,3247687363,false,false,796.6999999999327,814.6999999999327,9,7,6,179,18,5,2,2,35,30,5,2,5,0,0.14285714285714285,0.8571428571428571,17,2.125,167.7333333333248,0.21053512405339395,1,0,1,5,2,25,5,2,30,0,0,0,0,0,3,5,2,0
base,20260712,1,0.12,0.45,0.2,0.18,3,30,9,244,2998384363,1282893850,false,false,805.7333333332579,823.7333333332579,9,7,6,179,22,6,2,13,53,45,8,13,8,0,0.1509433962264151,0.8490566037735849,20,2.5,167.7333333333248,0.20817474764190863,1,0,1,6,2,36,6,2,45,0,0,0,0,0,4,5,2,0
base,20260712,1,0.12,0.45,0.2,0.18,3,30,9,245,2143974395,24328719,true,false,763.8999999999626,781.8999999999626,9,7,6,180,20,6,3,5,39,35,4,5,4,0,0.10256410256410256,0.8974358974358975,20,2.5,167.7333333333248,0.2195749880001741,1,1,0,6,3,31,6,3,34,6,3,34,80.46666666659348,0.10533664964864174,5,14,2,0
base,20260712,1,0.12,0.45,0.2,0.18,3,30,9,246,3558225217,3842164078,true,false,769.333333333291,787.333333333291,9,7,6,180,24,8,3,1,46,35,11,1,11,0,0.2391304347826087,0.7608695652173914,16,2,167.7333333333248,0.21802426343154338,1,1,0,5,3,24,6,3,30,6,3,31,82.13333333325863,0.1067590987867372,5,13,3,0
base,20260712,1,0.12,0.45,0.2,0.18,3,30,9,247,3217396239,4124898951,false,false,775.833333333285,793.833333333285,9,7,6,179,22,6,3,12,48,44,4,12,4,0,0.08333333333333333,0.9166666666666666,19,2.375,167.7333333333248,0.2161976369495191,1,0,1,5,3,36,6,3,44,0,0,0,0,0,5,9,2,0
base,20260712,1,0.12,0.45,0.2,0.18,3,30,9,248,675606670,1687385446,false,false,832.1666666665672,850.1666666665672,9,7,6,179,23,7,3,8,47,41,6,8,6,0,0.1276595744680851,0.8723404255319149,20,2.5,167.7333333333248,0.2015621870619005,1,0,1,6,3,35,7,3,40,0,0,0,0,0,5,8,3,0
base,20260712,1,0.12,0.45,0.2,0.18,3,30,9,249,3621604416,3117577987,false,false,806.9333333332568,824.9333333332568,9,7,6,179,17,5,3,4,31,29,2,4,2,0,0.06451612903225806,0.9354838709677419,14,1.75,167.7333333333248,0.20786516853933498,1,0,1,4,3,23,4,3,28,0,0,0,0,0,5,14,2,0
base,20260712,1,0.12,0.45,0.2,0.18,3,30,9,250,776970704,4268874364,false,false,836.7333333332297,854.7333333332297,9,7,6,179,23,7,3,6,42,37,5,6,5,0,0.11904761904761904,0.8809523809523809,18,2.25,167.7333333333248,0.20046211457255866,1,0,1,5,3,29,7,3,37,0,0,0,0,0,5,8,2,0
base,20260712,1,0.12,0.45,0.2,0.18,3,30,9,251,2124666350,98333850,false,false,824.0333333332412,842.0333333332412,9,7,6,179,25,8,3,7,50,42,8,7,8,0,0.16,0.84,24,3,167.7333333333248,0.20355163626068146,1,0,1,8,3,36,8,3,42,0,0,0,0,0,6,11,2,0
base,20260712,1,0.12,0.45,0.2,0.18,3,30,9,252,2801092811,2919140446,false,false,772.6999999999546,790.6999999999546,9,7,6,179,26,8,3,12,51,48,3,12,3,0,0.058823529411764705,0.9411764705882353,25,3.125,167.7333333333248,0.21707432811354296,1,0,1,8,3,40,8,3,48,0,0,0,0,0,5,5,3,0
base,20260712,1,0.12,0.45,0.2,0.18,3,30,9,253,1678832529,4024929389,false,false,770.0999999999569,788.0999999999569,9,7,6,179,16,4,2,10,43,36,7,10,7,0,0.16279069767441862,0.8372093023255814,15,1.875,167.7333333333248,0.21780721118469573,1,0,1,4,2,28,4,2,36,0,0,0,0,0,5,5,2,0
base,20260712,1,0.12,0.45,0.2,0.18,3,30,9,254,2328853235,1459023703,false,false,839.1666666665608,857.1666666665608,9,7,6,179,19,5,3,9,47,38,9,9,9,0,0.19148936170212766,0.8085106382978723,19,2.375,167.7333333333248,0.19988083416088892,1,0,1,5,3,33,5,3,38,0,0,0,0,0,6,10,3,0
base,20260712,1,0.12,0.45,0.2,0.18,3,30,9,255,1035975336,86201134,false,false,791.1999999999377,809.1999999999377,9,7,6,179,17,5,3,0,30,26,4,0,4,0,0.13333333333333333,0.8666666666666667,14,1.75,167.7333333333248,0.21199865183687816,1,0,1,4,3,22,5,3,26,0,0,0,0,0,5,11,2,0
base,20260712,1,0.12,0.45,0.2,0.18,3,30,9,256,3124014609,1637699427,false,false,839.9333333332268,857.9333333332268,9,7,6,179,21,6,3,8,50,37,13,8,13,0,0.26,0.74,19,2.375,167.7333333333248,0.19969838876102794,1,0,1,5,3,34,5,3,36,0,0,0,0,0,5,8,3,0
base,20260712,1,0.12,0.45,0.2,0.18,3,30,9,257,2428126724,1453483813,false,false,828.1666666665708,846.1666666665708,9,7,6,179,9,2,2,0,24,15,9,0,9,0,0.375,0.625,5,0.625,167.7333333333248,0.20253572147314655,1,0,1,1,1,11,2,2,15,0,0,0,0,0,5,10,2,0
base,20260712,1,0.12,0.45,0.2,0.18,3,30,9,258,408187522,2268182784,false,false,818.833333333246,836.833333333246,9,7,6,179,27,8,3,8,47,43,4,8,4,0,0.0851063829787234,0.9148936170212766,24,3,167.7333333333248,0.20484429065745088,1,0,1,7,3,37,7,3,41,0,0,0,0,0,7,8,3,0
base,20260712,1,0.12,0.45,0.2,0.18,3,30,9,259,1540836935,2487278556,false,false,824.666666666574,842.666666666574,9,7,6,179,21,6,2,8,50,39,11,8,11,0,0.22,0.78,20,2.5,167.7333333333248,0.20339531123687588,1,0,1,6,2,33,6,2,39,0,0,0,0,0,5,10,2,0
base,20260712,1,0.12,0.45,0.2,0.18,3,30,9,260,416540612,2370386758,true,false,804.3666666665924,822.3666666665924,9,7,6,180,20,6,3,2,33,31,2,2,2,0,0.06060606060606061,0.9393939393939394,15,1.875,167.7333333333248,0.20852844888318794,1,1,0,4,3,26,5,3,29,5,3,30,121.79999999988922,0.151423480170611,5,8,2,0
base,20260712,1,0.12,0.45,0.2,0.18,3,30,9,261,4156763438,763319639,true,false,794.1333333332684,812.1333333332684,9,7,6,180,20,6,3,3,34,32,2,3,2,0,0.058823529411764705,0.9411764705882353,15,1.875,167.7333333333248,0.211215580926803,1,1,0,4,3,25,6,3,30,6,3,31,118.73333333322535,0.1495130960374854,5,6,2,0
base,20260712,1,0.12,0.45,0.2,0.18,3,30,9,262,1417443586,907737161,true,false,764.6666666666285,782.6666666666285,9,7,6,180,21,6,3,9,42,40,2,9,2,0,0.047619047619047616,0.9523809523809523,21,2.625,167.7333333333248,0.21935483870967717,1,1,0,6,3,32,6,3,39,6,3,39,86.56666666658793,0.11320836965988525,5,11,2,0
base,20260712,1,0.12,0.45,0.2,0.18,3,30,9,263,1787971212,2421539574,false,false,740.7999999999836,758.7999999999836,9,7,6,179,21,6,2,6,46,37,9,6,9,0,0.1956521739130435,0.8043478260869565,18,2.25,167.7333333333248,0.22642188624909357,1,0,1,5,2,30,6,2,33,0,0,0,0,0,5,8,2,0
base,20260712,1,0.12,0.45,0.2,0.18,3,30,9,264,2331210239,1118311468,false,false,840.3666666665597,858.3666666665597,9,7,6,179,14,4,2,0,27,22,5,0,5,0,0.18518518518518517,0.8148148148148148,9,1.125,167.7333333333248,0.19959541469994782,1,0,1,2,2,15,4,2,22,0,0,0,0,0,5,11,1,0
base,20260712,1,0.12,0.45,0.2,0.18,3,30,9,265,2746147269,2465663903,false,false,780.5333333332808,798.5333333332808,9,7,6,179,24,7,2,15,59,49,10,15,10,0,0.1694915254237288,0.8305084745762712,24,3,167.7333333333248,0.21489579774513506,1,0,1,7,2,42,7,2,49,0,0,0,0,0,5,10,2,0
base,20260712,1,0.12,0.45,0.2,0.18,3,30,9,266,3727330783,1055634797,false,false,782.6333333332789,800.6333333332789,9,7,6,179,10,2,2,0,18,17,1,0,1,0,0.05555555555555555,0.9444444444444444,7,0.875,167.7333333333248,0.21431917884067014,1,0,1,1,1,13,2,2,17,0,0,0,0,0,5,8,1,0
base,20260712,1,0.12,0.45,0.2,0.18,3,30,9,267,9300034,3333552583,false,false,775.5666666666186,793.5666666666186,9,7,6,179,24,7,3,9,48,43,5,9,5,0,0.10416666666666667,0.8958333333333334,23,2.875,167.7333333333248,0.21627197318090238,1,0,1,7,3,36,7,3,43,0,0,0,0,0,3,4,2,0
base,20260712,1,0.12,0.45,0.2,0.18,3,30,9,268,448378662,4108527585,false,false,802.5333333332608,820.5333333332608,9,7,6,179,17,5,3,0,29,25,4,0,4,0,0.13793103448275862,0.8620689655172413,15,1.875,167.7333333333248,0.20900481807610063,1,0,1,4,2,23,5,3,25,0,0,0,0,0,2,5,2,0
base,20260712,1,0.12,0.45,0.2,0.18,3,30,9,269,2644846291,1818401493,false,false,771.433333333289,789.433333333289,9,7,6,179,27,8,3,24,67,60,7,24,7,0,0.1044776119402985,0.8955223880597015,25,3.125,167.7333333333248,0.2174307566002693,1,0,1,8,3,44,8,3,54,0,0,0,0,0,6,11,2,0
base,20260712,1,0.12,0.45,0.2,0.18,3,30,9,270,2933178831,102202903,false,false,792.6999999999364,810.6999999999364,9,7,6,179,20,6,3,4,40,34,6,4,6,0,0.15,0.85,18,2.25,167.7333333333248,0.2115974937975757,1,0,1,5,3,27,6,3,32,0,0,0,0,0,5,11,2,0
base,20260712,1,0.12,0.45,0.2,0.18,3,30,9,271,3958547359,1056071990,false,false,790.566666666605,808.566666666605,9,7,6,179,16,4,2,2,28,28,0,2,0,0,0,1,13,1.625,167.7333333333248,0.21216848673947533,1,0,1,3,2,23,4,2,28,0,0,0,0,0,5,8,1,0
base,20260712,1,0.12,0.45,0.2,0.18,3,30,9,272,3628565045,2982389769,false,false,792.6999999999364,810.6999999999364,9,7,6,179,19,6,3,2,30,30,0,2,0,0,0,1,15,1.875,167.7333333333248,0.2115974937975757,1,0,1,4,3,23,6,3,30,0,0,0,0,0,5,10,2,0
base,20260712,1,0.12,0.45,0.2,0.18,3,30,9,273,330575335,1112644063,true,false,765.8999999999608,783.8999999999608,9,7,6,180,23,7,3,7,43,39,4,7,4,0,0.09302325581395349,0.9069767441860465,18,2.25,167.7333333333248,0.21900161030595822,1,1,0,5,2,28,6,3,38,6,3,38,92.36666666658266,0.120598859729191,6,14,2,0
base,20260712,1,0.12,0.45,0.2,0.18,3,30,9,274,2907495908,1044093551,false,false,809.0999999999215,827.0999999999215,9,7,6,179,26,8,3,10,51,44,7,10,7,0,0.13725490196078433,0.8627450980392157,21,2.625,167.7333333333248,0.20730853211388095,1,0,1,6,3,35,8,3,44,0,0,0,0,0,3,4,2,0
base,20260712,1,0.12,0.45,0.2,0.18,3,30,9,275,738587840,3315881753,false,false,801.4999999999284,819.4999999999284,9,7,6,179,28,9,3,14,64,51,13,14,13,0,0.203125,0.796875,23,2.875,167.7333333333248,0.20927427739655619,1,0,1,7,3,43,8,3,49,0,0,0,0,0,5,11,3,0
base,20260712,1,0.12,0.45,0.2,0.18,3,30,9,276,843627350,2333660108,false,false,820.7333333332442,838.7333333332442,9,7,6,179,27,8,3,9,48,45,3,9,3,0,0.0625,0.9375,23,2.875,167.7333333333248,0.20437007554220982,1,0,1,7,3,39,8,3,44,0,0,0,0,0,5,9,2,0
base,20260712,1,0.12,0.45,0.2,0.18,3,30,9,277,2035639171,1220600636,false,false,749.4999999999757,767.4999999999757,9,7,6,179,19,5,3,3,38,32,6,3,6,0,0.15789473684210525,0.8421052631578947,14,1.75,167.7333333333248,0.2237936402045767,1,0,1,4,3,24,5,3,32,0,0,0,0,0,3,7,2,0
base,20260712,1,0.12,0.45,0.2,0.18,3,30,9,278,767892615,2538774060,true,false,763.7666666666294,781.7666666666294,9,7,6,180,23,7,3,6,47,38,9,6,9,0,0.19148936170212766,0.8085106382978723,17,2.125,167.7333333333248,0.21961331994937328,1,1,0,4,3,27,6,3,35,6,3,37,87.06666666658748,0.113996421245483,5,11,2,0
base,20260712,1,0.12,0.45,0.2,0.18,3,30,9,279,1134866454,3283254722,false,false,755.1666666666372,773.1666666666372,9,7,6,179,25,7,3,11,50,46,4,11,4,0,0.08,0.92,24,3,167.7333333333248,0.22211432354888283,1,0,1,7,3,40,7,3,46,0,0,0,0,0,6,7,2,0
base,20260712,1,0.12,0.45,0.2,0.18,3,30,9,280,2286155613,2974307165,false,false,767.133333333293,785.133333333293,9,7,6,179,25,7,2,22,65,57,8,22,8,0,0.12307692307692308,0.8769230769230769,22,2.75,167.7333333333248,0.21864951768488783,1,0,1,6,2,49,7,2,57,0,0,0,0,0,4,4,2,0
base,20260712,1,0.12,0.45,0.2,0.18,3,30,9,281,127508651,3523483135,false,false,814.1999999999168,832.1999999999168,9,7,6,179,25,8,3,8,51,43,8,8,8,0,0.1568627450980392,0.8431372549019608,21,2.625,167.7333333333248,0.20600998935561524,1,0,1,7,3,32,8,3,41,0,0,0,0,0,3,5,3,0
base,20260712,1,0.12,0.45,0.2,0.18,3,30,9,282,1275224985,486800979,false,false,756.7666666666357,774.7666666666357,9,7,6,179,22,7,3,7,42,37,5,7,5,0,0.11904761904761904,0.8809523809523809,20,2.5,167.7333333333248,0.22164471655728096,1,0,1,6,3,33,7,3,37,0,0,0,0,0,2,5,2,0
base,20260712,1,0.12,0.45,0.2,0.18,3,30,9,283,3291538274,196067927,false,false,812.2666666665853,830.2666666665853,9,7,6,179,19,5,3,8,46,36,10,8,10,0,0.21739130434782608,0.782608695652174,18,2.25,167.7333333333248,0.20650032829941925,1,0,1,5,3,30,5,3,36,0,0,0,0,0,3,5,3,0
base,20260712,1,0.12,0.45,0.2,0.18,3,30,9,284,2754763494,2061587050,true,false,803.7333333332597,821.7333333332597,9,7,6,180,29,8,2,18,64,57,7,18,7,0,0.109375,0.890625,25,3.125,167.7333333333248,0.20869276708693618,1,1,0,7,2,44,8,2,55,8,2,56,134.03333333321143,0.16676343729249798,5,9,3,0
base,20260712,1,0.12,0.45,0.2,0.18,3,30,9,285,2677196255,3499679862,false,false,825.4999999999065,843.4999999999065,9,7,6,179,20,5,2,13,49,43,6,13,6,0,0.12244897959183673,0.8775510204081632,20,2.5,167.7333333333248,0.20318998586716389,1,0,1,5,2,36,5,2,43,0,0,0,0,0,5,8,2,0
base,20260712,1,0.12,0.45,0.2,0.18,3,30,9,286,383385867,291280180,false,false,831.1999999999014,849.1999999999014,9,7,6,179,23,7,3,14,52,46,6,14,6,0,0.11538461538461539,0.8846153846153846,21,2.625,167.7333333333248,0.20179659929420682,1,0,1,6,3,33,7,3,46,0,0,0,0,0,5,11,2,0
base,20260712,1,0.12,0.45,0.2,0.18,3,30,9,287,2753956764,4171991310,false,false,833.0999999998996,851.0999999998996,9,7,6,179,20,6,3,6,37,36,1,6,1,0,0.02702702702702703,0.972972972972973,16,2,167.7333333333248,0.20133637418478573,1,0,1,4,3,26,6,3,35,0,0,0,0,0,5,11,1,0
base,20260712,1,0.12,0.45,0.2,0.18,3,30,9,288,471834329,2803033414,true,false,752.9666666666392,770.9666666666392,9,7,6,180,20,6,3,3,39,33,6,3,6,0,0.15384615384615385,0.8461538461538461,15,1.875,167.7333333333248,0.22276329186772,1,1,0,5,3,24,6,3,32,6,3,32,75.83333333326436,0.10071273628748567,5,11,2,0
base,20260712,1,0.12,0.45,0.2,0.18,3,30,9,289,2451779474,397890267,false,false,828.7333333332369,846.7333333332369,9,7,6,179,16,5,3,0,33,26,7,0,7,0,0.21212121212121213,0.7878787878787878,14,1.75,167.7333333333248,0.20239723272465324,1,0,1,4,3,23,5,3,26,0,0,0,0,0,5,11,2,0
base,20260712,1,0.12,0.45,0.2,0.18,3,30,9,290,568343072,522117607,false,false,810.5333333332535,828.5333333332535,9,7,6,179,24,7,3,14,57,48,9,14,9,0,0.15789473684210525,0.8421052631578947,17,2.125,167.7333333333248,0.20694193123870042,1,0,1,5,3,34,7,3,48,0,0,0,0,0,4,5,2,0
base,20260712,1,0.12,0.45,0.2,0.18,3,30,9,291,1397683041,2807062565,false,false,808.4333333332554,826.4333333332554,9,7,6,179,24,7,3,15,52,49,3,15,3,0,0.057692307692307696,0.9423076923076923,20,2.5,167.7333333333248,0.2074794870737735,1,0,1,6,3,33,7,3,49,0,0,0,0,0,3,4,2,0
base,20260712,1,0.12,0.45,0.2,0.18,3,30,9,292,3648854164,2160995703,false,false,827.8333333332378,845.8333333332378,9,7,6,179,18,5,3,10,43,37,6,10,6,0,0.13953488372093023,0.8604651162790697,13,1.625,167.7333333333248,0.20261727400846888,1,0,1,3,3,30,5,3,36,0,0,0,0,0,4,5,2,0
base,20260712,1,0.12,0.45,0.2,0.18,3,30,9,293,3775230675,785737720,false,false,824.333333333241,842.333333333241,9,7,6,179,28,9,3,22,70,58,12,22,12,0,0.17142857142857143,0.8285714285714286,19,2.375,167.7333333333248,0.20347755762233352,1,0,1,6,3,39,9,3,58,0,0,0,0,0,5,5,3,0
base,20260712,1,0.12,0.45,0.2,0.18,3,30,9,294,2761454288,698217802,false,false,819.2333333332456,837.2333333332456,9,7,6,179,20,6,3,5,37,35,2,5,2,0,0.05405405405405406,0.9459459459459459,18,2.25,167.7333333333248,0.20474427310087817,1,0,1,5,3,27,6,3,34,0,0,0,0,0,6,8,2,0
base,20260712,1,0.12,0.45,0.2,0.18,3,30,9,295,683523534,2400218909,false,false,838.1666666665617,856.1666666665617,9,7,6,179,30,9,3,14,53,52,1,14,1,0,0.018867924528301886,0.9811320754716981,22,2.75,167.7333333333248,0.20011930801353645,1,0,1,6,3,35,9,3,52,0,0,0,0,0,5,8,2,0
base,20260712,1,0.12,0.45,0.2,0.18,3,30,9,296,3988336265,4106843566,true,false,787.3999999999412,805.3999999999412,9,7,6,180,20,6,3,4,39,34,5,4,5,0,0.1282051282051282,0.8717948717948718,19,2.375,167.7333333333248,0.21302175937685716,1,1,0,6,3,29,6,3,31,6,3,31,105.0333333332378,0.13339260011842222,6,11,3,0
base,20260712,1,0.12,0.45,0.2,0.18,3,30,9,297,3860601920,2563560105,true,false,743.7999999999809,761.7999999999809,9,7,6,180,19,5,3,5,36,34,2,5,2,0,0.05555555555555555,0.9444444444444444,18,2.25,167.7333333333248,0.2255086492784742,1,1,0,5,3,29,5,3,33,5,3,33,74.83333333326527,0.10060948283579887,6,11,1,0
base,20260712,1,0.12,0.45,0.2,0.18,3,30,9,298,2942594758,32852192,false,false,810.0999999999206,828.0999999999206,9,7,6,179,27,8,3,18,62,54,8,18,8,0,0.12903225806451613,0.8709677419354839,22,2.75,167.7333333333248,0.20705262724767465,1,0,1,7,3,42,8,3,54,0,0,0,0,0,3,6,2,0
base,20260712,1,0.12,0.45,0.2,0.18,3,30,9,299,761145382,3771477340,false,false,791.1999999999377,809.1999999999377,9,7,6,179,21,6,3,9,46,40,6,9,6,0,0.13043478260869565,0.8695652173913043,18,2.25,167.7333333333248,0.21199865183687816,1,0,1,5,3,32,6,3,40,0,0,0,0,0,4,5,2,0
base,20260712,1,0.12,0.45,0.2,0.18,3,30,9,300,3091017178,590834317,false,false,824.8666666665738,842.8666666665738,9,7,6,179,20,6,3,8,38,37,1,8,1,0,0.02631578947368421,0.9736842105263158,20,2.5,167.7333333333248,0.20334599531238626,1,0,1,6,3,35,6,3,37,0,0,0,0,0,5,11,2,0
base,20260712,1,0.12,0.45,0.2,0.18,3,30,9,301,517405117,1420393332,false,false,821.7999999999099,839.7999999999099,9,7,6,179,16,4,2,2,32,27,5,2,5,0,0.15625,0.84375,13,1.625,167.7333333333248,0.20410481057841712,1,0,1,3,2,21,4,2,27,0,0,0,0,0,5,13,2,0
base,20260712,1,0.12,0.45,0.2,0.18,3,30,9,302,3078579972,987649907,false,false,808.4666666665887,826.4666666665887,9,7,6,179,21,6,3,7,42,36,6,7,6,0,0.14285714285714285,0.8571428571428571,16,2,167.7333333333248,0.20747093262967878,1,0,1,4,3,29,5,3,35,0,0,0,0,0,5,9,2,0
base,20260712,1,0.12,0.45,0.2,0.18,3,30,9,303,1593802884,4230359978,true,false,770.4666666666233,788.4666666666233,9,7,6,180,21,6,3,9,44,39,5,9,5,0,0.11363636363636363,0.8863636363636364,19,2.375,167.7333333333248,0.21770355628623464,1,1,0,5,3,33,5,3,36,5,3,38,92.7666666665823,0.12040321882831295,5,14,2,0
base,20260712,1,0.12,0.45,0.2,0.18,3,30,9,304,4138059750,1212721152,true,false,777.8999999999498,795.8999999999498,9,7,6,180,25,7,3,16,54,50,4,16,4,0,0.07407407407407407,0.9259259259259259,22,2.75,167.7333333333248,0.2156232592021283,1,1,0,6,3,45,7,3,49,7,3,49,102.86666666657311,0.13223636285715354,4,13,2,0
base,20260712,1,0.12,0.45,0.2,0.18,3,30,9,305,2051303118,3174368594,false,false,828.7666666665702,846.7666666665702,9,7,6,179,24,8,3,2,40,34,6,2,6,0,0.15,0.85,20,2.5,167.7333333333248,0.2023890922254084,1,0,1,6,3,30,7,3,32,0,0,0,0,0,5,10,2,0
base,20260712,1,0.12,0.45,0.2,0.18,3,30,9,306,1833435338,4254822554,true,false,788.8999999999398,806.8999999999398,9,7,6,180,22,6,2,6,44,37,7,6,7,0,0.1590909090909091,0.8409090909090909,18,2.25,167.7333333333248,0.21261672370812218,1,1,0,5,2,31,6,2,37,6,2,37,120.4333333332238,0.152659821692525,5,8,3,0
base,20260712,1,0.12,0.45,0.2,0.18,3,30,9,307,2796015737,1615521315,false,false,801.1666666665953,819.1666666665953,9,7,6,179,25,7,3,10,51,44,7,10,7,0,0.13725490196078433,0.8627450980392157,18,2.25,167.7333333333248,0.2093613480341249,1,0,1,5,3,31,7,3,42,0,0,0,0,0,5,7,2,0
base,20260712,1,0.12,0.45,0.2,0.18,3,30,9,308,824124786,3906185052,false,false,776.1999999999514,794.1999999999514,9,7,6,179,21,6,3,5,40,35,5,5,5,0,0.125,0.875,17,2.125,167.7333333333248,0.21609550803057884,1,0,1,4,3,27,6,3,35,0,0,0,0,0,5,6,3,0
base,20260712,1,0.12,0.45,0.2,0.18,3,30,9,309,2295963228,3416283535,false,false,777.1666666666172,795.1666666666172,9,7,6,179,21,6,2,11,48,40,8,11,8,0,0.16666666666666666,0.8333333333333334,16,2,167.7333333333248,0.2158267209950703,1,0,1,4,2,29,6,2,40,0,0,0,0,0,3,7,3,0
base,20260712,1,0.12,0.45,0.2,0.18,3,30,9,310,1486235073,3256448383,true,false,765.3333333332946,783.3333333332946,9,7,6,180,19,5,3,4,36,33,3,4,3,0,0.08333333333333333,0.9166666666666666,14,1.75,167.7333333333248,0.21916376306620203,1,1,0,4,3,22,5,3,31,5,3,32,83.73333333325718,0.1094076655051325,5,14,3,0
base,20260712,1,0.12,0.45,0.2,0.18,3,30,9,311,3493194011,3923848151,false,false,761.8333333332978,779.8333333332978,9,7,6,179,15,4,3,0,30,24,6,0,6,0,0.2,0.8,13,1.625,167.7333333333248,0.2201706409975926,1,0,1,4,3,20,4,3,24,0,0,0,0,0,2,7,1,0
base,20260712,1,0.12,0.45,0.2,0.18,3,30,9,312,1366832333,3380168905,false,false,787.9999999999407,805.9999999999407,9,7,6,179,21,6,3,13,48,42,6,13,6,0,0.125,0.875,19,2.375,167.7333333333248,0.21285956006768708,1,0,1,5,3,35,6,3,42,0,0,0,0,0,3,5,2,0
base,20260712,1,0.12,0.45,0.2,0.18,3,30,9,313,3914825078,2826504471,false,false,780.0333333332812,798.0333333332812,9,7,6,179,26,8,3,24,64,59,5,24,5,0,0.078125,0.921875,20,2.5,167.7333333333248,0.21503354557497883,1,0,1,6,3,43,8,3,57,0,0,0,0,0,6,8,2,0
base,20260712,1,0.12,0.45,0.2,0.18,3,30,9,314,3954032933,3453753262,true,false,795.9333333332668,813.9333333332668,9,7,6,180,21,6,3,8,43,39,4,8,4,0,0.09302325581395349,0.9069767441860465,19,2.375,167.7333333333248,0.21073791774856204,1,1,0,6,3,28,6,3,38,6,3,38,148.1999999998652,0.18619649886909825,2,5,2,0
base,20260712,1,0.12,0.45,0.2,0.18,3,30,9,315,2367780143,2842809020,false,false,760.2333333332992,778.2333333332992,9,7,6,179,17,5,3,1,34,28,6,1,6,0,0.17647058823529413,0.8235294117647058,13,1.625,167.7333333333248,0.22063401587231857,1,0,1,3,2,22,5,3,28,0,0,0,0,0,6,8,2,0
base,20260712,1,0.12,0.45,0.2,0.18,3,30,9,316,1967941413,3367190486,false,false,823.3999999999085,841.3999999999085,9,7,6,179,29,9,3,14,60,53,7,14,7,0,0.11666666666666667,0.8833333333333333,26,3.25,167.7333333333248,0.20370820176505156,1,0,1,8,3,42,9,3,51,0,0,0,0,0,3,5,3,0
base,20260712,1,0.12,0.45,0.2,0.18,3,30,9,317,715353069,3544027828,false,false,836.9666666665628,854.9666666665628,9,7,6,179,25,8,3,11,48,46,2,11,2,0,0.041666666666666664,0.9583333333333334,20,2.5,167.7333333333248,0.20040622884226247,1,0,1,6,3,34,8,3,46,0,0,0,0,0,5,14,2,0
base,20260712,1,0.12,0.45,0.2,0.18,3,30,9,318,2954484142,3532131966,true,false,803.6333333332598,821.6333333332598,9,7,6,180,15,5,3,0,28,24,4,0,4,0,0.14285714285714285,0.8571428571428571,13,1.625,167.7333333333248,0.20871873574184763,1,1,0,4,3,20,4,3,23,4,3,23,126.43333333321834,0.15732713924247782,5,10,3,0
base,20260712,1,0.12,0.45,0.2,0.18,3,30,9,319,2970060967,599800610,false,false,772.5999999999547,790.5999999999547,9,7,6,179,20,6,3,1,36,31,5,1,5,0,0.1388888888888889,0.8611111111111112,18,2.25,167.7333333333248,0.21710242471309169,1,0,1,5,3,27,6,3,30,0,0,0,0,0,2,7,3,0
base,20260712,1,0.12,0.45,0.2,0.18,3,30,9,320,695175611,3020022848,true,false,785.1333333332766,803.1333333332766,9,7,6,180,17,6,3,0,30,26,4,0,4,0,0.13333333333333333,0.8666666666666667,14,1.75,167.7333333333248,0.21363674959667603,1,1,0,4,3,21,5,3,24,5,3,25,101.36666666657447,0.12910758257609978,4,11,2,0
base,20260712,1,0.12,0.45,0.2,0.18,3,30,9,321,2153747689,4114101204,false,false,756.0999999999697,774.0999999999697,9,7,6,179,31,9,3,21,65,62,3,21,3,0,0.046153846153846156,0.9538461538461539,30,3.75,167.7333333333248,0.2218401446016817,1,0,1,9,3,53,9,3,62,0,0,0,0,0,4,5,3,0
base,20260712,1,0.12,0.45,0.2,0.18,3,30,9,322,3202235024,2992260742,false,false,825.9666666665728,843.9666666665728,9,7,6,179,22,6,2,16,50,48,2,16,2,0,0.04,0.96,20,2.5,167.7333333333248,0.20307518463216093,1,0,1,6,2,37,6,2,48,0,0,0,0,0,3,5,2,0
base,20260712,1,0.12,0.45,0.2,0.18,3,30,9,323,3868035741,3903443096,false,false,820.4333333332445,838.4333333332445,9,7,6,179,22,6,3,9,45,41,4,9,4,0,0.08888888888888889,0.9111111111111111,21,2.625,167.7333333333248,0.2044448055905533,1,0,1,6,3,34,6,3,41,0,0,0,0,0,3,5,2,0
base,20260712,1,0.12,0.45,0.2,0.18,3,30,9,324,1443860737,2185563175,false,false,826.5666666665722,844.5666666665722,9,7,6,179,25,7,3,12,54,47,7,12,7,0,0.12962962962962962,0.8703703703703703,23,2.875,167.7333333333248,0.2029277735210033,1,0,1,7,3,42,7,3,47,0,0,0,0,0,6,8,2,0
base,20260712,1,0.12,0.45,0.2,0.18,3,30,9,325,644151449,3205198024,false,false,754.9666666666374,772.9666666666374,9,7,6,179,29,9,3,17,65,55,10,17,10,0,0.15384615384615385,0.8461538461538461,24,3,167.7333333333248,0.22217316437811555,1,0,1,8,3,38,8,3,48,0,0,0,0,0,4,5,3,0
base,20260712,1,0.12,0.45,0.2,0.18,3,30,9,326,2398488040,530378908,false,false,775.0666666666191,793.0666666666191,9,7,6,179,22,6,3,12,50,44,6,12,6,0,0.12,0.88,21,2.625,167.7333333333248,0.21641149148460576,1,0,1,6,3,38,6,3,44,0,0,0,0,0,5,5,2,0
base,20260712,1,0.12,0.45,0.2,0.18,3,30,9,327,3813717704,1833328814,false,false,822.6999999999091,840.6999999999091,9,7,6,179,24,6,3,11,50,45,5,11,5,0,0.1,0.9,23,2.875,167.7333333333248,0.20388152830113446,1,0,1,6,3,39,6,3,44,0,0,0,0,0,6,8,2,0
base,20260712,1,0.12,0.45,0.2,0.18,3,30,9,328,3258876128,2597089601,false,false,800.4999999999293,818.4999999999293,9,7,6,179,22,7,3,4,41,36,5,4,5,0,0.12195121951219512,0.8780487804878049,20,2.5,167.7333333333248,0.20953570684989334,1,0,1,6,3,32,7,3,36,0,0,0,0,0,5,11,2,0
base,20260712,1,0.12,0.45,0.2,0.18,3,30,9,329,2035505040,2375296108,false,false,831.2333333332347,849.2333333332347,9,7,6,179,18,5,3,5,34,33,1,5,1,0,0.029411764705882353,0.9705882352941176,16,2,167.7333333333248,0.20178850703774878,1,0,1,5,3,27,5,3,33,0,0,0,0,0,6,10,2,0
base,20260712,1,0.12,0.45,0.2,0.18,3,30,9,330,2712377055,4260639963,false,false,828.6666666665703,846.6666666665703,9,7,6,179,24,7,3,4,43,37,6,4,6,0,0.13953488372093023,0.8604651162790697,14,1.75,167.7333333333248,0.2024135156878652,1,0,1,4,3,23,7,3,35,0,0,0,0,0,6,11,3,0
base,20260712,1,0.12,0.45,0.2,0.18,3,30,9,331,3889211074,2728017493,false,false,746.8333333333114,764.8333333333114,9,7,6,179,23,7,2,3,41,36,5,3,5,0,0.12195121951219512,0.8780487804878049,20,2.5,167.7333333333248,0.22459272483820092,1,0,1,6,2,30,7,2,36,0,0,0,0,0,2,5,2,0
base,20260712,1,0.12,0.45,0.2,0.18,3,30,9,332,3779984815,1844712239,false,false,809.1666666665881,827.1666666665881,9,7,6,179,22,7,3,3,41,35,6,3,6,0,0.14634146341463414,0.8536585365853658,16,2,167.7333333333248,0.20729145211123512,1,0,1,4,3,28,7,3,33,0,0,0,0,0,5,13,2,0
base,20260712,1,0.12,0.45,0.2,0.18,3,30,9,333,2917586436,2987660613,true,false,765.3333333332946,783.3333333332946,9,7,6,180,23,6,3,16,54,49,5,16,5,0,0.09259259259259259,0.9074074074074074,20,2.5,167.7333333333248,0.21916376306620203,1,1,0,5,3,37,6,3,46,6,3,48,92.06666666658293,0.12029616724728344,6,11,2,0
base,20260712,1,0.12,0.45,0.2,0.18,3,30,9,334,1759223756,3661441319,false,false,795.0333333332676,813.0333333332676,9,7,6,179,27,8,3,11,49,46,3,11,3,0,0.061224489795918366,0.9387755102040817,23,2.875,167.7333333333248,0.21097647897363464,1,0,1,6,3,36,7,3,44,0,0,0,0,0,6,7,2,0
base,20260712,1,0.12,0.45,0.2,0.18,3,30,9,335,1056669685,3422606528,false,false,833.0999999998996,851.0999999998996,9,7,6,179,26,8,3,9,51,45,6,9,6,0,0.11764705882352941,0.8823529411764706,22,2.75,167.7333333333248,0.20133637418478573,1,0,1,7,3,36,8,3,43,0,0,0,0,0,6,8,2,0
base,20260712,1,0.12,0.45,0.2,0.18,3,30,9,336,2867126597,3238129680,false,false,819.7333333332451,837.7333333332451,9,7,6,179,18,5,2,1,35,28,7,1,7,0,0.2,0.8,11,1.375,167.7333333333248,0.20461938841900965,1,0,1,3,2,20,5,2,28,0,0,0,0,0,3,7,3,0
base,20260712,1,0.12,0.45,0.2,0.18,3,30,9,337,3532263371,1033638939,false,false,772.0999999999551,790.0999999999551,9,7,6,179,18,5,3,3,37,31,6,3,6,0,0.16216216216216217,0.8378378378378378,15,1.875,167.7333333333248,0.21724301688037112,1,0,1,4,3,24,5,3,31,0,0,0,0,0,5,10,2,0
base,20260712,1,0.12,0.45,0.2,0.18,3,30,9,338,2200632403,3429394857,false,false,816.9333333332477,834.9333333332477,9,7,6,179,28,8,3,13,53,50,3,13,3,0,0.05660377358490566,0.9433962264150944,22,2.75,167.7333333333248,0.20532071160438517,1,0,1,6,3,38,8,3,50,0,0,0,0,0,4,6,2,0
base,20260712,1,0.12,0.45,0.2,0.18,3,30,9,339,813436438,4282475510,true,false,795.5999999999337,813.5999999999337,9,7,6,180,21,7,3,6,42,34,8,6,8,0,0.19047619047619047,0.8095238095238095,14,1.75,167.7333333333248,0.21082621082621764,1,1,0,3,3,23,6,3,33,6,3,33,111.89999999989823,0.14064856711903914,6,14,2,0
base,20260712,1,0.12,0.45,0.2,0.18,3,30,9,340,2928676876,512520738,false,false,790.5333333332717,808.5333333332717,9,7,6,179,22,6,3,5,44,36,8,5,8,0,0.18181818181818182,0.8181818181818182,16,2,167.7333333333248,0.21217743295665947,1,0,1,4,3,26,6,3,35,0,0,0,0,0,6,10,2,0
base,20260712,1,0.12,0.45,0.2,0.18,3,30,9,341,3978112738,623715620,false,false,770.2999999999568,788.2999999999568,9,7,6,179,27,8,3,17,59,54,5,17,5,0,0.0847457627118644,0.9152542372881356,24,3,167.7333333333248,0.21775065991605116,1,0,1,7,3,44,8,3,54,0,0,0,0,0,5,11,2,0
base,20260712,1,0.12,0.45,0.2,0.18,3,30,9,342,1248116382,2673858293,false,false,784.4999999999438,802.4999999999438,9,7,6,179,24,7,3,9,47,43,4,9,4,0,0.0851063829787234,0.9148936170212766,23,2.875,167.7333333333248,0.21380922031018076,1,0,1,7,3,37,7,3,43,0,0,0,0,0,6,8,2,0
base,20260712,1,0.12,0.45,0.2,0.18,3,30,9,343,1942636198,3533022950,false,false,805.2333333332583,823.2333333332583,9,7,6,179,21,6,3,6,45,37,8,6,8,0,0.17777777777777778,0.8222222222222222,17,2.125,167.7333333333248,0.2083040112596851,1,0,1,5,3,28,6,3,37,0,0,0,0,0,2,3,2,0
base,20260712,1,0.12,0.45,0.2,0.18,3,30,9,344,2659822775,4098887505,false,false,791.9333333332704,809.9333333332704,9,7,6,179,21,6,3,6,44,37,7,6,7,0,0.1590909090909091,0.8409090909090909,16,2,167.7333333333248,0.21180234026433806,1,0,1,5,3,26,6,3,37,0,0,0,0,0,5,13,2,0
base,20260712,1,0.12,0.45,0.2,0.18,3,30,9,345,4153809180,793720436,false,false,814.8999999999162,832.8999999999162,9,7,6,179,27,8,3,16,59,52,7,16,7,0,0.11864406779661017,0.8813559322033898,24,3,167.7333333333248,0.2058330265472353,1,0,1,7,3,39,8,3,52,0,0,0,0,0,2,4,2,0
base,20260712,1,0.12,0.45,0.2,0.18,3,30,9,346,447122891,4049989620,false,false,764.3999999999621,782.3999999999621,9,7,6,179,26,8,3,16,55,52,3,16,3,0,0.05454545454545454,0.9454545454545454,26,3.25,167.7333333333248,0.21943136228850485,1,0,1,8,3,46,8,3,51,0,0,0,0,0,4,7,2,0
base,20260712,1,0.12,0.45,0.2,0.18,3,30,9,347,753963441,2957966167,false,false,776.1333333332848,794.1333333332848,9,7,6,179,14,4,3,0,29,24,5,0,5,0,0.1724137931034483,0.8275862068965517,11,1.375,167.7333333333248,0.21611406974746858,1,0,1,3,2,18,4,3,21,0,0,0,0,0,7,6,2,0
base,20260712,1,0.12,0.45,0.2,0.18,3,30,9,348,166284076,552959156,false,false,831.4999999999011,849.4999999999011,9,7,6,179,27,8,3,16,59,53,6,16,6,0,0.1016949152542373,0.8983050847457628,24,3,167.7333333333248,0.20172379234316867,1,0,1,7,3,44,8,3,53,0,0,0,0,0,5,8,2,0
base,20260712,1,0.12,0.45,0.2,0.18,3,30,9,349,4230539511,483400889,false,false,804.2333333332592,822.2333333332592,9,7,6,179,20,6,3,2,34,30,4,2,4,0,0.11764705882352941,0.8823529411764706,14,1.75,167.7333333333248,0.20856302068223184,1,0,1,3,3,23,6,3,30,0,0,0,0,0,3,5,2,0
base,20260712,1,0.12,0.45,0.2,0.18,3,30,9,350,3726067247,2912752985,true,false,791.7999999999372,809.7999999999372,9,7,6,180,22,6,3,6,39,38,1,6,1,0,0.02564102564102564,0.9743589743589743,16,2,167.7333333333248,0.2118380062305356,1,1,0,4,3,26,6,3,37,6,3,37,122.6333333332218,0.15487917824353564,4,8,1,0
base,20260712,1,0.12,0.45,0.2,0.18,3,30,9,351,3580625059,3931574762,false,false,765.6333333332943,783.6333333332943,9,7,6,179,20,5,3,4,36,33,3,4,3,0,0.08333333333333333,0.9166666666666666,18,2.25,167.7333333333248,0.2190778875876181,1,0,1,5,3,29,5,3,32,0,0,0,0,0,3,5,2,0
base,20260712,1,0.12,0.45,0.2,0.18,3,30,9,352,2334064417,2330407518,false,false,793.0333333332694,811.0333333332694,9,7,6,179,27,8,3,19,61,56,5,19,5,0,0.08196721311475409,0.9180327868852459,26,3.25,167.7333333333248,0.21150855365474966,1,0,1,8,3,48,8,3,56,0,0,0,0,0,6,11,2,0
base,20260712,1,0.12,0.45,0.2,0.18,3,30,9,353,538029598,1611392972,false,false,809.6333333332543,827.6333333332543,9,7,6,179,14,4,2,0,28,24,4,0,4,0,0.14285714285714285,0.8571428571428571,14,1.75,167.7333333333248,0.2071719708510122,1,0,1,4,2,22,4,2,24,0,0,0,0,0,3,5,2,0
base,20260712,1,0.12,0.45,0.2,0.18,3,30,9,354,267917013,3279732707,false,false,807.2666666665898,825.2666666665898,9,7,6,179,25,7,3,12,52,46,6,12,6,0,0.11538461538461539,0.8846153846153846,20,2.5,167.7333333333248,0.20777933768272455,1,0,1,6,3,37,7,3,46,0,0,0,0,0,3,4,2,0
base,20260712,1,0.12,0.45,0.2,0.18,3,30,9,355,1954094850,3273659048,false,false,771.4666666666224,789.4666666666224,9,7,6,179,23,6,3,6,45,38,7,6,7,0,0.15555555555555556,0.8444444444444444,19,2.375,167.7333333333248,0.21742136190805533,1,0,1,6,3,30,6,3,38,0,0,0,0,0,3,7,2,0
base,20260712,1,0.12,0.45,0.2,0.18,3,30,9,356,3924258819,1901740003,false,false,840.1999999998932,858.1999999998932,9,7,6,179,17,5,3,1,26,25,1,1,1,0,0.038461538461538464,0.9615384615384616,13,1.625,167.7333333333248,0.19963500753790303,1,0,1,3,3,22,5,3,25,0,0,0,0,0,5,5,2,0
base,20260712,1,0.12,0.45,0.2,0.18,3,30,9,357,1412879768,2540647667,false,false,768.0333333332921,786.0333333332921,9,7,6,179,19,5,3,7,42,36,6,7,6,0,0.14285714285714285,0.8571428571428571,15,1.875,167.7333333333248,0.21839329890195797,1,0,1,4,3,30,5,3,35,0,0,0,0,0,5,8,2,0
base,20260712,1,0.12,0.45,0.2,0.18,3,30,9,358,450297462,547797877,false,false,765.9333333332941,783.9333333332941,9,7,6,179,25,7,3,15,54,50,4,15,4,0,0.07407407407407407,0.9259259259259259,22,2.75,167.7333333333248,0.21899207938027687,1,0,1,6,3,41,7,3,49,0,0,0,0,0,5,11,2,0
base,20260712,1,0.12,0.45,0.2,0.18,3,30,9,359,3100989727,2996651688,true,false,809.6333333332543,827.6333333332543,9,7,6,180,20,7,3,2,37,31,6,2,6,0,0.16216216216216217,0.8378378378378378,16,2,167.7333333333248,0.2071719708510122,1,1,0,5,3,23,6,3,29,6,3,30,122.16666666655556,0.15089134999370185,5,11,2,0
base,20260712,1,0.12,0.45,0.2,0.18,3,30,9,360,3097054230,4216472138,true,false,788.3999999999403,806.3999999999403,9,7,6,180,11,3,2,0,27,21,6,0,6,0,0.2222222222222222,0.7777777777777778,11,1.375,167.7333333333248,0.21275156434974316,1,1,0,3,2,19,3,2,20,3,2,20,112.23333333323126,0.14235582614566178,4,10,2,0
base,20260712,1,0.12,0.45,0.2,0.18,3,30,9,361,2856344237,2896760117,false,false,830.8999999999016,848.8999999999016,9,7,6,179,22,6,3,17,57,49,8,17,8,0,0.14035087719298245,0.8596491228070176,21,2.625,167.7333333333248,0.2018694588197673,1,0,1,6,3,44,6,3,47,0,0,0,0,0,6,8,2,0
base,20260712,1,0.12,0.45,0.2,0.18,3,30,9,362,2945588676,885140151,false,false,823.5333333332417,841.5333333332417,9,7,6,179,18,5,3,6,38,33,5,6,5,0,0.13157894736842105,0.868421052631579,18,2.25,167.7333333333248,0.20367522059419996,1,0,1,5,3,31,5,3,33,0,0,0,0,0,2,5,2,0
base,20260712,1,0.12,0.45,0.2,0.18,3,30,9,363,682362995,3874964453,true,false,807.7666666665893,825.7666666665893,9,7,6,180,18,5,3,4,36,31,5,4,5,0,0.1388888888888889,0.8611111111111112,11,1.375,167.7333333333248,0.20765072421904945,1,1,0,3,3,20,4,3,26,4,3,27,122.36666666655537,0.15148764082024566,6,8,2,0
base,20260712,1,0.12,0.45,0.2,0.18,3,30,9,364,2402668442,2138878700,false,false,818.6333333332461,836.6333333332461,9,7,6,179,26,8,3,9,53,45,8,9,8,0,0.1509433962264151,0.8490566037735849,23,2.875,167.7333333333248,0.20489433608861435,1,0,1,7,2,40,8,3,44,0,0,0,0,0,5,7,4,0
base,20260712,1,0.12,0.45,0.2,0.18,3,30,9,365,1890783184,2905013391,false,false,834.4999999998984,852.4999999998984,9,7,6,179,26,8,2,10,51,46,5,10,5,0,0.09803921568627451,0.9019607843137255,21,2.625,167.7333333333248,0.2009986019572741,1,0,1,6,2,36,8,2,45,0,0,0,0,0,4,5,2,0
base,20260712,1,0.12,0.45,0.2,0.18,3,30,9,366,2534166331,1820034750,false,false,848.9333333332186,866.9333333332186,9,7,6,179,24,7,3,7,46,41,5,7,5,0,0.10869565217391304,0.8913043478260869,18,2.25,167.7333333333248,0.19758127846711263,1,0,1,5,2,32,7,3,39,0,0,0,0,0,6,10,2,0
base,20260712,1,0.12,0.45,0.2,0.18,3,30,9,367,254441138,412102005,true,false,803.8333333332596,821.8333333332596,9,7,6,180,22,6,3,3,38,35,3,3,3,0,0.07894736842105263,0.9210526315789473,18,2.25,167.7333333333248,0.2086668048932285,1,1,0,5,3,29,6,3,33,6,3,34,113.26666666656365,0.14090814845520303,5,10,1,0
base,20260712,1,0.12,0.45,0.2,0.18,3,30,9,368,113248408,3211663036,false,false,807.4333333332563,825.4333333332563,9,7,6,179,24,7,3,14,53,47,6,14,6,0,0.11320754716981132,0.8867924528301887,22,2.75,167.7333333333248,0.20773644882963396,1,0,1,6,3,38,6,3,43,0,0,0,0,0,5,5,3,0
base,20260712,1,0.12,0.45,0.2,0.18,3,30,9,369,3242625884,3786045797,false,false,767.9999999999588,785.9999999999588,9,7,6,179,24,7,3,5,41,37,4,5,4,0,0.0975609756097561,0.9024390243902439,18,2.25,167.7333333333248,0.21840277777777836,1,0,1,5,3,29,7,3,37,0,0,0,0,0,5,13,2,0
base,20260712,1,0.12,0.45,0.2,0.18,3,30,9,370,2112937087,3321986937,false,false,825.4999999999065,843.4999999999065,9,7,6,179,29,8,3,23,64,62,2,23,2,0,0.03125,0.96875,24,3,167.7333333333248,0.20318998586716389,1,0,1,7,3,46,8,3,60,0,0,0,0,0,5,5,2,0
base,20260712,1,0.12,0.45,0.2,0.18,3,30,9,371,3463082983,2433519449,false,false,804.9999999999252,822.9999999999252,9,7,6,179,20,5,3,7,42,37,5,7,5,0,0.11904761904761904,0.8809523809523809,18,2.25,167.7333333333248,0.2083643892339632,1,0,1,5,3,27,5,3,34,0,0,0,0,0,6,7,2,0
base,20260712,1,0.12,0.45,0.2,0.18,3,30,9,372,1957753658,3214791028,true,false,800.9999999999288,818.9999999999288,9,7,6,180,25,8,3,7,46,42,4,7,4,0,0.08695652173913043,0.9130434782608695,25,3.125,167.7333333333248,0.20940491052851398,1,1,0,8,3,37,8,3,41,8,3,41,120.53333333322371,0.15047856845597304,6,6,3,0
base,20260712,1,0.12,0.45,0.2,0.18,3,30,9,373,4131016768,1721694038,false,false,811.3999999999194,829.3999999999194,9,7,6,179,28,8,3,14,57,52,5,14,5,0,0.08771929824561403,0.9122807017543859,25,3.125,167.7333333333248,0.20672089392819998,1,0,1,7,3,38,8,3,51,0,0,0,0,0,5,10,2,0
base,20260712,1,0.12,0.45,0.2,0.18,3,30,9,374,3745607841,1851854230,false,false,753.8666666666384,771.8666666666384,9,7,6,179,23,7,3,7,45,40,5,7,5,0,0.1111111111111111,0.8888888888888888,18,2.25,167.7333333333248,0.22249734701096271,1,0,1,5,3,29,7,3,40,0,0,0,0,0,4,5,2,0
base,20260712,1,0.12,0.45,0.2,0.18,3,30,9,375,147286011,2319039807,false,false,828.1666666665708,846.1666666665708,9,7,6,179,19,6,3,7,35,34,1,7,1,0,0.02857142857142857,0.9714285714285714,16,2,167.7333333333248,0.20253572147314655,1,0,1,5,3,27,6,3,34,0,0,0,0,0,5,11,2,0
base,20260712,1,0.12,0.45,0.2,0.18,3,30,9,376,3822202774,2014343801,false,false,814.6333333332498,832.6333333332498,9,7,6,179,16,5,3,3,31,28,3,3,3,0,0.0967741935483871,0.9032258064516129,15,1.875,167.7333333333248,0.20590040509023527,1,0,1,5,3,23,5,3,27,0,0,0,0,0,3,6,1,0
base,20260712,1,0.12,0.45,0.2,0.18,3,30,9,377,1074262065,3499419868,false,false,852.066666666549,870.066666666549,9,7,6,179,23,7,3,4,47,35,12,4,12,0,0.2553191489361702,0.7446808510638298,21,2.625,167.7333333333248,0.1968547062045395,1,0,1,6,3,31,6,3,34,0,0,0,0,0,5,11,2,0
base,20260712,1,0.12,0.45,0.2,0.18,3,30,9,378,861122454,50632030,false,false,842.4999999998911,860.4999999998911,9,7,6,179,20,5,2,18,51,47,4,18,4,0,0.0784313725490196,0.9215686274509803,19,2.375,167.7333333333248,0.19909000989121242,1,0,1,5,2,37,5,2,46,0,0,0,0,0,4,7,2,0
base,20260712,1,0.12,0.45,0.2,0.18,3,30,9,379,3384020722,469069621,false,false,784.8333333332769,802.8333333332769,9,7,6,179,26,8,3,3,44,38,6,3,6,0,0.13636363636363635,0.8636363636363636,21,2.625,167.7333333333248,0.21371841155235108,1,0,1,7,3,29,8,3,37,0,0,0,0,0,5,11,3,0
base,20260712,1,0.12,0.45,0.2,0.18,3,30,9,380,3210621258,3805299082,true,false,792.0333333332703,810.0333333332703,9,7,6,180,20,6,3,7,39,37,2,7,2,0,0.05128205128205128,0.9487179487179487,17,2.125,167.7333333333248,0.2117755986700957,1,1,0,5,3,30,6,3,35,6,3,36,107.1333333332359,0.13526366735395534,5,10,2,0
base,20260712,1,0.12,0.45,0.2,0.18,3,30,9,381,299288954,475670969,false,false,834.3333333332318,852.3333333332318,9,7,6,179,26,8,3,19,65,54,11,19,11,0,0.16923076923076924,0.8307692307692308,20,2.5,167.7333333333248,0.20103875349581926,1,0,1,6,3,39,8,3,54,0,0,0,0,0,5,6,3,0
base,20260712,1,0.12,0.45,0.2,0.18,3,30,9,382,1571478830,3485564802,false,false,867.0333333332021,885.0333333332021,9,7,6,179,27,8,3,14,54,51,3,14,3,0,0.05555555555555555,0.9444444444444444,21,2.625,167.7333333333248,0.19345661450926552,1,0,1,6,2,37,8,3,50,0,0,0,0,0,6,14,2,0
base,20260712,1,0.12,0.45,0.2,0.18,3,30,9,383,3954714787,2266273034,false,false,828.7999999999035,846.7999999999035,9,7,6,179,15,4,3,1,27,26,1,1,1,0,0.037037037037037035,0.9629629629629629,9,1.125,167.7333333333248,0.20238095238096562,1,0,1,2,2,16,4,3,25,0,0,0,0,0,4,7,2,0
base,20260712,1,0.12,0.45,0.2,0.18,3,30,9,384,4047930983,3625337327,false,false,815.5666666665823,833.5666666665823,9,7,6,179,23,6,3,19,57,52,5,19,5,0,0.08771929824561403,0.9122807017543859,23,2.875,167.7333333333248,0.20566477295950727,1,0,1,6,3,44,6,3,52,0,0,0,0,0,3,5,2,0
base,20260712,1,0.12,0.45,0.2,0.18,3,30,9,385,1897126854,373151429,true,false,793.2666666666025,811.2666666666025,9,7,6,180,22,7,3,3,39,34,5,3,5,0,0.1282051282051282,0.8717948717948718,17,2.125,167.7333333333248,0.21144634002858015,1,1,0,5,3,26,7,3,33,7,3,33,117.03333333322689,0.14753340616846333,5,14,3,0
base,20260712,1,0.12,0.45,0.2,0.18,3,30,9,386,293174069,365897861,false,false,762.1333333332975,780.1333333332975,9,7,6,179,26,8,3,8,52,44,8,8,8,0,0.15384615384615385,0.8461538461538461,26,3.25,167.7333333333248,0.22008397480755687,1,0,1,8,3,40,8,3,44,0,0,0,0,0,3,4,2,0
base,20260712,1,0.12,0.45,0.2,0.18,3,30,9,387,1456927695,1863477356,false,false,845.7999999998881,863.7999999998881,9,7,6,179,32,10,3,15,64,55,9,15,9,0,0.140625,0.859375,29,3.625,167.7333333333248,0.1983132340190908,1,0,1,9,3,49,9,3,52,0,0,0,0,0,6,10,3,0
base,20260712,1,0.12,0.45,0.2,0.18,3,30,9,388,76351706,1402511566,false,false,772.8666666666211,790.8666666666211,9,7,6,179,20,6,3,0,35,29,6,0,6,0,0.17142857142857143,0.8285714285714286,14,1.75,167.7333333333248,0.2170275166048495,1,0,1,4,2,23,6,3,29,0,0,0,0,0,4,5,2,0
base,20260712,1,0.12,0.45,0.2,0.18,3,30,9,389,47046476,455045425,false,false,819.933333333245,837.933333333245,9,7,6,179,21,6,3,9,46,40,6,9,6,0,0.13043478260869565,0.8695652173913043,20,2.5,167.7333333333248,0.2045694771932794,1,0,1,6,3,34,6,3,40,0,0,0,0,0,3,5,2,0
base,20260712,1,0.12,0.45,0.2,0.18,3,30,9,390,3163186572,3264739651,false,false,785.9999999999425,803.9999999999425,9,7,6,179,24,7,3,5,44,38,6,5,6,0,0.13636363636363635,0.8636363636363636,21,2.625,167.7333333333248,0.21340118744699374,1,0,1,6,3,34,7,3,37,0,0,0,0,0,6,10,2,0
base,20260712,1,0.12,0.45,0.2,0.18,3,30,9,391,2425315070,848713021,false,false,824.5666666665741,842.5666666665741,9,7,6,179,24,7,2,7,50,40,10,7,10,0,0.2,0.8,19,2.375,167.7333333333248,0.20341997817036458,1,0,1,5,2,32,7,2,39,0,0,0,0,0,5,6,3,0
base,20260712,1,0.12,0.45,0.2,0.18,3,30,9,392,1525693734,2177123181,false,false,812.5999999999183,830.5999999999183,9,7,6,179,25,7,3,9,49,44,5,9,5,0,0.10204081632653061,0.8979591836734694,21,2.625,167.7333333333248,0.20641562064157232,1,0,1,6,3,36,7,3,43,0,0,0,0,0,5,7,2,0
base,20260712,1,0.12,0.45,0.2,0.18,3,30,9,393,3201729015,1280441173,false,false,826.6999999999055,844.6999999999055,9,7,6,179,24,7,3,2,38,36,2,2,2,0,0.05263157894736842,0.9473684210526315,18,2.25,167.7333333333248,0.20289504455466792,1,0,1,5,3,28,7,3,36,0,0,0,0,0,4,10,2,0
base,20260712,1,0.12,0.45,0.2,0.18,3,30,9,394,744332906,3881302940,false,false,812.3333333332519,830.3333333332519,9,7,6,179,26,7,3,12,57,48,9,12,9,0,0.15789473684210525,0.8421052631578947,23,2.875,167.7333333333248,0.20648338120641152,1,0,1,6,3,38,7,3,48,0,0,0,0,0,5,11,2,0
base,20260712,1,0.12,0.45,0.2,0.18,3,30,9,395,4294293179,2950445292,false,false,809.1999999999214,827.1999999999214,9,7,6,179,19,6,3,0,30,28,2,0,2,0,0.06666666666666667,0.9333333333333333,15,1.875,167.7333333333248,0.2072829131652757,1,0,1,4,3,22,6,3,27,0,0,0,0,0,3,7,1,0
base,20260712,1,0.12,0.45,0.2,0.18,3,30,9,396,1754730523,287967383,false,false,819.8666666665783,837.8666666665783,9,7,6,179,21,6,3,6,40,37,3,6,3,0,0.075,0.925,18,2.25,167.7333333333248,0.20458611156286738,1,0,1,5,3,30,6,3,37,0,0,0,0,0,5,8,1,0
base,20260712,1,0.12,0.45,0.2,0.18,3,30,9,397,2984860759,2254241998,false,false,775.833333333285,793.833333333285,9,7,6,179,22,6,3,14,49,46,3,14,3,0,0.061224489795918366,0.9387755102040817,21,2.625,167.7333333333248,0.2161976369495191,1,0,1,6,3,36,6,3,46,0,0,0,0,0,5,5,2,0
base,20260712,1,0.12,0.45,0.2,0.18,3,30,9,398,3913778172,2866120621,false,false,771.5999999999556,789.5999999999556,9,7,6,179,20,6,3,3,37,33,4,3,4,0,0.10810810810810811,0.8918918918918919,19,2.375,167.7333333333248,0.2173837912562655,1,0,1,6,3,29,6,3,33,0,0,0,0,0,2,5,2,0
base,20260712,1,0.12,0.45,0.2,0.18,3,30,9,399,833168716,1113952957,false,false,795.633333333267,813.633333333267,9,7,6,179,20,6,3,1,35,30,5,1,5,0,0.14285714285714285,0.8571428571428571,16,2,167.7333333333248,0.21081737818929,1,0,1,5,3,23,6,3,29,0,0,0,0,0,2,5,3,0
base,20260712,1,0.12,0.45,0.2,0.18,3,30,9,400,531957597,3154763236,true,false,829.8666666665692,847.8666666665692,9,7,6,180,29,9,3,19,61,58,3,19,3,0,0.04918032786885246,0.9508196721311475,26,3.25,167.7333333333248,0.20212082262212142,1,1,0,8,3,40,9,3,56,9,3,57,156.13333333319133,0.18814267352170186,6,6,2,0
base,20260712,1,0.12,0.45,0.2,0.18,3,30,9,401,2650998120,66120483,false,false,820.2999999999113,838.2999999999113,9,7,6,179,17,5,3,0,31,27,4,0,4,0,0.12903225806451613,0.8709677419354839,13,1.625,167.7333333333248,0.2044780364907265,1,0,1,4,3,21,5,3,27,0,0,0,0,0,3,5,2,0
base,20260712,1,0.12,0.45,0.2,0.18,3,30,9,402,3719162514,2402119210,false,false,778.1666666666163,796.1666666666163,9,7,6,179,21,6,3,9,45,40,5,9,5,0,0.1111111111111111,0.8888888888888888,18,2.25,167.7333333333248,0.2155493681730593,1,0,1,5,3,31,6,3,40,0,0,0,0,0,6,11,2,0
base,20260712,1,0.12,0.45,0.2,0.18,3,30,9,403,1442192051,2038751145,false,false,817.0666666665809,835.0666666665809,9,7,6,179,20,6,3,6,43,36,7,6,7,0,0.16279069767441862,0.8372093023255814,20,2.5,167.7333333333248,0.20528720626632962,1,0,1,6,3,32,6,3,36,0,0,0,0,0,5,10,2,0
base,20260712,1,0.12,0.45,0.2,0.18,3,30,9,404,32773660,1071107631,false,false,837.0666666665627,855.0666666665627,9,7,6,179,27,7,3,13,58,50,8,13,8,0,0.13793103448275862,0.8620689655172413,24,3,167.7333333333248,0.20038228735267477,1,0,1,6,3,41,7,3,49,0,0,0,0,0,4,5,2,0
base,20260712,1,0.12,0.45,0.2,0.18,3,30,9,405,340150698,1887586097,false,false,765.8666666666275,783.8666666666275,9,7,6,179,24,7,3,14,53,48,5,14,5,0,0.09433962264150944,0.9056603773584906,22,2.75,167.7333333333248,0.2190111420612814,1,0,1,7,3,41,7,3,48,0,0,0,0,0,3,4,2,0
base,20260712,1,0.12,0.45,0.2,0.18,3,30,9,406,3474380129,1829816608,true,false,800.2999999999295,818.2999999999295,9,7,6,180,21,6,3,6,43,37,6,6,6,0,0.13953488372093023,0.8604651162790697,21,2.625,167.7333333333248,0.20958807113999697,1,1,0,6,3,33,6,3,36,6,3,36,118.66666666655874,0.1482777291847672,5,6,2,0
base,20260712,1,0.12,0.45,0.2,0.18,3,30,9,407,1768029980,3642098373,false,false,834.566666666565,852.566666666565,9,7,6,179,23,7,3,9,46,42,4,9,4,0,0.08695652173913043,0.9130434782608695,23,2.875,167.7333333333248,0.20098254583218264,1,0,1,7,3,36,7,3,42,0,0,0,0,0,5,10,2,0
base,20260712,1,0.12,0.45,0.2,0.18,3,30,9,408,3933179016,3623465239,false,false,782.2666666666125,800.2666666666125,9,7,6,179,20,6,3,2,35,31,4,2,4,0,0.11428571428571428,0.8857142857142857,18,2.25,167.7333333333248,0.2144196352480012,1,0,1,5,3,27,5,3,29,0,0,0,0,0,5,14,2,0
base,20260712,1,0.12,0.45,0.2,0.18,3,30,9,409,1723484386,1462814975,false,false,813.1666666665844,831.1666666665844,9,7,6,179,26,7,2,24,64,58,6,24,6,0,0.09375,0.90625,23,2.875,167.7333333333248,0.20627177700349467,1,0,1,6,2,48,7,2,58,0,0,0,0,0,4,4,2,0
base,20260712,1,0.12,0.45,0.2,0.18,3,30,9,410,3967224309,1313711290,false,false,775.8666666666184,793.8666666666184,9,7,6,179,16,4,2,4,33,29,4,4,4,0,0.12121212121212122,0.8787878787878788,14,1.75,167.7333333333248,0.21618834851349275,1,0,1,4,2,23,4,2,28,0,0,0,0,0,5,8,2,0
base,20260712,1,0.12,0.45,0.2,0.18,3,30,9,411,3296907962,1988747353,true,false,807.6666666665894,825.6666666665894,9,7,6,180,19,6,3,6,40,34,6,6,6,0,0.15,0.85,17,2.125,167.7333333333248,0.2076764341725227,1,1,0,5,3,28,5,3,32,6,3,33,122.83333333322162,0.1520841931488651,5,8,2,0
base,20260712,1,0.12,0.45,0.2,0.18,3,30,9,412,2870267312,2487985481,false,false,805.633333333258,823.633333333258,9,7,6,179,24,8,3,5,42,39,3,5,3,0,0.07142857142857142,0.9285714285714286,22,2.75,167.7333333333248,0.2082005875294888,1,0,1,7,3,34,8,3,39,0,0,0,0,0,2,5,2,0
base,20260712,1,0.12,0.45,0.2,0.18,3,30,9,413,3933498210,1121363074,true,false,799.1666666665972,817.1666666665972,9,7,6,180,18,5,2,3,35,30,5,3,5,0,0.14285714285714285,0.8571428571428571,17,2.125,167.7333333333248,0.20988529718457483,1,1,0,4,2,29,4,2,29,4,2,29,109.26666666656729,0.13672575599571654,5,11,2,0
base,20260712,1,0.12,0.45,0.2,0.18,3,30,9,414,1165518841,3595757418,true,false,783.533333333278,801.533333333278,9,7,6,180,18,5,3,5,36,33,3,5,3,0,0.08333333333333333,0.9166666666666666,17,2.125,167.7333333333248,0.21407300263762863,1,1,0,5,3,29,5,3,31,5,3,31,112.46666666656438,0.14353782013090996,5,14,3,0
base,20260712,1,0.12,0.45,0.2,0.18,3,30,9,415,2735843685,615371524,true,false,793.9999999999352,811.9999999999352,9,7,6,180,22,7,3,6,40,36,4,6,4,0,0.1,0.9,19,2.375,167.7333333333248,0.21125104953820967,1,1,0,5,3,32,6,3,35,6,3,35,124.13333333322043,0.15633921074714177,5,8,3,0
base,20260712,1,0.12,0.45,0.2,0.18,3,30,9,416,89989942,1359099201,false,false,762.9999999999634,780.9999999999634,9,7,6,179,13,4,2,0,24,19,5,0,5,0,0.20833333333333334,0.7916666666666666,9,1.125,167.7333333333248,0.21983398864132744,1,0,1,2,1,16,4,2,19,0,0,0,0,0,3,4,2,0
base,20260712,1,0.12,0.45,0.2,0.18,3,30,9,417,578261450,528947174,false,false,807.1999999999232,825.1999999999232,9,7,6,179,18,5,2,3,36,31,5,3,5,0,0.1388888888888889,0.8611111111111112,15,1.875,167.7333333333248,0.20779649818302867,1,0,1,4,2,25,5,2,31,0,0,0,0,0,6,10,4,0
base,20260712,1,0.12,0.45,0.2,0.18,3,30,9,418,4170950207,4014878747,false,false,829.5999999999028,847.5999999999028,9,7,6,179,23,7,3,11,52,44,8,11,8,0,0.15384615384615385,0.8461538461538461,20,2.5,167.7333333333248,0.20218579234974016,1,0,1,6,3,36,7,3,41,0,0,0,0,0,7,11,2,0
base,20260712,1,0.12,0.45,0.2,0.18,3,30,9,419,2257413692,1093313476,false,false,844.033333333223,862.033333333223,9,7,6,179,20,6,3,7,42,37,5,7,5,0,0.11904761904761904,0.8809523809523809,15,1.875,167.7333333333248,0.19872832826509226,1,0,1,4,3,28,6,3,36,0,0,0,0,0,4,7,2,0
base,20260712,1,0.12,0.45,0.2,0.18,3,30,9,420,3002926288,987105882,false,false,834.2333333332319,852.2333333332319,9,7,6,179,28,9,3,11,53,46,7,11,7,0,0.1320754716981132,0.8679245283018868,21,2.625,167.7333333333248,0.2010628521197249,1,0,1,6,3,36,8,3,45,0,0,0,0,0,6,11,2,0
base,20260712,1,0.12,0.45,0.2,0.18,3,30,9,421,1219885830,3762888116,false,false,784.4999999999438,802.4999999999438,9,7,6,179,18,5,3,1,32,29,3,1,3,0,0.09375,0.90625,13,1.625,167.7333333333248,0.21380922031018076,1,0,1,3,3,22,5,3,28,0,0,0,0,0,5,11,1,0
base,20260712,1,0.12,0.45,0.2,0.18,3,30,9,422,4192277466,864738721,false,false,760.099999999966,778.099999999966,9,7,6,179,24,7,3,10,48,42,6,10,6,0,0.125,0.875,19,2.375,167.7333333333248,0.22067271850195014,1,0,1,5,2,31,6,2,41,0,0,0,0,0,3,3,2,0
base,20260712,1,0.12,0.45,0.2,0.18,3,30,9,423,449020784,567017703,false,false,822.2999999999095,840.2999999999095,9,7,6,179,24,7,3,11,49,44,5,11,5,0,0.10204081632653061,0.8979591836734694,21,2.625,167.7333333333248,0.20398070452796213,1,0,1,6,3,38,7,3,44,0,0,0,0,0,6,10,2,0
base,20260712,1,0.12,0.45,0.2,0.18,3,30,9,424,2115588106,3017430692,false,false,814.7999999999163,832.7999999999163,9,7,6,179,24,7,3,4,41,37,4,4,4,0,0.0975609756097561,0.9024390243902439,20,2.5,167.7333333333248,0.2058582883325258,1,0,1,6,3,31,7,3,37,0,0,0,0,0,3,5,2,0
base,20260712,1,0.12,0.45,0.2,0.18,3,30,9,425,581762473,328634699,false,false,841.6666666665585,859.6666666665585,9,7,6,179,24,8,3,2,40,33,7,2,7,0,0.175,0.825,18,2.25,167.7333333333248,0.19928712871288676,1,0,1,5,3,28,8,3,33,0,0,0,0,0,6,9,2,0
base,20260712,1,0.12,0.45,0.2,0.18,3,30,9,426,1232577200,483969820,false,false,768.0666666666255,786.0666666666255,9,7,6,179,20,6,3,6,39,34,5,6,5,0,0.1282051282051282,0.8717948717948718,15,1.875,167.7333333333248,0.21838382084888525,1,0,1,4,3,25,6,3,34,0,0,0,0,0,5,7,2,0
base,20260712,1,0.12,0.45,0.2,0.18,3,30,9,427,286749878,3892327274,false,false,809.6999999999209,827.6999999999209,9,7,6,179,19,5,3,11,47,40,7,11,7,0,0.14893617021276595,0.851063829787234,18,2.25,167.7333333333248,0.20715491334239988,1,0,1,5,3,36,5,3,40,0,0,0,0,0,4,7,2,0
base,20260712,1,0.12,0.45,0.2,0.18,3,30,9,428,3895275179,203721826,false,false,787.0999999999415,805.0999999999415,9,7,6,179,25,8,3,14,54,48,6,14,6,0,0.1111111111111111,0.8888888888888888,23,2.875,167.7333333333248,0.21310295176386387,1,0,1,7,3,42,7,3,46,0,0,0,0,0,7,8,2,0
base,20260712,1,0.12,0.45,0.2,0.18,3,30,9,429,1516048039,3660678229,false,false,824.8999999999071,842.8999999999071,9,7,6,179,17,5,3,0,27,25,2,0,2,0,0.07407407407407407,0.9259259259259259,10,1.25,167.7333333333248,0.20333777831657618,1,0,1,2,2,18,4,3,23,0,0,0,0,0,5,11,1,0
base,20260712,1,0.12,0.45,0.2,0.18,3,30,9,430,1936274824,3804031463,false,false,781.33333333328,799.33333333328,9,7,6,179,17,4,3,1,32,28,4,1,4,0,0.125,0.875,16,2,167.7333333333248,0.21467576791809245,1,0,1,4,3,26,4,3,28,0,0,0,0,0,5,8,2,0
base,20260712,1,0.12,0.45,0.2,0.18,3,30,9,431,420340611,1856905526,false,false,875.1333333331947,893.1333333331947,9,7,6,179,33,10,3,15,65,58,7,15,7,0,0.1076923076923077,0.8923076923076924,28,3.5,167.7333333333248,0.1916660318427874,1,0,1,8,3,48,10,3,57,0,0,0,0,0,5,11,2,0
base,20260712,1,0.12,0.45,0.2,0.18,3,30,9,432,704478238,244749486,false,false,778.3999999999494,796.3999999999494,9,7,6,179,22,7,3,3,40,35,5,3,5,0,0.125,0.875,15,1.875,167.7333333333248,0.2154847550531034,1,0,1,4,3,24,7,3,35,0,0,0,0,0,5,11,3,0
base,20260712,1,0.12,0.45,0.2,0.18,3,30,9,433,2368792568,699921634,false,false,821.9333333332431,839.9333333332431,9,7,6,179,20,6,3,3,36,30,6,3,6,0,0.16666666666666666,0.8333333333333334,13,1.625,167.7333333333248,0.2040717008678845,1,0,1,4,3,21,6,3,29,0,0,0,0,0,6,8,2,0
base,20260712,1,0.12,0.45,0.2,0.18,3,30,9,434,1618111279,3444076938,false,false,807.2999999999231,825.2999999999231,9,7,6,179,16,5,3,0,30,26,4,0,4,0,0.13333333333333333,0.8666666666666667,14,1.75,167.7333333333248,0.20777075849540538,1,0,1,4,3,22,5,3,26,0,0,0,0,0,2,5,2,0
base,20260712,1,0.12,0.45,0.2,0.18,3,30,9,435,418585896,84806975,false,false,832.2999999999004,850.2999999999004,9,7,6,179,29,9,3,10,56,49,7,10,7,0,0.125,0.875,28,3.5,167.7333333333248,0.2015298970723836,1,0,1,9,3,43,9,3,49,0,0,0,0,0,5,8,3,0
base,20260712,1,0.12,0.45,0.2,0.18,3,30,9,436,1358208737,866041984,false,false,805.2333333332583,823.2333333332583,9,7,6,179,24,7,3,11,48,45,3,11,3,0,0.0625,0.9375,23,2.875,167.7333333333248,0.2083040112596851,1,0,1,7,3,40,7,3,45,0,0,0,0,0,6,11,2,0
base,20260712,1,0.12,0.45,0.2,0.18,3,30,9,437,2223150816,87744061,false,false,773.5333333332871,791.5333333332871,9,7,6,179,25,7,3,8,50,43,7,8,7,0,0.14,0.86,20,2.5,167.7333333333248,0.21684047229165063,1,0,1,6,3,32,7,3,42,0,0,0,0,0,3,5,3,0
base,20260712,1,0.12,0.45,0.2,0.18,3,30,9,438,53649087,90440059,false,false,832.2333333332338,850.2333333332338,9,7,6,179,29,9,3,10,56,47,9,10,9,0,0.16071428571428573,0.8392857142857143,26,3.25,167.7333333333248,0.2015460407738353,1,0,1,8,3,41,9,3,47,0,0,0,0,0,5,7,2,0
base,20260712,1,0.12,0.45,0.2,0.18,3,30,9,439,2090988602,3626313572,false,false,772.1333333332884,790.1333333332884,9,7,6,179,25,7,3,13,51,47,4,13,4,0,0.0784313725490196,0.9215686274509803,23,2.875,167.7333333333248,0.21723363840442222,1,0,1,7,3,39,7,3,47,0,0,0,0,0,3,5,2,0
base,20260712,1,0.12,0.45,0.2,0.18,3,30,9,440,3109287448,2520315464,true,false,807.1999999999232,825.1999999999232,9,7,6,180,19,6,3,0,31,28,3,0,3,0,0.0967741935483871,0.9032258064516129,14,1.75,167.7333333333248,0.20779649818302867,1,1,0,4,2,22,6,3,27,6,3,27,119.03333333322507,0.14746448628993608,6,11,2,0
base,20260712,1,0.12,0.45,0.2,0.18,3,30,9,441,3900353479,87655652,false,false,751.6999999999737,769.6999999999737,9,7,6,179,26,8,3,13,57,49,8,13,8,0,0.14035087719298245,0.8596491228070176,24,3,167.7333333333248,0.22313866347390005,1,0,1,8,3,38,8,3,49,0,0,0,0,0,3,4,3,0
base,20260712,1,0.12,0.45,0.2,0.18,3,30,9,442,47456549,469971381,false,false,826.8999999999053,844.8999999999053,9,7,6,179,25,8,3,5,47,40,7,5,7,0,0.14893617021276595,0.851063829787234,20,2.5,167.7333333333248,0.20284597089532472,1,0,1,6,3,31,8,3,39,0,0,0,0,0,5,11,3,0
base,20260712,1,0.12,0.45,0.2,0.18,3,30,9,443,3417982686,3329035260,false,false,841.6999999998918,859.6999999998918,9,7,6,179,26,7,3,20,66,56,10,20,10,0,0.15151515151515152,0.8484848484848485,24,3,167.7333333333248,0.199279236465898,1,0,1,7,3,43,7,3,55,0,0,0,0,0,5,10,3,0
base,20260712,1,0.12,0.45,0.2,0.18,3,30,9,444,3974213342,2624090093,false,false,818.9333333332459,836.9333333332459,9,7,6,179,21,6,3,4,41,35,6,4,6,0,0.14634146341463414,0.8536585365853658,16,2,167.7333333333248,0.2048192771084452,1,0,1,4,3,27,6,3,35,0,0,0,0,0,3,7,2,0
base,20260712,1,0.12,0.45,0.2,0.18,3,30,9,445,2667359377,1935088607,false,false,788.2666666666071,806.2666666666071,9,7,6,179,19,6,3,2,34,30,4,2,4,0,0.11764705882352941,0.8823529411764706,18,2.25,167.7333333333248,0.21278755074425423,1,0,1,6,3,27,6,3,30,0,0,0,0,0,2,7,2,0
base,20260712,1,0.12,0.45,0.2,0.18,3,30,9,446,783085395,529620649,true,false,801.3999999999285,819.3999999999285,9,7,6,180,18,5,2,4,36,32,4,4,4,0,0.1111111111111111,0.8888888888888888,15,1.875,167.7333333333248,0.2093003909824554,1,1,0,4,2,27,5,2,32,5,2,32,105.33333333323753,0.13143665252464054,5,10,1,0
base,20260712,1,0.12,0.45,0.2,0.18,3,30,9,447,2110443217,2275408389,true,false,802.5333333332608,820.5333333332608,9,7,6,180,20,6,3,18,51,47,4,18,4,0,0.0784313725490196,0.9215686274509803,17,2.125,167.7333333333248,0.20900481807610063,1,1,0,5,3,29,5,3,45,5,3,46,119.96666666655756,0.14948496427965827,6,7,3,0
base,20260712,1,0.12,0.45,0.2,0.18,3,30,9,448,2508781979,3803419536,false,false,817.633333333247,835.633333333247,9,7,6,179,21,6,3,14,49,45,4,14,4,0,0.08163265306122448,0.9183673469387755,18,2.25,167.7333333333248,0.2051449304904511,1,0,1,5,3,35,6,3,44,0,0,0,0,0,4,7,2,0
base,20260712,1,0.12,0.45,0.2,0.18,3,30,9,449,1880451406,1260089535,true,false,791.8666666666038,809.8666666666038,9,7,6,180,24,8,3,5,39,37,2,5,2,0,0.05128205128205128,0.9487179487179487,16,2,167.7333333333248,0.21182017174609122,1,1,0,5,3,23,6,3,34,7,3,36,114.63333333322907,0.14476342818644322,5,10,4,0
base,20260712,1,0.12,0.45,0.2,0.18,3,30,9,450,2207193796,3580717435,false,false,831.4666666665678,849.4666666665678,9,7,6,179,27,9,3,8,48,45,3,8,3,0,0.0625,0.9375,27,3.375,167.7333333333248,0.20173187940989185,1,0,1,9,3,41,9,3,45,0,0,0,0,0,5,5,2,0
base,20260712,1,0.12,0.45,0.2,0.18,3,30,9,451,3006331077,2439305022,false,false,850.6999999998836,868.6999999998836,9,7,6,179,28,8,3,22,62,58,4,22,4,0,0.06451612903225806,0.9354838709677419,24,3,167.7333333333248,0.19717095725090836,1,0,1,6,3,47,7,3,57,0,0,0,0,0,6,10,2,0
base,20260712,1,0.12,0.45,0.2,0.18,3,30,9,452,3557557067,2994839247,false,false,820.933333333244,838.933333333244,9,7,6,179,23,7,3,5,43,37,6,5,6,0,0.13953488372093023,0.8604651162790697,18,2.25,167.7333333333248,0.2043202858535119,1,0,1,5,3,28,7,3,37,0,0,0,0,0,6,10,2,0
base,20260712,1,0.12,0.45,0.2,0.18,3,30,9,453,1392480338,3391369632,false,false,742.7666666666485,760.7666666666485,9,7,6,179,23,7,3,6,38,37,1,6,1,0,0.02631578947368421,0.9736842105263158,19,2.375,167.7333333333248,0.22582237580217507,1,0,1,6,3,30,7,3,37,0,0,0,0,0,2,5,2,0
base,20260712,1,0.12,0.45,0.2,0.18,3,30,9,454,278165619,439966869,false,false,827.1333333332384,845.1333333332384,9,7,6,179,24,7,3,12,49,46,3,12,3,0,0.061224489795918366,0.9387755102040817,22,2.75,167.7333333333248,0.20278874828727014,1,0,1,6,3,39,7,3,46,0,0,0,0,0,5,5,2,0
base,20260712,1,0.12,0.45,0.2,0.18,3,30,9,455,1534451762,2049987835,false,false,781.1333333332802,799.1333333332802,9,7,6,179,19,5,3,13,46,42,4,13,4,0,0.08695652173913043,0.9130434782608695,18,2.25,167.7333333333248,0.21473073312281668,1,0,1,5,3,30,5,3,42,0,0,0,0,0,3,5,2,0
base,20260712,1,0.12,0.45,0.2,0.18,3,30,9,456,4255262325,2127101843,true,false,830.0666666665691,848.0666666665691,9,7,6,180,26,7,3,14,59,50,9,14,9,0,0.15254237288135594,0.847457627118644,25,3.125,167.7333333333248,0.20207212272108005,1,1,0,7,3,40,7,3,48,7,3,49,145.9333333332006,0.17580917195392068,6,6,2,0
base,20260712,1,0.12,0.45,0.2,0.18,3,30,9,457,1132756312,2336281305,false,false,812.899999999918,830.899999999918,9,7,6,179,23,7,3,5,43,38,5,5,5,0,0.11627906976744186,0.8837209302325582,19,2.375,167.7333333333248,0.2063394431459487,1,0,1,6,3,31,7,3,37,0,0,0,0,0,3,5,2,0
base,20260712,1,0.12,0.45,0.2,0.18,3,30,9,458,1556689669,1338074507,false,false,830.3666666665688,848.3666666665688,9,7,6,179,25,7,2,13,53,47,6,13,6,0,0.11320754716981132,0.8867924528301887,22,2.75,167.7333333333248,0.2019991168560209,1,0,1,6,2,42,7,2,46,0,0,0,0,0,5,9,2,0
base,20260712,1,0.12,0.45,0.2,0.18,3,30,9,459,3282796452,3085582004,true,false,795.1666666666008,813.1666666666008,9,7,6,180,18,6,3,1,33,27,6,1,6,0,0.18181818181818182,0.8181818181818182,12,1.5,167.7333333333248,0.21094110249424275,1,1,0,3,2,20,6,3,27,6,3,27,126.79999999988468,0.1594634248583884,4,7,2,0
base,20260712,1,0.12,0.45,0.2,0.18,3,30,9,460,162202979,3312266535,false,false,801.9999999999279,819.9999999999279,9,7,6,179,24,7,3,15,54,49,5,15,5,0,0.09259259259259259,0.9074074074074074,22,2.75,167.7333333333248,0.20914380714880282,1,0,1,6,3,40,7,3,48,0,0,0,0,0,5,8,2,0
base,20260712,1,0.12,0.45,0.2,0.18,3,30,9,461,1974592867,1588226555,false,false,784.1999999999441,802.1999999999441,9,7,6,179,24,7,3,11,50,45,5,11,5,0,0.1,0.9,22,2.75,167.7333333333248,0.21389101419706294,1,0,1,6,3,36,7,3,45,0,0,0,0,0,2,5,3,0
base,20260712,1,0.12,0.45,0.2,0.18,3,30,9,462,1642499020,3730983225,true,false,775.3666666666188,793.3666666666188,9,7,6,180,17,5,3,0,33,26,7,0,7,0,0.21212121212121213,0.7878787878787878,15,1.875,167.7333333333248,0.21632775890976547,1,1,0,5,3,22,5,3,25,5,3,25,106.0666666665702,0.13679549460458718,4,11,2,0
base,20260712,1,0.12,0.45,0.2,0.18,3,30,9,463,1773172649,2721974427,false,false,762.0666666666309,780.0666666666309,9,7,6,179,27,7,3,13,53,50,3,13,3,0,0.05660377358490566,0.9433962264150944,24,3,167.7333333333248,0.2201032280640355,1,0,1,6,3,43,7,3,50,0,0,0,0,0,6,5,2,0
base,20260712,1,0.12,0.45,0.2,0.18,3,30,9,464,3338781706,1320237579,false,false,767.8333333332923,785.8333333332923,9,7,6,179,26,8,3,19,62,55,7,19,7,0,0.11290322580645161,0.8870967741935484,21,2.625,167.7333333333248,0.21845018450184556,1,0,1,6,3,40,8,3,53,0,0,0,0,0,5,8,2,0
base,20260712,1,0.12,0.45,0.2,0.18,3,30,9,465,522522507,2164146381,false,false,843.2666666665571,861.2666666665571,9,7,6,179,21,6,3,2,36,32,4,2,4,0,0.1111111111111111,0.8888888888888888,18,2.25,167.7333333333248,0.19890900466441608,1,0,1,6,3,25,6,3,32,0,0,0,0,0,6,11,2,0
base,20260712,1,0.12,0.45,0.2,0.18,3,30,9,466,1519384865,2182854868,false,false,844.9333333332222,862.9333333332222,9,7,6,179,24,7,3,16,54,50,4,16,4,0,0.07407407407407407,0.9259259259259259,22,2.75,167.7333333333248,0.19851664825628867,1,0,1,6,3,39,7,3,49,0,0,0,0,0,6,8,2,0
base,20260712,1,0.12,0.45,0.2,0.18,3,30,9,467,3065227052,1068926560,true,false,814.9999999999161,832.9999999999161,9,7,6,180,23,7,3,8,49,41,8,8,8,0,0.16326530612244897,0.8367346938775511,17,2.125,167.7333333333248,0.2058077709611559,1,1,0,5,3,28,6,3,34,6,3,37,131.96666666654664,0.16192229038841746,5,14,3,0
base,20260712,1,0.12,0.45,0.2,0.18,3,30,9,468,502929660,1148910509,false,false,829.5666666665695,847.5666666665695,9,7,6,179,18,5,2,11,42,38,4,11,4,0,0.09523809523809523,0.9047619047619048,15,1.875,167.7333333333248,0.2021939165026051,1,0,1,4,2,34,5,2,38,0,0,0,0,0,6,8,2,0
base,20260712,1,0.12,0.45,0.2,0.18,3,30,9,469,2171632164,210940217,true,false,792.9333333332695,810.9333333332695,9,7,6,180,20,6,3,7,41,36,5,7,5,0,0.12195121951219512,0.8780487804878049,18,2.25,167.7333333333248,0.21153522784597903,1,1,0,5,3,29,5,3,35,5,3,35,122.86666666655492,0.15495207667718783,5,7,2,0
base,20260712,1,0.12,0.45,0.2,0.18,3,30,9,470,3040645462,2558991448,false,false,814.8333333332496,832.8333333332496,9,7,6,179,28,8,3,13,57,51,6,13,6,0,0.10526315789473684,0.8947368421052632,24,3,167.7333333333248,0.20584986704848685,1,0,1,7,3,39,8,3,51,0,0,0,0,0,5,7,2,0
base,20260712,1,0.12,0.45,0.2,0.18,3,30,9,471,1160010549,2176498993,false,false,825.5333333332399,843.5333333332399,9,7,6,179,19,6,3,5,48,33,15,5,15,0,0.3125,0.6875,17,2.125,167.7333333333248,0.20318178147461494,1,0,1,5,3,29,6,3,33,0,0,0,0,0,4,5,3,0
base,20260712,1,0.12,0.45,0.2,0.18,3,30,9,472,922469431,1938266923,false,false,846.1999999998877,864.1999999998877,9,7,6,179,24,7,3,3,41,37,4,3,4,0,0.0975609756097561,0.9024390243902439,22,2.75,167.7333333333248,0.1982194910580797,1,0,1,6,3,33,7,3,37,0,0,0,0,0,5,14,2,0
base,20260712,1,0.12,0.45,0.2,0.18,3,30,9,473,2626597968,2083524589,false,false,798.2999999999313,816.2999999999313,9,7,6,179,27,8,3,5,48,41,7,5,7,0,0.14583333333333334,0.8541666666666666,22,2.75,167.7333333333248,0.21011315712556586,1,0,1,6,3,35,8,3,40,0,0,0,0,0,6,8,3,0
base,20260712,1,0.12,0.45,0.2,0.18,3,30,9,474,1112774566,774710462,false,false,800.0999999999297,818.0999999999297,9,7,6,179,26,8,3,11,51,46,5,11,5,0,0.09803921568627451,0.9019607843137255,24,3,167.7333333333248,0.20964046160897332,1,0,1,8,3,39,8,3,45,0,0,0,0,0,5,7,2,0
base,20260712,1,0.12,0.45,0.2,0.18,3,30,9,475,1241527755,382856134,false,false,840.2999999998931,858.2999999998931,9,7,6,179,22,6,3,7,47,39,8,7,8,0,0.1702127659574468,0.8297872340425532,21,2.625,167.7333333333248,0.19961124995042978,1,0,1,6,3,32,6,3,37,0,0,0,0,0,5,7,3,0
base,20260712,1,0.12,0.45,0.2,0.18,3,30,9,476,1237240101,3915844597,false,false,835.4666666665642,853.4666666665642,9,7,6,179,25,8,3,10,48,44,4,10,4,0,0.08333333333333333,0.9166666666666666,23,2.875,167.7333333333248,0.2007660389403272,1,0,1,7,3,37,8,3,43,0,0,0,0,0,6,6,3,0
base,20260712,1,0.12,0.45,0.2,0.18,3,30,9,477,1160168533,1130657402,true,false,779.6999999999482,797.6999999999482,9,7,6,180,17,5,3,1,36,28,8,1,8,0,0.2222222222222222,0.7777777777777778,11,1.375,167.7333333333248,0.2151254756102808,1,1,0,3,3,19,5,3,27,5,3,28,93.39999999991505,0.11978966269067752,5,11,3,0
base,20260712,1,0.12,0.45,0.2,0.18,3,30,9,478,637441906,291693143,false,false,812.2666666665853,830.2666666665853,9,7,6,179,26,8,3,10,50,46,4,10,4,0,0.08,0.92,26,3.25,167.7333333333248,0.20650032829941925,1,0,1,8,3,42,8,3,46,0,0,0,0,0,5,5,1,0
base,20260712,1,0.12,0.45,0.2,0.18,3,30,9,479,1390578248,995916606,false,false,806.1333333332575,824.1333333332575,9,7,6,179,24,7,3,20,63,54,9,20,9,0,0.14285714285714285,0.8571428571428571,20,2.5,167.7333333333248,0.2080714521998105,1,0,1,5,3,40,6,3,48,0,0,0,0,0,6,8,2,0
base,20260712,1,0.12,0.45,0.2,0.18,3,30,9,480,2872548575,2657029931,false,false,799.7333333332633,817.7333333332633,9,7,6,179,18,5,3,4,35,32,3,4,3,0,0.08571428571428572,0.9142857142857143,14,1.75,167.7333333333248,0.20973657885962757,1,0,1,4,2,24,5,3,32,0,0,0,0,0,2,3,1,0
base,20260712,1,0.12,0.45,0.2,0.18,3,30,9,481,717478616,2540266993,false,false,808.5333333332553,826.5333333332553,9,7,6,179,27,8,3,14,57,51,6,14,6,0,0.10526315789473684,0.8947368421052632,23,2.875,167.7333333333248,0.20745382585752925,1,0,1,7,3,40,8,3,51,0,0,0,0,0,3,5,2,0
base,20260712,1,0.12,0.45,0.2,0.18,3,30,9,482,3436607876,3634190470,true,false,763.2999999999631,781.2999999999631,9,7,6,180,15,5,3,1,32,25,7,1,7,0,0.21875,0.78125,11,1.375,167.7333333333248,0.21974758723088286,1,1,0,3,3,18,4,3,23,4,3,24,96.99999999991178,0.1270797851433466,6,11,2,0
base,20260712,1,0.12,0.45,0.2,0.18,3,30,9,483,3802343354,2254733639,false,false,830.8666666665683,848.8666666665683,9,7,6,179,31,9,3,14,62,53,9,14,9,0,0.14516129032258066,0.8548387096774194,25,3.125,167.7333333333248,0.20187755757042203,1,0,1,7,3,44,8,3,51,0,0,0,0,0,6,8,2,0
base,20260712,1,0.12,0.45,0.2,0.18,3,30,9,484,2616595699,3938048993,false,false,763.4333333332963,781.4333333332963,9,7,6,179,24,8,3,2,38,34,4,2,4,0,0.10526315789473684,0.8947368421052632,15,1.875,167.7333333333248,0.21970920840064567,1,0,1,4,3,23,7,3,33,0,0,0,0,0,5,7,2,0
base,20260712,1,0.12,0.45,0.2,0.18,3,30,9,485,2345720865,2621275720,true,false,797.5333333332653,815.5333333332653,9,7,6,180,24,7,3,10,45,44,1,10,1,0,0.022222222222222223,0.9777777777777777,22,2.75,167.7333333333248,0.21031513834323218,1,1,0,6,3,35,7,3,43,7,3,43,123.7999999998874,0.15522862158308698,5,9,2,0
base,20260712,1,0.12,0.45,0.2,0.18,3,30,9,486,1325445052,3890489327,false,false,807.1666666665899,825.1666666665899,9,7,6,179,14,4,3,2,29,26,3,2,3,0,0.10344827586206896,0.896551724137931,13,1.625,167.7333333333248,0.20780507949618923,1,0,1,4,3,20,4,3,26,0,0,0,0,0,2,5,2,0
base,20260712,1,0.12,0.45,0.2,0.18,3,30,9,487,102921038,3913308902,false,false,811.5999999999192,829.5999999999192,9,7,6,179,20,6,3,2,38,30,8,2,8,0,0.21052631578947367,0.7894736842105263,13,1.625,167.7333333333248,0.20666995235749322,1,0,1,3,3,21,5,3,29,0,0,0,0,0,6,11,2,0
base,20260712,1,0.12,0.45,0.2,0.18,3,30,9,488,1245579509,3588679011,false,false,790.3666666666052,808.3666666666052,9,7,6,179,26,7,3,17,61,53,8,17,8,0,0.13114754098360656,0.8688524590163934,22,2.75,167.7333333333248,0.2122221753616522,1,0,1,6,3,41,7,3,51,0,0,0,0,0,5,14,3,0
base,20260712,1,0.12,0.45,0.2,0.18,3,30,9,489,4262534217,963811746,true,false,802.8333333332605,820.8333333332605,9,7,6,180,20,6,3,4,39,34,5,4,5,0,0.1282051282051282,0.8717948717948718,17,2.125,167.7333333333248,0.2089267178742039,1,1,0,5,3,27,6,3,33,6,3,33,127.1333333332177,0.1583558231262976,5,14,3,0
base,20260712,1,0.12,0.45,0.2,0.18,3,30,9,490,2362027247,3451396019,true,false,798.6999999999309,816.6999999999309,9,7,6,180,13,4,2,0,23,21,2,0,2,0,0.08695652173913043,0.9130434782608695,9,1.125,167.7333333333248,0.21000792955219644,1,1,0,2,2,17,4,2,20,4,2,20,121.79999999988922,0.15249780893940124,5,9,2,0
base,20260712,1,0.12,0.45,0.2,0.18,3,30,9,491,4042749780,3657817572,true,false,799.5999999999301,817.5999999999301,9,7,6,180,18,6,3,6,35,32,3,6,3,0,0.08571428571428572,0.9142857142857143,12,1.5,167.7333333333248,0.20977155244289578,1,1,0,3,3,24,5,3,31,5,3,31,148.1999999998652,0.18534267133551546,2,5,2,0
base,20260712,1,0.12,0.45,0.2,0.18,3,30,9,492,4281533249,891968352,false,false,838.4999999998947,856.4999999998947,9,7,6,179,16,5,3,0,30,23,7,0,7,0,0.23333333333333334,0.7666666666666667,8,1,167.7333333333248,0.20003975352814055,1,0,1,1,1,14,4,2,22,0,0,0,0,0,6,8,2,0
base,20260712,1,0.12,0.45,0.2,0.18,3,30,9,493,273221821,3864512116,false,false,810.5333333332535,828.5333333332535,9,7,6,179,17,5,3,0,33,27,6,0,6,0,0.18181818181818182,0.8181818181818182,14,1.75,167.7333333333248,0.20694193123870042,1,0,1,4,2,21,5,3,26,0,0,0,0,0,6,11,3,0
base,20260712,1,0.12,0.45,0.2,0.18,3,30,9,494,3943692654,1026755712,false,false,842.8333333332241,860.8333333332241,9,7,6,179,25,7,3,13,50,46,4,13,4,0,0.08,0.92,23,2.875,167.7333333333248,0.19901127150486042,1,0,1,6,3,38,6,3,45,0,0,0,0,0,6,11,2,0
base,20260712,1,0.12,0.45,0.2,0.18,3,30,9,495,180772749,4136689999,false,false,816.3666666665815,834.3666666665815,9,7,6,179,26,7,3,12,53,48,5,12,5,0,0.09433962264150944,0.9056603773584906,24,3,167.7333333333248,0.20546323139113423,1,0,1,7,3,39,7,3,47,0,0,0,0,0,5,9,2,0
base,20260712,1,0.12,0.45,0.2,0.18,3,30,9,496,91303793,1825832187,false,false,825.5333333332399,843.5333333332399,9,7,6,179,17,5,3,1,34,27,7,1,7,0,0.20588235294117646,0.7941176470588235,15,1.875,167.7333333333248,0.20318178147461494,1,0,1,4,3,24,5,3,27,0,0,0,0,0,5,11,2,0
base,20260712,1,0.12,0.45,0.2,0.18,3,30,9,497,1983405312,784740396,false,false,800.033333333263,818.033333333263,9,7,6,179,21,6,3,2,37,33,4,2,4,0,0.10810810810810811,0.8918918918918919,19,2.375,167.7333333333248,0.20965793091955276,1,0,1,5,3,29,6,3,32,0,0,0,0,0,3,7,2,0
base,20260712,1,0.12,0.45,0.2,0.18,3,30,9,498,1821570658,876091556,false,false,803.9999999999261,821.9999999999261,9,7,6,179,21,6,3,8,51,39,12,8,12,0,0.23529411764705882,0.7647058823529411,19,2.375,167.7333333333248,0.20862354892206494,1,0,1,5,3,32,6,3,39,0,0,0,0,0,3,3,3,0
base,20260712,1,0.12,0.45,0.2,0.18,3,30,9,499,3945227292,1710646512,false,false,819.7333333332451,837.7333333332451,9,7,6,179,23,7,3,9,47,40,7,9,7,0,0.14893617021276595,0.851063829787234,20,2.5,167.7333333333248,0.20461938841900965,1,0,1,6,3,33,6,3,39,0,0,0,0,0,4,5,2,0
base,20260712,1,0.12,0.45,0.2,0.18,3,30,9,500,20868139,3449767993,false,false,771.4666666666224,789.4666666666224,9,7,6,179,16,5,3,0,24,23,1,0,1,0,0.041666666666666664,0.9583333333333334,13,1.625,167.7333333333248,0.21742136190805533,1,0,1,4,3,20,5,3,22,0,0,0,0,0,4,10,1,0
base,20260712,1,0.12,0.45,0.2,0.18,3,30,9,501,22810259,2132440758,false,false,781.7999999999463,799.7999999999463,9,7,6,179,32,10,3,11,61,52,9,11,9,0,0.14754098360655737,0.8524590163934426,26,3.25,167.7333333333248,0.21454762513857292,1,0,1,8,3,37,10,3,52,0,0,0,0,0,5,8,3,0
base,20260712,1,0.12,0.45,0.2,0.18,3,30,9,502,460044555,2906526065,false,false,832.4333333332336,850.4333333332336,9,7,6,179,25,7,3,17,57,51,6,17,6,0,0.10526315789473684,0.8947368421052632,19,2.375,167.7333333333248,0.20149761742683486,1,0,1,5,3,42,7,3,51,0,0,0,0,0,4,8,2,0
base,20260712,1,0.12,0.45,0.2,0.18,3,30,9,503,2638331450,547675213,true,false,782.4999999999457,800.4999999999457,9,7,6,180,21,6,3,5,39,36,3,5,3,0,0.07692307692307693,0.9230769230769231,20,2.5,167.7333333333248,0.2143556975505897,1,1,0,6,3,31,6,3,35,6,3,35,111.16666666656556,0.14206602768891155,6,10,3,0
base,20260712,1,0.12,0.45,0.2,0.18,3,30,9,504,1351099234,1870990892,false,false,820.0333333332449,838.0333333332449,9,7,6,179,21,6,2,8,48,39,9,8,9,0,0.1875,0.8125,16,2,167.7333333333248,0.2045445307101454,1,0,1,4,2,25,6,2,39,0,0,0,0,0,3,4,2,0
base,20260712,1,0.12,0.45,0.2,0.18,3,30,9,505,3315461027,3514464003,false,false,825.8333333332396,843.8333333332396,9,7,6,179,29,9,3,30,71,67,4,30,4,0,0.056338028169014086,0.9436619718309859,25,3.125,167.7333333333248,0.20310797174572412,1,0,1,8,3,52,8,3,61,0,0,0,0,0,6,9,2,0
base,20260712,1,0.12,0.45,0.2,0.18,3,30,9,506,1619629913,3045840432,true,false,801.0666666665954,819.0666666665954,9,7,6,180,25,8,3,11,53,45,8,11,8,0,0.1509433962264151,0.8490566037735849,18,2.25,167.7333333333248,0.20938748335553392,1,1,0,5,3,29,6,3,36,6,3,36,121.29999999988968,0.1514231025298358,5,11,4,0
base,20260712,1,0.12,0.45,0.2,0.18,3,30,9,507,2154080221,544384457,true,false,795.9333333332668,813.9333333332668,9,7,6,180,20,6,2,4,36,34,2,4,2,0,0.05555555555555555,0.9444444444444444,16,2,167.7333333333248,0.21073791774856204,1,1,0,4,2,27,6,2,32,6,2,33,130.4333333332147,0.16387469637309526,5,6,2,0
base,20260712,1,0.12,0.45,0.2,0.18,3,30,9,508,822246716,3155556521,false,false,820.6999999999109,838.6999999999109,9,7,6,179,21,6,3,8,43,39,4,8,4,0,0.09302325581395349,0.9069767441860465,17,2.125,167.7333333333248,0.20437837618294505,1,0,1,5,3,29,6,3,39,0,0,0,0,0,6,14,2,0
base,20260712,1,0.12,0.45,0.2,0.18,3,30,9,509,3057393343,860975579,false,false,777.9999999999498,795.9999999999498,9,7,6,179,22,7,3,6,47,37,10,6,10,0,0.2127659574468085,0.7872340425531915,17,2.125,167.7333333333248,0.21559554413025145,1,0,1,5,3,28,7,3,37,0,0,0,0,0,6,14,3,0
base,20260712,1,0.12,0.45,0.2,0.18,3,30,9,510,1902371087,3986931654,false,false,768.9666666666246,786.9666666666246,9,7,6,179,28,9,3,10,53,48,5,10,5,0,0.09433962264150944,0.9056603773584906,24,3,167.7333333333248,0.21812822402358226,1,0,1,7,3,41,9,3,47,0,0,0,0,0,4,5,2,0
base,20260712,1,0.12,0.45,0.2,0.18,3,30,9,511,3173640081,109114720,false,false,762.9333333332968,780.9333333332968,9,7,6,179,22,6,3,11,48,43,5,11,5,0,0.10416666666666667,0.8958333333333334,18,2.25,167.7333333333248,0.21985319818245302,1,0,1,5,3,35,6,3,42,0,0,0,0,0,2,5,2,0
base,20260712,1,0.12,0.45,0.2,0.18,3,30,9,512,4252580939,2434548438,false,false,803.766666666593,821.766666666593,9,7,6,179,32,10,3,17,64,57,7,17,7,0,0.109375,0.890625,26,3.25,167.7333333333248,0.2086841123045745,1,0,1,8,3,41,9,3,55,0,0,0,0,0,5,8,2,0
base,20260712,1,0.12,0.45,0.2,0.18,3,30,9,513,1319515637,101042196,false,false,822.133333333243,840.133333333243,9,7,6,179,23,7,3,8,45,40,5,8,5,0,0.1111111111111111,0.8888888888888888,18,2.25,167.7333333333248,0.20402205643854593,1,0,1,5,3,32,7,3,40,0,0,0,0,0,6,11,2,0
base,20260712,1,0.12,0.45,0.2,0.18,3,30,9,514,3264035849,4168086227,false,false,820.7333333332442,838.7333333332442,9,7,6,179,27,8,3,19,61,55,6,19,6,0,0.09836065573770492,0.9016393442622951,24,3,167.7333333333248,0.20437007554220982,1,0,1,7,3,43,8,3,53,0,0,0,0,0,5,5,2,0
base,20260712,1,0.12,0.45,0.2,0.18,3,30,9,515,389600766,136704623,false,false,831.2999999999013,849.2999999999013,9,7,6,179,23,7,2,11,47,43,4,11,4,0,0.0851063829787234,0.9148936170212766,18,2.25,167.7333333333248,0.20177232447172466,1,0,1,5,2,35,6,2,41,0,0,0,0,0,6,11,2,0
base,20260712,1,0.12,0.45,0.2,0.18,3,30,9,516,2860155208,144335290,false,false,807.4333333332563,825.4333333332563,9,7,6,179,24,7,3,7,46,41,5,7,5,0,0.10869565217391304,0.8913043478260869,21,2.625,167.7333333333248,0.20773644882963396,1,0,1,6,3,32,7,3,41,0,0,0,0,0,6,10,3,0
base,20260712,1,0.12,0.45,0.2,0.18,3,30,9,517,4140404273,1332466094,false,false,803.1666666665935,821.1666666665935,9,7,6,179,15,4,2,0,29,24,5,0,5,0,0.1724137931034483,0.8275862068965517,11,1.375,167.7333333333248,0.20884000830048566,1,0,1,3,2,19,4,2,24,0,0,0,0,0,2,5,3,0
base,20260712,1,0.12,0.45,0.2,0.18,3,30,9,518,555668127,3241519273,false,false,782.533333333279,800.533333333279,9,7,6,179,23,7,3,6,44,39,5,6,5,0,0.11363636363636363,0.8863636363636364,20,2.5,167.7333333333248,0.21434656670642757,1,0,1,6,3,34,7,3,38,0,0,0,0,0,5,6,2,0
base,20260712,1,0.12,0.45,0.2,0.18,3,30,9,519,3186825215,3652205527,false,false,834.899999999898,852.899999999898,9,7,6,179,24,7,3,9,45,42,3,9,3,0,0.06666666666666667,0.9333333333333333,23,2.875,167.7333333333248,0.2009023036691164,1,0,1,7,3,38,7,3,42,0,0,0,0,0,4,5,2,0
base,20260712,1,0.12,0.45,0.2,0.18,3,30,9,520,2506265667,3938759295,false,false,829.5999999999028,847.5999999999028,9,7,6,179,22,6,3,8,45,39,6,8,6,0,0.13333333333333333,0.8666666666666667,19,2.375,167.7333333333248,0.20218579234974016,1,0,1,5,3,30,6,3,38,0,0,0,0,0,4,13,2,0
base,20260712,1,0.12,0.45,0.2,0.18,3,30,9,521,3400641165,2347576249,false,false,838.0666666665618,856.0666666665618,9,7,6,179,27,8,3,10,53,47,6,10,6,0,0.11320754716981132,0.8867924528301887,25,3.125,167.7333333333248,0.20014318669956144,1,0,1,8,3,39,8,3,45,0,0,0,0,0,5,11,2,0
base,20260712,1,0.12,0.45,0.2,0.18,3,30,9,522,1502197878,1695234532,true,false,783.0666666666118,801.0666666666118,9,7,6,180,22,7,3,20,54,52,2,20,2,0,0.037037037037037035,0.9629629629629629,20,2.5,167.7333333333248,0.21420057892048766,1,1,0,6,3,44,7,3,49,7,3,50,108.46666666656802,0.13851523923026002,7,8,4,0
base,20260712,1,0.12,0.45,0.2,0.18,3,30,9,523,2335789046,188217178,false,false,789.9333333332722,807.9333333332722,9,7,6,179,22,7,3,2,40,34,6,2,6,0,0.15,0.85,17,2.125,167.7333333333248,0.21233859397418064,1,0,1,5,3,25,7,3,34,0,0,0,0,0,6,8,2,0
base,20260712,1,0.12,0.45,0.2,0.18,3,30,9,524,2316352560,3728295774,false,false,847.5333333332198,865.5333333332198,9,7,6,179,20,6,3,5,37,34,3,5,3,0,0.08108108108108109,0.918918918918919,15,1.875,167.7333333333248,0.19790765358296303,1,0,1,4,3,22,6,3,33,0,0,0,0,0,5,10,2,0
base,20260712,1,0.12,0.45,0.2,0.18,3,30,9,525,282035208,1955222183,false,false,833.3666666665661,851.3666666665661,9,7,6,179,19,5,2,5,42,34,8,5,8,0,0.19047619047619047,0.8095238095238095,17,2.125,167.7333333333248,0.20127194912204918,1,0,1,4,2,30,5,2,34,0,0,0,0,0,5,8,2,0
base,20260712,1,0.12,0.45,0.2,0.18,3,30,9,526,3327143829,986907289,false,false,770.33333333329,788.33333333329,9,7,6,179,23,6,3,10,48,43,5,10,5,0,0.10416666666666667,0.8958333333333334,23,2.875,167.7333333333248,0.2177412375594992,1,0,1,6,3,40,6,3,43,0,0,0,0,0,6,11,2,0
base,20260712,1,0.12,0.45,0.2,0.18,3,30,9,527,228112896,1178993757,true,false,816.4999999999147,834.4999999999147,9,7,6,180,24,7,3,9,44,41,3,9,3,0,0.06818181818181818,0.9318181818181818,21,2.625,167.7333333333248,0.20542967952644495,1,1,0,6,3,31,6,3,40,7,3,41,127.29999999988422,0.15590936925890694,4,8,3,0
base,20260712,1,0.12,0.45,0.2,0.18,3,30,9,528,2125677920,1679797202,true,false,786.5333333332753,804.5333333332753,9,7,6,180,19,6,3,8,42,37,5,8,5,0,0.11904761904761904,0.8809523809523809,15,1.875,167.7333333333248,0.2132564841498608,1,1,0,4,3,28,5,3,32,5,3,33,109.13333333323408,0.138752330903427,5,10,3,0
base,20260712,1,0.12,0.45,0.2,0.18,3,30,9,529,3206210846,938141296,false,false,801.1666666665953,819.1666666665953,9,7,6,179,25,7,2,5,44,40,4,5,4,0,0.09090909090909091,0.9090909090909091,18,2.25,167.7333333333248,0.2093613480341249,1,0,1,5,2,27,7,2,40,0,0,0,0,0,3,4,2,0
base,20260712,1,0.12,0.45,0.2,0.18,3,30,9,530,3547323531,1419569045,true,false,807.4666666665896,825.4666666665896,9,7,6,180,21,6,3,4,40,34,6,4,6,0,0.15,0.85,20,2.5,167.7333333333248,0.2077278731836288,1,1,0,6,3,32,6,3,34,6,3,34,119.49999999989132,0.14799372523105522,6,6,3,0
base,20260712,1,0.12,0.45,0.2,0.18,3,30,9,531,703828648,3343491352,false,false,779.3666666666152,797.3666666666152,9,7,6,179,24,7,3,20,55,54,1,20,1,0,0.01818181818181818,0.9818181818181818,24,3,167.7333333333248,0.21521748428211265,1,0,1,7,3,45,7,3,53,0,0,0,0,0,5,8,2,0
base,20260712,1,0.12,0.45,0.2,0.18,3,30,9,532,566471380,3547923115,false,false,766.5999999999601,784.5999999999601,9,7,6,179,22,7,3,7,44,39,5,7,5,0,0.11363636363636363,0.8863636363636364,20,2.5,167.7333333333248,0.2188016349247763,1,0,1,6,3,34,7,3,39,0,0,0,0,0,5,11,2,0
base,20260712,1,0.12,0.45,0.2,0.18,3,30,9,533,634751121,3527725209,false,false,845.2666666665552,863.2666666665552,9,7,6,179,19,5,2,8,45,37,8,8,8,0,0.17777777777777778,0.8222222222222222,17,2.125,167.7333333333248,0.1984383626469125,1,0,1,5,2,28,5,2,35,0,0,0,0,0,6,8,3,0
base,20260712,1,0.12,0.45,0.2,0.18,3,30,9,534,4026235222,3936742674,false,false,786.7666666666084,804.7666666666084,9,7,6,179,19,5,3,4,36,31,5,4,5,0,0.1388888888888889,0.8611111111111112,12,1.5,167.7333333333248,0.213193238147698,1,0,1,3,2,23,5,3,30,0,0,0,0,0,4,10,2,0
base,20260712,1,0.12,0.45,0.2,0.18,3,30,9,535,1017628841,785704348,false,false,822.2666666665762,840.2666666665762,9,7,6,179,20,5,3,11,44,41,3,11,3,0,0.06818181818181818,0.9318181818181818,19,2.375,167.7333333333248,0.20398897356900833,1,0,1,5,3,36,5,3,41,0,0,0,0,0,6,11,2,0
base,20260712,1,0.12,0.45,0.2,0.18,3,30,9,536,3167231055,3055211115,false,false,771.6666666666222,789.6666666666222,9,7,6,179,24,7,3,7,48,41,7,7,7,0,0.14583333333333334,0.8541666666666666,20,2.5,167.7333333333248,0.21736501079913753,1,0,1,6,3,32,7,3,41,0,0,0,0,0,3,3,2,0
base,20260712,1,0.12,0.45,0.2,0.18,3,30,9,537,1159455025,3287158852,false,false,827.2666666665716,845.2666666665716,9,7,6,179,27,8,3,20,65,57,8,20,8,0,0.12307692307692308,0.8769230769230769,22,2.75,167.7333333333248,0.20275606414700306,1,0,1,7,3,40,8,3,56,0,0,0,0,0,6,14,2,0
base,20260712,1,0.12,0.45,0.2,0.18,3,30,9,538,1870991995,4278501147,false,false,808.8999999999216,826.8999999999216,9,7,6,179,24,7,3,5,47,39,8,5,8,0,0.1702127659574468,0.8297872340425532,19,2.375,167.7333333333248,0.2073597890138967,1,0,1,5,3,31,7,3,39,0,0,0,0,0,2,5,2,0
base,20260712,1,0.12,0.45,0.2,0.18,3,30,9,539,3850894790,902428891,false,false,776.6333333332843,794.6333333332843,9,7,6,179,19,5,3,10,48,39,9,10,9,0,0.1875,0.8125,14,1.75,167.7333333333248,0.2159749345465497,1,0,1,3,3,31,5,3,39,0,0,0,0,0,6,11,3,0
base,20260712,1,0.12,0.45,0.2,0.18,3,30,9,540,1379305180,1180878442,false,false,782.4666666666124,800.4666666666124,9,7,6,179,23,6,2,13,51,45,6,13,6,0,0.11764705882352941,0.8823529411764706,18,2.25,167.7333333333248,0.2143648291727057,1,0,1,5,2,32,6,2,45,0,0,0,0,0,5,5,3,0
base,20260712,1,0.12,0.45,0.2,0.18,3,30,9,541,700156121,329548724,true,false,804.2999999999258,822.2999999999258,9,7,6,180,17,5,2,8,37,35,2,8,2,0,0.05405405405405406,0.9459459459459459,15,1.875,167.7333333333248,0.20854573334991952,1,1,0,4,2,30,5,2,34,5,2,34,122.06666666655565,0.15176758257685802,5,11,2,0
base,20260712,1,0.12,0.45,0.2,0.18,3,30,9,542,2397079031,3859130077,false,false,792.9666666666028,810.9666666666028,9,7,6,179,17,4,2,2,34,29,5,2,5,0,0.14705882352941177,0.8529411764705882,15,1.875,167.7333333333248,0.21152633570138085,1,0,1,4,2,25,4,2,29,0,0,0,0,0,5,9,2,0
base,20260712,1,0.12,0.45,0.2,0.18,3,30,9,543,1637453489,2846557002,false,false,831.6999999999009,849.6999999999009,9,7,6,179,23,7,3,10,55,43,12,10,12,0,0.21818181818181817,0.7818181818181819,22,2.75,167.7333333333248,0.20167528355578307,1,0,1,7,3,36,7,3,43,0,0,0,0,0,5,10,3,0
base,20260712,1,0.12,0.45,0.2,0.18,3,30,9,544,3817140830,2414176375,false,false,825.33333333324,843.33333333324,9,7,6,179,17,5,3,0,30,27,3,0,3,0,0.1,0.9,13,1.625,167.7333333333248,0.20323101777061037,1,0,1,4,3,20,5,3,27,0,0,0,0,0,3,5,2,0
base,20260712,1,0.12,0.45,0.2,0.18,3,30,9,545,2905492173,3049886356,false,false,823.6999999999082,841.6999999999082,9,7,6,179,20,6,3,5,38,33,5,5,5,0,0.13157894736842105,0.868421052631579,10,1.25,167.7333333333248,0.2036340091457369,1,0,1,2,2,21,5,3,31,0,0,0,0,0,5,11,2,0
base,20260712,1,0.12,0.45,0.2,0.18,3,30,9,546,562771565,1475950069,true,false,798.4666666665978,816.4666666665978,9,7,6,180,21,6,3,11,45,42,3,11,3,0,0.06666666666666667,0.9333333333333333,18,2.25,167.7333333333248,0.2100692994906979,1,1,0,5,3,33,6,3,41,6,3,41,124.36666666655356,0.1557568673289191,6,8,2,0
base,20260712,1,0.12,0.45,0.2,0.18,3,30,9,547,1082587326,1965166078,false,false,812.133333333252,830.133333333252,9,7,6,179,27,8,3,22,64,59,5,22,5,0,0.078125,0.921875,23,2.875,167.7333333333248,0.20653423083238578,1,0,1,7,3,41,8,3,58,0,0,0,0,0,5,7,2,0
base,20260712,1,0.12,0.45,0.2,0.18,3,30,9,548,1213113587,833800365,false,false,807.1333333332566,825.1333333332566,9,7,6,179,25,8,2,16,52,49,3,16,3,0,0.057692307692307696,0.9423076923076923,20,2.5,167.7333333333248,0.20781366151813918,1,0,1,6,2,40,7,2,48,0,0,0,0,0,5,7,2,0
base,20260712,1,0.12,0.45,0.2,0.18,3,30,9,549,2996222210,169346544,false,false,786.0999999999424,804.0999999999424,9,7,6,179,23,7,3,14,50,46,4,14,4,0,0.08,0.92,20,2.5,167.7333333333248,0.21337404062248708,1,0,1,6,3,36,6,3,42,0,0,0,0,0,6,8,2,0
base,20260712,1,0.12,0.45,0.2,0.18,3,30,9,550,2561028036,3907411071,true,false,801.2999999999286,819.2999999999286,9,7,6,180,17,5,3,0,29,27,2,0,2,0,0.06896551724137931,0.9310344827586207,15,1.875,167.7333333333248,0.20932651108615968,1,1,0,5,3,23,5,3,26,5,3,26,121.5666666665561,0.15171180165551845,6,10,2,0
base,20260712,1,0.12,0.45,0.2,0.18,3,30,9,551,2650450282,148368876,true,false,809.4999999999211,827.4999999999211,9,7,6,180,20,6,3,3,36,32,4,3,4,0,0.1111111111111111,0.8888888888888888,16,2,167.7333333333248,0.20720609429690073,1,1,0,5,3,24,5,3,31,5,3,31,154.39999999985957,0.190735021618128,3,5,3,0
base,20260712,1,0.12,0.45,0.2,0.18,3,30,9,552,3438229822,1560890989,false,false,750.7333333333079,768.7333333333079,9,7,6,179,22,7,3,5,41,37,4,5,4,0,0.0975609756097561,0.9024390243902439,17,2.125,167.7333333333248,0.223425983482813,1,0,1,5,3,28,7,3,37,0,0,0,0,0,3,7,2,0
base,20260712,1,0.12,0.45,0.2,0.18,3,30,9,553,92529841,2337764128,false,false,818.6666666665794,836.6666666665794,9,7,6,179,21,6,3,10,43,41,2,10,2,0,0.046511627906976744,0.9534883720930233,17,2.125,167.7333333333248,0.2048859934853534,1,0,1,5,3,31,6,3,38,0,0,0,0,0,5,4,2,0
base,20260712,1,0.12,0.45,0.2,0.18,3,30,9,554,3036485823,2674274785,true,false,758.5333333333008,776.5333333333008,9,7,6,180,20,6,2,7,41,37,4,7,4,0,0.0975609756097561,0.9024390243902439,17,2.125,167.7333333333248,0.2211284935841079,1,1,0,5,2,29,6,2,36,6,2,36,89.73333333325172,0.11829847073289099,5,8,2,0
base,20260712,1,0.12,0.45,0.2,0.18,3,30,9,555,3436767000,3303964407,false,false,844.3999999998894,862.3999999998894,9,7,6,179,26,8,3,13,57,49,8,13,8,0,0.14035087719298245,0.8596491228070176,25,3.125,167.7333333333248,0.19864203379126807,1,0,1,8,3,44,8,3,49,0,0,0,0,0,6,13,2,0
base,20260712,1,0.12,0.45,0.2,0.18,3,30,9,556,4289320829,2995074913,false,false,807.5666666665895,825.5666666665895,9,7,6,179,21,6,2,5,38,36,2,5,2,0,0.05263157894736842,0.9473684210526315,18,2.25,167.7333333333248,0.2077021504932606,1,0,1,5,2,28,6,2,34,0,0,0,0,0,6,5,2,0
base,20260712,1,0.12,0.45,0.2,0.18,3,30,9,557,3534287324,3973656631,false,false,821.9999999999097,839.9999999999097,9,7,6,179,23,7,3,10,47,41,6,10,6,0,0.1276595744680851,0.8723404255319149,19,2.375,167.7333333333248,0.20405515004056352,1,0,1,6,3,31,7,3,41,0,0,0,0,0,6,11,3,0
base,20260712,1,0.12,0.45,0.2,0.18,3,30,9,558,2516179924,1839117814,true,false,818.8999999999126,836.8999999999126,9,7,6,180,18,6,3,0,31,26,5,0,5,0,0.16129032258064516,0.8387096774193549,14,1.75,167.7333333333248,0.20482761427932922,1,1,0,4,3,21,5,3,24,5,3,25,139.0999999998735,0.16986201001329632,5,10,2,0
base,20260712,1,0.12,0.45,0.2,0.18,3,30,9,559,2300322508,1906770235,false,false,787.6666666666076,805.6666666666076,9,7,6,179,20,6,3,3,36,31,5,3,5,0,0.1388888888888889,0.8611111111111112,17,2.125,167.7333333333248,0.2129496402877749,1,0,1,5,3,26,6,3,31,0,0,0,0,0,2,5,2,0
base,20260712,1,0.12,0.45,0.2,0.18,3,30,9,560,3068823305,3929760728,false,false,772.0666666666218,790.0666666666218,9,7,6,179,22,6,3,16,50,48,2,16,2,0,0.04,0.96,22,2.75,167.7333333333248,0.21725239616613576,1,0,1,6,3,42,6,3,47,0,0,0,0,0,6,10,1,0
base,20260712,1,0.12,0.45,0.2,0.18,3,30,9,561,2623704781,4293232535,true,false,769.7999999999572,787.7999999999572,9,7,6,180,21,6,3,9,46,40,6,9,6,0,0.13043478260869565,0.8695652173913043,18,2.25,167.7333333333248,0.2178920931843779,1,1,0,5,3,30,6,3,37,6,3,39,81.26666666659276,0.10556854594257895,5,14,2,0
base,20260712,1,0.12,0.45,0.2,0.18,3,30,9,562,2554663758,2463225028,false,false,817.9666666665801,835.9666666665801,9,7,6,179,33,10,3,27,80,70,10,27,10,0,0.125,0.875,30,3.75,167.7333333333248,0.20506133094259246,1,0,1,9,3,46,10,3,65,0,0,0,0,0,4,7,3,0
base,20260712,1,0.12,0.45,0.2,0.18,3,30,9,563,1674070051,2425407208,true,false,819.933333333245,837.933333333245,9,7,6,180,16,4,2,5,37,31,6,5,6,0,0.16216216216216217,0.8378378378378378,14,1.75,167.7333333333248,0.2045694771932794,1,1,0,4,2,24,4,2,30,4,2,30,141.3666666665381,0.17241239125118302,5,6,2,0
base,20260712,1,0.12,0.45,0.2,0.18,3,30,9,564,1249811499,4172615676,true,false,813.333333333251,831.333333333251,9,7,6,180,23,7,3,9,47,42,5,9,5,0,0.10638297872340426,0.8936170212765957,23,2.875,167.7333333333248,0.2062295081967317,1,1,0,7,3,34,7,3,38,7,3,38,132.99999999987904,0.16352459016380227,5,11,3,0
base,20260712,1,0.12,0.45,0.2,0.18,3,30,9,565,298720936,4068788451,false,false,766.8999999999598,784.8999999999598,9,7,6,179,23,7,2,20,57,53,4,20,4,0,0.07017543859649122,0.9298245614035088,22,2.75,167.7333333333248,0.21871604294345232,1,0,1,7,2,41,7,2,52,0,0,0,0,0,3,4,2,0
base,20260712,1,0.12,0.45,0.2,0.18,3,30,9,566,2443711718,4153526723,true,false,798.8666666665974,816.8666666665974,9,7,6,180,20,6,3,2,34,31,3,2,3,0,0.08823529411764706,0.9117647058823529,14,1.75,167.7333333333248,0.20996411583076774,1,1,0,4,3,25,5,3,30,5,3,30,120.4333333332238,0.15075523658503825,5,8,2,0
base,20260712,1,0.12,0.45,0.2,0.18,3,30,9,567,2521450895,3736914829,false,false,796.4666666665996,814.4666666665996,9,7,6,179,18,5,3,3,33,29,4,3,4,0,0.12121212121212122,0.8787878787878788,14,1.75,167.7333333333248,0.21059680254457885,1,0,1,4,3,23,5,3,29,0,0,0,0,0,2,7,1,0
base,20260712,1,0.12,0.45,0.2,0.18,3,30,9,568,3071100883,3007702354,false,false,838.5666666665613,856.5666666665613,9,7,6,179,16,4,2,3,30,29,1,3,1,0,0.03333333333333333,0.9666666666666667,16,2,167.7333333333248,0.2000238502206295,1,0,1,4,2,26,4,2,29,0,0,0,0,0,5,10,2,0
base,20260712,1,0.12,0.45,0.2,0.18,3,30,9,569,2882046079,3556844332,true,false,754.5666666666377,772.5666666666377,9,7,6,180,14,4,3,0,28,23,5,0,5,0,0.17857142857142858,0.8214285714285714,12,1.5,167.7333333333248,0.2222909396121366,1,1,0,3,3,20,4,3,22,4,3,22,80.09999999992715,0.10615364226699238,5,13,3,0
base,20260712,1,0.12,0.45,0.2,0.18,3,30,9,570,602881441,1880088739,false,false,828.1666666665708,846.1666666665708,9,7,6,179,22,6,3,4,39,35,4,4,4,0,0.10256410256410256,0.8974358974358975,19,2.375,167.7333333333248,0.20253572147314655,1,0,1,6,3,27,6,3,35,0,0,0,0,0,5,11,2,0
base,20260712,1,0.12,0.45,0.2,0.18,3,30,9,571,1253954440,2021180756,true,false,760.6666666666322,778.6666666666322,9,7,6,180,18,6,3,2,35,30,5,2,5,0,0.14285714285714285,0.8571428571428571,14,1.75,167.7333333333248,0.2205083260297972,1,1,0,4,3,23,6,3,29,6,3,29,87.79999999992015,0.11542506573171445,6,11,2,0
base,20260712,1,0.12,0.45,0.2,0.18,3,30,9,572,3048646696,3990062710,true,false,817.1333333332475,835.1333333332475,9,7,6,180,16,5,3,0,30,25,5,0,5,0,0.16666666666666666,0.8333333333333334,12,1.5,167.7333333333248,0.20527045769765329,1,1,0,3,2,19,4,3,24,4,3,24,155.16666666652554,0.1898914905766605,2,5,2,0
base,20260712,1,0.12,0.45,0.2,0.18,3,30,9,573,2565188167,781815519,false,false,751.5333333333072,769.5333333333072,9,7,6,179,21,6,3,5,40,36,4,5,4,0,0.1,0.9,19,2.375,167.7333333333248,0.2231881486738188,1,0,1,5,3,29,6,3,36,0,0,0,0,0,2,5,2,0
base,20260712,1,0.12,0.45,0.2,0.18,3,30,9,574,2436881048,1000172011,false,false,829.2666666665698,847.2666666665698,9,7,6,179,17,5,3,1,34,28,6,1,6,0,0.17647058823529413,0.8235294117647058,15,1.875,167.7333333333248,0.20226706326876484,1,0,1,5,3,23,5,3,28,0,0,0,0,0,5,11,2,0
base,20260712,1,0.12,0.45,0.2,0.18,3,30,9,575,902426903,17222225,false,false,793.4999999999357,811.4999999999357,9,7,6,179,22,6,3,8,46,40,6,8,6,0,0.13043478260869565,0.8695652173913043,18,2.25,167.7333333333248,0.21138416299097465,1,0,1,5,3,33,6,3,40,0,0,0,0,0,5,11,2,0
base,20260712,1,0.12,0.45,0.2,0.18,3,30,9,576,1410216049,1708903034,false,false,816.1333333332484,834.1333333332484,9,7,6,179,21,6,3,13,47,44,3,13,3,0,0.06382978723404255,0.9361702127659575,18,2.25,167.7333333333248,0.20552197353374724,1,0,1,5,3,32,6,3,44,0,0,0,0,0,3,5,2,0
base,20260712,1,0.12,0.45,0.2,0.18,3,30,9,577,980262369,3429976526,false,false,837.099999999896,855.099999999896,9,7,6,179,23,6,3,12,52,45,7,12,7,0,0.1346153846153846,0.8653846153846154,22,2.75,167.7333333333248,0.20037430812727947,1,0,1,6,3,41,6,3,44,0,0,0,0,0,6,10,3,0
base,20260712,1,0.12,0.45,0.2,0.18,3,30,9,578,951829332,213597384,false,false,799.3333333332637,817.3333333332637,9,7,6,179,22,7,3,2,47,34,13,2,13,0,0.2765957446808511,0.723404255319149,20,2.5,167.7333333333248,0.2098415346121844,1,0,1,6,3,30,7,3,33,0,0,0,0,0,6,10,3,0
base,20260712,1,0.12,0.45,0.2,0.18,3,30,9,579,2539998749,4154378546,false,false,812.0999999999187,830.0999999999187,9,7,6,179,30,10,3,14,58,54,4,14,4,0,0.06896551724137931,0.9310344827586207,28,3.5,167.7333333333248,0.2065427082050752,1,0,1,9,3,46,10,3,51,0,0,0,0,0,6,11,2,0
base,20260712,1,0.12,0.45,0.2,0.18,3,30,9,580,1958504259,1570399124,true,false,807.06666666659,825.06666666659,9,7,6,180,22,6,3,6,45,38,7,6,7,0,0.15555555555555556,0.8444444444444444,21,2.625,167.7333333333248,0.20783082768875855,1,1,0,6,3,34,6,3,37,6,3,37,129.89999999988186,0.1609532463240057,6,11,3,0
base,20260712,1,0.12,0.45,0.2,0.18,3,30,9,581,955642967,852580201,false,false,823.1666666665753,841.1666666665753,9,7,6,179,27,8,3,9,54,46,8,9,8,0,0.14814814814814814,0.8518518518518519,25,3.125,167.7333333333248,0.20376594452319507,1,0,1,7,3,39,8,3,46,0,0,0,0,0,4,5,3,0
base,20260712,1,0.12,0.45,0.2,0.18,3,30,9,582,1793296146,4287858662,false,false,772.2666666666216,790.2666666666216,9,7,6,179,20,6,3,8,43,36,7,8,7,0,0.16279069767441862,0.8372093023255814,14,1.75,167.7333333333248,0.2171961325966867,1,0,1,4,3,27,5,3,35,0,0,0,0,0,5,6,2,0
base,20260712,1,0.12,0.45,0.2,0.18,3,30,9,583,1915008933,3894348219,false,false,836.4333333332299,854.4333333332299,9,7,6,179,17,5,2,1,31,27,4,1,4,0,0.12903225806451613,0.8709677419354839,14,1.75,167.7333333333248,0.20053401346990657,1,0,1,4,2,23,5,2,27,0,0,0,0,0,7,10,2,0
base,20260712,1,0.12,0.45,0.2,0.18,3,30,9,584,3851833261,1746006370,true,false,779.233333333282,797.233333333282,9,7,6,180,24,8,3,8,47,41,6,8,6,0,0.1276595744680851,0.8723404255319149,17,2.125,167.7333333333248,0.2152543097916788,1,1,0,5,3,30,7,3,39,7,3,40,104.46666666657165,0.1340633956451793,5,11,2,0
base,20260712,1,0.12,0.45,0.2,0.18,3,30,9,585,4130025620,1765980203,false,false,855.1333333332129,873.1333333332129,9,7,6,179,27,8,3,13,58,50,8,13,8,0,0.13793103448275862,0.8620689655172413,22,2.75,167.7333333333248,0.19614874873315866,1,0,1,6,3,43,8,3,48,0,0,0,0,0,6,9,3,0
base,20260712,1,0.12,0.45,0.2,0.18,3,30,9,586,2182868584,588340297,false,false,772.5666666666214,790.5666666666214,9,7,6,179,18,5,3,11,43,39,4,11,4,0,0.09302325581395349,0.9069767441860465,16,2,167.7333333333248,0.2171117918626241,1,0,1,4,3,30,5,3,39,0,0,0,0,0,5,5,2,0
base,20260712,1,0.12,0.45,0.2,0.18,3,30,9,587,359842965,512560213,false,false,847.666666666553,865.666666666553,9,7,6,179,25,7,3,9,48,44,4,9,4,0,0.08333333333333333,0.9166666666666666,18,2.25,167.7333333333248,0.19787652379081472,1,0,1,5,3,31,7,3,42,0,0,0,0,0,6,8,2,0
base,20260712,1,0.12,0.45,0.2,0.18,3,30,9,588,4134324499,3953558440,false,false,776.3999999999512,794.3999999999512,9,7,6,179,20,6,3,4,39,34,5,4,5,0,0.1282051282051282,0.8717948717948718,17,2.125,167.7333333333248,0.2160398420058415,1,0,1,5,3,29,6,3,33,0,0,0,0,0,6,8,2,0
base,20260712,1,0.12,0.45,0.2,0.18,3,30,9,589,3702383656,3029328073,false,false,778.6999999999491,796.6999999999491,9,7,6,179,16,5,3,0,29,25,4,0,4,0,0.13793103448275862,0.8620689655172413,14,1.75,167.7333333333248,0.21540173793930364,1,0,1,4,3,22,5,3,25,0,0,0,0,0,2,5,1,0
base,20260712,1,0.12,0.45,0.2,0.18,3,30,9,590,1769199622,122681989,false,false,766.2999999999604,784.2999999999604,9,7,6,179,30,9,3,11,60,50,10,11,10,0,0.16666666666666666,0.8333333333333334,27,3.375,167.7333333333248,0.21888729392318082,1,0,1,8,3,45,9,3,50,0,0,0,0,0,3,4,2,0
base,20260712,1,0.12,0.45,0.2,0.18,3,30,9,591,3677275657,1058803143,false,false,803.9999999999261,821.9999999999261,9,7,6,179,25,7,3,17,59,52,7,17,7,0,0.11864406779661017,0.8813559322033898,23,2.875,167.7333333333248,0.20862354892206494,1,0,1,7,3,43,7,3,51,0,0,0,0,0,3,5,2,0
base,20260712,1,0.12,0.45,0.2,0.18,3,30,9,592,33515943,295979859,false,false,812.2666666665853,830.2666666665853,9,7,6,179,19,6,3,2,36,31,5,2,5,0,0.1388888888888889,0.8611111111111112,17,2.125,167.7333333333248,0.20650032829941925,1,0,1,5,3,28,6,3,31,0,0,0,0,0,3,5,2,0
base,20260712,1,0.12,0.45,0.2,0.18,3,30,9,593,1759706338,3564177497,false,false,825.766666666573,843.766666666573,9,7,6,179,20,6,3,4,34,33,1,4,1,0,0.029411764705882353,0.9705882352941176,14,1.75,167.7333333333248,0.20312436927301153,1,0,1,4,3,21,6,3,33,0,0,0,0,0,3,4,1,0
base,20260712,1,0.12,0.45,0.2,0.18,3,30,9,594,3129495544,3238374332,true,false,792.33333333327,810.33333333327,9,7,6,180,18,5,3,5,36,33,3,5,3,0,0.08333333333333333,0.9166666666666666,13,1.625,167.7333333333248,0.21169541438789002,1,1,0,3,3,21,4,3,29,4,3,29,109.83333333323344,0.1386201093814584,5,14,3,0
base,20260712,1,0.12,0.45,0.2,0.18,3,30,9,595,3324311752,3313730139,false,false,809.4666666665878,827.4666666665878,9,7,6,179,19,6,3,1,33,28,5,1,5,0,0.15151515151515152,0.8484848484848485,16,2,167.7333333333248,0.20721462691485068,1,0,1,5,2,24,6,3,28,0,0,0,0,0,3,5,2,0
base,20260712,1,0.12,0.45,0.2,0.18,3,30,9,596,2236083244,4128674540,false,false,814.2333333332501,832.2333333332501,9,7,6,179,24,7,2,17,56,51,5,17,5,0,0.08928571428571429,0.9107142857142857,23,2.875,167.7333333333248,0.20600155565563752,1,0,1,7,2,44,7,2,51,0,0,0,0,0,4,4,3,0
base,20260712,1,0.12,0.45,0.2,0.18,3,30,9,597,3109602195,165528108,false,false,829.8666666665692,847.8666666665692,9,7,6,179,26,8,3,23,62,58,4,23,4,0,0.06451612903225806,0.9354838709677419,21,2.625,167.7333333333248,0.20212082262212142,1,0,1,6,2,51,8,3,57,0,0,0,0,0,6,8,2,0
base,20260712,1,0.12,0.45,0.2,0.18,3,30,9,598,2715542660,3335012170,false,false,817.1999999999141,835.1999999999141,9,7,6,179,25,8,3,6,43,40,3,6,3,0,0.06976744186046512,0.9302325581395349,19,2.375,167.7333333333248,0.2052537118616525,1,0,1,6,3,29,8,3,40,0,0,0,0,0,3,4,2,0
base,20260712,1,0.12,0.45,0.2,0.18,3,30,9,599,705396110,1152482566,false,false,789.4999999999393,807.4999999999393,9,7,6,179,29,8,3,25,68,64,4,25,4,0,0.058823529411764705,0.9411764705882353,25,3.125,167.7333333333248,0.21245514038421492,1,0,1,7,3,53,8,3,64,0,0,0,0,0,4,7,2,0
base,20260712,1,0.12,0.45,0.2,0.18,3,30,9,600,3728627900,3442695018,false,false,858.6999999998764,876.6999999998764,9,7,6,179,21,6,2,11,49,42,7,11,7,0,0.14285714285714285,0.8571428571428571,17,2.125,167.7333333333248,0.19533403206399086,1,0,1,5,2,32,6,2,40,0,0,0,0,0,6,8,3,0
base,20260712,1,0.12,0.45,0.2,0.18,3,30,9,601,1159386001,3622663136,false,false,828.1333333332375,846.1333333332375,9,7,6,179,28,9,3,12,55,48,7,12,7,0,0.12727272727272726,0.8727272727272727,25,3.125,167.7333333333248,0.20254387377235253,1,0,1,8,3,36,9,3,48,0,0,0,0,0,6,6,3,0
base,20260712,1,0.12,0.45,0.2,0.18,3,30,9,602,2255472058,1192648980,true,false,806.0666666665909,824.0666666665909,9,7,6,180,22,7,3,5,47,37,10,5,10,0,0.2127659574468085,0.7872340425531915,19,2.375,167.7333333333248,0.20808866098752035,1,1,0,6,3,31,6,3,35,6,3,35,122.29999999988877,0.15172442312451442,6,11,2,0
base,20260712,1,0.12,0.45,0.2,0.18,3,30,9,603,4142195370,3563520087,true,false,824.999999999907,842.999999999907,9,7,6,180,19,6,3,4,39,33,6,4,6,0,0.15384615384615385,0.8461538461538461,18,2.25,167.7333333333248,0.20331313131314388,1,1,0,6,3,29,6,3,32,6,3,32,138.1999999998743,0.16751515151501806,6,14,2,0
base,20260712,1,0.12,0.45,0.2,0.18,3,30,9,604,1525498570,2674859190,false,false,862.2666666665398,880.2666666665398,9,7,6,179,29,8,3,16,58,55,3,16,3,0,0.05172413793103448,0.9482758620689655,25,3.125,167.7333333333248,0.19452605535798997,1,0,1,7,3,45,8,3,53,0,0,0,0,0,6,11,2,0
base,20260712,1,0.12,0.45,0.2,0.18,3,30,9,605,2619493085,4291816589,true,false,803.3666666665933,821.3666666665933,9,7,6,180,20,5,2,4,36,34,2,4,2,0,0.05555555555555555,0.9444444444444444,17,2.125,167.7333333333248,0.2087880170947348,1,1,0,4,2,27,5,2,33,5,2,33,119.3666666665581,0.14858304634650304,5,6,2,0
base,20260712,1,0.12,0.45,0.2,0.18,3,30,9,606,2867666935,1818640606,false,false,836.5666666665632,854.5666666665632,9,7,6,179,20,6,3,7,44,37,7,7,7,0,0.1590909090909091,0.8409090909090909,19,2.375,167.7333333333248,0.2005020520381068,1,0,1,6,3,30,6,3,36,0,0,0,0,0,5,11,2,0
base,20260712,1,0.12,0.45,0.2,0.18,3,30,9,607,983512767,4289165776,false,false,802.3999999999276,820.3999999999276,9,7,6,179,20,5,3,14,54,44,10,14,10,0,0.18518518518518517,0.8148148148148148,20,2.5,167.7333333333248,0.2090395480226071,1,0,1,5,3,39,5,3,44,0,0,0,0,0,3,5,2,0
base,20260712,1,0.12,0.45,0.2,0.18,3,30,9,608,155975007,1989030154,false,false,791.5666666666041,809.5666666666041,9,7,6,179,12,3,2,0,21,18,3,0,3,0,0.14285714285714285,0.8571428571428571,10,1.25,167.7333333333248,0.21190045058323753,1,0,1,3,2,15,3,2,18,0,0,0,0,0,5,11,1,0
base,20260712,1,0.12,0.45,0.2,0.18,3,30,9,609,1367066905,2310231673,true,false,836.0999999998969,854.0999999998969,9,7,6,180,19,5,1,8,40,37,3,8,3,0,0.075,0.925,15,1.875,167.7333333333248,0.20061396164734538,1,1,0,4,1,25,5,1,37,5,1,37,143.99999999986903,0.17222820236800238,5,11,3,0
base,20260712,1,0.12,0.45,0.2,0.18,3,30,9,610,2176149027,1782127648,true,false,801.7333333332615,819.7333333332615,9,7,6,180,23,7,3,11,48,44,4,11,4,0,0.08333333333333333,0.9166666666666666,20,2.5,167.7333333333248,0.20921337102944432,1,1,0,6,3,34,7,3,41,7,3,44,119.09999999989168,0.14855313487431693,5,6,2,0
base,20260712,1,0.12,0.45,0.2,0.18,3,30,9,611,2932886886,577831135,true,false,822.6999999999091,840.6999999999091,9,7,6,180,22,7,2,4,42,36,6,4,6,0,0.14285714285714285,0.8571428571428571,20,2.5,167.7333333333248,0.20388152830113446,1,1,0,6,2,31,7,2,35,7,2,35,140.73333333320534,0.17106276082803074,5,10,2,0
base,20260712,1,0.12,0.45,0.2,0.18,3,30,9,612,2697162240,604094824,false,false,835.1666666665644,853.1666666665644,9,7,6,179,27,8,3,13,53,50,3,13,3,0,0.05660377358490566,0.9433962264150944,27,3.375,167.7333333333248,0.20083815605668967,1,0,1,8,3,45,8,3,50,0,0,0,0,0,5,12,2,0
base,20260712,1,0.12,0.45,0.2,0.18,3,30,9,613,2885490434,642876856,true,false,755.4999999999702,773.4999999999702,9,7,6,180,24,8,3,5,42,38,4,5,4,0,0.09523809523809523,0.9047619047619048,18,2.25,167.7333333333248,0.222016324729757,1,1,0,5,3,29,7,3,37,7,3,37,80.49999999992679,0.10655195234934475,5,10,2,0
base,20260712,1,0.12,0.45,0.2,0.18,3,30,9,614,367278966,928467374,false,false,766.4666666666269,784.4666666666269,9,7,6,179,20,6,3,5,37,35,2,5,2,0,0.05405405405405406,0.9459459459459459,18,2.25,167.7333333333248,0.21883969731234257,1,0,1,5,3,29,6,3,35,0,0,0,0,0,6,9,3,0
base,20260712,1,0.12,0.45,0.2,0.18,3,30,9,615,857375877,1161009172,false,false,833.3666666665661,851.3666666665661,9,7,6,179,24,7,3,12,50,46,4,12,4,0,0.08,0.92,22,2.75,167.7333333333248,0.20127194912204918,1,0,1,7,3,37,7,3,45,0,0,0,0,0,5,11,3,0
base,20260712,1,0.12,0.45,0.2,0.18,3,30,9,616,3765603316,705851296,false,false,821.4666666665769,839.4666666665769,9,7,6,179,10,3,2,0,24,18,6,0,6,0,0.25,0.75,8,1,167.7333333333248,0.2041876318779538,1,0,1,2,2,13,3,2,18,0,0,0,0,0,5,11,2,0
base,20260712,1,0.12,0.45,0.2,0.18,3,30,9,617,3153277466,2624373143,false,false,802.3666666665943,820.3666666665943,9,7,6,179,23,6,3,18,57,51,6,18,6,0,0.10526315789473684,0.8947368421052632,22,2.75,167.7333333333248,0.2090482323127497,1,0,1,6,3,39,6,3,51,0,0,0,0,0,2,4,2,0
base,20260712,1,0.12,0.45,0.2,0.18,3,30,9,618,4143998664,3481277862,false,false,805.3333333332582,823.3333333332582,9,7,6,179,19,5,3,15,51,44,7,15,7,0,0.13725490196078433,0.8627450980392157,18,2.25,167.7333333333248,0.20827814569537306,1,0,1,5,3,37,5,3,43,0,0,0,0,0,3,5,2,0
base,20260712,1,0.12,0.45,0.2,0.18,3,30,9,619,3591649111,2489232336,false,false,842.1333333332248,860.1333333332248,9,7,6,179,25,7,3,13,50,48,2,13,2,0,0.04,0.96,23,2.875,167.7333333333248,0.19917669411021185,1,0,1,7,3,38,7,3,48,0,0,0,0,0,6,8,2,0
base,20260712,1,0.12,0.45,0.2,0.18,3,30,9,620,3924075153,3972673737,true,false,753.0999999999724,771.0999999999724,9,7,6,180,17,5,2,8,37,34,3,8,3,0,0.08108108108108109,0.918918918918919,13,1.625,167.7333333333248,0.22272385252068908,1,1,0,3,2,27,4,2,32,5,2,33,75.36666666659812,0.10007524454468315,4,11,2,0
base,20260712,1,0.12,0.45,0.2,0.18,3,30,9,621,3818683380,3646047764,true,false,784.4999999999438,802.4999999999438,9,7,6,180,25,7,3,15,50,48,2,15,2,0,0.04,0.96,21,2.625,167.7333333333248,0.21380922031018076,1,1,0,6,3,36,6,3,38,6,3,46,101.16666666657466,0.12895687274261555,5,11,4,0
base,20260712,1,0.12,0.45,0.2,0.18,3,30,9,622,2048295797,3823939897,false,false,838.6999999998945,856.6999999998945,9,7,6,179,20,6,3,2,34,30,4,2,4,0,0.11764705882352941,0.8823529411764706,14,1.75,167.7333333333248,0.1999920511903492,1,0,1,4,3,22,5,3,29,0,0,0,0,0,5,11,2,0
base,20260712,1,0.12,0.45,0.2,0.18,3,30,9,623,3289248566,2356255835,false,false,811.4333333332527,829.4333333332527,9,7,6,179,24,7,3,7,45,39,6,7,6,0,0.13333333333333333,0.8666666666666667,21,2.625,167.7333333333248,0.20671240192253396,1,0,1,6,3,34,7,3,39,0,0,0,0,0,3,5,2,0
base,20260712,1,0.12,0.45,0.2,0.18,3,30,9,624,3756003080,3583300563,true,false,809.6999999999209,827.6999999999209,9,7,6,180,18,5,2,6,41,34,7,6,7,0,0.17073170731707318,0.8292682926829268,14,1.75,167.7333333333248,0.20715491334239988,1,1,0,4,2,24,4,2,30,4,2,30,124.46666666655346,0.15371948458264248,6,8,3,0
base,20260712,1,0.12,0.45,0.2,0.18,3,30,9,625,3617442304,4097987268,false,false,814.4666666665833,832.4666666665833,9,7,6,179,16,5,2,0,28,23,5,0,5,0,0.17857142857142858,0.8214285714285714,14,1.75,167.7333333333248,0.20594253908489232,1,0,1,4,2,21,5,2,23,0,0,0,0,0,3,7,2,0
base,20260712,1,0.12,0.45,0.2,0.18,3,30,9,626,2758374678,4167152314,false,false,759.0999999999669,777.0999999999669,9,7,6,179,24,7,3,6,43,40,3,6,3,0,0.06976744186046512,0.9302325581395349,19,2.375,167.7333333333248,0.22096342159574772,1,0,1,6,3,29,7,3,40,0,0,0,0,0,3,4,2,0
base,20260712,1,0.12,0.45,0.2,0.18,3,30,9,627,2265864314,3666899396,false,false,836.33333333323,854.33333333323,9,7,6,179,19,5,3,6,38,34,4,6,4,0,0.10526315789473684,0.8947368421052632,17,2.125,167.7333333333248,0.2005579912315809,1,0,1,5,3,29,5,3,33,0,0,0,0,0,6,11,2,0
base,20260712,1,0.12,0.45,0.2,0.18,3,30,9,628,1779452552,3379039411,false,false,813.3999999999176,831.3999999999176,9,7,6,179,24,8,3,13,51,47,4,13,4,0,0.0784313725490196,0.9215686274509803,20,2.5,167.7333333333248,0.20621260552414777,1,0,1,6,3,39,8,3,46,0,0,0,0,0,5,8,3,0
base,20260712,1,0.12,0.45,0.2,0.18,3,30,9,629,3023197768,2782875979,true,false,795.3999999999339,813.3999999999339,9,7,6,180,18,5,3,6,41,34,7,6,7,0,0.17073170731707318,0.8292682926829268,17,2.125,167.7333333333248,0.2108792221942906,1,1,0,5,3,26,5,3,33,5,3,33,113.7333333332299,0.14298885256881988,6,10,2,0
base,20260712,1,0.12,0.45,0.2,0.18,3,30,9,630,2073975036,1899195470,false,false,781.0999999999469,799.0999999999469,9,7,6,179,23,7,3,8,47,40,7,8,7,0,0.14893617021276595,0.851063829787234,20,2.5,167.7333333333248,0.21473989672684188,1,0,1,6,3,33,7,3,40,0,0,0,0,0,6,8,2,0
base,20260712,1,0.12,0.45,0.2,0.18,3,30,9,631,3652397785,2927570378,false,false,822.8666666665756,840.8666666665756,9,7,6,179,22,6,2,15,51,46,5,15,5,0,0.09803921568627451,0.9019607843137255,21,2.625,167.7333333333248,0.20384023333064494,1,0,1,6,2,36,6,2,46,0,0,0,0,0,5,5,2,0
base,20260712,1,0.12,0.45,0.2,0.18,3,30,9,632,1375985367,2442283987,false,false,848.766666666552,866.766666666552,9,7,6,179,15,4,3,5,31,30,1,5,1,0,0.03225806451612903,0.967741935483871,12,1.5,167.7333333333248,0.1976200761889967,1,0,1,3,3,21,4,3,29,0,0,0,0,0,4,10,1,0
base,20260712,1,0.12,0.45,0.2,0.18,3,30,9,633,1547203856,236484741,true,false,805.966666666591,823.966666666591,9,7,6,180,21,7,2,5,39,35,4,5,4,0,0.10256410256410256,0.8974358974358975,19,2.375,167.7333333333248,0.20811447950701917,1,1,0,6,2,29,6,2,33,6,2,34,124.19999999988704,0.15410066586694904,6,9,1,0
base,20260712,1,0.12,0.45,0.2,0.18,3,30,9,634,362732310,1213913080,false,false,812.8666666665847,830.8666666665847,9,7,6,179,21,6,3,3,40,34,6,3,6,0,0.15,0.85,18,2.25,167.7333333333248,0.20634790453539945,1,0,1,6,3,25,6,3,33,0,0,0,0,0,5,11,2,0
base,20260712,1,0.12,0.45,0.2,0.18,3,30,9,635,3429313339,3904234583,false,false,825.3666666665733,843.3666666665733,9,7,6,179,19,5,1,7,43,36,7,7,7,0,0.16279069767441862,0.8372093023255814,15,1.875,167.7333333333248,0.20322281006422652,1,0,1,4,1,26,5,1,36,0,0,0,0,0,5,5,2,0
base,20260712,1,0.12,0.45,0.2,0.18,3,30,9,636,1306257152,2672874830,false,false,780.333333333281,798.333333333281,9,7,6,179,26,8,3,13,53,47,6,13,6,0,0.11320754716981132,0.8867924528301887,20,2.5,167.7333333333248,0.21495087569415128,1,0,1,6,3,35,7,3,43,0,0,0,0,0,5,11,2,0
base,20260712,1,0.12,0.45,0.2,0.18,3,30,9,637,1988667680,3122737113,true,false,793.6333333332689,811.6333333332689,9,7,6,180,24,7,3,13,54,47,7,13,7,0,0.12962962962962962,0.8703703703703703,24,3,167.7333333333248,0.21134864967029915,1,1,0,7,3,38,7,3,45,7,3,46,122.19999999988886,0.15397538745839656,5,8,3,0
base,20260712,1,0.12,0.45,0.2,0.18,3,30,9,638,1138004446,3535771489,false,false,819.0666666665791,837.0666666665791,9,7,6,179,21,6,3,5,39,34,5,5,5,0,0.1282051282051282,0.8717948717948718,14,1.75,167.7333333333248,0.20478593521082053,1,0,1,4,3,24,6,3,33,0,0,0,0,0,6,11,2,0
base,20260712,1,0.12,0.45,0.2,0.18,3,30,9,639,841132105,1364585193,false,false,756.6333333333025,774.6333333333025,9,7,6,179,26,8,3,11,51,47,4,11,4,0,0.0784313725490196,0.9215686274509803,20,2.5,167.7333333333248,0.22168377461561958,1,0,1,6,3,33,8,3,47,0,0,0,0,0,3,5,2,0
base,20260712,1,0.12,0.45,0.2,0.18,3,30,9,640,1608804510,580400617,false,false,830.0999999999024,848.0999999999024,9,7,6,179,19,6,3,2,33,29,4,2,4,0,0.12121212121212122,0.8787878787878788,14,1.75,167.7333333333248,0.20206400835242083,1,0,1,4,3,25,6,3,29,0,0,0,0,0,5,13,2,0
base,20260712,1,0.12,0.45,0.2,0.18,3,30,9,641,755959675,1024107300,false,false,804.2333333332592,822.2333333332592,9,7,6,179,19,5,3,2,40,31,9,2,9,0,0.225,0.775,15,1.875,167.7333333333248,0.20856302068223184,1,0,1,4,3,25,5,3,31,0,0,0,0,0,7,7,3,0
base,20260712,1,0.12,0.45,0.2,0.18,3,30,9,642,2553612874,1785521572,false,false,748.5666666666432,766.5666666666432,9,7,6,179,23,6,3,5,46,37,9,5,9,0,0.1956521739130435,0.8043478260869565,18,2.25,167.7333333333248,0.22407267221801228,1,0,1,5,3,30,6,3,36,0,0,0,0,0,5,7,2,0
base,20260712,1,0.12,0.45,0.2,0.18,3,30,9,643,1769472732,4136637795,false,false,848.4999999998856,866.4999999998856,9,7,6,179,28,8,3,15,58,52,6,15,6,0,0.10344827586206896,0.896551724137931,24,3,167.7333333333248,0.19768218424672646,1,0,1,7,3,41,8,3,51,0,0,0,0,0,5,10,3,0
base,20260712,1,0.12,0.45,0.2,0.18,3,30,9,644,942949003,2476174164,false,false,825.9666666665728,843.9666666665728,9,7,6,179,15,4,2,4,33,29,4,4,4,0,0.12121212121212122,0.8787878787878788,13,1.625,167.7333333333248,0.20307518463216093,1,0,1,3,2,23,4,2,28,0,0,0,0,0,5,11,2,0
base,20260712,1,0.12,0.45,0.2,0.18,3,30,9,645,823661900,2375260024,false,false,752.8999999999726,770.8999999999726,9,7,6,179,27,8,3,7,48,43,5,7,5,0,0.10416666666666667,0.8958333333333334,22,2.75,167.7333333333248,0.22278301677956025,1,0,1,7,3,31,8,3,42,0,0,0,0,0,2,5,3,0
base,20260712,1,0.12,0.45,0.2,0.18,3,30,9,646,1297826274,877607524,true,false,760.7333333332988,778.7333333332988,9,7,6,180,23,6,3,6,44,39,5,6,5,0,0.11363636363636363,0.8863636363636364,22,2.75,167.7333333333248,0.2204890018403283,1,1,0,6,3,33,6,3,38,6,3,38,78.99999999992815,0.10384716501612269,6,13,3,0
base,20260712,1,0.12,0.45,0.2,0.18,3,30,9,647,836881381,1391609628,false,false,749.1666666666426,767.1666666666426,9,7,6,179,20,6,3,3,39,33,6,3,6,0,0.15384615384615385,0.8461538461538461,15,1.875,167.7333333333248,0.22389321468297688,1,0,1,4,3,25,6,3,33,0,0,0,0,0,2,5,2,0
base,20260712,1,0.12,0.45,0.2,0.18,3,30,9,648,111562777,1457154861,false,false,819.8999999999116,837.8999999999116,9,7,6,179,22,6,3,3,37,35,2,3,2,0,0.05405405405405406,0.9459459459459459,16,2,167.7333333333248,0.2045777940399352,1,0,1,5,3,25,6,3,35,0,0,0,0,0,5,11,2,0
base,20260712,1,0.12,0.45,0.2,0.18,3,30,9,649,3190195160,636946522,false,false,753.9999999999716,771.9999999999716,9,7,6,179,16,5,3,0,33,23,10,0,10,0,0.30303030303030304,0.696969696969697,14,1.75,167.7333333333248,0.22245800176834366,1,0,1,4,3,22,5,3,23,0,0,0,0,0,2,7,2,0
base,20260712,1,0.12,0.45,0.2,0.18,3,30,9,650,4237863102,2388582766,true,false,817.3666666665806,835.3666666665806,9,7,6,180,19,6,3,1,34,29,5,1,5,0,0.14705882352941177,0.8529411764705882,17,2.125,167.7333333333248,0.20521185922271823,1,1,0,5,3,25,6,3,28,6,3,28,139.93333333320606,0.17120019575044346,6,10,2,0
base,20260712,1,0.12,0.45,0.2,0.18,3,30,9,651,3169184037,4292022769,false,false,798.8333333332641,816.8333333332641,9,7,6,179,27,8,3,7,51,44,7,7,7,0,0.13725490196078433,0.8627450980392157,22,2.75,167.7333333333248,0.20997287711246315,1,0,1,6,3,34,8,3,44,0,0,0,0,0,3,4,3,0
base,20260712,1,0.12,0.45,0.2,0.18,3,30,9,652,241884356,2159791804,false,false,770.9666666666228,788.9666666666228,9,7,6,179,20,6,3,13,44,41,3,13,3,0,0.06818181818181818,0.9318181818181818,18,2.25,167.7333333333248,0.21756236759047212,1,0,1,5,3,35,5,3,40,0,0,0,0,0,4,6,2,0
base,20260712,1,0.12,0.45,0.2,0.18,3,30,9,653,3227218033,1736764771,false,false,848.866666666552,866.866666666552,9,7,6,179,24,7,3,10,45,43,2,10,2,0,0.044444444444444446,0.9555555555555556,21,2.625,167.7333333333248,0.19759679572765348,1,0,1,6,3,37,7,3,42,0,0,0,0,0,5,8,2,0
base,20260712,1,0.12,0.45,0.2,0.18,3,30,9,654,781319029,3423851881,true,false,811.3666666665861,829.3666666665861,9,7,6,180,27,9,3,8,47,45,2,8,2,0,0.0425531914893617,0.9574468085106383,21,2.625,167.7333333333248,0.20672938663161922,1,1,0,7,3,29,8,3,43,8,3,43,136.49999999987585,0.1682346657900942,4,10,3,0
base,20260712,1,0.12,0.45,0.2,0.18,3,30,9,655,181361444,1843279549,false,false,804.4999999999256,822.4999999999256,9,7,6,179,23,7,3,5,41,38,3,5,3,0,0.07317073170731707,0.926829268292683,17,2.125,167.7333333333248,0.20849388854361753,1,0,1,5,3,27,7,3,37,0,0,0,0,0,2,4,2,0
base,20260712,1,0.12,0.45,0.2,0.18,3,30,9,656,64837324,2081120623,false,false,822.0999999999096,840.0999999999096,9,7,6,179,28,8,3,9,58,46,12,9,12,0,0.20689655172413793,0.7931034482758621,26,3.25,167.7333333333248,0.20403032883267636,1,0,1,8,3,43,8,3,45,0,0,0,0,0,5,14,2,0
base,20260712,1,0.12,0.45,0.2,0.18,3,30,9,657,4187752163,3612727112,false,false,843.6666666665567,861.6666666665567,9,7,6,179,30,9,3,10,55,49,6,10,6,0,0.10909090909090909,0.8909090909090909,23,2.875,167.7333333333248,0.19881469774794153,1,0,1,7,3,35,9,3,48,0,0,0,0,0,5,6,2,0
base,20260712,1,0.12,0.45,0.2,0.18,3,30,9,658,3855698334,4294347294,false,false,757.7333333333015,775.7333333333015,9,7,6,179,21,6,3,3,37,32,5,3,5,0,0.13513513513513514,0.8648648648648649,17,2.125,167.7333333333248,0.2213619567130017,1,0,1,5,3,26,6,3,32,0,0,0,0,0,6,6,3,0
base,20260712,1,0.12,0.45,0.2,0.18,3,30,9,659,510286630,1780650605,false,false,779.9333333332813,797.9333333332813,9,7,6,179,22,6,3,15,59,47,12,15,12,0,0.2033898305084746,0.7966101694915254,19,2.375,167.7333333333248,0.21506111633473285,1,0,1,5,3,40,6,3,46,0,0,0,0,0,3,5,3,0
base,20260712,1,0.12,0.45,0.2,0.18,3,30,9,660,2725391036,2447484719,false,false,835.0666666665645,853.0666666665645,9,7,6,179,20,6,3,3,42,33,9,3,9,0,0.21428571428571427,0.7857142857142857,19,2.375,167.7333333333248,0.20086220661026502,1,0,1,6,3,28,6,3,33,0,0,0,0,0,6,11,2,0
base,20260712,1,0.12,0.45,0.2,0.18,3,30,9,661,1635373822,3889945216,false,false,779.3999999999485,797.3999999999485,9,7,6,179,21,6,3,7,48,38,10,7,10,0,0.20833333333333334,0.7916666666666666,20,2.5,167.7333333333248,0.21520827987341015,1,0,1,6,3,34,6,3,38,0,0,0,0,0,3,4,2,0
base,20260712,1,0.12,0.45,0.2,0.18,3,30,9,662,1104958439,3470255740,false,false,797.8666666665983,815.8666666665983,9,7,6,179,25,8,3,8,44,43,1,8,1,0,0.022727272727272728,0.9772727272727273,23,2.875,167.7333333333248,0.21022727272728003,1,0,1,7,3,38,8,3,43,0,0,0,0,0,3,4,1,0
base,20260712,1,0.12,0.45,0.2,0.18,3,30,9,663,3520498753,370143761,false,false,833.9999999998988,851.9999999998988,9,7,6,179,15,4,3,1,32,26,6,1,6,0,0.1875,0.8125,14,1.75,167.7333333333248,0.20111910471624117,1,0,1,4,3,24,4,3,26,0,0,0,0,0,7,10,3,0
base,20260712,1,0.12,0.45,0.2,0.18,3,30,9,664,1276596334,4242158632,true,false,776.3666666666179,794.3666666666179,9,7,6,180,24,7,3,10,47,43,4,10,4,0,0.0851063829787234,0.9148936170212766,20,2.5,167.7333333333248,0.21604911768494525,1,1,0,6,3,29,7,3,37,7,3,39,87.13333333325409,0.11223219269236129,5,11,3,0
base,20260712,1,0.12,0.45,0.2,0.18,3,30,9,665,3979609670,2774045493,true,false,795.1333333332675,813.1333333332675,9,7,6,180,19,5,3,4,36,33,3,4,3,0,0.08333333333333333,0.9166666666666666,13,1.625,167.7333333333248,0.21094994550180937,1,1,0,3,3,23,5,3,28,5,3,32,120.09999999989077,0.15104385008791069,5,6,3,0
base,20260712,1,0.12,0.45,0.2,0.18,3,30,9,666,817132538,1833245798,false,false,826.0333333332394,844.0333333332394,9,7,6,179,20,6,3,12,49,42,7,12,7,0,0.14285714285714285,0.8571428571428571,18,2.25,167.7333333333248,0.20305879504460336,1,0,1,5,3,30,6,3,42,0,0,0,0,0,5,8,2,0
base,20260712,1,0.12,0.45,0.2,0.18,3,30,9,667,3360159985,906592706,true,false,815.6333333332489,833.6333333332489,9,7,6,180,18,5,2,5,35,33,2,5,2,0,0.05714285714285714,0.9428571428571428,15,1.875,167.7333333333248,0.205647962728361,1,1,0,4,2,26,5,2,31,5,2,32,140.1666666665392,0.1718500960397487,4,10,2,0
base,20260712,1,0.12,0.45,0.2,0.18,3,30,9,668,1413863374,1347673873,false,false,821.0666666665772,839.0666666665772,9,7,6,179,22,6,3,5,49,37,12,5,12,0,0.24489795918367346,0.7551020408163265,20,2.5,167.7333333333248,0.2042871062033246,1,0,1,5,3,33,6,3,37,0,0,0,0,0,3,4,3,0
base,20260712,1,0.12,0.45,0.2,0.18,3,30,9,669,1042019324,3794812829,true,false,778.6666666666158,796.6666666666158,9,7,6,180,16,5,3,1,29,26,3,1,3,0,0.10344827586206896,0.896551724137931,13,1.625,167.7333333333248,0.2154109589041127,1,1,0,4,3,20,4,3,25,4,3,25,101.13333333324135,0.12988013698619172,5,11,1,0
base,20260712,1,0.12,0.45,0.2,0.18,3,30,9,670,4185331876,2332283677,false,false,783.8666666666111,801.8666666666111,9,7,6,179,28,9,3,17,59,55,4,17,4,0,0.06779661016949153,0.9322033898305084,25,3.125,167.7333333333248,0.21398196972274625,1,0,1,8,3,42,9,3,55,0,0,0,0,0,5,7,3,0
base,20260712,1,0.12,0.45,0.2,0.18,3,30,9,671,167348053,2569327882,true,false,780.0999999999478,798.0999999999478,9,7,6,180,14,5,3,0,26,23,3,0,3,0,0.11538461538461539,0.8846153846153846,10,1.25,167.7333333333248,0.21501516899543135,1,1,0,3,3,16,4,3,22,4,3,22,109.89999999990005,0.14087937443905577,5,14,2,0
base,20260712,1,0.12,0.45,0.2,0.18,3,30,9,672,3440328279,1018940332,true,false,792.6666666666031,810.6666666666031,9,7,6,180,20,6,3,5,40,35,5,5,5,0,0.125,0.875,20,2.5,167.7333333333248,0.21160639192599442,1,1,0,6,3,29,6,3,34,6,3,34,116.29999999989423,0.14671993271644687,6,11,2,0
base,20260712,1,0.12,0.45,0.2,0.18,3,30,9,673,944505794,2211348382,false,false,809.7333333332542,827.7333333332542,9,7,6,179,17,5,3,4,32,31,1,4,1,0,0.03125,0.96875,12,1.5,167.7333333333248,0.2071463856413731,1,0,1,4,3,19,5,3,31,0,0,0,0,0,2,5,2,0
base,20260712,1,0.12,0.45,0.2,0.18,3,30,9,674,564354101,2345791749,false,false,793.2999999999358,811.2999999999358,9,7,6,179,18,5,3,4,37,32,5,4,5,0,0.13513513513513514,0.8648648648648649,15,1.875,167.7333333333248,0.21143745535527336,1,0,1,4,3,26,5,3,31,0,0,0,0,0,4,8,2,0
base,20260712,1,0.12,0.45,0.2,0.18,3,30,9,675,1631060221,1083727272,false,false,830.5666666665686,848.5666666665686,9,7,6,179,22,6,3,11,50,43,7,11,7,0,0.14,0.86,18,2.25,167.7333333333248,0.20195047557893558,1,0,1,5,3,29,6,3,41,0,0,0,0,0,5,5,2,0
base,20260712,1,0.12,0.45,0.2,0.18,3,30,9,676,813186321,715676576,false,false,791.4666666666042,809.4666666666042,9,7,6,179,26,8,3,18,61,54,7,18,7,0,0.11475409836065574,0.8852459016393442,23,2.875,167.7333333333248,0.2119272237196825,1,0,1,7,3,37,8,3,54,0,0,0,0,0,5,13,4,0
base,20260712,1,0.12,0.45,0.2,0.18,3,30,9,677,1425514635,2896623903,false,false,832.9999999998997,850.9999999998997,9,7,6,179,26,8,3,7,43,41,2,7,2,0,0.046511627906976744,0.9534883720930233,24,3,167.7333333333248,0.20136054421770105,1,0,1,7,3,38,8,3,41,0,0,0,0,0,5,11,3,0
base,20260712,1,0.12,0.45,0.2,0.18,3,30,9,678,2538918723,2034560579,true,false,802.3666666665943,820.3666666665943,9,7,6,180,26,8,3,9,47,43,4,9,4,0,0.0851063829787234,0.9148936170212766,21,2.625,167.7333333333248,0.2090482323127497,1,1,0,6,3,30,6,3,40,7,3,42,125.9333333332188,0.15695234929985896,5,8,3,0
base,20260712,1,0.12,0.45,0.2,0.18,3,30,9,679,4182018455,1399800014,false,false,800.8999999999289,818.8999999999289,9,7,6,179,23,7,3,5,44,38,6,5,6,0,0.13636363636363635,0.8636363636363636,17,2.125,167.7333333333248,0.20943105672785575,1,0,1,5,3,28,7,3,37,0,0,0,0,0,3,5,2,0
base,20260712,1,0.12,0.45,0.2,0.18,3,30,9,680,2420817809,697640087,false,false,810.7333333332533,828.7333333332533,9,7,6,179,22,6,2,9,42,39,3,9,3,0,0.07142857142857142,0.9285714285714286,17,2.125,167.7333333333248,0.20689088068416414,1,0,1,4,2,31,5,2,38,0,0,0,0,0,3,5,3,0
base,20260712,1,0.12,0.45,0.2,0.18,3,30,9,681,2301675713,4074376959,false,false,790.3999999999385,808.3999999999385,9,7,6,179,23,6,3,15,55,48,7,15,7,0,0.12727272727272726,0.8727272727272727,23,2.875,167.7333333333248,0.21221322537112583,1,0,1,6,3,43,6,3,48,0,0,0,0,0,2,4,3,0
base,20260712,1,0.12,0.45,0.2,0.18,3,30,9,682,2006871289,1717008295,false,false,827.4666666665714,845.4666666665714,9,7,6,179,24,7,3,10,48,43,5,10,5,0,0.10416666666666667,0.8958333333333334,20,2.5,167.7333333333248,0.20270705768612324,1,0,1,6,3,34,7,3,43,0,0,0,0,0,5,8,2,0
base,20260712,1,0.12,0.45,0.2,0.18,3,30,9,683,1086214606,381463884,false,false,758.9666666666337,776.9666666666337,9,7,6,179,23,7,2,5,40,36,4,5,4,0,0.1,0.9,20,2.5,167.7333333333248,0.22100223988756476,1,0,1,6,2,32,6,2,35,0,0,0,0,0,5,9,2,0
base,20260712,1,0.12,0.45,0.2,0.18,3,30,9,684,202632768,1848300030,false,false,773.9999999999534,791.9999999999534,9,7,6,179,16,5,3,0,30,24,6,0,6,0,0.2,0.8,12,1.5,167.7333333333248,0.21670973298880478,1,0,1,3,3,21,5,3,24,0,0,0,0,0,3,5,2,0
base,20260712,1,0.12,0.45,0.2,0.18,3,30,9,685,349546900,4120178960,false,false,782.8333333332787,800.8333333332787,9,7,6,179,25,7,3,13,53,48,5,13,5,0,0.09433962264150944,0.9056603773584906,23,2.875,167.7333333333248,0.21426442410049373,1,0,1,7,3,39,7,3,47,0,0,0,0,0,5,5,2,0
base,20260712,1,0.12,0.45,0.2,0.18,3,30,9,686,1258864475,1907216606,false,false,820.4333333332445,838.4333333332445,9,7,6,179,19,5,3,1,35,30,5,1,5,0,0.14285714285714285,0.8571428571428571,16,2,167.7333333333248,0.2044448055905533,1,0,1,5,3,25,5,3,30,0,0,0,0,0,5,11,2,0
base,20260712,1,0.12,0.45,0.2,0.18,3,30,9,687,3919233681,2494321887,false,false,840.8666666665592,858.8666666665592,9,7,6,179,29,9,3,12,54,50,4,12,4,0,0.07407407407407407,0.9259259259259259,24,3,167.7333333333248,0.19947673035758293,1,0,1,7,3,39,8,3,47,0,0,0,0,0,6,9,2,0
base,20260712,1,0.12,0.45,0.2,0.18,3,30,9,688,2960599837,141915056,false,false,833.5333333332326,851.5333333332326,9,7,6,179,24,7,3,10,47,44,3,10,3,0,0.06382978723404255,0.9361702127659575,19,2.375,167.7333333333248,0.20123170439096025,1,0,1,5,3,37,7,3,42,0,0,0,0,0,7,8,2,0
base,20260712,1,0.12,0.45,0.2,0.18,3,30,9,689,3848533342,1309648613,false,false,811.6999999999191,829.6999999999191,9,7,6,179,24,7,3,8,51,42,9,8,9,0,0.17647058823529413,0.8235294117647058,22,2.75,167.7333333333248,0.20664449098600654,1,0,1,6,3,35,7,3,42,0,0,0,0,0,3,4,3,0
base,20260712,1,0.12,0.45,0.2,0.18,3,30,9,690,1768729117,853147408,false,false,830.8999999999016,848.8999999999016,9,7,6,179,16,4,3,5,35,31,4,5,4,0,0.11428571428571428,0.8857142857142857,15,1.875,167.7333333333248,0.2018694588197673,1,0,1,4,3,27,4,3,30,0,0,0,0,0,5,14,2,0
base,20260712,1,0.12,0.45,0.2,0.18,3,30,9,691,1640149033,121826701,false,false,768.6666666666249,786.6666666666249,9,7,6,179,17,4,1,16,51,43,8,16,8,0,0.1568627450980392,0.8431372549019608,16,2,167.7333333333248,0.21821335646140577,1,0,1,4,1,34,4,1,42,0,0,0,0,0,4,5,2,0
base,20260712,1,0.12,0.45,0.2,0.18,3,30,9,692,3752818750,1007779581,false,false,796.4333333332663,814.4333333332663,9,7,6,179,25,8,3,6,47,40,7,6,7,0,0.14893617021276595,0.851063829787234,23,2.875,167.7333333333248,0.21060561670782937,1,0,1,7,3,35,8,3,40,0,0,0,0,0,5,11,2,0
base,20260712,1,0.12,0.45,0.2,0.18,3,30,9,693,2731503198,2292956513,false,false,817.8666666665802,835.8666666665802,9,7,6,179,23,7,3,22,63,55,8,22,8,0,0.12698412698412698,0.873015873015873,21,2.625,167.7333333333248,0.20508640365178823,1,0,1,6,3,45,7,3,53,0,0,0,0,0,5,6,2,0
base,20260712,1,0.12,0.45,0.2,0.18,3,30,9,694,991059121,891226421,false,false,814.9666666665828,832.9666666665828,9,7,6,179,25,7,3,13,54,47,7,13,7,0,0.12962962962962962,0.8703703703703703,22,2.75,167.7333333333248,0.20581618880118865,1,0,1,6,3,41,7,3,47,0,0,0,0,0,5,8,2,0
base,20260712,1,0.12,0.45,0.2,0.18,3,30,9,695,2861841845,164782294,false,false,824.8666666665738,842.8666666665738,9,7,6,179,24,7,3,13,52,47,5,13,5,0,0.09615384615384616,0.9038461538461539,22,2.75,167.7333333333248,0.20334599531238626,1,0,1,7,3,38,7,3,46,0,0,0,0,0,5,7,2,0
base,20260712,1,0.12,0.45,0.2,0.18,3,30,9,696,4052707316,1212565198,false,false,831.599999999901,849.599999999901,9,7,6,179,24,7,3,6,47,40,7,6,7,0,0.14893617021276595,0.851063829787234,23,2.875,167.7333333333248,0.2016995350328821,1,0,1,7,3,34,7,3,40,0,0,0,0,0,5,5,2,0
base,20260712,1,0.12,0.45,0.2,0.18,3,30,9,697,595991987,4122430800,true,false,760.2333333332992,778.2333333332992,9,7,6,180,22,7,3,3,37,34,3,3,3,0,0.08108108108108109,0.918918918918919,17,2.125,167.7333333333248,0.22063401587231857,1,1,0,5,3,29,6,3,32,7,3,33,76.1999999999307,0.10023238479405548,5,11,1,0
base,20260712,1,0.12,0.45,0.2,0.18,3,30,9,698,1705235536,2653641326,false,false,785.833333333276,803.833333333276,9,7,6,179,27,8,3,11,51,48,3,11,3,0,0.058823529411764705,0.9411764705882353,24,3,167.7333333333248,0.21344644750795805,1,0,1,7,3,38,8,3,48,0,0,0,0,0,5,6,2,0
base,20260712,1,0.12,0.45,0.2,0.18,3,30,9,699,3814860407,3610048461,false,false,824.5666666665741,842.5666666665741,9,7,6,179,24,6,3,11,52,45,7,11,7,0,0.1346153846153846,0.8653846153846154,21,2.625,167.7333333333248,0.20341997817036458,1,0,1,5,3,33,6,3,45,0,0,0,0,0,5,5,2,0
base,20260712,1,0.12,0.45,0.2,0.18,3,30,9,700,1774391284,1518088402,true,false,813.5666666665841,831.5666666665841,9,7,6,180,21,6,3,5,42,36,6,5,6,0,0.14285714285714285,0.8571428571428571,18,2.25,167.7333333333248,0.20617036096202954,1,1,0,5,3,30,6,3,34,6,3,35,132.666666666546,0.16306797230289607,6,11,2,0
base,20260712,1,0.12,0.45,0.2,0.18,3,30,9,701,2900260584,3847725860,false,false,767.5333333332926,785.5333333332926,9,7,6,179,19,6,3,3,35,30,5,3,5,0,0.14285714285714285,0.8571428571428571,15,1.875,167.7333333333248,0.21853556848779687,1,0,1,4,3,26,6,3,30,0,0,0,0,0,5,10,3,0
base,20260712,1,0.12,0.45,0.2,0.18,3,30,9,702,107939827,392827864,false,false,793.2666666666025,811.2666666666025,9,7,6,179,19,6,3,3,36,32,4,3,4,0,0.1111111111111111,0.8888888888888888,16,2,167.7333333333248,0.21144634002858015,1,0,1,5,3,25,6,3,32,0,0,0,0,0,5,9,2,0
base,20260712,1,0.12,0.45,0.2,0.18,3,30,9,703,4114042539,639829053,false,false,823.4666666665751,841.4666666665751,9,7,6,179,22,6,3,11,50,42,8,11,8,0,0.16,0.84,14,1.75,167.7333333333248,0.20369170984457188,1,0,1,3,3,29,6,3,42,0,0,0,0,0,4,5,2,0
base,20260712,1,0.12,0.45,0.2,0.18,3,30,9,704,2780186965,510006271,false,false,830.2999999999022,848.2999999999022,9,7,6,179,26,8,3,8,50,44,6,8,6,0,0.12,0.88,21,2.625,167.7333333333248,0.20201533582240702,1,0,1,6,3,33,8,3,44,0,0,0,0,0,5,7,2,0
base,20260712,1,0.12,0.45,0.2,0.18,3,30,9,705,3410082497,4007072835,false,false,823.3333333332419,841.3333333332419,9,7,6,179,23,6,3,9,45,41,4,9,4,0,0.08888888888888889,0.9111111111111111,17,2.125,167.7333333333248,0.20372469635628757,1,0,1,5,3,30,6,3,41,0,0,0,0,0,4,5,2,0
base,20260712,1,0.12,0.45,0.2,0.18,3,30,9,706,1216110065,846495100,false,false,816.7333333332479,834.7333333332479,9,7,6,179,24,7,3,7,49,41,8,7,8,0,0.16326530612244897,0.8367346938775511,19,2.375,167.7333333333248,0.2053709901232663,1,0,1,5,3,33,7,3,40,0,0,0,0,0,5,14,2,0
base,20260712,1,0.12,0.45,0.2,0.18,3,30,9,707,1192966801,3294587746,true,false,800.8999999999289,818.8999999999289,9,7,6,180,22,7,3,2,36,33,3,2,3,0,0.08333333333333333,0.9166666666666666,16,2,167.7333333333248,0.20943105672785575,1,1,0,5,3,25,6,3,32,6,3,32,116.69999999989386,0.14571107504045977,5,11,2,0
base,20260712,1,0.12,0.45,0.2,0.18,3,30,9,708,2382129632,2781152697,false,false,838.966666666561,856.966666666561,9,7,6,179,14,4,3,0,28,24,4,0,4,0,0.14285714285714285,0.8571428571428571,11,1.375,167.7333333333248,0.1999284834518804,1,0,1,3,3,20,4,3,24,0,0,0,0,0,6,11,2,0
base,20260712,1,0.12,0.45,0.2,0.18,3,30,9,709,3784739712,2031165297,false,false,837.3999999998957,855.3999999998957,9,7,6,179,21,6,3,8,44,39,5,8,5,0,0.11363636363636363,0.8863636363636364,17,2.125,167.7333333333248,0.20030252368443477,1,0,1,5,3,26,6,3,37,0,0,0,0,0,6,10,3,0
base,20260712,1,0.12,0.45,0.2,0.18,3,30,9,710,3660834151,3275572095,false,false,817.4333333332472,835.4333333332472,9,7,6,179,23,7,3,9,45,42,3,9,3,0,0.06666666666666667,0.9333333333333333,20,2.5,167.7333333333248,0.20519512294581715,1,0,1,6,3,36,7,3,41,0,0,0,0,0,4,5,2,0
base,20260712,1,0.12,0.45,0.2,0.18,3,30,9,711,1874643723,1380493537,false,false,775.2333333332856,793.2333333332856,9,7,6,179,23,7,3,2,37,35,2,2,2,0,0.05405405405405406,0.9459459459459459,18,2.25,167.7333333333248,0.21636496538676758,1,0,1,5,3,26,7,3,33,0,0,0,0,0,5,11,1,0
base,20260712,1,0.12,0.45,0.2,0.18,3,30,9,712,688534960,3148152272,true,false,788.2666666666071,806.2666666666071,9,7,6,180,23,7,3,9,50,42,8,9,8,0,0.16,0.84,18,2.25,167.7333333333248,0.21278755074425423,1,1,0,5,3,31,7,3,40,7,3,42,91.29999999991696,0.11582374830842845,6,10,2,0
base,20260712,1,0.12,0.45,0.2,0.18,3,30,9,713,4157924518,3286684643,false,false,827.6999999999045,845.6999999999045,9,7,6,179,22,6,3,7,46,38,8,7,8,0,0.17391304347826086,0.8260869565217391,15,1.875,167.7333333333248,0.20264991341469632,1,0,1,4,3,27,6,3,38,0,0,0,0,0,3,5,2,0
base,20260712,1,0.12,0.45,0.2,0.18,3,30,9,714,3464541632,120299386,false,false,746.9666666666446,764.9666666666446,9,7,6,179,26,8,3,10,49,45,4,10,4,0,0.08163265306122448,0.9183673469387755,23,2.875,167.7333333333248,0.22455263510196316,1,0,1,7,3,37,8,3,45,0,0,0,0,0,5,5,2,0
base,20260712,1,0.12,0.45,0.2,0.18,3,30,9,715,1991960357,3339081139,false,false,830.6999999999018,848.6999999999018,9,7,6,179,23,7,3,8,50,41,9,8,9,0,0.18,0.82,20,2.5,167.7333333333248,0.20191806107300422,1,0,1,6,3,34,7,3,40,0,0,0,0,0,6,11,2,0
base,20260712,1,0.12,0.45,0.2,0.18,3,30,9,716,936182563,468170363,true,false,740.9999999999834,758.9999999999834,9,7,6,180,17,5,3,1,32,28,4,1,4,0,0.125,0.875,13,1.625,167.7333333333248,0.22636077372918834,1,1,0,4,3,21,5,3,27,5,3,27,75.29999999993152,0.10161943319829042,5,11,2,0
base,20260712,1,0.12,0.45,0.2,0.18,3,30,9,717,180068136,3151235029,false,false,753.7333333333052,771.7333333333052,9,7,6,179,24,7,3,7,48,41,7,7,7,0,0.14583333333333334,0.8541666666666666,20,2.5,167.7333333333248,0.22253670617371007,1,0,1,6,3,34,7,3,40,0,0,0,0,0,4,7,2,0
base,20260712,1,0.12,0.45,0.2,0.18,3,30,9,718,4130380190,3735366068,false,false,831.3999999999012,849.3999999999012,9,7,6,179,24,7,3,25,64,59,5,25,5,0,0.078125,0.921875,22,2.75,167.7333333333248,0.20174805548874758,1,0,1,7,3,44,7,3,59,0,0,0,0,0,6,10,2,0
base,20260712,1,0.12,0.45,0.2,0.18,3,30,9,719,1090715705,185043933,false,false,828.5333333332371,846.5333333332371,9,7,6,179,25,8,3,9,48,44,4,9,4,0,0.08333333333333333,0.9166666666666666,21,2.625,167.7333333333248,0.2024460894753914,1,0,1,6,3,37,8,3,43,0,0,0,0,0,5,11,2,0
base,20260712,1,0.12,0.45,0.2,0.18,3,30,9,720,2764268095,2551041108,false,false,847.2999999998867,865.2999999998867,9,7,6,179,24,7,2,18,54,51,3,18,3,0,0.05555555555555555,0.9444444444444444,21,2.625,167.7333333333248,0.1979621542940484,1,0,1,6,2,43,7,2,50,0,0,0,0,0,6,11,2,0
base,20260712,1,0.12,0.45,0.2,0.18,3,30,9,721,3511203347,1751379118,false,false,752.1999999999732,770.1999999999732,9,7,6,179,19,6,3,10,44,39,5,10,5,0,0.11363636363636363,0.8863636363636364,15,1.875,167.7333333333248,0.22299033944872476,1,0,1,4,3,26,6,3,39,0,0,0,0,0,3,4,3,0
base,20260712,1,0.12,0.45,0.2,0.18,3,30,9,722,852962383,2371581107,false,false,820.7666666665775,838.7666666665775,9,7,6,179,26,8,3,10,46,44,2,10,2,0,0.043478260869565216,0.9565217391304348,22,2.75,167.7333333333248,0.20436177557569307,1,0,1,7,3,39,8,3,43,0,0,0,0,0,5,8,2,0
base,20260712,1,0.12,0.45,0.2,0.18,3,30,9,723,62455310,1218503078,false,false,771.0333333332894,789.0333333332894,9,7,6,179,21,6,3,8,46,38,8,8,8,0,0.17391304347826086,0.8260869565217391,18,2.25,167.7333333333248,0.21754355626648353,1,0,1,5,3,29,6,3,38,0,0,0,0,0,5,14,3,0
base,20260712,1,0.12,0.45,0.2,0.18,3,30,9,724,296250896,1849573385,false,false,826.9333333332386,844.9333333332386,9,7,6,179,22,6,3,11,50,42,8,11,8,0,0.16,0.84,20,2.5,167.7333333333248,0.20283779425992907,1,0,1,6,3,32,6,3,38,0,0,0,0,0,5,14,2,0
base,20260712,1,0.12,0.45,0.2,0.18,3,30,9,725,3382433168,765632659,false,false,769.5333333332908,787.5333333332908,9,7,6,179,28,8,3,18,59,56,3,18,3,0,0.05084745762711865,0.9491525423728814,25,3.125,167.7333333333248,0.21796759941089933,1,0,1,7,3,45,8,3,55,0,0,0,0,0,5,8,2,0
base,20260712,1,0.12,0.45,0.2,0.18,3,30,9,726,766308577,252863411,false,false,818.5999999999128,836.5999999999128,9,7,6,179,20,6,3,0,40,29,11,0,11,0,0.275,0.725,13,1.625,167.7333333333248,0.2049026793712957,1,0,1,4,3,21,6,3,28,0,0,0,0,0,6,14,2,0
base,20260712,1,0.12,0.45,0.2,0.18,3,30,9,727,1955399639,57265766,true,false,802.233333333261,820.233333333261,9,7,6,180,18,5,3,1,37,29,8,1,8,0,0.21621621621621623,0.7837837837837838,16,2,167.7333333333248,0.20908297669008175,1,1,0,4,2,26,5,3,27,5,3,28,120.16666666655738,0.1497901691111084,5,8,2,0
base,20260712,1,0.12,0.45,0.2,0.18,3,30,9,728,3032506243,3109546717,false,false,786.0333333332758,804.0333333332758,9,7,6,179,23,7,3,8,45,40,5,8,5,0,0.1111111111111111,0.8888888888888888,19,2.375,167.7333333333248,0.2133921377380142,1,0,1,6,3,31,7,3,40,0,0,0,0,0,5,11,2,0
base,20260712,1,0.12,0.45,0.2,0.18,3,30,9,729,3522334754,1141918378,false,false,822.5333333332426,840.5333333332426,9,7,6,179,12,4,3,0,29,19,10,0,10,0,0.3448275862068966,0.6551724137931034,8,1,167.7333333333248,0.20392284000649616,1,0,1,2,2,16,4,3,19,0,0,0,0,0,5,10,2,0
base,20260712,1,0.12,0.45,0.2,0.18,3,30,9,730,4194882459,1619463133,false,false,832.8999999998998,850.8999999998998,9,7,6,179,24,7,3,15,54,49,5,15,5,0,0.09259259259259259,0.9074074074074074,22,2.75,167.7333333333248,0.20138472005444227,1,0,1,7,3,38,7,3,49,0,0,0,0,0,2,4,2,0
base,20260712,1,0.12,0.45,0.2,0.18,3,30,9,731,2018423786,332607320,false,false,821.6666666665767,839.6666666665767,9,7,6,179,22,6,2,24,61,55,6,24,6,0,0.09836065573770492,0.9016393442622951,20,2.5,167.7333333333248,0.2041379310344947,1,0,1,5,2,39,6,2,54,0,0,0,0,0,6,11,2,0
base,20260712,1,0.12,0.45,0.2,0.18,3,30,9,732,260331548,4232829428,false,false,766.5666666666268,784.5666666666268,9,7,6,179,21,6,3,10,43,41,2,10,2,0,0.046511627906976744,0.9534883720930233,16,2,167.7333333333248,0.21881114928034115,1,0,1,5,3,28,6,3,39,0,0,0,0,0,5,5,2,0
base,20260712,1,0.12,0.45,0.2,0.18,3,30,9,733,483607592,2378266940,false,false,766.9999999999598,784.9999999999598,9,7,6,179,20,6,3,16,50,46,4,16,4,0,0.08,0.92,17,2.125,167.7333333333248,0.21868752716210377,1,0,1,5,3,34,6,3,45,0,0,0,0,0,5,5,2,0
base,20260712,1,0.12,0.45,0.2,0.18,3,30,9,734,1812784062,4235663561,false,false,830.0999999999024,848.0999999999024,9,7,6,179,28,9,3,15,56,52,4,15,4,0,0.07142857142857142,0.9285714285714286,22,2.75,167.7333333333248,0.20206400835242083,1,0,1,7,3,39,9,3,52,0,0,0,0,0,5,7,2,0
base,20260712,1,0.12,0.45,0.2,0.18,3,30,9,735,3773622476,1448596898,true,false,807.6999999999227,825.6999999999227,9,7,6,180,19,5,3,4,35,33,2,4,2,0,0.05714285714285714,0.9428571428571428,17,2.125,167.7333333333248,0.20766786348067456,1,1,0,5,3,29,5,3,32,5,3,32,154.46666666652618,0.1912426230859737,2,5,2,0
base,20260712,1,0.12,0.45,0.2,0.18,3,30,9,736,218141347,3158373223,false,false,782.9666666666119,800.9666666666119,9,7,6,179,29,8,2,29,77,68,9,29,9,0,0.11688311688311688,0.8831168831168831,26,3.25,167.7333333333248,0.21422793648091004,1,0,1,7,2,52,8,2,68,0,0,0,0,0,4,6,2,0
base,20260712,1,0.12,0.45,0.2,0.18,3,30,9,737,260353930,720757617,false,false,776.9999999999507,794.9999999999507,9,7,6,179,25,7,3,9,49,44,5,9,5,0,0.10204081632653061,0.8979591836734694,23,2.875,167.7333333333248,0.2158730158730186,1,0,1,7,3,36,7,3,44,0,0,0,0,0,2,4,2,0
base,20260712,1,0.12,0.45,0.2,0.18,3,30,9,738,2661873670,1881500197,false,false,829.733333333236,847.733333333236,9,7,6,179,21,6,3,7,40,37,3,7,3,0,0.075,0.925,19,2.375,167.7333333333248,0.2021533022658016,1,0,1,5,3,34,6,3,36,0,0,0,0,0,5,14,2,0
base,20260712,1,0.12,0.45,0.2,0.18,3,30,9,739,684334782,3560309236,false,false,783.8666666666111,801.8666666666111,9,7,6,179,16,4,2,3,32,27,5,3,5,0,0.15625,0.84375,13,1.625,167.7333333333248,0.21398196972274625,1,0,1,3,2,22,4,2,27,0,0,0,0,0,5,11,3,0
base,20260712,1,0.12,0.45,0.2,0.18,3,30,9,740,2317301204,3458364922,false,false,823.3666666665752,841.3666666665752,9,7,6,179,18,5,3,1,32,29,3,1,3,0,0.09375,0.90625,13,1.625,167.7333333333248,0.20371644872678446,1,0,1,4,3,21,5,3,28,0,0,0,0,0,5,11,2,0
base,20260712,1,0.12,0.45,0.2,0.18,3,30,9,741,2247176260,4042019354,true,false,766.7666666666266,784.7666666666266,9,7,6,180,20,6,3,5,37,35,2,5,2,0,0.05405405405405406,0.9459459459459459,16,2,167.7333333333248,0.21875407555536264,1,1,0,4,3,26,6,3,32,6,3,34,84.16666666659012,0.1097682910923721,5,14,2,0
base,20260712,1,0.12,0.45,0.2,0.18,3,30,9,742,2267759867,3416593797,false,false,796.8666666665993,814.8666666665993,9,7,6,179,25,7,3,12,49,46,3,12,3,0,0.061224489795918366,0.9387755102040817,20,2.5,167.7333333333248,0.21049109010291012,1,0,1,5,3,40,7,3,46,0,0,0,0,0,5,8,2,0
base,20260712,1,0.12,0.45,0.2,0.18,3,30,9,743,3287906363,2181188330,false,false,767.2333333332929,785.2333333332929,9,7,6,179,25,7,3,11,48,45,3,11,3,0,0.0625,0.9375,22,2.75,167.7333333333248,0.21862101924664418,1,0,1,6,3,35,7,3,45,0,0,0,0,0,4,7,2,0
base,20260712,1,0.12,0.45,0.2,0.18,3,30,9,744,3010314409,3643350582,false,false,827.533333333238,845.533333333238,9,7,6,179,22,7,3,1,36,30,6,1,6,0,0.16666666666666666,0.8333333333333334,15,1.875,167.7333333333248,0.2026907274631565,1,0,1,4,3,22,6,3,29,0,0,0,0,0,5,8,2,0
base,20260712,1,0.12,0.45,0.2,0.18,3,30,9,745,2067874691,2745601820,false,false,752.1666666666399,770.1666666666399,9,7,6,179,24,7,3,9,46,43,3,9,3,0,0.06521739130434782,0.9347826086956522,22,2.75,167.7333333333248,0.22300022158209273,1,0,1,6,3,38,7,3,43,0,0,0,0,0,3,5,2,0
base,20260712,1,0.12,0.45,0.2,0.18,3,30,9,746,3054665302,4018630019,true,false,789.4999999999393,807.4999999999393,9,7,6,180,23,7,3,7,41,40,1,7,1,0,0.024390243902439025,0.975609756097561,23,2.875,167.7333333333248,0.21245514038421492,1,1,0,7,3,34,7,3,38,7,3,38,110.39999999989959,0.13983533882192284,5,11,1,0
base,20260712,1,0.12,0.45,0.2,0.18,3,30,9,747,2907201686,696716408,false,false,854.4333333332136,872.4333333332136,9,7,6,179,23,6,2,13,54,46,8,13,8,0,0.14814814814814814,0.8518518518518519,22,2.75,167.7333333333248,0.19630944485625754,1,0,1,6,2,37,6,2,46,0,0,0,0,0,6,8,3,0
base,20260712,1,0.12,0.45,0.2,0.18,3,30,9,748,2755338820,3229386445,false,false,820.4666666665778,838.4666666665778,9,7,6,179,21,6,3,10,45,41,4,10,4,0,0.08888888888888889,0.9111111111111111,20,2.5,167.7333333333248,0.2044364995531116,1,0,1,6,3,36,6,3,40,0,0,0,0,0,4,8,2,0
base,20260712,1,0.12,0.45,0.2,0.18,3,30,9,749,407515357,1101767367,true,false,821.69999999991,839.69999999991,9,7,6,180,19,5,3,5,41,34,7,5,7,0,0.17073170731707318,0.8292682926829268,17,2.125,167.7333333333248,0.20412964991279442,1,1,0,5,3,25,5,3,33,5,3,33,148.1999999998652,0.18035779481548186,2,5,3,0
base,20260712,1,0.12,0.45,0.2,0.18,3,30,9,750,3085940981,3518683418,false,false,835.6999999998973,853.6999999998973,9,7,6,179,25,8,3,5,48,39,9,5,9,0,0.1875,0.8125,18,2.25,167.7333333333248,0.20070998364645856,1,0,1,5,2,30,8,3,39,0,0,0,0,0,5,11,2,0
base,20260712,1,0.12,0.45,0.2,0.18,3,30,9,751,3026047733,4163440902,false,false,808.3999999999221,826.3999999999221,9,7,6,179,21,6,3,21,58,52,6,21,6,0,0.10344827586206896,0.896551724137931,21,2.625,167.7333333333248,0.20748804222333123,1,0,1,6,3,38,6,3,51,0,0,0,0,0,2,4,2,0
base,20260712,1,0.12,0.45,0.2,0.18,3,30,9,752,2354835235,112819552,false,false,828.1999999999041,846.1999999999041,9,7,6,179,25,7,3,9,52,44,8,9,8,0,0.15384615384615385,0.8461538461538461,24,3,167.7333333333248,0.2025275698301669,1,0,1,7,3,38,7,3,43,0,0,0,0,0,5,9,3,0
base,20260712,1,0.12,0.45,0.2,0.18,3,30,9,753,2065721890,436408,false,false,841.8999999998916,859.8999999998916,9,7,6,179,21,6,3,6,40,36,4,6,4,0,0.1,0.9,19,2.375,167.7333333333248,0.19923189610802516,1,0,1,5,3,32,6,3,36,0,0,0,0,0,5,10,2,0
base,20260712,1,0.12,0.45,0.2,0.18,3,30,9,754,2751029321,2167485277,false,false,784.1333333332775,802.1333333332775,9,7,6,179,21,6,3,12,45,41,4,12,4,0,0.08888888888888889,0.9111111111111111,16,2,167.7333333333248,0.21390919911580097,1,0,1,4,3,30,5,3,40,0,0,0,0,0,5,10,2,0
base,20260712,1,0.12,0.45,0.2,0.18,3,30,9,755,3530995222,2670576005,true,false,804.0666666665927,822.0666666665927,9,7,6,180,26,7,3,9,48,45,3,9,3,0,0.0625,0.9375,18,2.25,167.7333333333248,0.20860625155460602,1,1,0,5,3,29,7,3,41,7,3,43,126.26666666655183,0.15703507171863457,5,14,3,0
base,20260712,1,0.12,0.45,0.2,0.18,3,30,9,756,4115070971,1186530389,false,false,770.2333333332901,788.2333333332901,9,7,6,179,16,4,3,1,33,26,7,1,7,0,0.21212121212121213,0.7878787878787878,14,1.75,167.7333333333248,0.21776950707577902,1,0,1,4,3,23,4,3,25,0,0,0,0,0,5,8,3,0
base,20260712,1,0.12,0.45,0.2,0.18,3,30,9,757,1426091745,4254736877,true,false,829.4999999999029,847.4999999999029,9,7,6,180,28,9,3,19,67,57,10,19,10,0,0.14925373134328357,0.8507462686567164,25,3.125,167.7333333333248,0.20221016676714215,1,1,0,8,3,42,9,3,52,9,3,56,160.1333333331877,0.19304802089596917,5,9,4,0
base,20260712,1,0.12,0.45,0.2,0.18,3,30,9,758,3064332573,3461972724,false,false,840.9999999998925,858.9999999998925,9,7,6,179,19,5,3,5,37,34,3,5,3,0,0.08108108108108109,0.918918918918919,16,2,167.7333333333248,0.1994451050337054,1,0,1,4,3,26,5,3,30,0,0,0,0,0,5,11,3,0
base,20260712,1,0.12,0.45,0.2,0.18,3,30,9,759,2777202901,166439979,true,false,791.4333333332709,809.4333333332709,9,7,6,180,20,6,3,2,37,32,5,2,5,0,0.13513513513513514,0.8648648648648649,17,2.125,167.7333333333248,0.2119361496019939,1,1,0,5,3,27,6,3,31,6,3,31,121.76666666655592,0.15385587330990044,5,10,2,0
base,20260712,1,0.12,0.45,0.2,0.18,3,30,9,760,1345309497,3901230667,false,false,753.2333333333056,771.2333333333056,9,7,6,179,24,7,3,8,52,42,10,8,10,0,0.19230769230769232,0.8076923076923077,24,3,167.7333333333248,0.2226844271363424,1,0,1,7,3,36,7,3,42,0,0,0,0,0,3,4,2,0
base,20260712,1,0.12,0.45,0.2,0.18,3,30,9,761,488953224,3755593786,false,false,830.3999999999021,848.3999999999021,9,7,6,179,21,6,3,11,45,42,3,11,3,0,0.06666666666666667,0.9333333333333333,19,2.375,167.7333333333248,0.2019910083494034,1,0,1,5,3,34,6,3,42,0,0,0,0,0,6,11,2,0
base,20260712,1,0.12,0.45,0.2,0.18,3,30,9,762,3594707740,1715922781,false,false,757.9999999999679,775.9999999999679,9,7,6,179,25,7,3,12,53,46,7,12,7,0,0.1320754716981132,0.8679245283018868,22,2.75,167.7333333333248,0.22128408091468588,1,0,1,6,3,35,7,3,46,0,0,0,0,0,3,5,2,0
base,20260712,1,0.12,0.45,0.2,0.18,3,30,9,763,2596177083,739303810,false,false,763.2333333332965,781.2333333332965,9,7,6,179,24,7,3,6,51,39,12,6,12,0,0.23529411764705882,0.7647058823529411,21,2.625,167.7333333333248,0.21976678167445457,1,0,1,6,3,32,6,3,37,0,0,0,0,0,4,4,3,0
base,20260712,1,0.12,0.45,0.2,0.18,3,30,9,764,2247100917,3356027252,false,false,827.199999999905,845.199999999905,9,7,6,179,25,8,3,4,45,38,7,4,7,0,0.15555555555555556,0.8444444444444444,21,2.625,167.7333333333248,0.20277240490007745,1,0,1,6,3,33,8,3,38,0,0,0,0,0,3,5,3,0
base,20260712,1,0.12,0.45,0.2,0.18,3,30,9,765,1371442500,195915653,false,false,818.1333333332466,836.1333333332466,9,7,6,179,22,7,3,6,42,37,5,6,5,0,0.11904761904761904,0.8809523809523809,17,2.125,167.7333333333248,0.20501955671448327,1,0,1,5,3,31,7,3,37,0,0,0,0,0,6,13,2,0
base,20260712,1,0.12,0.45,0.2,0.18,3,30,9,766,3472365803,3538668371,false,false,830.2333333332356,848.2333333332356,9,7,6,179,23,7,3,8,50,41,9,8,9,0,0.18,0.82,17,2.125,167.7333333333248,0.20203155739351733,1,0,1,5,3,27,7,3,40,0,0,0,0,0,5,8,3,0
base,20260712,1,0.12,0.45,0.2,0.18,3,30,9,767,3792280040,1072733412,false,false,806.2333333332574,824.2333333332574,9,7,6,179,22,7,3,6,40,36,4,6,4,0,0.1,0.9,17,2.125,167.7333333333248,0.20804564435441425,1,0,1,5,3,27,7,3,36,0,0,0,0,0,2,5,2,0
base,20260712,1,0.12,0.45,0.2,0.18,3,30,9,768,2570682428,1846743410,false,false,786.5666666666086,804.5666666666086,9,7,6,179,20,6,3,9,42,39,3,9,3,0,0.07142857142857142,0.9285714285714286,18,2.25,167.7333333333248,0.21324744670933232,1,0,1,5,3,29,6,3,37,0,0,0,0,0,5,8,2,0
base,20260712,1,0.12,0.45,0.2,0.18,3,30,9,769,3758154731,2255586417,false,false,832.8333333332332,850.8333333332332,9,7,6,179,21,6,3,8,46,39,7,8,7,0,0.15217391304347827,0.8478260869565217,19,2.375,167.7333333333248,0.20140084050431653,1,0,1,5,3,30,6,3,39,0,0,0,0,0,6,11,2,0
base,20260712,1,0.12,0.45,0.2,0.18,3,30,9,770,3872526906,3936891916,false,false,825.9999999999061,843.9999999999061,9,7,6,179,28,8,3,16,59,54,5,16,5,0,0.0847457627118644,0.9152542372881356,24,3,167.7333333333248,0.20306698950768023,1,0,1,7,3,41,8,3,54,0,0,0,0,0,3,4,2,0
base,20260712,1,0.12,0.45,0.2,0.18,3,30,9,771,3738059080,1920334441,true,false,817.8999999999135,835.8999999999135,9,7,6,180,14,3,2,6,35,30,5,6,5,0,0.14285714285714285,0.8571428571428571,13,1.625,167.7333333333248,0.2050780454008345,1,1,0,3,2,22,3,2,29,3,2,29,139.49999999987313,0.17055874801306747,5,10,2,0
base,20260712,1,0.12,0.45,0.2,0.18,3,30,9,772,1469527027,3953747778,false,false,810.7666666665866,828.7666666665866,9,7,6,179,27,9,3,8,52,44,8,8,8,0,0.15384615384615385,0.8461538461538461,19,2.375,167.7333333333248,0.20688237470707727,1,0,1,6,3,32,9,3,43,0,0,0,0,0,3,5,3,0
base,20260712,1,0.12,0.45,0.2,0.18,3,30,9,773,4189237266,1926588349,false,false,818.6999999999127,836.6999999999127,9,7,6,179,21,6,2,11,50,42,8,11,8,0,0.16,0.84,21,2.625,167.7333333333248,0.20487765156142992,1,0,1,6,2,34,6,2,42,0,0,0,0,0,5,5,3,0
base,20260712,1,0.12,0.45,0.2,0.18,3,30,9,774,1588826978,2112436443,false,false,792.9666666666028,810.9666666666028,9,7,6,179,20,6,3,6,39,34,5,6,5,0,0.1282051282051282,0.8717948717948718,17,2.125,167.7333333333248,0.21152633570138085,1,0,1,5,3,26,6,3,34,0,0,0,0,0,2,7,2,0
base,20260712,1,0.12,0.45,0.2,0.18,3,30,9,775,4260184483,5191173,false,false,774.7999999999527,792.7999999999527,9,7,6,179,18,5,3,8,40,36,4,8,4,0,0.1,0.9,17,2.125,167.7333333333248,0.21648597487523882,1,0,1,5,3,31,5,3,36,0,0,0,0,0,5,8,2,0
base,20260712,1,0.12,0.45,0.2,0.18,3,30,9,776,2487187788,3603625674,true,false,768.8666666666247,786.8666666666247,9,7,6,180,21,6,3,3,39,33,6,3,6,0,0.15384615384615385,0.8461538461538461,16,2,167.7333333333248,0.21815659412121818,1,1,0,4,3,25,5,3,32,5,3,32,89.39999999991869,0.11627503685067662,5,14,2,0
base,20260712,1,0.12,0.45,0.2,0.18,3,30,9,777,1127823771,3774550458,true,false,806.0666666665909,824.0666666665909,9,7,6,180,17,5,2,6,40,33,7,6,7,0,0.175,0.825,17,2.125,167.7333333333248,0.20808866098752035,1,1,0,5,2,28,5,2,32,5,2,32,122.06666666655565,0.15143495161678164,4,11,3,0
base,20260712,1,0.12,0.45,0.2,0.18,3,30,9,778,284213856,3806812309,false,false,804.3666666665924,822.3666666665924,9,7,6,179,23,7,3,19,58,52,6,19,6,0,0.10344827586206896,0.896551724137931,22,2.75,167.7333333333248,0.20852844888318794,1,0,1,7,3,38,7,3,50,0,0,0,0,0,6,13,2,0
base,20260712,1,0.12,0.45,0.2,0.18,3,30,9,779,3667062529,2045259788,true,false,791.9666666666037,809.9666666666037,9,7,6,180,24,7,3,12,47,45,2,12,2,0,0.0425531914893617,0.9574468085106383,22,2.75,167.7333333333248,0.2117934256492337,1,1,0,6,3,39,6,3,43,6,3,43,114.09999999989623,0.14407172019012413,5,11,3,0
base,20260712,1,0.12,0.45,0.2,0.18,3,30,9,780,1809432821,677368294,false,false,835.7333333332306,853.7333333332306,9,7,6,179,24,7,3,5,42,38,4,5,4,0,0.09523809523809523,0.9047619047619048,18,2.25,167.7333333333248,0.2007019783025033,1,0,1,5,3,31,7,3,38,0,0,0,0,0,3,4,2,0
base,20260712,1,0.12,0.45,0.2,0.18,3,30,9,781,2916207062,1763298922,true,false,832.5333333332335,850.5333333332335,9,7,6,180,24,7,3,6,49,40,9,6,9,0,0.1836734693877551,0.8163265306122449,19,2.375,167.7333333333248,0.2014734144779127,1,1,0,6,3,31,6,3,37,7,3,39,149.46666666653073,0.17953235105687299,5,6,2,0
base,20260712,1,0.12,0.45,0.2,0.18,3,30,9,782,3342857797,3407299007,false,false,835.666666666564,853.666666666564,9,7,6,179,22,6,3,8,47,40,7,8,7,0,0.14893617021276595,0.851063829787234,16,2,167.7333333333248,0.20071798962905313,1,0,1,4,3,31,6,3,38,0,0,0,0,0,6,10,3,0
base,20260712,1,0.12,0.45,0.2,0.18,3,30,9,783,1315763576,2018296143,false,false,769.9333333332904,787.9333333332904,9,7,6,179,21,6,3,9,46,40,6,9,6,0,0.13043478260869565,0.8695652173913043,18,2.25,167.7333333333248,0.21785435968482225,1,0,1,5,3,34,6,3,40,0,0,0,0,0,5,7,2,0
base,20260712,1,0.12,0.45,0.2,0.18,3,30,9,784,2984691266,3608138582,false,false,796.6999999999327,814.6999999999327,9,7,6,179,24,7,3,10,47,44,3,10,3,0,0.06382978723404255,0.9361702127659575,19,2.375,167.7333333333248,0.21053512405339395,1,0,1,5,2,35,7,3,43,0,0,0,0,0,4,7,2,0
base,20260712,1,0.12,0.45,0.2,0.18,3,30,9,785,1922886851,2595674777,true,false,809.5666666665877,827.5666666665877,9,7,6,180,16,5,3,1,32,27,5,1,5,0,0.15625,0.84375,14,1.75,167.7333333333248,0.20718903116894777,1,1,0,4,3,21,5,3,26,5,3,26,149.43333333319742,0.1845843455344983,3,5,2,0
base,20260712,1,0.12,0.45,0.2,0.18,3,30,9,786,4249769369,2740655705,false,false,817.4666666665805,835.4666666665805,9,7,6,179,23,7,2,7,49,40,9,7,9,0,0.1836734693877551,0.8163265306122449,22,2.75,167.7333333333248,0.20518675583103385,1,0,1,7,2,33,7,2,40,0,0,0,0,0,2,3,3,0
base,20260712,1,0.12,0.45,0.2,0.18,3,30,9,787,603428489,87349890,false,false,815.4666666665823,833.4666666665823,9,7,6,179,26,8,3,9,52,45,7,9,7,0,0.1346153846153846,0.8653846153846154,20,2.5,167.7333333333248,0.20568999345978842,1,0,1,6,3,34,8,3,44,0,0,0,0,0,5,9,2,0
base,20260712,1,0.12,0.45,0.2,0.18,3,30,9,788,1072790962,2123998443,false,false,783.8666666666111,801.8666666666111,9,7,6,179,23,7,3,6,42,38,4,6,4,0,0.09523809523809523,0.9047619047619048,18,2.25,167.7333333333248,0.21398196972274625,1,0,1,6,3,25,7,3,37,0,0,0,0,0,5,14,3,0
base,20260712,1,0.12,0.45,0.2,0.18,3,30,9,789,1753173396,2052633756,false,false,825.0666666665736,843.0666666665736,9,7,6,179,26,8,3,15,56,51,5,15,5,0,0.08928571428571429,0.9107142857142857,22,2.75,167.7333333333248,0.20329670329671587,1,0,1,7,3,36,8,3,51,0,0,0,0,0,3,4,2,0
base,20260712,1,0.12,0.45,0.2,0.18,3,30,9,790,1347862802,310539259,false,false,831.9999999999006,849.9999999999006,9,7,6,179,25,8,3,5,42,38,4,5,4,0,0.09523809523809523,0.9047619047619048,19,2.375,167.7333333333248,0.2016025641025779,1,0,1,6,3,30,8,3,38,0,0,0,0,0,3,4,2,0
base,20260712,1,0.12,0.45,0.2,0.18,3,30,9,791,3596697317,2915874004,false,false,832.5333333332335,850.5333333332335,9,7,6,179,26,8,3,11,48,47,1,11,1,0,0.020833333333333332,0.9791666666666666,25,3.125,167.7333333333248,0.2014734144779127,1,0,1,8,3,40,8,3,47,0,0,0,0,0,5,10,2,0
base,20260712,1,0.12,0.45,0.2,0.18,3,30,9,792,1354059086,4240608767,false,false,825.0666666665736,843.0666666665736,9,7,6,179,20,6,2,7,46,37,9,7,9,0,0.1956521739130435,0.8043478260869565,16,2,167.7333333333248,0.20329670329671587,1,0,1,4,2,28,6,2,35,0,0,0,0,0,5,7,2,0
base,20260712,1,0.12,0.45,0.2,0.18,3,30,9,793,3748048276,1607255193,false,false,789.7666666666057,807.7666666666057,9,7,6,179,24,7,3,11,53,44,9,11,9,0,0.16981132075471697,0.8301886792452831,19,2.375,167.7333333333248,0.2123834043810464,1,0,1,5,3,31,7,3,44,0,0,0,0,0,5,8,3,0
base,20260712,1,0.12,0.45,0.2,0.18,3,30,9,794,1645012224,62008368,true,false,793.2333333332692,811.2333333332692,9,7,6,180,20,6,3,5,36,35,1,5,1,0,0.027777777777777776,0.9722222222222222,20,2.5,167.7333333333248,0.21145522544859227,1,1,0,6,3,29,6,3,34,6,3,34,108.03333333323508,0.13619363785339808,5,11,2,0
base,20260712,1,0.12,0.45,0.2,0.18,3,30,9,795,1683197166,3127082066,true,false,789.8999999999389,807.8999999999389,9,7,6,180,21,7,3,2,35,31,4,2,4,0,0.11428571428571428,0.8857142857142857,13,1.625,167.7333333333248,0.21234755454277474,1,1,0,4,3,21,5,3,28,5,3,29,119.09999999989168,0.15077857956690832,5,11,3,0
base,20260712,1,0.12,0.45,0.2,0.18,3,30,9,796,1201565558,341390561,true,false,795.7666666666003,813.7666666666003,9,7,6,180,19,6,3,3,36,31,5,3,5,0,0.1388888888888889,0.8611111111111112,14,1.75,167.7333333333248,0.21078205504126685,1,1,0,4,3,23,5,3,29,5,3,30,120.3999999998905,0.15130063251359344,5,10,2,0
base,20260712,1,0.12,0.45,0.2,0.18,3,30,9,797,3417487445,3021255383,false,false,834.9666666665646,852.9666666665646,9,7,6,179,25,8,3,13,56,48,8,13,8,0,0.14285714285714285,0.8571428571428571,23,2.875,167.7333333333248,0.20088626292468198,1,0,1,7,3,40,8,3,47,0,0,0,0,0,7,10,2,0
base,20260712,1,0.12,0.45,0.2,0.18,3,30,9,798,2046770008,2776031163,false,false,822.033333333243,840.033333333243,9,7,6,179,18,5,2,7,40,35,5,7,5,0,0.125,0.875,15,1.875,167.7333333333248,0.20404687563360352,1,0,1,4,2,27,5,2,32,0,0,0,0,0,3,5,2,0
base,20260712,1,0.12,0.45,0.2,0.18,3,30,9,799,721823856,3463009626,false,false,829.9666666665692,847.9666666665692,9,7,6,179,20,6,3,3,34,31,3,3,3,0,0.08823529411764706,0.9117647058823529,16,2,167.7333333333248,0.20209646973775391,1,0,1,4,3,25,6,3,31,0,0,0,0,0,5,11,2,0
base,20260712,1,0.12,0.45,0.2,0.18,3,30,9,800,165387183,3927769366,false,false,747.2333333333111,765.2333333333111,9,7,6,179,18,5,3,6,37,34,3,6,3,0,0.08108108108108109,0.918918918918919,17,2.125,167.7333333333248,0.22447249855020268,1,0,1,5,3,31,5,3,34,0,0,0,0,0,2,5,2,0
base,20260712,1,0.12,0.45,0.2,0.18,3,30,9,801,2974707878,1248245759,false,false,783.0999999999451,801.0999999999451,9,7,6,179,23,7,2,15,58,48,10,15,10,0,0.1724137931034483,0.8275862068965517,22,2.75,167.7333333333248,0.21419146128634473,1,0,1,7,2,37,7,2,46,0,0,0,0,0,6,13,3,0
base,20260712,1,0.12,0.45,0.2,0.18,3,30,9,802,104836340,1394170559,false,false,781.6333333332798,799.6333333332798,9,7,6,179,23,7,3,3,44,35,9,3,9,0,0.20454545454545456,0.7954545454545454,19,2.375,167.7333333333248,0.21459337285172453,1,0,1,5,3,29,7,3,34,0,0,0,0,0,3,5,2,0
base,20260712,1,0.12,0.45,0.2,0.18,3,30,9,803,1982845648,4184283518,false,false,830.0333333332358,848.0333333332358,9,7,6,179,22,6,2,12,48,44,4,12,4,0,0.08333333333333333,0.9166666666666666,18,2.25,167.7333333333248,0.20208023774146963,1,0,1,5,2,33,6,2,44,0,0,0,0,0,3,4,2,0
base,20260712,1,0.12,0.45,0.2,0.18,3,30,9,804,2716576660,471293196,false,false,842.2999999998913,860.2999999998913,9,7,6,179,25,7,3,12,56,47,9,12,9,0,0.16071428571428573,0.8392857142857143,24,3,167.7333333333248,0.1991372828366929,1,0,1,7,3,41,7,3,47,0,0,0,0,0,5,10,3,0
base,20260712,1,0.12,0.45,0.2,0.18,3,30,9,805,648812958,2888263221,false,false,830.3999999999021,848.3999999999021,9,7,6,179,25,7,3,14,54,49,5,14,5,0,0.09259259259259259,0.9074074074074074,20,2.5,167.7333333333248,0.2019910083494034,1,0,1,5,3,36,7,3,46,0,0,0,0,0,5,8,2,0
base,20260712,1,0.12,0.45,0.2,0.18,3,30,9,806,58153103,2691928363,false,false,760.7666666666321,778.7666666666321,9,7,6,179,28,9,3,11,53,47,6,11,6,0,0.11320754716981132,0.8867924528301887,21,2.625,167.7333333333248,0.2204793410156409,1,0,1,7,3,33,7,3,44,0,0,0,0,0,4,7,2,0
base,20260712,1,0.12,0.45,0.2,0.18,3,30,9,807,2442604449,682591649,false,false,831.9666666665673,849.9666666665673,9,7,6,179,25,8,3,16,53,49,4,16,4,0,0.07547169811320754,0.9245283018867925,21,2.625,167.7333333333248,0.20161064145199506,1,0,1,6,3,43,7,3,47,0,0,0,0,0,6,10,2,0
base,20260712,1,0.12,0.45,0.2,0.18,3,30,9,808,12059247,4109343833,false,false,797.2999999999322,815.2999999999322,9,7,6,179,30,9,3,13,60,53,7,13,7,0,0.11666666666666667,0.8833333333333333,23,2.875,167.7333333333248,0.21037668798863546,1,0,1,7,3,37,9,3,51,0,0,0,0,0,5,11,2,0
base,20260712,1,0.12,0.45,0.2,0.18,3,30,9,809,1117515245,445449948,false,false,787.0666666666082,805.0666666666082,9,7,6,179,26,8,3,8,46,43,3,8,3,0,0.06521739130434782,0.9347826086956522,22,2.75,167.7333333333248,0.21311197696087233,1,0,1,7,3,33,8,3,42,0,0,0,0,0,5,8,2,0
base,20260712,1,0.12,0.45,0.2,0.18,3,30,9,810,3324644424,3010352139,false,false,830.2999999999022,848.2999999999022,9,7,6,179,24,7,3,13,56,46,10,13,10,0,0.17857142857142858,0.8214285714285714,20,2.5,167.7333333333248,0.20201533582240702,1,0,1,6,3,39,7,3,45,0,0,0,0,0,5,8,2,0
base,20260712,1,0.12,0.45,0.2,0.18,3,30,9,811,2358361783,3026466951,true,false,803.6999999999264,821.6999999999264,9,7,6,180,23,7,3,6,46,39,7,6,7,0,0.15217391304347827,0.8478260869565217,19,2.375,167.7333333333248,0.20870142258720936,1,1,0,5,3,33,7,3,36,7,3,38,122.09999999988895,0.15192235908908813,5,11,3,0
base,20260712,1,0.12,0.45,0.2,0.18,3,30,9,812,4046434132,1052804434,true,false,780.4333333332809,798.4333333332809,9,7,6,180,17,5,3,5,34,32,2,5,2,0,0.058823529411764705,0.9411764705882353,14,1.75,167.7333333333248,0.2149233331909658,1,1,0,4,3,26,5,3,29,5,3,31,102.63333333323999,0.1315081365052495,6,14,1,0
base,20260712,1,0.12,0.45,0.2,0.18,3,30,9,813,1949936816,371756379,false,false,723.4333333333327,741.4333333333327,9,7,6,179,19,5,2,5,41,33,8,5,8,0,0.1951219512195122,0.8048780487804879,17,2.125,167.7333333333248,0.23185734691055376,1,0,1,5,2,26,5,2,32,0,0,0,0,0,5,7,2,0
base,20260712,1,0.12,0.45,0.2,0.18,3,30,9,814,1462474522,74605917,false,false,837.433333333229,855.433333333229,9,7,6,179,28,9,3,10,51,46,5,10,5,0,0.09803921568627451,0.9019607843137255,20,2.5,167.7333333333248,0.20029455081002948,1,0,1,6,3,32,8,3,45,0,0,0,0,0,6,7,3,0
base,20260712,1,0.12,0.45,0.2,0.18,3,30,9,815,27966155,776898047,false,false,775.1333333332857,793.1333333332857,9,7,6,179,23,7,3,4,41,35,6,4,6,0,0.14634146341463414,0.8536585365853658,16,2,167.7333333333248,0.21639287864453655,1,0,1,5,3,27,7,3,35,0,0,0,0,0,5,10,2,0
base,20260712,1,0.12,0.45,0.2,0.18,3,30,9,816,942355091,1332332344,true,false,808.3333333332555,826.3333333332555,9,7,6,180,20,7,3,0,35,29,6,0,6,0,0.17142857142857143,0.8285714285714286,16,2,167.7333333333248,0.20750515463918467,1,1,0,5,2,24,6,3,28,6,3,28,135.56666666654337,0.1677113402060492,5,10,1,0
base,20260712,1,0.12,0.45,0.2,0.18,3,30,9,817,87414034,3564059356,false,false,804.533333333259,822.533333333259,9,7,6,179,18,5,2,1,34,29,5,1,5,0,0.14705882352941177,0.8529411764705882,17,2.125,167.7333333333248,0.20848525024859998,1,0,1,5,2,26,5,2,29,0,0,0,0,0,2,5,2,0
base,20260712,1,0.12,0.45,0.2,0.18,3,30,9,818,3290590003,3836990541,false,false,828.4333333332372,846.4333333332372,9,7,6,179,26,8,3,14,55,50,5,14,5,0,0.09090909090909091,0.9090909090909091,21,2.625,167.7333333333248,0.20247052669699142,1,0,1,6,3,38,8,3,47,0,0,0,0,0,5,11,2,0
base,20260712,1,0.12,0.45,0.2,0.18,3,30,9,819,1982765469,3736259691,false,false,825.5333333332399,843.5333333332399,9,7,6,179,21,6,2,14,49,44,5,14,5,0,0.10204081632653061,0.8979591836734694,15,1.875,167.7333333333248,0.20318178147461494,1,0,1,4,2,31,6,2,42,0,0,0,0,0,6,10,2,0
base,20260712,1,0.12,0.45,0.2,0.18,3,30,9,820,1497376380,1298880230,true,false,832.1333333332338,850.1333333332338,9,7,6,180,11,3,2,2,27,23,4,2,4,0,0.14814814814814814,0.8518518518518519,10,1.25,167.7333333333248,0.2015702611761074,1,1,0,2,2,17,2,2,21,2,2,21,145.9999999998672,0.17545265181848022,5,8,2,0
base,20260712,1,0.12,0.45,0.2,0.18,3,30,9,821,3759938402,2903810479,false,false,754.3999999999712,772.3999999999712,9,7,6,179,24,7,3,15,54,49,5,15,5,0,0.09259259259259259,0.9074074074074074,24,3,167.7333333333248,0.22234004948744857,1,0,1,7,3,43,7,3,48,0,0,0,0,0,5,5,2,0
base,20260712,1,0.12,0.45,0.2,0.18,3,30,9,822,3809566379,3871925614,false,false,802.999999999927,820.999999999927,9,7,6,179,18,5,3,8,45,36,9,8,9,0,0.2,0.8,15,1.875,167.7333333333248,0.2088833540888419,1,0,1,4,3,28,5,3,36,0,0,0,0,0,3,5,3,0
base,20260712,1,0.12,0.45,0.2,0.18,3,30,9,823,1385997517,2626097015,false,false,808.6333333332552,826.6333333332552,9,7,6,179,22,6,3,13,56,45,11,13,11,0,0.19642857142857142,0.8035714285714286,20,2.5,167.7333333333248,0.20742817098809638,1,0,1,6,3,35,6,3,42,0,0,0,0,0,5,5,2,0
base,20260712,1,0.12,0.45,0.2,0.18,3,30,9,824,985599373,3430858962,false,false,773.4333333332872,791.4333333332872,9,7,6,179,25,8,3,15,59,50,9,15,9,0,0.15254237288135594,0.847457627118644,25,3.125,167.7333333333248,0.21686850838253863,1,0,1,8,3,41,8,3,48,0,0,0,0,0,5,5,3,0
base,20260712,1,0.12,0.45,0.2,0.18,3,30,9,825,3082067173,45968162,false,false,804.2666666665925,822.2666666665925,9,7,6,179,22,7,3,13,48,45,3,13,3,0,0.0625,0.9375,21,2.625,167.7333333333248,0.20855437665783355,1,0,1,7,3,37,7,3,45,0,0,0,0,0,3,5,2,0
base,20260712,1,0.12,0.45,0.2,0.18,3,30,9,826,4025883179,3754167728,false,false,779.3333333332819,797.3333333332819,9,7,6,179,22,7,3,6,47,36,11,6,11,0,0.23404255319148937,0.7659574468085106,16,2,167.7333333333248,0.21522668947818974,1,0,1,5,3,27,6,3,35,0,0,0,0,0,5,6,2,0
base,20260712,1,0.12,0.45,0.2,0.18,3,30,9,827,1715541228,3297340679,false,false,815.3666666665824,833.3666666665824,9,7,6,179,27,8,3,16,58,51,7,16,7,0,0.1206896551724138,0.8793103448275862,22,2.75,167.7333333333248,0.2057152201463662,1,0,1,6,3,42,8,3,51,0,0,0,0,0,3,4,2,0
base,20260712,1,0.12,0.45,0.2,0.18,3,30,9,828,3844560595,176149372,false,false,834.1999999998986,852.1999999998986,9,7,6,179,24,7,3,10,49,44,5,10,5,0,0.10204081632653061,0.8979591836734694,21,2.625,167.7333333333248,0.2010708862782848,1,0,1,6,3,37,7,3,42,0,0,0,0,0,5,14,2,0
base,20260712,1,0.12,0.45,0.2,0.18,3,30,9,829,3271948229,4022346680,true,false,780.7666666666139,798.7666666666139,9,7,6,180,22,6,3,7,42,39,3,7,3,0,0.07142857142857142,0.9285714285714286,21,2.625,167.7333333333248,0.21483157580156614,1,1,0,6,3,33,6,3,38,6,3,38,115.16666666656192,0.14750458950591688,5,6,3,0
base,20260712,1,0.12,0.45,0.2,0.18,3,30,9,830,2624342900,127338509,false,false,833.3666666665661,851.3666666665661,9,7,6,179,20,6,3,9,45,38,7,9,7,0,0.15555555555555556,0.8444444444444444,18,2.25,167.7333333333248,0.20127194912204918,1,0,1,5,3,31,6,3,37,0,0,0,0,0,6,8,3,0
base,20260712,1,0.12,0.45,0.2,0.18,3,30,9,831,3985384059,565086922,false,false,762.8666666666302,780.8666666666302,9,7,6,179,25,7,3,14,62,49,13,14,13,0,0.20967741935483872,0.7903225806451613,24,3,167.7333333333248,0.21987241108100955,1,0,1,7,3,43,7,3,49,0,0,0,0,0,3,7,2,0
base,20260712,1,0.12,0.45,0.2,0.18,3,30,9,832,2482119928,69857341,true,false,769.8333333332905,787.8333333332905,9,7,6,180,19,5,3,6,40,35,5,6,5,0,0.125,0.875,16,2,167.7333333333248,0.21788265858411013,1,1,0,4,3,24,5,3,30,5,3,33,95.33333333324663,0.12383632820946343,4,13,3,0
base,20260712,1,0.12,0.45,0.2,0.18,3,30,9,833,2192694530,2777936228,true,false,801.7333333332615,819.7333333332615,9,7,6,180,13,3,2,0,25,23,2,0,2,0,0.08,0.92,13,1.625,167.7333333333248,0.20921337102944432,1,1,0,3,2,22,3,2,22,3,2,23,121.4999999998895,0.15154664892719988,5,9,2,0
base,20260712,1,0.12,0.45,0.2,0.18,3,30,9,834,1589795174,3530633589,false,false,755.1666666666372,773.1666666666372,9,7,6,179,21,6,3,10,44,41,3,10,3,0,0.06818181818181818,0.9318181818181818,18,2.25,167.7333333333248,0.22211432354888283,1,0,1,5,3,34,6,3,41,0,0,0,0,0,6,11,2,0
base,20260712,1,0.12,0.45,0.2,0.18,3,30,9,835,3416270381,3528704129,false,false,804.4666666665923,822.4666666665923,9,7,6,179,22,7,3,2,37,32,5,2,5,0,0.13513513513513514,0.8648648648648649,16,2,167.7333333333248,0.20850252755449608,1,0,1,4,3,25,6,3,29,0,0,0,0,0,4,5,2,0
base,20260712,1,0.12,0.45,0.2,0.18,3,30,9,836,3501050568,3227339646,false,false,823.5333333332417,841.5333333332417,9,7,6,179,16,4,3,5,35,31,4,5,4,0,0.11428571428571428,0.8857142857142857,15,1.875,167.7333333333248,0.20367522059419996,1,0,1,4,3,26,4,3,31,0,0,0,0,0,3,5,2,0
base,20260712,1,0.12,0.45,0.2,0.18,3,30,9,837,3524456790,3230836280,false,false,805.966666666591,823.966666666591,9,7,6,179,26,8,3,11,54,46,8,11,8,0,0.14814814814814814,0.8518518518518519,22,2.75,167.7333333333248,0.20811447950701917,1,0,1,7,3,39,8,3,45,0,0,0,0,0,6,11,2,0
base,20260712,1,0.12,0.45,0.2,0.18,3,30,9,838,2311838443,1249213492,true,false,802.0999999999278,820.0999999999278,9,7,6,180,15,4,3,2,31,26,5,2,5,0,0.16129032258064516,0.8387096774193549,12,1.5,167.7333333333248,0.20911773261855116,1,1,0,3,3,23,4,3,25,4,3,25,123.43333333322107,0.15388771142405208,5,8,2,0
base,20260712,1,0.12,0.45,0.2,0.18,3,30,9,839,3752865056,153446230,false,false,837.9333333332286,855.9333333332286,9,7,6,179,27,8,3,10,50,47,3,10,3,0,0.06,0.94,20,2.5,167.7333333333248,0.20017503381336513,1,0,1,6,3,35,8,3,46,0,0,0,0,0,6,11,1,0
base,20260712,1,0.12,0.45,0.2,0.18,3,30,9,840,1725435643,3396898838,false,false,806.2666666665907,824.2666666665907,9,7,6,179,24,7,3,9,46,42,4,9,4,0,0.08695652173913043,0.9130434782608695,19,2.375,167.7333333333248,0.20803704316190746,1,0,1,5,2,31,7,3,41,0,0,0,0,0,3,5,2,0
base,20260712,1,0.12,0.45,0.2,0.18,3,30,9,841,1170427681,1648818902,false,false,827.6999999999045,845.6999999999045,9,7,6,179,22,6,3,11,45,42,3,11,3,0,0.06666666666666667,0.9333333333333333,19,2.375,167.7333333333248,0.20264991341469632,1,0,1,5,3,35,6,3,42,0,0,0,0,0,5,11,2,0
base,20260712,1,0.12,0.45,0.2,0.18,3,30,9,842,441300434,1223096451,false,false,818.2333333332465,836.2333333332465,9,7,6,179,24,7,3,10,44,43,1,10,1,0,0.022727272727272728,0.9772727272727273,22,2.75,167.7333333333248,0.2049945003462858,1,0,1,7,3,38,7,3,43,0,0,0,0,0,4,5,2,0
base,20260712,1,0.12,0.45,0.2,0.18,3,30,9,843,1133442957,3457156969,false,false,768.0666666666255,786.0666666666255,9,7,6,179,24,6,3,8,51,42,9,8,9,0,0.17647058823529413,0.8235294117647058,23,2.875,167.7333333333248,0.21838382084888525,1,0,1,6,3,37,6,3,41,0,0,0,0,0,4,7,3,0
base,20260712,1,0.12,0.45,0.2,0.18,3,30,9,844,856732729,28858934,true,false,803.1666666665935,821.1666666665935,9,7,6,180,24,7,3,7,44,41,3,7,3,0,0.06818181818181818,0.9318181818181818,19,2.375,167.7333333333248,0.20884000830048566,1,1,0,5,3,31,7,3,39,7,3,40,118.43333333322562,0.14745797883366227,5,13,2,0
base,20260712,1,0.12,0.45,0.2,0.18,3,30,9,845,4163806264,2100357660,true,false,796.1666666665999,814.1666666665999,9,7,6,180,19,6,3,1,32,29,3,1,3,0,0.09375,0.90625,16,2,167.7333333333248,0.21067615658363684,1,1,0,5,3,23,5,3,27,6,3,28,122.33333333322207,0.15365292024270336,5,8,1,0
base,20260712,1,0.12,0.45,0.2,0.18,3,30,9,846,200869486,31666031,false,false,820.0333333332449,838.0333333332449,9,7,6,179,24,7,3,12,53,46,7,12,7,0,0.1320754716981132,0.8679245283018868,21,2.625,167.7333333333248,0.2045445307101454,1,0,1,6,3,39,6,3,43,0,0,0,0,0,5,7,3,0
base,20260712,1,0.12,0.45,0.2,0.18,3,30,9,847,3132020252,1382526954,false,false,791.8999999999371,809.8999999999371,9,7,6,179,26,8,3,13,57,49,8,13,8,0,0.14035087719298245,0.8596491228070176,25,3.125,167.7333333333248,0.21181125562992564,1,0,1,8,3,41,8,3,48,0,0,0,0,0,4,5,3,0
base,20260712,1,0.12,0.45,0.2,0.18,3,30,9,848,717910893,1331310769,true,false,761.2666666666316,779.2666666666316,9,7,6,180,19,6,3,3,32,31,1,3,1,0,0.03125,0.96875,14,1.75,167.7333333333248,0.22033453016901547,1,1,0,4,3,23,6,3,30,6,3,30,80.86666666659312,0.1062264646640645,5,14,2,0
base,20260712,1,0.12,0.45,0.2,0.18,3,30,9,849,1013893243,2151947869,true,false,791.8666666666038,809.8666666666038,9,7,6,180,23,7,3,7,41,40,1,7,1,0,0.024390243902439025,0.975609756097561,19,2.375,167.7333333333248,0.21182017174609122,1,1,0,6,3,29,7,3,39,7,3,39,119.3333333332248,0.15069877083671612,5,6,2,0
base,20260712,1,0.12,0.45,0.2,0.18,3,30,9,850,1450922184,3119913132,false,false,805.3666666665915,823.3666666665915,9,7,6,179,23,7,2,12,48,43,5,12,5,0,0.10416666666666667,0.8958333333333334,20,2.5,167.7333333333248,0.20826952526800271,1,0,1,6,2,34,6,2,42,0,0,0,0,0,5,5,2,0
base,20260712,1,0.12,0.45,0.2,0.18,3,30,9,851,1069027656,3274080874,false,false,861.6999999998736,879.6999999998736,9,7,6,179,24,7,3,14,56,48,8,14,8,0,0.14285714285714285,0.8571428571428571,23,2.875,167.7333333333248,0.19465397856951305,1,0,1,7,3,41,7,3,47,0,0,0,0,0,6,8,2,0
base,20260712,1,0.12,0.45,0.2,0.18,3,30,9,852,4151226807,3871960415,false,false,838.6666666665612,856.6666666665612,9,7,6,179,21,6,3,5,38,34,4,5,4,0,0.10526315789473684,0.8947368421052632,14,1.75,167.7333333333248,0.20000000000001497,1,0,1,3,3,27,5,3,33,0,0,0,0,0,5,14,2,0
base,20260712,1,0.12,0.45,0.2,0.18,3,30,9,853,482510555,1435982020,false,false,771.3999999999558,789.3999999999558,9,7,6,179,22,6,3,10,47,42,5,10,5,0,0.10638297872340426,0.8936170212765957,18,2.25,167.7333333333248,0.21744015210440032,1,0,1,5,3,35,6,3,42,0,0,0,0,0,5,6,2,0
base,20260712,1,0.12,0.45,0.2,0.18,3,30,9,854,4132429736,315207633,false,false,800.6333333332625,818.6333333332625,9,7,6,179,21,6,2,28,63,59,4,28,4,0,0.06349206349206349,0.9365079365079365,20,2.5,167.7333333333248,0.20950081185728753,1,0,1,6,2,46,6,2,59,0,0,0,0,0,3,5,2,0
base,20260712,1,0.12,0.45,0.2,0.18,3,30,9,855,670842282,667744369,true,false,767.9666666666255,785.9666666666255,9,7,6,180,23,7,3,1,39,34,5,1,5,0,0.1282051282051282,0.8717948717948718,19,2.375,167.7333333333248,0.21841225747645354,1,1,0,6,3,28,7,3,33,7,3,33,86.69999999992115,0.11289552497928615,5,11,2,0
base,20260712,1,0.12,0.45,0.2,0.18,3,30,9,856,2967258999,2464263276,false,false,840.5333333332262,858.5333333332262,9,7,6,179,22,7,3,5,41,36,5,5,5,0,0.12195121951219512,0.8780487804878049,15,1.875,167.7333333333248,0.19955583756346704,1,0,1,4,3,24,7,3,35,0,0,0,0,0,5,12,1,0
base,20260712,1,0.12,0.45,0.2,0.18,3,30,9,857,2012736043,925442168,false,false,786.6333333332752,804.6333333332752,9,7,6,179,23,7,3,4,41,35,6,4,6,0,0.14634146341463414,0.8536585365853658,15,1.875,167.7333333333248,0.2132293741260272,1,0,1,4,3,24,7,3,34,0,0,0,0,0,6,8,2,0
base,20260712,1,0.12,0.45,0.2,0.18,3,30,9,858,2862593382,3596554863,true,false,840.7666666665593,858.7666666665593,9,7,6,180,18,5,1,5,42,33,9,5,9,0,0.21428571428571427,0.7857142857142857,15,1.875,167.7333333333248,0.19950045593309226,1,1,0,4,1,27,5,1,32,5,1,33,152.13333333319497,0.1809459620186509,5,10,3,0
base,20260712,1,0.12,0.45,0.2,0.18,3,30,9,859,1839509716,2054870884,false,false,750.7333333333079,768.7333333333079,9,7,6,179,18,5,3,9,44,37,7,9,7,0,0.1590909090909091,0.8409090909090909,17,2.125,167.7333333333248,0.223425983482813,1,0,1,5,3,29,5,3,37,0,0,0,0,0,3,4,2,0
base,20260712,1,0.12,0.45,0.2,0.18,3,30,9,860,2733196123,3247184895,false,false,833.4999999998993,851.4999999998993,9,7,6,179,24,7,3,8,47,42,5,8,5,0,0.10638297872340426,0.8936170212765957,21,2.625,167.7333333333248,0.20123975204960415,1,0,1,6,3,35,7,3,42,0,0,0,0,0,7,10,2,0
base,20260712,1,0.12,0.45,0.2,0.18,3,30,9,861,4290372359,884524213,false,false,758.2999999999677,776.2999999999677,9,7,6,179,24,7,3,15,53,49,4,15,4,0,0.07547169811320754,0.9245283018867925,23,2.875,167.7333333333248,0.2211965361114756,1,0,1,7,3,39,7,3,49,0,0,0,0,0,2,4,2,0
base,20260712,1,0.12,0.45,0.2,0.18,3,30,9,862,471420196,2223584728,false,false,813.1666666665844,831.1666666665844,9,7,6,179,21,6,3,1,38,32,6,1,6,0,0.15789473684210525,0.8421052631578947,15,1.875,167.7333333333248,0.20627177700349467,1,0,1,4,3,24,6,3,32,0,0,0,0,0,5,5,2,0
base,20260712,1,0.12,0.45,0.2,0.18,3,30,9,863,3330617429,2097501188,false,false,822.2666666665762,840.2666666665762,9,7,6,179,26,8,2,10,49,46,3,10,3,0,0.061224489795918366,0.9387755102040817,19,2.375,167.7333333333248,0.20398897356900833,1,0,1,5,2,34,8,2,45,0,0,0,0,0,3,5,3,0
base,20260712,1,0.12,0.45,0.2,0.18,3,30,9,864,3249695455,474980814,true,false,807.1999999999232,825.1999999999232,9,7,6,180,25,8,3,4,40,38,2,4,2,0,0.05,0.95,20,2.5,167.7333333333248,0.20779649818302867,1,1,0,6,3,30,7,3,37,7,3,37,121.79999999988922,0.15089197224962936,6,14,2,0
base,20260712,1,0.12,0.45,0.2,0.18,3,30,9,865,3628079851,76795565,false,false,832.7333333332333,850.7333333332333,9,7,6,179,24,7,3,11,57,45,12,11,12,0,0.21052631578947367,0.7894736842105263,22,2.75,167.7333333333248,0.20142502601874743,1,0,1,7,3,37,7,3,44,0,0,0,0,0,5,5,2,0
base,20260712,1,0.12,0.45,0.2,0.18,3,30,9,866,2242546994,815404418,false,false,825.6666666665731,843.6666666665731,9,7,6,179,27,8,3,8,49,43,6,8,6,0,0.12244897959183673,0.8775510204081632,20,2.5,167.7333333333248,0.20314897052887826,1,0,1,6,3,31,8,3,43,0,0,0,0,0,5,8,2,0
base,20260712,1,0.12,0.45,0.2,0.18,3,30,9,867,2961591531,655916180,false,false,834.6666666665649,852.6666666665649,9,7,6,179,26,7,2,11,56,47,9,11,9,0,0.16071428571428573,0.8392857142857143,19,2.375,167.7333333333248,0.2009584664536884,1,0,1,5,2,34,7,2,45,0,0,0,0,0,7,8,3,0
base,20260712,1,0.12,0.45,0.2,0.18,3,30,9,868,3650372979,1178418308,false,false,768.4999999999584,786.4999999999584,9,7,6,179,25,7,3,6,47,40,7,6,7,0,0.14893617021276595,0.851063829787234,21,2.625,167.7333333333248,0.2182606809802653,1,0,1,6,3,35,7,3,38,0,0,0,0,0,6,14,2,0
base,20260712,1,0.12,0.45,0.2,0.18,3,30,9,869,931402158,3323158415,false,false,821.1666666665772,839.1666666665772,9,7,6,179,25,7,3,11,47,44,3,11,3,0,0.06382978723404255,0.9361702127659575,20,2.5,167.7333333333248,0.20426222853664674,1,0,1,6,3,35,7,3,44,0,0,0,0,0,4,10,2,0
base,20260712,1,0.12,0.45,0.2,0.18,3,30,9,870,314278630,1671675124,false,false,819.3333333332455,837.3333333332455,9,7,6,179,26,8,3,13,59,49,10,13,10,0,0.1694915254237288,0.8305084745762712,22,2.75,167.7333333333248,0.20471928397071942,1,0,1,7,3,36,8,3,49,0,0,0,0,0,3,4,3,0
base,20260712,1,0.12,0.45,0.2,0.18,3,30,9,871,3467323994,1131744714,true,false,794.5999999999347,812.5999999999347,9,7,6,180,16,5,3,1,29,26,3,1,3,0,0.10344827586206896,0.896551724137931,11,1.375,167.7333333333248,0.21109153452471507,1,1,0,3,3,20,5,3,24,5,3,25,119.3999999998914,0.15026428391631164,5,8,1,0
base,20260712,1,0.12,0.45,0.2,0.18,3,30,9,872,956220800,486373091,false,false,815.0666666665827,833.0666666665827,9,7,6,179,18,5,3,0,33,27,6,0,6,0,0.18181818181818182,0.8181818181818182,12,1.5,167.7333333333248,0.20579093734664902,1,0,1,3,3,20,5,3,27,0,0,0,0,0,3,5,3,0
base,20260712,1,0.12,0.45,0.2,0.18,3,30,9,873,2252309232,3965898282,false,false,812.1666666665853,830.1666666665853,9,7,6,179,26,8,3,7,49,42,7,7,7,0,0.14285714285714285,0.8571428571428571,20,2.5,167.7333333333248,0.20652575415556115,1,0,1,6,3,34,8,3,42,0,0,0,0,0,4,7,2,0
base,20260712,1,0.12,0.45,0.2,0.18,3,30,9,874,1023824277,3756673096,false,false,793.6666666666022,811.6666666666022,9,7,6,179,24,7,3,7,44,41,3,7,3,0,0.06818181818181818,0.9318181818181818,21,2.625,167.7333333333248,0.21133977320454234,1,0,1,6,3,31,7,3,40,0,0,0,0,0,5,6,2,0
base,20260712,1,0.12,0.45,0.2,0.18,3,30,9,875,3684845288,1472852911,false,false,760.4666666666324,778.4666666666324,9,7,6,179,21,6,3,8,45,37,8,8,8,0,0.17777777777777778,0.8222222222222222,17,2.125,167.7333333333248,0.2205663189269734,1,0,1,4,3,32,6,3,37,0,0,0,0,0,3,7,2,0
base,20260712,1,0.12,0.45,0.2,0.18,3,30,9,876,2257786250,815857137,false,false,821.2333333332438,839.2333333332438,9,7,6,179,26,7,3,16,57,52,5,16,5,0,0.08771929824561403,0.9122807017543859,21,2.625,167.7333333333248,0.20424564679142318,1,0,1,6,3,32,7,3,49,0,0,0,0,0,6,10,3,0
base,20260712,1,0.12,0.45,0.2,0.18,3,30,9,877,1582753516,2379370547,false,false,802.8666666665938,820.8666666665938,9,7,6,179,28,8,3,6,50,43,7,6,7,0,0.14,0.86,19,2.375,167.7333333333248,0.20891804367683303,1,0,1,5,3,33,8,3,43,0,0,0,0,0,5,7,2,0
base,20260712,1,0.12,0.45,0.2,0.18,3,30,9,878,492355597,2727418408,false,false,783.1666666666117,801.1666666666117,9,7,6,179,26,7,3,14,56,50,6,14,6,0,0.10714285714285714,0.8928571428571429,22,2.75,167.7333333333248,0.21417322834646083,1,0,1,6,3,41,7,3,49,0,0,0,0,0,5,9,3,0
base,20260712,1,0.12,0.45,0.2,0.18,3,30,9,879,3964024349,2664315872,false,false,818.2666666665798,836.2666666665798,9,7,6,179,21,6,3,4,39,33,6,4,6,0,0.15384615384615385,0.8461538461538461,17,2.125,167.7333333333248,0.20498614958449887,1,0,1,5,3,26,6,3,33,0,0,0,0,0,3,5,2,0
base,20260712,1,0.12,0.45,0.2,0.18,3,30,9,880,1004972003,3344116559,false,false,776.933333333284,794.933333333284,9,7,6,179,24,7,3,3,42,37,5,3,5,0,0.11904761904761904,0.8809523809523809,23,2.875,167.7333333333248,0.21589153938562136,1,0,1,7,3,33,7,3,37,0,0,0,0,0,5,8,2,0
base,20260712,1,0.12,0.45,0.2,0.18,3,30,9,881,454136920,265778106,false,false,835.0666666665645,853.0666666665645,9,7,6,179,14,4,3,0,27,22,5,0,5,0,0.18518518518518517,0.8148148148148148,11,1.375,167.7333333333248,0.20086220661026502,1,0,1,3,2,17,4,3,21,0,0,0,0,0,4,13,2,0
base,20260712,1,0.12,0.45,0.2,0.18,3,30,9,882,1256329598,586362694,false,false,832.9666666665664,850.9666666665664,9,7,6,179,18,5,3,3,32,28,4,3,4,0,0.125,0.875,14,1.75,167.7333333333248,0.20136860218497538,1,0,1,4,2,25,4,2,27,0,0,0,0,0,5,11,3,0
base,20260712,1,0.12,0.45,0.2,0.18,3,30,9,883,3537023914,351334951,false,false,840.399999999893,858.399999999893,9,7,6,179,21,6,3,11,47,42,5,11,5,0,0.10638297872340426,0.8936170212765957,21,2.625,167.7333333333248,0.19958749801683265,1,0,1,6,3,33,6,3,40,0,0,0,0,0,5,14,2,0
base,20260712,1,0.12,0.45,0.2,0.18,3,30,9,884,2810103782,3880003851,false,false,830.833333333235,848.833333333235,9,7,6,179,20,6,3,7,38,37,1,7,1,0,0.02631578947368421,0.9736842105263158,20,2.5,167.7333333333248,0.20188565697092634,1,0,1,6,3,33,6,3,37,0,0,0,0,0,5,10,1,0
base,20260712,1,0.12,0.45,0.2,0.18,3,30,9,885,3875411731,2159143871,false,false,792.766666666603,810.766666666603,9,7,6,179,23,7,3,5,40,36,4,5,4,0,0.1,0.9,21,2.625,167.7333333333248,0.21157969978556734,1,0,1,6,3,32,7,3,36,0,0,0,0,0,5,14,2,0
base,20260712,1,0.12,0.45,0.2,0.18,3,30,9,886,3231784451,1160104300,false,false,845.2333333332219,863.2333333332219,9,7,6,179,27,8,3,13,54,49,5,13,5,0,0.09259259259259259,0.9074074074074074,22,2.75,167.7333333333248,0.19844618842924663,1,0,1,6,3,41,8,3,49,0,0,0,0,0,4,7,2,0
base,20260712,1,0.12,0.45,0.2,0.18,3,30,9,887,3714516358,1398947433,false,false,817.733333333247,835.733333333247,9,7,6,179,22,6,3,10,45,41,4,10,4,0,0.08888888888888889,0.9111111111111111,15,1.875,167.7333333333248,0.20511984346976503,1,0,1,4,3,28,6,3,38,0,0,0,0,0,4,11,2,0
base,20260712,1,0.12,0.45,0.2,0.18,3,30,9,888,186538002,3971664940,true,false,779.4333333332818,797.4333333332818,9,7,6,180,20,6,3,5,37,34,3,5,3,0,0.08108108108108109,0.918918918918919,15,1.875,167.7333333333248,0.2151990762519812,1,1,0,4,3,26,4,3,31,5,3,33,101.39999999990778,0.13009451310770365,5,9,2,0
base,20260712,1,0.12,0.45,0.2,0.18,3,30,9,889,1731160303,2224895412,false,false,780.4999999999475,798.4999999999475,9,7,6,179,19,6,3,0,33,28,5,0,5,0,0.15151515151515152,0.8484848484848485,12,1.5,167.7333333333248,0.21490497544309556,1,0,1,3,2,20,6,3,28,0,0,0,0,0,5,11,2,0
base,20260712,1,0.12,0.45,0.2,0.18,3,30,9,890,3978059364,1622789605,false,false,770.5333333332899,788.5333333332899,9,7,6,179,23,7,3,6,42,39,3,6,3,0,0.07142857142857142,0.9285714285714286,17,2.125,167.7333333333248,0.217684720539887,1,0,1,5,3,26,7,3,39,0,0,0,0,0,2,7,3,0
base,20260712,1,0.12,0.45,0.2,0.18,3,30,9,891,3688571001,1478679209,true,false,829.4666666665696,847.4666666665696,9,7,6,180,23,7,3,11,48,44,4,11,4,0,0.08333333333333333,0.9166666666666666,19,2.375,167.7333333333248,0.20221829287897172,1,1,0,5,3,35,7,3,43,7,3,43,159.66666666652145,0.1924931683007637,2,5,2,0
base,20260712,1,0.12,0.45,0.2,0.18,3,30,9,892,3007638644,3426144383,false,false,786.3333333332755,804.3333333332755,9,7,6,179,18,5,3,5,44,32,12,5,12,0,0.2727272727272727,0.7272727272727273,16,2,167.7333333333248,0.21331072488343,1,0,1,4,3,25,5,3,32,0,0,0,0,0,5,14,2,0
base,20260712,1,0.12,0.45,0.2,0.18,3,30,9,893,3824768980,921130409,true,false,788.5333333332735,806.5333333332735,9,7,6,180,18,6,3,0,31,27,4,0,4,0,0.12903225806451613,0.8709677419354839,16,2,167.7333333333248,0.21271559012513214,1,1,0,5,3,24,6,3,26,6,3,26,113.33333333323026,0.14372675008442534,4,11,1,0
base,20260712,1,0.12,0.45,0.2,0.18,3,30,9,894,3666819603,3407268388,false,false,781.3999999999467,799.3999999999467,9,7,6,179,21,6,3,8,43,39,4,8,4,0,0.09302325581395349,0.9069767441860465,14,1.75,167.7333333333248,0.21465745243580273,1,0,1,4,3,25,5,3,35,0,0,0,0,0,7,11,4,0
base,20260712,1,0.12,0.45,0.2,0.18,3,30,9,895,565282796,2491287435,true,false,812.2999999999186,830.2999999999186,9,7,6,180,23,7,3,13,48,46,2,13,2,0,0.041666666666666664,0.9583333333333334,21,2.625,167.7333333333248,0.2064918544051971,1,1,0,6,3,37,7,3,45,7,3,45,127.36666666655083,0.15679757068393893,6,11,2,0
base,20260712,1,0.12,0.45,0.2,0.18,3,30,9,896,1034986187,1489091593,false,false,771.0333333332894,789.0333333332894,9,7,6,179,19,5,3,11,44,40,4,11,4,0,0.09090909090909091,0.9090909090909091,17,2.125,167.7333333333248,0.21754355626648353,1,0,1,4,3,34,5,3,39,0,0,0,0,0,5,6,2,0
base,20260712,1,0.12,0.45,0.2,0.18,3,30,9,897,3094554290,2551589867,false,false,803.2999999999267,821.2999999999267,9,7,6,179,21,6,3,19,57,50,7,19,7,0,0.12280701754385964,0.8771929824561403,21,2.625,167.7333333333248,0.20880534462011713,1,0,1,6,3,39,6,3,50,0,0,0,0,0,5,5,2,0
base,20260712,1,0.12,0.45,0.2,0.18,3,30,9,898,2410296034,1986038675,false,false,805.1666666665917,823.1666666665917,9,7,6,179,18,5,3,2,32,28,4,2,4,0,0.125,0.875,12,1.5,167.7333333333248,0.20832125853861364,1,0,1,3,3,22,5,3,28,0,0,0,0,0,5,9,2,0
base,20260712,1,0.12,0.45,0.2,0.18,3,30,9,899,3664171361,797740433,false,false,846.7666666665539,864.7666666665539,9,7,6,179,30,10,3,15,63,55,8,15,8,0,0.12698412698412698,0.873015873015873,26,3.25,167.7333333333248,0.198086840137008,1,0,1,8,3,44,10,3,54,0,0,0,0,0,5,13,2,0
base,20260712,1,0.12,0.45,0.2,0.18,3,30,9,900,3057833667,2951685231,false,false,801.899999999928,819.899999999928,9,7,6,179,17,5,2,0,31,24,7,0,7,0,0.22580645161290322,0.7741935483870968,10,1.25,167.7333333333248,0.209169888182242,1,0,1,2,2,18,5,2,24,0,0,0,0,0,6,8,2,0
base,20260712,1,0.12,0.45,0.2,0.18,3,30,9,901,3764476056,1104664335,false,false,842.6666666665576,860.6666666665576,9,7,6,179,24,7,3,9,51,43,8,9,8,0,0.1568627450980392,0.8431372549019608,20,2.5,167.7333333333248,0.19905063291140804,1,0,1,5,3,33,7,3,42,0,0,0,0,0,5,11,3,0
base,20260712,1,0.12,0.45,0.2,0.18,3,30,9,902,3040325505,3846965674,false,false,769.8999999999571,787.8999999999571,9,7,6,179,25,8,3,8,49,43,6,8,6,0,0.12244897959183673,0.8775510204081632,19,2.375,167.7333333333248,0.2178637918344384,1,0,1,5,3,32,8,3,42,0,0,0,0,0,3,4,2,0
base,20260712,1,0.12,0.45,0.2,0.18,3,30,9,903,3506744145,3173909350,false,false,751.1333333333075,769.1333333333075,9,7,6,179,21,6,3,4,42,35,7,4,7,0,0.16666666666666666,0.8333333333333334,19,2.375,167.7333333333248,0.2233070027513942,1,0,1,6,3,28,6,3,34,0,0,0,0,0,3,7,2,0
base,20260712,1,0.12,0.45,0.2,0.18,3,30,9,904,2999006242,4226335763,false,false,830.499999999902,848.499999999902,9,7,6,179,24,7,3,9,47,43,4,9,4,0,0.0851063829787234,0.9148936170212766,21,2.625,167.7333333333248,0.2019666867349122,1,0,1,6,3,38,7,3,42,0,0,0,0,0,6,10,3,0
base,20260712,1,0.12,0.45,0.2,0.18,3,30,9,905,4047059182,1043503997,false,false,805.9999999999243,823.9999999999243,9,7,6,179,18,5,3,1,37,29,8,1,8,0,0.21621621621621623,0.7837837837837838,14,1.75,167.7333333333248,0.2081058726220106,1,0,1,4,3,24,5,3,29,0,0,0,0,0,3,7,2,0
base,20260712,1,0.12,0.45,0.2,0.18,3,30,9,906,3230344576,24500391,false,false,828.9333333332368,846.9333333332368,9,7,6,179,21,6,3,12,50,43,7,12,7,0,0.14,0.86,20,2.5,167.7333333333248,0.20234839954963527,1,0,1,6,3,36,6,3,42,0,0,0,0,0,4,14,2,0
base,20260712,1,0.12,0.45,0.2,0.18,3,30,9,907,3796108564,306858420,false,false,821.3999999999103,839.3999999999103,9,7,6,179,26,8,3,8,52,44,8,8,8,0,0.15384615384615385,0.8461538461538461,20,2.5,167.7333333333248,0.20420420420421612,1,0,1,6,3,33,8,3,43,0,0,0,0,0,6,11,4,0
base,20260712,1,0.12,0.45,0.2,0.18,3,30,9,908,3096250060,2490631564,true,false,801.133333333262,819.133333333262,9,7,6,180,18,5,3,4,37,32,5,4,5,0,0.13513513513513514,0.8648648648648649,14,1.75,167.7333333333248,0.20937005908297376,1,1,0,3,3,24,5,3,31,5,3,31,120.4333333332238,0.15032870100678353,5,9,2,0
base,20260712,1,0.12,0.45,0.2,0.18,3,30,9,909,644405032,2187483541,false,false,820.8666666665774,838.8666666665774,9,7,6,179,21,6,3,4,39,35,4,4,4,0,0.10256410256410256,0.8974358974358975,20,2.5,167.7333333333248,0.2043368797206323,1,0,1,6,3,31,6,3,35,0,0,0,0,0,5,14,2,0
base,20260712,1,0.12,0.45,0.2,0.18,3,30,9,910,3197065273,2949260950,false,false,814.8666666665829,832.8666666665829,9,7,6,179,21,6,2,10,44,41,3,10,3,0,0.06818181818181818,0.9318181818181818,18,2.25,167.7333333333248,0.2058414464534182,1,0,1,5,2,32,6,2,39,0,0,0,0,0,7,10,1,0
base,20260712,1,0.12,0.45,0.2,0.18,3,30,9,911,2776619879,2414410620,false,false,772.4999999999548,790.4999999999548,9,7,6,179,22,6,2,14,53,46,7,14,7,0,0.1320754716981132,0.8679245283018868,20,2.5,167.7333333333248,0.21713052858684093,1,0,1,6,2,37,6,2,44,0,0,0,0,0,5,11,2,0
base,20260712,1,0.12,0.45,0.2,0.18,3,30,9,912,1793074428,3251511099,false,false,831.0666666665682,849.0666666665682,9,7,6,179,17,4,2,10,44,36,8,10,8,0,0.18181818181818182,0.8181818181818182,16,2,167.7333333333248,0.2018289748115009,1,0,1,4,2,28,4,2,35,0,0,0,0,0,6,10,2,0
base,20260712,1,0.12,0.45,0.2,0.18,3,30,9,913,504352145,3667994689,false,false,791.5333333332708,809.5333333332708,9,7,6,179,31,9,3,24,73,65,8,24,8,0,0.1095890410958904,0.8904109589041096,27,3.375,167.7333333333248,0.2119093742103993,1,0,1,8,3,50,9,3,62,0,0,0,0,0,5,13,2,0
base,20260712,1,0.12,0.45,0.2,0.18,3,30,9,914,3065766968,1893731289,false,false,837.6333333332288,855.6333333332288,9,7,6,179,21,6,3,6,37,35,2,6,2,0,0.05405405405405406,0.9459459459459459,16,2,167.7333333333248,0.20024672688926626,1,0,1,4,3,28,5,3,33,0,0,0,0,0,5,11,2,0
base,20260712,1,0.12,0.45,0.2,0.18,3,30,9,915,1149341402,357686095,false,false,815.6999999999155,833.6999999999155,9,7,6,179,24,7,3,10,49,44,5,10,5,0,0.10204081632653061,0.8979591836734694,22,2.75,167.7333333333248,0.2056311552449947,1,0,1,6,3,36,7,3,42,0,0,0,0,0,4,5,2,0
base,20260712,1,0.12,0.45,0.2,0.18,3,30,9,916,3540731945,4204597720,false,false,778.3999999999494,796.3999999999494,9,7,6,179,24,7,3,13,54,45,9,13,9,0,0.16666666666666666,0.8333333333333334,21,2.625,167.7333333333248,0.2154847550531034,1,0,1,6,3,41,7,3,45,0,0,0,0,0,4,6,2,0
base,20260712,1,0.12,0.45,0.2,0.18,3,30,9,917,1193013337,1378761208,false,false,820.1666666665781,838.1666666665781,9,7,6,179,25,7,3,12,51,47,4,12,4,0,0.0784313725490196,0.9215686274509803,23,2.875,167.7333333333248,0.2045112781955004,1,0,1,7,3,34,7,3,47,0,0,0,0,0,5,5,2,0
base,20260712,1,0.12,0.45,0.2,0.18,3,30,9,918,3086951538,3707035004,true,false,799.7333333332633,817.7333333332633,9,7,6,180,24,7,3,14,54,46,8,14,8,0,0.14814814814814814,0.8518518518518519,22,2.75,167.7333333333248,0.20973657885962757,1,1,0,6,3,39,6,3,42,6,3,42,120.86666666655674,0.1511337112369548,4,6,2,0
base,20260712,1,0.12,0.45,0.2,0.18,3,30,9,919,59924655,3071167372,false,false,801.5999999999283,819.5999999999283,9,7,6,179,27,7,3,17,61,54,7,17,7,0,0.11475409836065574,0.8852459016393442,23,2.875,167.7333333333248,0.2092481703260227,1,0,1,6,3,39,7,3,53,0,0,0,0,0,6,13,3,0
base,20260712,1,0.12,0.45,0.2,0.18,3,30,9,920,1071924375,2659105351,false,false,837.433333333229,855.433333333229,9,7,6,179,26,8,3,16,58,52,6,16,6,0,0.10344827586206896,0.896551724137931,18,2.25,167.7333333333248,0.20029455081002948,1,0,1,5,3,30,8,3,51,0,0,0,0,0,4,6,3,0
base,20260712,1,0.12,0.45,0.2,0.18,3,30,9,921,2689210652,1496640871,true,false,823.9666666665746,841.9666666665746,9,7,6,180,19,6,3,8,48,37,11,8,11,0,0.22916666666666666,0.7708333333333334,19,2.375,167.7333333333248,0.20356810550589854,1,1,0,6,3,33,6,3,35,6,3,36,140.53333333320552,0.17055706136966045,5,10,2,0
base,20260712,1,0.12,0.45,0.2,0.18,3,30,9,922,821904855,4092422009,false,false,851.1666666665499,869.1666666665499,9,7,6,179,23,6,2,7,45,40,5,7,5,0,0.1111111111111111,0.8888888888888888,19,2.375,167.7333333333248,0.19706285490504932,1,0,1,5,2,29,6,2,40,0,0,0,0,0,5,7,2,0
base,20260712,1,0.12,0.45,0.2,0.18,3,30,9,923,1213368780,2345459639,false,false,768.899999999958,786.899999999958,9,7,6,179,23,7,3,12,53,45,8,12,8,0,0.1509433962264151,0.8490566037735849,23,2.875,167.7333333333248,0.21814713660207302,1,0,1,7,3,37,7,3,44,0,0,0,0,0,5,10,2,0
base,20260712,1,0.12,0.45,0.2,0.18,3,30,9,924,3124433466,2710460627,false,false,819.4666666665787,837.4666666665787,9,7,6,179,18,5,3,2,36,28,8,2,8,0,0.2222222222222222,0.7777777777777778,12,1.5,167.7333333333248,0.20468597461764904,1,0,1,3,3,20,5,3,28,0,0,0,0,0,2,5,2,0
base,20260712,1,0.12,0.45,0.2,0.18,3,30,9,925,2245915604,972488536,false,false,833.9333333332322,851.9333333332322,9,7,6,179,18,6,3,0,29,26,3,0,3,0,0.10344827586206896,0.896551724137931,16,2,167.7333333333248,0.20113518266849284,1,0,1,5,3,23,6,3,26,0,0,0,0,0,6,11,2,0
base,20260712,1,0.12,0.45,0.2,0.18,3,30,9,926,1466012397,4003162438,true,false,817.1333333332475,835.1333333332475,9,7,6,180,16,5,3,1,28,26,2,1,2,0,0.07142857142857142,0.9285714285714286,14,1.75,167.7333333333248,0.20527045769765329,1,1,0,4,3,21,4,3,24,4,3,25,133.86666666654492,0.16382475320211998,5,11,1,0
base,20260712,1,0.12,0.45,0.2,0.18,3,30,9,927,402262889,3515715558,false,false,786.7333333332751,804.7333333332751,9,7,6,179,22,6,3,6,43,38,5,6,5,0,0.11627906976744186,0.8837209302325582,17,2.125,167.7333333333248,0.21320227099398847,1,0,1,5,3,28,6,3,38,0,0,0,0,0,3,5,2,0
base,20260712,1,0.12,0.45,0.2,0.18,3,30,9,928,2602740465,1483003507,true,false,796.9333333332659,814.9333333332659,9,7,6,180,16,4,3,6,40,32,8,6,8,0,0.2,0.8,14,1.75,167.7333333333248,0.21047348167977956,1,1,0,4,3,23,4,3,31,4,3,31,117.66666666655965,0.1476493224024213,5,10,2,0
base,20260712,1,0.12,0.45,0.2,0.18,3,30,9,929,3284993541,868253878,false,false,829.6333333332361,847.6333333332361,9,7,6,179,26,8,3,11,49,46,3,11,3,0,0.061224489795918366,0.9387755102040817,21,2.625,167.7333333333248,0.20217766884970603,1,0,1,6,3,35,8,3,46,0,0,0,0,0,5,10,2,0
base,20260712,1,0.12,0.45,0.2,0.18,3,30,9,930,942700194,485714837,true,false,796.3666666665997,814.3666666665997,9,7,6,180,22,7,3,6,39,37,2,6,2,0,0.05128205128205128,0.9487179487179487,18,2.25,167.7333333333248,0.2106232472479246,1,1,0,5,3,27,6,3,36,6,3,36,116.19999999989432,0.1459126867856985,4,13,2,0
base,20260712,1,0.12,0.45,0.2,0.18,3,30,9,931,2520856085,296332017,false,false,757.8333333333014,775.8333333333014,9,7,6,179,17,5,2,7,40,32,8,7,8,0,0.2,0.8,15,1.875,167.7333333333248,0.22133274686606358,1,0,1,4,2,24,4,2,30,0,0,0,0,0,5,5,2,0
base,20260712,1,0.12,0.45,0.2,0.18,3,30,9,932,2486346287,978657743,true,false,781.6999999999464,799.6999999999464,9,7,6,180,24,8,3,5,46,39,7,5,7,0,0.15217391304347827,0.8478260869565217,22,2.75,167.7333333333248,0.21457507142552937,1,1,0,7,3,36,8,3,37,8,3,38,106.53333333323644,0.13628416698636786,5,11,3,0
base,20260712,1,0.12,0.45,0.2,0.18,3,30,9,933,3323974632,665002779,false,false,794.9999999999343,812.9999999999343,9,7,6,179,21,6,3,12,54,43,11,12,11,0,0.2037037037037037,0.7962962962962963,18,2.25,167.7333333333248,0.2109853249475958,1,0,1,5,3,35,6,3,43,0,0,0,0,0,3,7,2,0
base,20260712,1,0.12,0.45,0.2,0.18,3,30,9,934,272725077,2572975760,true,false,817.1999999999141,835.1999999999141,9,7,6,180,20,6,3,4,37,34,3,4,3,0,0.08108108108108109,0.918918918918919,16,2,167.7333333333248,0.2052537118616525,1,1,0,5,3,24,5,3,29,6,3,33,130.63333333321452,0.15985478870928568,5,11,3,0
base,20260712,1,0.12,0.45,0.2,0.18,3,30,9,935,1602680924,356929749,false,false,747.5333333333108,765.5333333333108,9,7,6,179,21,6,2,8,43,38,5,8,5,0,0.11627906976744186,0.8837209302325582,17,2.125,167.7333333333248,0.22438241327030659,1,0,1,4,2,32,6,2,38,0,0,0,0,0,3,4,2,0
base,20260712,1,0.12,0.45,0.2,0.18,3,30,9,936,2474483380,768412751,false,false,861.299999999874,879.299999999874,9,7,6,179,16,5,2,4,33,30,3,4,3,0,0.09090909090909091,0.9090909090909091,14,1.75,167.7333333333248,0.1947443786524432,1,0,1,4,2,24,5,2,27,0,0,0,0,0,6,11,2,0
base,20260712,1,0.12,0.45,0.2,0.18,3,30,9,937,2773434816,3623971566,true,false,795.5333333332671,813.5333333332671,9,7,6,180,19,6,3,4,43,33,10,4,10,0,0.23255813953488372,0.7674418604651163,16,2,167.7333333333248,0.21084387832063028,1,1,0,5,3,24,6,3,28,6,3,28,122.73333333322171,0.15427805245943843,5,8,3,0
base,20260712,1,0.12,0.45,0.2,0.18,3,30,9,938,175318380,1622806700,false,false,814.8999999999162,832.8999999999162,9,7,6,179,21,6,3,4,43,35,8,4,8,0,0.18604651162790697,0.813953488372093,21,2.625,167.7333333333248,0.2058330265472353,1,0,1,6,3,33,6,3,35,0,0,0,0,0,4,5,3,0
base,20260712,1,0.12,0.45,0.2,0.18,3,30,9,939,535835238,714751649,true,false,814.33333333325,832.33333333325,9,7,6,180,18,6,3,0,33,26,7,0,7,0,0.21212121212121213,0.7878787878787878,16,2,167.7333333333248,0.2059762586983323,1,1,0,5,3,23,6,3,26,6,3,26,148.1999999998652,0.18198935734737665,3,5,1,0
base,20260712,1,0.12,0.45,0.2,0.18,3,30,9,940,1739754714,530203535,false,false,825.5666666665732,843.5666666665732,9,7,6,179,26,8,3,8,51,44,7,8,7,0,0.13725490196078433,0.8627450980392157,24,3,167.7333333333248,0.20317357774459216,1,0,1,8,3,37,8,3,44,0,0,0,0,0,6,11,3,0
base,20260712,1,0.12,0.45,0.2,0.18,3,30,9,941,3618987659,3115410064,false,false,845.7999999998881,863.7999999998881,9,7,6,179,30,9,3,15,58,54,4,15,4,0,0.06896551724137931,0.9310344827586207,26,3.25,167.7333333333248,0.1983132340190908,1,0,1,8,3,44,9,3,53,0,0,0,0,0,6,8,2,0
base,20260712,1,0.12,0.45,0.2,0.18,3,30,9,942,2086536537,4205027581,false,false,769.0333333332912,787.0333333332912,9,7,6,179,26,8,3,13,57,49,8,13,8,0,0.14035087719298245,0.8596491228070176,21,2.625,167.7333333333248,0.21810931472411335,1,0,1,6,3,41,8,3,47,0,0,0,0,0,6,11,4,0
base,20260712,1,0.12,0.45,0.2,0.18,3,30,9,943,2662488750,2711068908,false,false,830.1999999999023,848.1999999999023,9,7,6,179,25,8,3,9,48,44,4,9,4,0,0.08333333333333333,0.9166666666666666,22,2.75,167.7333333333248,0.20203966915604016,1,0,1,7,3,34,8,3,44,0,0,0,0,0,6,7,2,0
base,20260712,1,0.12,0.45,0.2,0.18,3,30,9,944,3787713063,238302861,false,false,818.5333333332462,836.5333333332462,9,7,6,179,24,7,3,9,50,43,7,9,7,0,0.14,0.86,20,2.5,167.7333333333248,0.20491936797525165,1,0,1,5,3,34,7,3,42,0,0,0,0,0,6,10,2,0
base,20260712,1,0.12,0.45,0.2,0.18,3,30,9,945,3081263109,646658755,false,false,828.7333333332369,846.7333333332369,9,7,6,179,22,6,2,8,47,40,7,8,7,0,0.14893617021276595,0.851063829787234,19,2.375,167.7333333333248,0.20239723272465324,1,0,1,5,2,31,6,2,40,0,0,0,0,0,5,11,2,0
base,20260712,1,0.12,0.45,0.2,0.18,3,30,9,946,1441428547,653327865,false,false,828.9666666665701,846.9666666665701,9,7,6,179,19,6,3,5,37,34,3,5,3,0,0.08108108108108109,0.918918918918919,16,2,167.7333333333248,0.20234026297801802,1,0,1,5,3,27,6,3,34,0,0,0,0,0,7,14,2,0
base,20260712,1,0.12,0.45,0.2,0.18,3,30,9,947,1345279160,1679115596,false,false,778.0999999999497,796.0999999999497,9,7,6,179,22,7,3,7,43,37,6,7,6,0,0.13953488372093023,0.8604651162790697,16,2,167.7333333333248,0.21556783618215608,1,0,1,5,3,26,6,3,36,0,0,0,0,0,2,5,2,0
base,20260712,1,0.12,0.45,0.2,0.18,3,30,9,948,3578699072,3628247524,true,false,786.2666666666089,804.2666666666089,9,7,6,180,18,5,2,4,36,31,5,4,5,0,0.1388888888888889,0.8611111111111112,15,1.875,167.7333333333248,0.2133288112599675,1,1,0,4,2,24,4,2,29,5,2,30,105.83333333323708,0.13460234017285677,6,11,2,0
base,20260712,1,0.12,0.45,0.2,0.18,3,30,9,949,2433015263,2996708795,false,false,810.4999999999202,828.4999999999202,9,7,6,179,23,7,3,4,37,35,2,4,2,0,0.05405405405405406,0.9459459459459459,18,2.25,167.7333333333248,0.2069504421139313,1,0,1,5,3,30,7,3,35,0,0,0,0,0,4,7,1,0
base,20260712,1,0.12,0.45,0.2,0.18,3,30,9,950,445071897,2600849336,false,false,837.7999999998954,855.7999999998954,9,7,6,179,21,6,3,9,45,40,5,9,5,0,0.1111111111111111,0.8888888888888888,19,2.375,167.7333333333248,0.20020689106391232,1,0,1,5,3,29,6,3,39,0,0,0,0,0,6,13,2,0
base,20260712,1,0.12,0.45,0.2,0.18,3,30,9,951,589512613,1310431026,false,false,818.1333333332466,836.1333333332466,9,7,6,179,26,7,3,11,53,47,6,11,6,0,0.11320754716981132,0.8867924528301887,24,3,167.7333333333248,0.20501955671448327,1,0,1,7,3,39,7,3,47,0,0,0,0,0,3,5,2,0
base,20260712,1,0.12,0.45,0.2,0.18,3,30,9,952,2908303188,2258518151,false,false,810.1666666665872,828.1666666665872,9,7,6,179,24,7,3,7,46,40,6,7,6,0,0.13043478260869565,0.8695652173913043,20,2.5,167.7333333333248,0.20703558938491,1,0,1,6,3,33,7,3,40,0,0,0,0,0,3,5,2,0
base,20260712,1,0.12,0.45,0.2,0.18,3,30,9,953,3920574325,2292017706,false,false,826.1333333332393,844.1333333332393,9,7,6,179,25,8,3,9,51,43,8,9,8,0,0.1568627450980392,0.8431372549019608,20,2.5,167.7333333333248,0.20303421562299534,1,0,1,6,3,30,8,3,43,0,0,0,0,0,5,8,2,0
base,20260712,1,0.12,0.45,0.2,0.18,3,30,9,954,3413126657,3865241069,false,false,768.566666666625,786.566666666625,9,7,6,179,23,7,3,3,44,36,8,3,8,0,0.18181818181818182,0.8181818181818182,18,2.25,167.7333333333248,0.2182417487097201,1,0,1,5,3,28,7,3,34,0,0,0,0,0,6,8,2,0
base,20260712,1,0.12,0.45,0.2,0.18,3,30,9,955,2896586202,315623067,false,false,808.8666666665883,826.8666666665883,9,7,6,179,19,5,2,17,56,46,10,17,10,0,0.17857142857142858,0.8214285714285714,19,2.375,167.7333333333248,0.20736833429490772,1,0,1,5,2,38,5,2,46,0,0,0,0,0,3,5,4,0
base,20260712,1,0.12,0.45,0.2,0.18,3,30,9,956,3472520175,2309041618,false,false,818.399999999913,836.399999999913,9,7,6,179,23,7,3,6,46,37,9,6,9,0,0.1956521739130435,0.8043478260869565,18,2.25,167.7333333333248,0.20495275333986146,1,0,1,5,3,30,7,3,37,0,0,0,0,0,5,13,2,0
base,20260712,1,0.12,0.45,0.2,0.18,3,30,9,957,1095532579,1591727351,false,false,750.0999999999751,768.0999999999751,9,7,6,179,24,6,2,19,58,52,6,19,6,0,0.10344827586206896,0.896551724137931,23,2.875,167.7333333333248,0.22361462916055241,1,0,1,6,2,45,6,2,52,0,0,0,0,0,3,4,3,0
base,20260712,1,0.12,0.45,0.2,0.18,3,30,9,958,3188523528,13954226,false,false,826.6666666665722,844.6666666665722,9,7,6,179,26,7,3,7,46,43,3,7,3,0,0.06521739130434782,0.9347826086956522,20,2.5,167.7333333333248,0.20290322580646447,1,0,1,6,3,34,7,3,42,0,0,0,0,0,7,10,2,0
base,20260712,1,0.12,0.45,0.2,0.18,3,30,9,959,4261899638,3042559616,false,false,833.6333333332325,851.6333333332325,9,7,6,179,26,8,3,18,60,52,8,18,8,0,0.13333333333333333,0.8666666666666667,20,2.5,167.7333333333248,0.20120756527651457,1,0,1,6,3,39,8,3,51,0,0,0,0,0,5,8,2,0
base,20260712,1,0.12,0.45,0.2,0.18,3,30,9,960,1687083484,1980570914,false,false,825.3999999999066,843.3999999999066,9,7,6,179,26,8,3,8,50,44,6,8,6,0,0.12,0.88,23,2.875,167.7333333333248,0.20321460302077024,1,0,1,7,3,37,8,3,44,0,0,0,0,0,3,4,3,0
base,20260712,1,0.12,0.45,0.2,0.18,3,30,9,961,2287499379,678414123,false,false,825.4999999999065,843.4999999999065,9,7,6,179,18,5,2,7,37,35,2,7,2,0,0.05405405405405406,0.9459459459459459,18,2.25,167.7333333333248,0.20318998586716389,1,0,1,5,2,32,5,2,35,0,0,0,0,0,4,7,2,0
base,20260712,1,0.12,0.45,0.2,0.18,3,30,9,962,4258697595,686976379,false,false,829.3666666665697,847.3666666665697,9,7,6,179,31,10,3,16,67,56,11,16,11,0,0.16417910447761194,0.835820895522388,24,3,167.7333333333248,0.20224267513364946,1,0,1,7,2,39,10,3,56,0,0,0,0,0,5,8,4,0
base,20260712,1,0.12,0.45,0.2,0.18,3,30,9,963,462238887,744800442,true,false,794.6999999999346,812.6999999999346,9,7,6,180,21,7,3,0,31,29,2,0,2,0,0.06451612903225806,0.9354838709677419,15,1.875,167.7333333333248,0.21106497210688135,1,1,0,4,3,23,6,3,28,6,3,28,114.99999999989541,0.1447086951049514,5,11,2,0
base,20260712,1,0.12,0.45,0.2,0.18,3,30,9,964,120531426,611215294,true,false,847.766666666553,865.766666666553,9,7,6,180,21,6,3,6,43,36,7,6,7,0,0.16279069767441862,0.8372093023255814,18,2.25,167.7333333333248,0.19785318287266224,1,1,0,5,3,29,6,3,35,6,3,35,164.43333333318378,0.1939606023668531,6,6,2,0
base,20260712,1,0.12,0.45,0.2,0.18,3,30,9,965,2196722015,856401051,false,false,823.566666666575,841.566666666575,9,7,6,179,24,7,3,19,59,53,6,19,6,0,0.1016949152542373,0.8983050847457628,23,2.875,167.7333333333248,0.20366697697010175,1,0,1,7,3,44,7,3,53,0,0,0,0,0,5,6,2,0
base,20260712,1,0.12,0.45,0.2,0.18,3,30,9,966,1687691848,1824544692,false,false,816.4666666665814,834.4666666665814,9,7,6,179,27,8,3,13,55,50,5,13,5,0,0.09090909090909091,0.9090909090909091,25,3.125,167.7333333333248,0.20543806646526777,1,0,1,8,3,45,8,3,48,0,0,0,0,0,5,11,2,0
base,20260712,1,0.12,0.45,0.2,0.18,3,30,9,967,277546577,301367261,false,false,802.7999999999272,820.7999999999272,9,7,6,179,26,8,3,6,46,42,4,6,4,0,0.08695652173913043,0.9130434782608695,23,2.875,167.7333333333248,0.20893539279190335,1,0,1,7,3,35,8,3,42,0,0,0,0,0,5,5,2,0
base,20260712,1,0.12,0.45,0.2,0.18,3,30,9,968,2458585462,3677066272,false,false,790.4333333332718,808.4333333332718,9,7,6,179,25,7,2,21,69,56,13,21,13,0,0.18840579710144928,0.8115942028985508,22,2.75,167.7333333333248,0.21220427613545884,1,0,1,6,2,44,7,2,55,0,0,0,0,0,5,8,3,0
base,20260712,1,0.12,0.45,0.2,0.18,3,30,9,969,658956673,639051345,false,false,845.466666666555,863.466666666555,9,7,6,179,21,6,3,11,50,41,9,11,9,0,0.18,0.82,20,2.5,167.7333333333248,0.19839142091154424,1,0,1,6,3,35,6,3,40,0,0,0,0,0,5,7,3,0
base,20260712,1,0.12,0.45,0.2,0.18,3,30,9,970,1213978238,1111058557,false,false,813.3999999999176,831.3999999999176,9,7,6,179,25,8,3,18,60,53,7,18,7,0,0.11666666666666667,0.8833333333333333,22,2.75,167.7333333333248,0.20621260552414777,1,0,1,7,3,42,8,3,52,0,0,0,0,0,5,5,2,0
base,20260712,1,0.12,0.45,0.2,0.18,3,30,9,971,3809629347,1622747663,false,false,829.6666666665694,847.6666666665694,9,7,6,179,17,4,3,7,40,34,6,7,6,0,0.15,0.85,17,2.125,167.7333333333248,0.202169546002424,1,0,1,4,3,30,4,3,34,0,0,0,0,0,5,14,2,0
base,20260712,1,0.12,0.45,0.2,0.18,3,30,9,972,3376765198,2177055838,false,false,817.6666666665803,835.6666666665803,9,7,6,179,20,5,2,6,39,36,3,6,3,0,0.07692307692307693,0.9230769230769231,17,2.125,167.7333333333248,0.20513656746841724,1,0,1,5,2,27,5,2,35,0,0,0,0,0,5,10,3,0
base,20260712,1,0.12,0.45,0.2,0.18,3,30,9,973,1172418238,629219332,false,false,767.5999999999592,785.5999999999592,9,7,6,179,26,7,3,9,50,44,6,9,6,0,0.12,0.88,20,2.5,167.7333333333248,0.21851658850095584,1,0,1,6,3,32,7,3,44,0,0,0,0,0,6,8,2,0
base,20260712,1,0.12,0.45,0.2,0.18,3,30,9,974,3910719142,383489947,true,false,758.6999999999673,776.6999999999673,9,7,6,180,19,6,3,1,30,29,1,1,1,0,0.03333333333333333,0.9666666666666667,14,1.75,167.7333333333248,0.22107991740257285,1,1,0,4,3,23,6,3,27,6,3,28,79.63333333326091,0.10496023900522518,5,10,2,0
base,20260712,1,0.12,0.45,0.2,0.18,3,30,9,975,3966493012,2316709138,true,false,761.3999999999648,779.3999999999648,9,7,6,180,19,5,3,4,34,32,2,4,2,0,0.058823529411764705,0.9411764705882353,16,2,167.7333333333248,0.22029594606426653,1,1,0,4,3,25,5,3,31,5,3,31,87.13333333325409,0.11443831538384307,5,10,1,0
base,20260712,1,0.12,0.45,0.2,0.18,3,30,9,976,818227614,3004407232,false,false,798.599999999931,816.599999999931,9,7,6,179,29,8,3,13,55,52,3,13,3,0,0.05454545454545454,0.9454545454545454,26,3.25,167.7333333333248,0.21003422656315962,1,0,1,8,3,39,8,3,52,0,0,0,0,0,3,4,2,0
base,20260712,1,0.12,0.45,0.2,0.18,3,30,9,977,1461362866,2485410031,false,false,752.7999999999727,770.7999999999727,9,7,6,179,28,9,3,11,57,49,8,11,8,0,0.14035087719298245,0.8596491228070176,23,2.875,167.7333333333248,0.22281261069783592,1,0,1,7,3,41,9,3,48,0,0,0,0,0,4,4,2,0
base,20260712,1,0.12,0.45,0.2,0.18,3,30,9,978,3612420950,113636708,true,false,802.5666666665941,820.5666666665941,9,7,6,180,18,5,3,6,40,34,6,6,6,0,0.15,0.85,16,2,167.7333333333248,0.20899613739254055,1,1,0,5,3,29,5,3,33,5,3,33,122.19999999988886,0.15226149437209774,7,9,2,0
base,20260712,1,0.12,0.45,0.2,0.18,3,30,9,979,958016093,2276318793,false,false,832.1666666665672,850.1666666665672,9,7,6,179,25,8,3,7,42,40,2,7,2,0,0.047619047619047616,0.9523809523809523,19,2.375,167.7333333333248,0.2015621870619005,1,0,1,6,3,28,8,3,40,0,0,0,0,0,7,10,2,0
base,20260712,1,0.12,0.45,0.2,0.18,3,30,9,980,565551732,4270869137,false,false,786.1333333332757,804.1333333332757,9,7,6,179,27,8,3,12,54,48,6,12,6,0,0.1111111111111111,0.8888888888888888,25,3.125,167.7333333333248,0.21336499321574426,1,0,1,7,3,41,8,3,48,0,0,0,0,0,4,5,2,0
base,20260712,1,0.12,0.45,0.2,0.18,3,30,9,981,2873724877,371137481,true,false,787.3999999999412,805.3999999999412,9,7,6,180,19,5,3,6,39,35,4,6,4,0,0.10256410256410256,0.8974358974358975,15,1.875,167.7333333333248,0.21302175937685716,1,1,0,4,2,28,5,3,33,5,3,33,86.1999999999216,0.10947421894834651,5,11,2,0
base,20260712,1,0.12,0.45,0.2,0.18,3,30,9,982,1006145271,3758812595,false,false,850.7333333332169,868.7333333332169,9,7,6,179,26,8,3,13,52,48,4,13,4,0,0.07692307692307693,0.9230769230769231,21,2.625,167.7333333333248,0.19716323172166886,1,0,1,6,3,39,7,3,46,0,0,0,0,0,6,8,2,0
base,20260712,1,0.12,0.45,0.2,0.18,3,30,9,983,3419587441,193384334,false,false,830.7666666665684,848.7666666665684,9,7,6,179,23,7,3,8,46,41,5,8,5,0,0.10869565217391304,0.8913043478260869,20,2.5,167.7333333333248,0.2019018577217967,1,0,1,6,3,30,7,3,41,0,0,0,0,0,6,14,2,0
base,20260712,1,0.12,0.45,0.2,0.18,3,30,9,984,127526150,3698235621,false,false,836.0333333332303,854.0333333332303,9,7,6,179,27,9,3,8,54,45,9,8,9,0,0.16666666666666666,0.8333333333333334,22,2.75,167.7333333333248,0.2006299589330714,1,0,1,7,3,37,9,3,43,0,0,0,0,0,5,5,2,0
base,20260712,1,0.12,0.45,0.2,0.18,3,30,9,985,1956947084,916410653,false,false,836.1666666665635,854.1666666665635,9,7,6,179,24,7,3,17,58,51,7,17,7,0,0.1206896551724138,0.8793103448275862,21,2.625,167.7333333333248,0.20059796691251205,1,0,1,6,3,43,7,3,51,0,0,0,0,0,5,10,2,0
base,20260712,1,0.12,0.45,0.2,0.18,3,30,9,986,2914862651,3428820699,false,false,810.2333333332538,828.2333333332538,9,7,6,179,25,8,3,11,52,46,6,11,6,0,0.11538461538461539,0.8846153846153846,24,3,167.7333333333248,0.20701855432592414,1,0,1,8,3,39,8,3,45,0,0,0,0,0,4,5,2,0
base,20260712,1,0.12,0.45,0.2,0.18,3,30,9,987,635096783,2784133832,false,false,841.8999999998916,859.8999999998916,9,7,6,179,20,6,3,4,42,34,8,4,8,0,0.19047619047619047,0.8095238095238095,19,2.375,167.7333333333248,0.19923189610802516,1,0,1,6,3,31,6,3,33,0,0,0,0,0,6,8,3,0
base,20260712,1,0.12,0.45,0.2,0.18,3,30,9,988,4059015902,1973228943,false,false,848.1333333332193,866.1333333332193,9,7,6,179,24,7,3,9,48,43,5,9,5,0,0.10416666666666667,0.8958333333333334,23,2.875,167.7333333333248,0.19776764659646362,1,0,1,7,3,38,7,3,42,0,0,0,0,0,7,8,2,0
base,20260712,1,0.12,0.45,0.2,0.18,3,30,9,989,2918745987,2102025352,false,false,798.4999999999311,816.4999999999311,9,7,6,179,24,8,3,4,44,36,8,4,8,0,0.18181818181818182,0.8181818181818182,17,2.125,167.7333333333248,0.21006053016072543,1,0,1,5,3,25,7,3,35,0,0,0,0,0,3,7,2,0
base,20260712,1,0.12,0.45,0.2,0.18,3,30,9,990,3313379949,4109451914,false,false,832.6666666665667,850.6666666665667,9,7,6,179,18,5,3,3,36,31,5,3,5,0,0.1388888888888889,0.8611111111111112,17,2.125,167.7333333333248,0.2014411529223518,1,0,1,5,3,26,5,3,31,0,0,0,0,0,6,8,2,0
base,20260712,1,0.12,0.45,0.2,0.18,3,30,9,991,1676637696,296290578,false,false,764.6333333332952,782.6333333332952,9,7,6,179,22,7,3,4,44,36,8,4,8,0,0.18181818181818182,0.8181818181818182,18,2.25,167.7333333333248,0.21936440123806594,1,0,1,5,3,29,7,3,36,0,0,0,0,0,3,7,3,0
base,20260712,1,0.12,0.45,0.2,0.18,3,30,9,992,1714921302,1727649748,false,false,821.0999999999106,839.0999999999106,9,7,6,179,26,7,3,18,60,54,6,18,6,0,0.1,0.9,26,3.25,167.7333333333248,0.204278812974477,1,0,1,7,3,53,7,3,54,0,0,0,0,0,5,10,3,0
base,20260712,1,0.12,0.45,0.2,0.18,3,30,9,993,4173353121,2385002023,true,false,813.1999999999177,831.1999999999177,9,7,6,180,24,7,3,8,49,42,7,8,7,0,0.14285714285714285,0.8571428571428571,18,2.25,167.7333333333248,0.20626332185605234,1,1,0,5,3,30,7,3,40,7,3,41,123.36666666655447,0.15170519757325004,5,10,3,0
base,20260712,1,0.12,0.45,0.2,0.18,3,30,9,994,481502886,1614118035,true,false,765.3999999999612,783.3999999999612,9,7,6,180,25,7,3,19,57,53,4,19,4,0,0.07017543859649122,0.9298245614035088,21,2.625,167.7333333333248,0.21914467380890162,1,1,0,6,3,39,6,3,43,6,3,43,80.36666666659357,0.10499956449777587,5,8,5,0
base,20260712,1,0.12,0.45,0.2,0.18,3,30,9,995,3099379630,1056517541,false,false,782.7666666666121,800.7666666666121,9,7,6,179,26,7,3,12,50,48,2,12,2,0,0.04,0.96,24,3,167.7333333333248,0.2142826725716516,1,0,1,7,3,39,7,3,46,0,0,0,0,0,5,8,2,0
base,20260712,1,0.12,0.45,0.2,0.18,3,30,9,996,3686769458,3479322266,false,false,818.2666666665798,836.2666666665798,9,7,6,179,22,7,3,3,41,34,7,3,7,0,0.17073170731707318,0.8292682926829268,14,1.75,167.7333333333248,0.20498614958449887,1,0,1,4,3,22,7,3,34,0,0,0,0,0,3,5,2,0
base,20260712,1,0.12,0.45,0.2,0.18,3,30,9,997,1410639379,2654782746,false,false,814.6333333332498,832.6333333332498,9,7,6,179,27,8,3,12,55,49,6,12,6,0,0.10909090909090909,0.8909090909090909,24,3,167.7333333333248,0.20590040509023527,1,0,1,7,3,38,8,3,49,0,0,0,0,0,3,4,2,0
base,20260712,1,0.12,0.45,0.2,0.18,3,30,9,998,2623188868,3341151651,false,false,834.133333333232,852.133333333232,9,7,6,179,22,7,3,3,36,35,1,3,1,0,0.027777777777777776,0.9722222222222222,18,2.25,167.7333333333248,0.20108695652175332,1,0,1,6,3,27,7,3,35,0,0,0,0,0,5,11,1,0
base,20260712,1,0.12,0.45,0.2,0.18,3,30,9,999,1552928479,4286439448,true,false,797.6666666665985,815.6666666665985,9,7,6,180,17,5,3,8,42,35,7,8,7,0,0.16666666666666666,0.8333333333333334,15,1.875,167.7333333333248,0.21027998328458727,1,1,0,4,3,27,5,3,34,5,3,34,120.23333333322398,0.15073129962377885,5,10,2,0
base,20260712,1,0.12,0.45,0.2,0.18,3,30,9,1000,269680255,104826553,false,false,830.5333333332353,848.5333333332353,9,7,6,179,23,7,3,13,51,45,6,13,6,0,0.11764705882352941,0.8823529411764706,18,2.25,167.7333333333248,0.2019585808316077,1,0,1,5,3,32,7,3,45,0,0,0,0,0,6,11,3,0
base,20260712,1,0.12,0.45,0.2,0.18,3,30,9,1001,1950426969,2122144294,false,false,818.1666666665799,836.1666666665799,9,7,6,179,21,6,2,10,48,41,7,10,7,0,0.14583333333333334,0.8541666666666666,17,2.125,167.7333333333248,0.20501120391119484,1,0,1,5,2,31,6,2,40,0,0,0,0,0,5,6,3,0
base,20260712,1,0.12,0.45,0.2,0.18,3,30,9,1002,323712127,1393752954,false,false,763.5999999999628,781.5999999999628,9,7,6,179,16,4,2,3,36,29,7,3,7,0,0.19444444444444445,0.8055555555555556,14,1.75,167.7333333333248,0.21966125371049366,1,0,1,3,2,24,4,2,29,0,0,0,0,0,5,14,3,0
base,20260712,1,0.12,0.45,0.2,0.18,3,30,9,1003,3165395713,3197372681,false,false,824.8999999999071,842.8999999999071,9,7,6,179,28,8,3,11,56,48,8,11,8,0,0.14285714285714285,0.8571428571428571,23,2.875,167.7333333333248,0.20333777831657618,1,0,1,7,3,36,8,3,47,0,0,0,0,0,6,8,2,0
base,20260712,1,0.12,0.45,0.2,0.18,3,30,9,1004,3722055240,2805228360,false,false,811.8999999999189,829.8999999999189,9,7,6,179,25,7,3,13,53,48,5,13,5,0,0.09433962264150944,0.9056603773584906,22,2.75,167.7333333333248,0.20659358705917175,1,0,1,6,3,40,7,3,48,0,0,0,0,0,3,4,2,0
base,20260712,1,0.12,0.45,0.2,0.18,3,30,9,1005,1017605448,4174147395,true,false,807.5333333332562,825.5333333332562,9,7,6,180,24,7,3,9,51,42,9,9,9,0,0.17647058823529413,0.8235294117647058,18,2.25,167.7333333333248,0.20771072401552979,1,1,0,5,3,30,7,3,41,7,3,41,148.1999999998652,0.18352183604377037,2,5,3,0
base,20260712,1,0.12,0.45,0.2,0.18,3,30,9,1006,1461589554,700126599,false,false,814.5999999999165,832.5999999999165,9,7,6,179,23,6,2,16,52,48,4,16,4,0,0.07692307692307693,0.9230769230769231,22,2.75,167.7333333333248,0.20590883050987233,1,0,1,6,2,34,6,2,48,0,0,0,0,0,3,7,2,0
base,20260712,1,0.12,0.45,0.2,0.18,3,30,9,1007,3369353292,3140395852,false,false,837.0333333332294,855.0333333332294,9,7,6,179,24,7,3,11,50,45,5,11,5,0,0.1,0.9,20,2.5,167.7333333333248,0.2003902672135864,1,0,1,6,3,34,7,3,45,0,0,0,0,0,6,10,2,0
base,20260712,1,0.12,0.45,0.2,0.18,3,30,9,1008,51194020,3281695844,false,false,759.6666666666331,777.6666666666331,9,7,6,179,21,6,3,12,53,43,10,12,10,0,0.18867924528301888,0.8113207547169812,19,2.375,167.7333333333248,0.22079859587538245,1,0,1,6,3,32,6,3,42,0,0,0,0,0,3,4,2,0
base,20260712,1,0.12,0.45,0.2,0.18,3,30,9,1009,4131673846,787761916,true,false,798.0333333332649,816.0333333332649,9,7,6,180,18,5,3,0,30,27,3,0,3,0,0.1,0.9,14,1.75,167.7333333333248,0.2101833674449762,1,1,0,4,3,22,4,3,25,5,3,26,127.0333333332178,0.1591829915206909,5,9,2,0
base,20260712,1,0.12,0.45,0.2,0.18,3,30,9,1010,3293072552,946758833,false,false,767.466666666626,785.466666666626,9,7,6,179,22,7,3,3,38,35,3,3,3,0,0.07894736842105263,0.9210526315789473,18,2.25,167.7333333333248,0.2185545517720644,1,0,1,5,3,28,7,3,34,0,0,0,0,0,6,8,2,0
base,20260712,1,0.12,0.45,0.2,0.18,3,30,9,1011,2663502007,386356492,true,false,762.1999999999641,780.1999999999641,9,7,6,180,20,6,3,2,38,32,6,2,6,0,0.15789473684210525,0.8421052631578947,17,2.125,167.7333333333248,0.220064724919093,1,1,0,5,3,27,6,3,31,6,3,31,79.16666666659467,0.10386600192416477,6,8,2,0
base,20260712,1,0.12,0.45,0.2,0.18,3,30,9,1012,4224692755,2653808683,false,false,837.2333333332292,855.2333333332292,9,7,6,179,20,6,3,6,40,35,5,6,5,0,0.125,0.875,19,2.375,167.7333333333248,0.20034239757934347,1,0,1,6,3,30,6,3,35,0,0,0,0,0,6,13,2,0
base,20260712,1,0.12,0.45,0.2,0.18,3,30,9,1013,176653515,186042942,false,false,821.6666666665767,839.6666666665767,9,7,6,179,15,5,3,0,25,22,3,0,3,0,0.12,0.88,13,1.625,167.7333333333248,0.2041379310344947,1,0,1,4,3,20,4,3,21,0,0,0,0,0,5,14,2,0
base,20260712,1,0.12,0.45,0.2,0.18,3,30,9,1014,1091213574,3256916076,true,false,801.6333333332616,819.6333333332616,9,7,6,180,21,7,3,1,36,31,5,1,5,0,0.1388888888888889,0.8611111111111112,18,2.25,167.7333333333248,0.20923946941661584,1,1,0,6,3,26,7,3,30,7,3,30,124.43333333322016,0.15522474946970513,5,8,2,0
base,20260712,1,0.12,0.45,0.2,0.18,3,30,9,1015,1653624981,1396413615,false,false,781.9666666666128,799.9666666666128,9,7,6,179,23,7,2,8,42,39,3,8,3,0,0.07142857142857142,0.9285714285714286,18,2.25,167.7333333333248,0.21450189692655655,1,0,1,5,2,35,7,2,39,0,0,0,0,0,5,7,1,0
base,20260712,1,0.12,0.45,0.2,0.18,3,30,9,1016,2775543002,1043022369,false,false,828.0666666665709,846.0666666665709,9,7,6,179,25,8,3,8,52,43,9,8,9,0,0.17307692307692307,0.8269230769230769,22,2.75,167.7333333333248,0.2025601803397603,1,0,1,7,3,36,8,3,43,0,0,0,0,0,5,13,3,0
base,20260712,1,0.12,0.45,0.2,0.18,3,30,9,1017,1789204265,2291602340,false,false,757.9999999999679,775.9999999999679,9,7,6,179,16,4,3,3,35,29,6,3,6,0,0.17142857142857143,0.8285714285714286,13,1.625,167.7333333333248,0.22128408091468588,1,0,1,3,2,21,4,3,29,0,0,0,0,0,3,5,3,0
base,20260712,1,0.12,0.45,0.2,0.18,3,30,9,1018,1267733117,2059073604,false,false,831.7999999999008,849.7999999999008,9,7,6,179,20,6,2,16,48,46,2,16,2,0,0.041666666666666664,0.9583333333333334,20,2.5,167.7333333333248,0.2016510379097677,1,0,1,6,2,38,6,2,45,0,0,0,0,0,6,8,2,0
base,20260712,1,0.12,0.45,0.2,0.18,3,30,9,1019,1244356243,801210554,false,false,805.8333333332578,823.8333333332578,9,7,6,179,18,5,2,5,40,33,7,5,7,0,0.175,0.825,17,2.125,167.7333333333248,0.20814891416753736,1,0,1,5,2,26,5,2,33,0,0,0,0,0,6,8,2,0
base,20260712,1,0.12,0.45,0.2,0.18,3,30,9,1020,1837441118,3250628065,false,false,805.7333333332579,823.7333333332579,9,7,6,179,23,6,3,7,46,40,6,7,6,0,0.13043478260869565,0.8695652173913043,17,2.125,167.7333333333248,0.20817474764190863,1,0,1,5,3,28,6,3,39,0,0,0,0,0,5,11,2,0
base,20260712,1,0.12,0.45,0.2,0.18,3,30,9,1021,3731070425,4073488734,false,false,800.3333333332628,818.3333333332628,9,7,6,179,16,5,3,0,28,24,4,0,4,0,0.14285714285714285,0.8571428571428571,14,1.75,167.7333333333248,0.20957934194086578,1,0,1,4,3,22,5,3,24,0,0,0,0,0,3,5,2,0
base,20260712,1,0.12,0.45,0.2,0.18,3,30,9,1022,3945073189,3145441336,false,false,751.299999999974,769.299999999974,9,7,6,179,21,6,3,17,53,48,5,17,5,0,0.09433962264150944,0.9056603773584906,21,2.625,167.7333333333248,0.22325746483872033,1,0,1,6,3,38,6,3,48,0,0,0,0,0,3,4,2,0
base,20260712,1,0.12,0.45,0.2,0.18,3,30,9,1023,2403268479,94637372,false,false,798.1666666665981,816.1666666665981,9,7,6,179,24,7,3,7,43,40,3,7,3,0,0.06976744186046512,0.9302325581395349,21,2.625,167.7333333333248,0.21014825642097207,1,0,1,6,3,35,7,3,39,0,0,0,0,0,4,5,2,0
base,20260712,1,0.12,0.45,0.2,0.18,3,30,9,1024,2080191606,1010933978,false,false,821.7333333332433,839.7333333332433,9,7,6,179,20,6,3,4,39,32,7,4,7,0,0.1794871794871795,0.8205128205128205,16,2,167.7333333333248,0.20412136946293588,1,0,1,4,3,27,6,3,32,0,0,0,0,0,3,5,2,0
base,20260712,1,0.12,0.45,0.2,0.18,3,30,9,1025,173800117,3501957391,false,false,782.1999999999459,800.1999999999459,9,7,6,179,25,7,3,10,48,45,3,10,3,0,0.0625,0.9375,22,2.75,167.7333333333248,0.2144379101679064,1,0,1,6,3,35,7,3,44,0,0,0,0,0,3,4,2,0
base,20260712,1,0.12,0.45,0.2,0.18,3,30,9,1026,2164069321,1633973963,false,false,825.5333333332399,843.5333333332399,9,7,6,179,20,5,2,16,56,46,10,16,10,0,0.17857142857142858,0.8214285714285714,19,2.375,167.7333333333248,0.20318178147461494,1,0,1,5,2,35,5,2,45,0,0,0,0,0,4,5,2,0
base,20260712,1,0.12,0.45,0.2,0.18,3,30,9,1027,2964480438,688716603,false,false,780.999999999947,798.999999999947,9,7,6,179,23,7,3,4,41,37,4,4,4,0,0.0975609756097561,0.9024390243902439,20,2.5,167.7333333333248,0.2147673922321846,1,0,1,6,3,29,7,3,37,0,0,0,0,0,4,5,2,0
base,20260712,1,0.12,0.45,0.2,0.18,3,30,9,1028,2240114495,644320615,false,false,813.2999999999176,831.2999999999176,9,7,6,179,25,8,3,7,43,39,4,7,4,0,0.09302325581395349,0.9069767441860465,19,2.375,167.7333333333248,0.20623796057216498,1,0,1,5,3,34,8,3,39,0,0,0,0,0,3,4,2,0
base,20260712,1,0.12,0.45,0.2,0.18,3,30,9,1029,3866779460,1307717325,false,false,766.1999999999605,784.1999999999605,9,7,6,179,21,6,3,11,51,42,9,11,9,0,0.17647058823529413,0.8235294117647058,18,2.25,167.7333333333248,0.2189158618289395,1,0,1,5,3,33,6,3,42,0,0,0,0,0,3,5,2,0
base,20260712,1,0.12,0.45,0.2,0.18,3,30,9,1030,2977187818,1642069979,false,false,794.2999999999349,812.2999999999349,9,7,6,179,29,9,3,23,69,62,7,23,7,0,0.10144927536231885,0.8985507246376812,29,3.625,167.7333333333248,0.211171261907766,1,0,1,9,3,56,9,3,62,0,0,0,0,0,6,11,3,0
base,20260712,1,0.12,0.45,0.2,0.18,3,30,9,1031,2381657595,1589992726,false,false,814.0666666665836,832.0666666665836,9,7,6,179,23,7,3,9,48,40,8,9,8,0,0.16666666666666666,0.8333333333333334,18,2.25,167.7333333333248,0.2060437310621676,1,0,1,5,3,32,6,3,39,0,0,0,0,0,5,7,2,0
base,20260712,1,0.12,0.45,0.2,0.18,3,30,9,1032,2150985253,635922455,false,false,809.6333333332543,827.6333333332543,9,7,6,179,21,6,2,6,47,37,10,6,10,0,0.2127659574468085,0.7872340425531915,18,2.25,167.7333333333248,0.2071719708510122,1,0,1,5,2,31,6,2,37,0,0,0,0,0,5,5,3,0
base,20260712,1,0.12,0.45,0.2,0.18,3,30,9,1033,3047270878,1825879003,false,false,814.4999999999166,832.4999999999166,9,7,6,179,25,7,3,16,54,50,4,16,4,0,0.07407407407407407,0.9259259259259259,19,2.375,167.7333333333248,0.20593411090649721,1,0,1,5,3,41,7,3,50,0,0,0,0,0,3,5,2,0
base,20260712,1,0.12,0.45,0.2,0.18,3,30,9,1034,3605484470,3356782374,false,false,822.7333333332424,840.7333333332424,9,7,6,179,17,5,3,3,34,29,5,3,5,0,0.14705882352941177,0.8529411764705882,14,1.75,167.7333333333248,0.20387326796857225,1,0,1,4,3,24,5,3,29,0,0,0,0,0,5,11,2,0
base,20260712,1,0.12,0.45,0.2,0.18,3,30,9,1035,4244588478,3515451642,false,false,822.133333333243,840.133333333243,9,7,6,179,28,8,3,15,55,53,2,15,2,0,0.03636363636363636,0.9636363636363636,26,3.25,167.7333333333248,0.20402205643854593,1,0,1,8,3,42,8,3,52,0,0,0,0,0,4,6,2,0
base,20260712,1,0.12,0.45,0.2,0.18,3,30,9,1036,3177819701,968719234,false,false,767.9666666666255,785.9666666666255,9,7,6,179,20,6,3,14,53,44,9,14,9,0,0.16981132075471697,0.8301886792452831,20,2.5,167.7333333333248,0.21841225747645354,1,0,1,6,3,35,6,3,43,0,0,0,0,0,5,13,3,0
base,20260712,1,0.12,0.45,0.2,0.18,3,30,9,1037,965949637,1745754709,true,false,793.4999999999357,811.4999999999357,9,7,6,180,20,6,3,9,46,39,7,9,7,0,0.15217391304347827,0.8478260869565217,13,1.625,167.7333333333248,0.21138416299097465,1,1,0,3,3,25,6,3,34,6,3,35,108.73333333323444,0.13703003570667077,6,11,3,0
base,20260712,1,0.12,0.45,0.2,0.18,3,30,9,1038,3289839780,3943478713,false,false,751.3333333333073,769.3333333333073,9,7,6,179,23,7,3,12,52,45,7,12,7,0,0.1346153846153846,0.8653846153846154,19,2.375,167.7333333333248,0.223247559893519,1,0,1,5,3,37,7,3,45,0,0,0,0,0,2,4,2,0
base,20260712,1,0.12,0.45,0.2,0.18,3,30,9,1039,787684534,3871596814,true,false,800.3666666665961,818.3666666665961,9,7,6,180,21,6,3,1,35,31,4,1,4,0,0.11428571428571428,0.8857142857142857,15,1.875,167.7333333333248,0.2095706134688346,1,1,0,4,3,24,6,3,30,6,3,30,114.06666666656292,0.14251801257745156,5,13,2,0
base,20260712,1,0.12,0.45,0.2,0.18,3,30,9,1040,2058314458,2662885617,false,false,764.1999999999623,782.1999999999623,9,7,6,179,21,6,3,3,35,34,1,3,1,0,0.02857142857142857,0.9714285714285714,15,1.875,167.7333333333248,0.21948879002006422,1,0,1,4,3,24,6,3,34,0,0,0,0,0,3,6,3,0
base,20260712,1,0.12,0.45,0.2,0.18,3,30,9,1041,457564735,1306751984,false,false,833.3666666665661,851.3666666665661,9,7,6,179,22,7,3,1,42,33,9,1,9,0,0.21428571428571427,0.7857142857142857,17,2.125,167.7333333333248,0.20127194912204918,1,0,1,5,3,26,7,3,33,0,0,0,0,0,4,11,3,0
base,20260712,1,0.12,0.45,0.2,0.18,3,30,9,1042,3181315813,3733534074,false,false,762.9333333332968,780.9333333332968,9,7,6,179,24,7,3,10,46,43,3,10,3,0,0.06521739130434782,0.9347826086956522,20,2.5,167.7333333333248,0.21985319818245302,1,0,1,6,3,35,6,3,41,0,0,0,0,0,6,10,2,0
base,20260712,1,0.12,0.45,0.2,0.18,3,30,9,1043,124366119,1114143936,true,false,806.9999999999234,824.9999999999234,9,7,6,180,20,6,3,5,43,34,9,5,9,0,0.20930232558139536,0.7906976744186046,18,2.25,167.7333333333248,0.20784799669558948,1,1,0,5,3,27,6,3,33,6,3,33,148.1999999998652,0.18364312267643035,2,5,2,0
base,20260712,1,0.12,0.45,0.2,0.18,3,30,9,1044,636840880,2309328551,false,false,813.1999999999177,831.1999999999177,9,7,6,179,18,5,3,2,35,30,5,2,5,0,0.14285714285714285,0.8571428571428571,12,1.5,167.7333333333248,0.20626332185605234,1,0,1,3,3,21,5,3,30,0,0,0,0,0,3,5,3,0
base,20260712,1,0.12,0.45,0.2,0.18,3,30,9,1045,1936715493,2955459797,false,false,841.9999999998915,859.9999999998915,9,7,6,179,28,8,3,35,78,73,5,35,5,0,0.0641025641025641,0.9358974358974359,27,3.375,167.7333333333248,0.19920823436264418,1,0,1,8,3,52,8,3,71,0,0,0,0,0,4,10,3,0
base,20260712,1,0.12,0.45,0.2,0.18,3,30,9,1046,3318413565,1304386496,false,false,824.7999999999072,842.7999999999072,9,7,6,179,25,8,3,5,45,38,7,5,7,0,0.15555555555555556,0.8444444444444444,18,2.25,167.7333333333248,0.20336243129648846,1,0,1,5,3,30,7,3,36,0,0,0,0,0,6,8,3,0
base,20260712,1,0.12,0.45,0.2,0.18,3,30,9,1047,220656317,718978957,false,false,847.2999999998867,865.2999999998867,9,7,6,179,22,7,3,18,59,48,11,18,11,0,0.1864406779661017,0.8135593220338984,20,2.5,167.7333333333248,0.1979621542940484,1,0,1,6,3,36,6,3,45,0,0,0,0,0,6,10,3,0
base,20260712,1,0.12,0.45,0.2,0.18,3,30,9,1048,2481950108,263387270,true,false,762.4333333332972,780.4333333332972,9,7,6,180,23,6,3,5,44,38,6,5,6,0,0.13636363636363635,0.8636363636363636,17,2.125,167.7333333333248,0.21999737681983045,1,1,0,5,3,26,6,3,37,6,3,37,85.69999999992206,0.11240327023118014,4,11,4,0
base,20260712,1,0.12,0.45,0.2,0.18,3,30,9,1049,1783678295,2385162156,false,false,830.3333333332355,848.3333333332355,9,7,6,179,21,6,3,16,54,47,7,16,7,0,0.12962962962962962,0.8703703703703703,21,2.625,167.7333333333248,0.20200722601366267,1,0,1,6,3,40,6,3,46,0,0,0,0,0,5,11,3,0
base,20260712,1,0.12,0.45,0.2,0.18,3,30,9,1050,149455731,134912035,false,false,827.3666666665715,845.3666666665715,9,7,6,179,25,7,3,14,55,48,7,14,7,0,0.12727272727272726,0.8727272727272727,20,2.5,167.7333333333248,0.2027315579549705,1,0,1,6,3,38,7,3,46,0,0,0,0,0,7,14,3,0
base,20260712,1,0.12,0.45,0.2,0.18,3,30,9,1051,3271923921,39548055,false,false,757.5333333333017,775.5333333333017,9,7,6,179,25,7,3,11,50,45,5,11,5,0,0.1,0.9,21,2.625,167.7333333333248,0.22142039954237236,1,0,1,6,3,33,7,3,45,0,0,0,0,0,3,4,2,0
base,20260712,1,0.12,0.45,0.2,0.18,3,30,9,1052,1417406491,2239117986,false,false,816.0666666665818,834.0666666665818,9,7,6,179,23,7,3,7,44,39,5,7,5,0,0.11363636363636363,0.8863636363636364,22,2.75,167.7333333333248,0.2055387631729543,1,0,1,7,3,35,7,3,39,0,0,0,0,0,3,4,2,0
base,20260712,1,0.12,0.45,0.2,0.18,3,30,9,1053,3567932557,3435586071,false,false,811.9999999999188,829.9999999999188,9,7,6,179,21,6,2,12,44,41,3,12,3,0,0.06818181818181818,0.9318181818181818,19,2.375,167.7333333333248,0.20656814449918912,1,0,1,5,2,33,5,2,40,0,0,0,0,0,3,5,2,0
base,20260712,1,0.12,0.45,0.2,0.18,3,30,9,1054,2126074656,3768717102,false,false,843.3999999998903,861.3999999998903,9,7,6,179,19,6,3,2,31,28,3,2,3,0,0.0967741935483871,0.9032258064516129,15,1.875,167.7333333333248,0.19887755908625399,1,0,1,4,3,23,6,3,28,0,0,0,0,0,5,11,2,0
base,20260712,1,0.12,0.45,0.2,0.18,3,30,9,1055,361258585,3937834108,false,false,756.799999999969,774.799999999969,9,7,6,179,28,8,3,14,59,52,7,14,7,0,0.11864406779661017,0.8813559322033898,25,3.125,167.7333333333248,0.2216349541930915,1,0,1,7,3,40,8,3,51,0,0,0,0,0,3,5,2,0
base,20260712,1,0.12,0.45,0.2,0.18,3,30,9,1056,1479568159,3859567345,false,false,770.766666666623,788.766666666623,9,7,6,179,24,7,3,5,47,39,8,5,8,0,0.1702127659574468,0.8297872340425532,19,2.375,167.7333333333248,0.2176188210872304,1,0,1,5,3,30,7,3,39,0,0,0,0,0,3,4,2,0
base,20260712,1,0.12,0.45,0.2,0.18,3,30,9,1057,1678060935,2684758936,false,false,783.1333333332784,801.1333333332784,9,7,6,179,24,7,3,8,47,42,5,8,5,0,0.10638297872340426,0.8936170212765957,20,2.5,167.7333333333248,0.2141823444283688,1,0,1,6,3,33,7,3,42,0,0,0,0,0,3,4,2,0
base,20260712,1,0.12,0.45,0.2,0.18,3,30,9,1058,1328946719,582740662,false,false,792.43333333327,810.43333333327,9,7,6,179,26,8,3,15,62,51,11,15,11,0,0.1774193548387097,0.8225806451612904,21,2.625,167.7333333333248,0.21166869978547706,1,0,1,6,3,40,8,3,51,0,0,0,0,0,3,4,2,0
base,20260712,1,0.12,0.45,0.2,0.18,3,30,9,1059,503465089,611566426,false,false,855.6333333332125,873.6333333332125,9,7,6,179,23,7,3,8,47,41,6,8,6,0,0.1276595744680851,0.8723404255319149,19,2.375,167.7333333333248,0.19603412676771415,1,0,1,5,2,31,7,3,40,0,0,0,0,0,5,11,2,0
base,20260712,1,0.12,0.45,0.2,0.18,3,30,9,1060,3695434073,812589789,false,false,755.7666666666366,773.7666666666366,9,7,6,179,23,7,3,8,50,41,9,8,9,0,0.18,0.82,21,2.625,167.7333333333248,0.22193798791513888,1,0,1,6,3,34,7,3,41,0,0,0,0,0,6,5,3,0
base,20260712,1,0.12,0.45,0.2,0.18,3,30,9,1061,645586045,426811389,false,false,807.399999999923,825.399999999923,9,7,6,179,23,6,3,19,60,51,9,19,9,0,0.15,0.85,19,2.375,167.7333333333248,0.2077450251837265,1,0,1,5,3,37,6,3,50,0,0,0,0,0,6,8,3,0
base,20260712,1,0.12,0.45,0.2,0.18,3,30,9,1062,4127156665,3904426308,false,false,822.5999999999092,840.5999999999092,9,7,6,179,22,7,3,6,39,36,3,6,3,0,0.07692307692307693,0.9230769230769231,17,2.125,167.7333333333248,0.2039063133155158,1,0,1,5,3,28,7,3,36,0,0,0,0,0,5,11,2,0
base,20260712,1,0.12,0.45,0.2,0.18,3,30,9,1063,4094603968,2992880673,false,false,808.0333333332558,826.0333333332558,9,7,6,179,24,7,2,7,52,41,11,7,11,0,0.21153846153846154,0.7884615384615384,20,2.5,167.7333333333248,0.20758219545399229,1,0,1,6,2,31,7,2,40,0,0,0,0,0,3,5,2,0
base,20260712,1,0.12,0.45,0.2,0.18,3,30,9,1064,515314971,3039335306,false,false,793.0333333332694,811.0333333332694,9,7,6,179,25,7,3,12,52,47,5,12,5,0,0.09615384615384616,0.9038461538461539,23,2.875,167.7333333333248,0.21150855365474966,1,0,1,7,3,44,7,3,46,0,0,0,0,0,6,8,2,0
base,20260712,1,0.12,0.45,0.2,0.18,3,30,9,1065,2627986611,2873119751,false,false,779.6333333332816,797.6333333332816,9,7,6,179,16,4,2,1,32,27,5,1,5,0,0.15625,0.84375,13,1.625,167.7333333333248,0.21514387105049715,1,0,1,4,2,20,4,2,26,0,0,0,0,0,5,8,2,0
base,20260712,1,0.12,0.45,0.2,0.18,3,30,9,1066,2731521344,777373295,false,false,814.1999999999168,832.1999999999168,9,7,6,179,27,8,3,18,60,54,6,18,6,0,0.1,0.9,21,2.625,167.7333333333248,0.20600998935561524,1,0,1,6,3,32,8,3,51,0,0,0,0,0,7,14,2,0
base,20260712,1,0.12,0.45,0.2,0.18,3,30,9,1067,4222969020,1430022732,false,false,835.4999999998975,853.4999999998975,9,7,6,179,20,6,2,12,52,42,10,12,10,0,0.19230769230769232,0.8076923076923077,17,2.125,167.7333333333248,0.2007580291242913,1,0,1,5,1,33,6,2,39,0,0,0,0,0,5,11,3,0
base,20260712,1,0.12,0.45,0.2,0.18,3,30,9,1068,1997459543,2466184659,false,false,832.9666666665664,850.9666666665664,9,7,6,179,24,7,2,16,56,50,6,16,6,0,0.10714285714285714,0.8928571428571429,21,2.625,167.7333333333248,0.20136860218497538,1,0,1,6,2,39,7,2,49,0,0,0,0,0,5,10,2,0
base,20260712,1,0.12,0.45,0.2,0.18,3,30,9,1069,2059677226,1747399905,false,false,820.7666666665775,838.7666666665775,9,7,6,179,27,8,3,18,64,55,9,18,9,0,0.140625,0.859375,23,2.875,167.7333333333248,0.20436177557569307,1,0,1,7,3,41,8,3,54,0,0,0,0,0,5,5,3,0
base,20260712,1,0.12,0.45,0.2,0.18,3,30,9,1070,1815667476,2329579719,false,false,780.8666666666138,798.8666666666138,9,7,6,179,21,6,2,7,39,36,3,7,3,0,0.07692307692307693,0.9230769230769231,16,2,167.7333333333248,0.21480406386067125,1,0,1,4,2,28,5,2,35,0,0,0,0,0,6,8,1,0
base,20260712,1,0.12,0.45,0.2,0.18,3,30,9,1071,419109569,4282657238,false,false,805.4333333332581,823.4333333332581,9,7,6,179,15,4,3,1,28,25,3,1,3,0,0.10714285714285714,0.8928571428571429,13,1.625,167.7333333333248,0.2082522865538308,1,0,1,4,3,21,4,3,25,0,0,0,0,0,2,5,1,0
base,20260712,1,0.12,0.45,0.2,0.18,3,30,9,1072,1439090476,3703923917,false,false,796.4666666665996,814.4666666665996,9,7,6,179,17,5,3,0,27,25,2,0,2,0,0.07407407407407407,0.9259259259259259,14,1.75,167.7333333333248,0.21059680254457885,1,0,1,4,3,23,5,3,24,0,0,0,0,0,5,10,2,0
base,20260712,1,0.12,0.45,0.2,0.18,3,30,9,1073,3495545275,3873713785,false,false,756.6666666666358,774.6666666666358,9,7,6,179,26,8,3,11,51,47,4,11,4,0,0.0784313725490196,0.9215686274509803,26,3.25,167.7333333333248,0.22167400881057045,1,0,1,8,3,40,8,3,46,0,0,0,0,0,4,5,2,0
base,20260712,1,0.12,0.45,0.2,0.18,3,30,9,1074,2939685664,2324890623,false,false,846.7333333332206,864.7333333332206,9,7,6,179,23,6,3,7,47,40,7,7,7,0,0.14893617021276595,0.851063829787234,20,2.5,167.7333333333248,0.1980946382174795,1,0,1,6,3,32,6,3,40,0,0,0,0,0,4,10,3,0
base,20260712,1,0.12,0.45,0.2,0.18,3,30,9,1075,1843369099,2724076158,false,false,815.9666666665819,833.9666666665819,9,7,6,179,23,7,3,10,47,43,4,10,4,0,0.0851063829787234,0.9148936170212766,20,2.5,167.7333333333248,0.2055639527758596,1,0,1,6,3,38,7,3,43,0,0,0,0,0,3,5,2,0
base,20260712,1,0.12,0.45,0.2,0.18,3,30,9,1076,692760267,3793887307,false,false,776.6666666666176,794.6666666666176,9,7,6,179,27,8,3,5,48,42,6,5,6,0,0.125,0.875,22,2.75,167.7333333333248,0.21596566523605415,1,0,1,6,3,35,8,3,41,0,0,0,0,0,3,5,3,0
base,20260712,1,0.12,0.45,0.2,0.18,3,30,9,1077,1788159942,2887358901,true,false,797.8999999999317,815.8999999999317,9,7,6,180,21,7,3,3,36,33,3,3,3,0,0.08333333333333333,0.9166666666666666,14,1.75,167.7333333333248,0.21021849020345804,1,1,0,4,2,24,6,3,31,6,3,32,123.19999999988795,0.15440531394898924,5,8,2,0
base,20260712,1,0.12,0.45,0.2,0.18,3,30,9,1078,4004593307,2080696679,false,false,793.9333333332686,811.9333333332686,9,7,6,179,28,8,3,15,57,52,5,15,5,0,0.08771929824561403,0.9122807017543859,22,2.75,167.7333333333248,0.21126878831136764,1,0,1,6,3,41,8,3,52,0,0,0,0,0,4,5,3,0
base,20260712,1,0.12,0.45,0.2,0.18,3,30,9,1079,3754762567,675796274,false,false,825.9333333332395,843.9333333332395,9,7,6,179,13,4,3,0,27,21,6,0,6,0,0.2222222222222222,0.7777777777777778,12,1.5,167.7333333333248,0.20308338041812557,1,0,1,4,3,19,4,3,21,0,0,0,0,0,6,11,2,0
base,20260712,1,0.12,0.45,0.2,0.18,3,30,9,1080,3119013721,2942791146,false,false,830.1999999999023,848.1999999999023,9,7,6,179,23,7,3,7,43,40,3,7,3,0,0.06976744186046512,0.9302325581395349,21,2.625,167.7333333333248,0.20203966915604016,1,0,1,6,3,32,7,3,39,0,0,0,0,0,6,14,2,0
base,20260712,1,0.12,0.45,0.2,0.18,3,30,9,1081,2039167628,4187712939,false,false,797.833333333265,815.833333333265,9,7,6,179,21,6,3,13,53,44,9,13,9,0,0.16981132075471697,0.8301886792452831,21,2.625,167.7333333333248,0.21023605598496656,1,0,1,6,3,38,6,3,44,0,0,0,0,0,2,3,3,0
base,20260712,1,0.12,0.45,0.2,0.18,3,30,9,1082,1979494358,527498774,false,false,817.0666666665809,835.0666666665809,9,7,6,179,22,7,3,3,38,32,6,3,6,0,0.15789473684210525,0.8421052631578947,17,2.125,167.7333333333248,0.20528720626632962,1,0,1,5,3,27,7,3,32,0,0,0,0,0,3,5,1,0
base,20260712,1,0.12,0.45,0.2,0.18,3,30,9,1083,2162535159,104441580,false,false,792.7999999999363,810.7999999999363,9,7,6,179,27,8,3,13,55,49,6,13,6,0,0.10909090909090909,0.8909090909090909,22,2.75,167.7333333333248,0.21157080390178895,1,0,1,7,3,43,8,3,48,0,0,0,0,0,3,5,2,0
base,20260712,1,0.12,0.45,0.2,0.18,3,30,9,1084,1199214264,924731890,false,false,842.4999999998911,860.4999999998911,9,7,6,179,14,3,2,7,36,31,5,7,5,0,0.1388888888888889,0.8611111111111112,12,1.5,167.7333333333248,0.19909000989121242,1,0,1,3,2,24,3,2,31,0,0,0,0,0,5,5,2,0
base,20260712,1,0.12,0.45,0.2,0.18,3,30,9,1085,855026596,3818725998,true,false,789.7666666666057,807.7666666666057,9,7,6,180,24,8,3,16,54,49,5,16,5,0,0.09259259259259259,0.9074074074074074,22,2.75,167.7333333333248,0.2123834043810464,1,1,0,7,3,38,7,3,47,7,3,48,123.36666666655447,0.15620647448600514,5,8,2,0
base,20260712,1,0.12,0.45,0.2,0.18,3,30,9,1086,1370705087,2130372772,false,false,827.0666666665718,845.0666666665718,9,7,6,179,23,7,2,7,47,38,9,7,9,0,0.19148936170212766,0.8085106382978723,20,2.5,167.7333333333248,0.20280509430921817,1,0,1,6,2,31,6,2,37,0,0,0,0,0,5,5,3,0
base,20260712,1,0.12,0.45,0.2,0.18,3,30,9,1087,2419897925,786072911,true,false,806.8666666665902,824.8666666665902,9,7,6,180,21,6,3,1,39,32,7,1,7,0,0.1794871794871795,0.8205128205128205,16,2,167.7333333333248,0.2078823432206982,1,1,0,4,3,25,6,3,31,6,3,31,119.63333333322453,0.14826902420875304,6,11,3,0
base,20260712,1,0.12,0.45,0.2,0.18,3,30,9,1088,2776881787,3605921168,false,false,768.0666666666255,786.0666666666255,9,7,6,179,21,6,3,11,48,42,6,11,6,0,0.125,0.875,16,2,167.7333333333248,0.21838382084888525,1,0,1,4,3,29,6,3,40,0,0,0,0,0,5,8,2,0
base,20260712,1,0.12,0.45,0.2,0.18,3,30,9,1089,3075672514,3970257249,false,false,797.2333333332656,815.2333333332656,9,7,6,179,27,8,3,17,62,54,8,17,8,0,0.12903225806451613,0.8709677419354839,23,2.875,167.7333333333248,0.2103942802190982,1,0,1,7,3,40,8,3,52,0,0,0,0,0,4,6,3,0
base,20260712,1,0.12,0.45,0.2,0.18,3,30,9,1090,2973502315,4196187302,false,false,788.4333333332736,806.4333333332736,9,7,6,179,23,6,3,12,45,44,1,12,1,0,0.022222222222222223,0.9777777777777777,21,2.625,167.7333333333248,0.21274256965290345,1,0,1,6,3,41,6,3,44,0,0,0,0,0,5,14,2,0
base,20260712,1,0.12,0.45,0.2,0.18,3,30,9,1091,3024720023,375696264,false,false,820.9999999999106,838.9999999999106,9,7,6,179,23,6,3,14,53,46,7,14,7,0,0.1320754716981132,0.8679245283018868,22,2.75,167.7333333333248,0.20430369468129483,1,0,1,6,3,36,6,3,45,0,0,0,0,0,5,5,2,0
base,20260712,1,0.12,0.45,0.2,0.18,3,30,9,1092,2935561978,2485336287,true,false,795.0333333332676,813.0333333332676,9,7,6,180,25,8,3,12,47,45,2,12,2,0,0.0425531914893617,0.9574468085106383,23,2.875,167.7333333333248,0.21097647897363464,1,1,0,7,3,40,7,3,43,7,3,43,125.16666666655283,0.15743574692871978,5,10,2,0
base,20260712,1,0.12,0.45,0.2,0.18,3,30,9,1093,138812241,959058928,false,false,808.9666666665883,826.9666666665883,9,7,6,179,26,8,3,6,44,40,4,6,4,0,0.09090909090909091,0.9090909090909091,18,2.25,167.7333333333248,0.2073427005645157,1,0,1,6,3,27,8,3,40,0,0,0,0,0,3,5,3,0
base,20260712,1,0.12,0.45,0.2,0.18,3,30,9,1094,3010520166,883455602,false,false,831.5666666665677,849.5666666665677,9,7,6,179,23,7,3,14,53,47,6,14,6,0,0.11320754716981132,0.8867924528301887,21,2.625,167.7333333333248,0.20170762015474175,1,0,1,6,3,38,7,3,47,0,0,0,0,0,6,13,2,0
base,20260712,1,0.12,0.45,0.2,0.18,3,30,9,1095,4200500082,1465419485,false,false,813.1999999999177,831.1999999999177,9,7,6,179,18,5,3,7,42,35,7,7,7,0,0.16666666666666666,0.8333333333333334,16,2,167.7333333333248,0.20626332185605234,1,0,1,5,3,25,5,3,34,0,0,0,0,0,3,4,3,0
base,20260712,1,0.12,0.45,0.2,0.18,3,30,9,1096,3310456696,3038804901,true,false,809.1333333332548,827.1333333332548,9,7,6,180,24,7,3,12,49,45,4,12,4,0,0.08163265306122448,0.9183673469387755,21,2.625,167.7333333333248,0.2072999917607412,1,1,0,5,3,39,6,3,44,6,3,44,148.1999999998652,0.18315893548638,3,5,3,0
base,20260712,1,0.12,0.45,0.2,0.18,3,30,9,1097,49244587,113536693,true,false,800.1666666665963,818.1666666665963,9,7,6,180,23,6,3,13,50,45,5,13,5,0,0.1,0.9,21,2.625,167.7333333333248,0.20962299520933916,1,1,0,6,3,34,6,3,43,6,3,43,115.69999999989477,0.14459487606736715,5,11,2,0
base,20260712,1,0.12,0.45,0.2,0.18,3,30,9,1098,4000881526,3484405683,false,false,778.9333333332822,796.9333333332822,9,7,6,179,18,6,3,2,33,27,6,2,6,0,0.18181818181818182,0.8181818181818182,12,1.5,167.7333333333248,0.21533721328312538,1,0,1,3,3,20,6,3,27,0,0,0,0,0,5,14,2,0
base,20260712,1,0.12,0.45,0.2,0.18,3,30,9,1099,2895489755,2159039177,false,false,780.5333333332808,798.5333333332808,9,7,6,179,27,8,3,14,56,51,5,14,5,0,0.08928571428571429,0.9107142857142857,26,3.25,167.7333333333248,0.21489579774513506,1,0,1,8,3,43,8,3,50,0,0,0,0,0,6,11,2,0
base,20260712,1,0.12,0.45,0.2,0.18,3,30,9,1100,1610675420,3806209579,false,false,774.5999999999528,792.5999999999528,9,7,6,179,25,7,2,8,52,43,9,8,9,0,0.17307692307692307,0.8269230769230769,18,2.25,167.7333333333248,0.21654187107324427,1,0,1,5,2,33,7,2,40,0,0,0,0,0,7,8,2,0
base,20260712,1,0.12,0.45,0.2,0.18,3,30,9,1101,3254056612,2053218975,false,false,829.6999999999027,847.6999999999027,9,7,6,179,26,8,3,14,57,49,8,14,8,0,0.14035087719298245,0.8596491228070176,23,2.875,167.7333333333248,0.20216142380781543,1,0,1,7,3,39,8,3,49,0,0,0,0,0,5,13,2,0
base,20260712,1,0.12,0.45,0.2,0.18,3,30,9,1102,2319805245,2577852223,true,false,788.5999999999401,806.5999999999401,9,7,6,180,26,8,3,9,51,44,7,9,7,0,0.13725490196078433,0.8627450980392157,19,2.375,167.7333333333248,0.21269760757461012,1,1,0,5,3,30,7,3,39,7,3,43,122.83333333322162,0.15576126468834764,6,6,5,0
base,20260712,1,0.12,0.45,0.2,0.18,3,30,9,1103,2807649167,2789091750,false,false,833.2666666665662,851.2666666665662,9,7,6,179,25,7,3,12,54,47,7,12,7,0,0.12962962962962962,0.8703703703703703,23,2.875,167.7333333333248,0.2012961036883091,1,0,1,7,3,36,7,3,45,0,0,0,0,0,5,8,2,0
base,20260712,1,0.12,0.45,0.2,0.18,3,30,9,1104,2890782043,2519346073,true,false,773.5333333332871,791.5333333332871,9,7,6,180,20,6,3,4,41,33,8,4,8,0,0.1951219512195122,0.8048780487804879,18,2.25,167.7333333333248,0.21684047229165063,1,1,0,5,3,29,5,3,32,5,3,32,91.23333333325036,0.11794363526664113,6,14,3,0
base,20260712,1,0.12,0.45,0.2,0.18,3,30,9,1105,2308842475,1361478871,false,false,783.8999999999444,801.8999999999444,9,7,6,179,18,5,1,5,36,32,4,5,4,0,0.1111111111111111,0.8888888888888888,16,2,167.7333333333248,0.21397287068929288,1,0,1,4,1,27,5,1,32,0,0,0,0,0,4,5,2,0
base,20260712,1,0.12,0.45,0.2,0.18,3,30,9,1106,2310551829,260402370,true,false,806.3999999999239,824.3999999999239,9,7,6,180,20,6,3,8,41,37,4,8,4,0,0.0975609756097561,0.9024390243902439,16,2,167.7333333333248,0.20800264550265454,1,1,0,4,3,28,6,3,36,6,3,36,123.13333333322134,0.15269510581998136,6,8,3,0
base,20260712,1,0.12,0.45,0.2,0.18,3,30,9,1107,2648864961,2240545470,true,false,787.266666666608,805.266666666608,9,7,6,180,20,6,3,9,48,39,9,9,9,0,0.1875,0.8125,19,2.375,167.7333333333248,0.21305783724278596,1,1,0,6,3,33,6,3,38,6,3,38,113.63333333322998,0.14433906342607983,5,6,3,0
base,20260712,1,0.12,0.45,0.2,0.18,3,30,9,1108,2684841713,821943010,false,false,765.8333333332941,783.8333333332941,9,7,6,179,23,7,3,15,51,48,3,15,3,0,0.058823529411764705,0.9411764705882353,23,2.875,167.7333333333248,0.2190206746463548,1,0,1,7,3,39,7,3,48,0,0,0,0,0,3,7,2,0
base,20260712,1,0.12,0.45,0.2,0.18,3,30,9,1109,4195756781,1442262815,false,false,824.8666666665738,842.8666666665738,9,7,6,179,23,6,3,10,45,43,2,10,2,0,0.044444444444444446,0.9555555555555556,20,2.5,167.7333333333248,0.20334599531238626,1,0,1,5,3,37,6,3,43,0,0,0,0,0,3,5,2,0
base,20260712,1,0.12,0.45,0.2,0.18,3,30,9,1110,993065601,50175478,false,false,826.6999999999055,844.6999999999055,9,7,6,179,26,7,3,8,50,44,6,8,6,0,0.12,0.88,22,2.75,167.7333333333248,0.20289504455466792,1,0,1,6,3,36,7,3,44,0,0,0,0,0,6,11,2,0
base,20260712,1,0.12,0.45,0.2,0.18,3,30,9,1111,4127414121,2252338141,false,false,829.7666666665693,847.7666666665693,9,7,6,179,23,7,3,3,37,35,2,3,2,0,0.05405405405405406,0.9459459459459459,16,2,167.7333333333248,0.20214518137630394,1,0,1,4,3,25,7,3,35,0,0,0,0,0,5,14,3,0
base,20260712,1,0.12,0.45,0.2,0.18,3,30,9,1112,3712345840,1071615846,false,false,764.166666666629,782.166666666629,9,7,6,179,25,7,3,11,56,46,10,11,10,0,0.17857142857142858,0.8214285714285714,19,2.375,167.7333333333248,0.2194983642311883,1,0,1,5,3,34,7,3,45,0,0,0,0,0,5,9,2,0
base,20260712,1,0.12,0.45,0.2,0.18,3,30,9,1113,3938619071,2181371914,false,false,834.3333333332318,852.3333333332318,9,7,6,179,22,6,3,6,46,38,8,6,8,0,0.17391304347826086,0.8260869565217391,17,2.125,167.7333333333248,0.20103875349581926,1,0,1,4,3,30,6,3,38,0,0,0,0,0,5,11,2,0
base,20260712,1,0.12,0.45,0.2,0.18,3,30,9,1114,3912676143,3927890795,false,false,811.033333333253,829.033333333253,9,7,6,179,25,7,2,13,50,47,3,13,3,0,0.06,0.94,23,2.875,167.7333333333248,0.2068143520611665,1,0,1,7,2,39,7,2,47,0,0,0,0,0,4,5,2,0
base,20260712,1,0.12,0.45,0.2,0.18,3,30,9,1115,143565222,2548765959,true,false,764.3666666666288,782.3666666666288,9,7,6,180,21,7,3,5,38,35,3,5,3,0,0.07894736842105263,0.9210526315789473,17,2.125,167.7333333333248,0.21944093149012223,1,1,0,5,3,27,7,3,34,7,3,34,88.63333333325272,0.11595656534811885,5,11,2,0
base,20260712,1,0.12,0.45,0.2,0.18,3,30,9,1116,1369411771,550246169,false,false,819.3999999999121,837.3999999999121,9,7,6,179,18,5,3,5,36,32,4,5,4,0,0.1111111111111111,0.8888888888888888,16,2,167.7333333333248,0.204702627939154,1,0,1,4,3,30,5,3,32,0,0,0,0,0,5,11,2,0
base,20260712,1,0.12,0.45,0.2,0.18,3,30,9,1117,2063688694,497636197,true,false,764.1333333332957,782.1333333332957,9,7,6,180,16,4,3,0,31,26,5,0,5,0,0.16129032258064516,0.8387096774193549,12,1.5,167.7333333333248,0.2195079392776126,1,1,0,3,3,20,4,3,25,4,3,26,79.69999999992751,0.10430116908034999,5,13,2,0
base,20260712,1,0.12,0.45,0.2,0.18,3,30,9,1118,1876181631,3455129903,false,false,793.9333333332686,811.9333333332686,9,7,6,179,23,7,3,6,45,39,6,6,6,0,0.13333333333333333,0.8666666666666667,20,2.5,167.7333333333248,0.21126878831136764,1,0,1,6,3,32,7,3,38,0,0,0,0,0,7,7,2,0
base,20260712,1,0.12,0.45,0.2,0.18,3,30,9,1119,2117384234,1649566856,true,false,808.5666666665886,826.5666666665886,9,7,6,180,21,6,3,3,39,34,5,3,5,0,0.1282051282051282,0.8717948717948718,14,1.75,167.7333333333248,0.20744527352929998,1,1,0,4,2,23,6,3,33,6,3,33,122.5999999998885,0.15162633466615863,5,8,3,0
base,20260712,1,0.12,0.45,0.2,0.18,3,30,9,1120,2729360320,1856099162,false,false,747.4666666666442,765.4666666666442,9,7,6,179,21,6,3,9,44,40,4,9,4,0,0.09090909090909091,0.9090909090909091,18,2.25,167.7333333333248,0.224402425972168,1,0,1,5,3,30,6,3,39,0,0,0,0,0,3,6,2,0
base,20260712,1,0.12,0.45,0.2,0.18,3,30,9,1121,1681120552,2140968776,false,false,827.966666666571,845.966666666571,9,7,6,179,32,10,3,12,57,52,5,12,5,0,0.08771929824561403,0.9122807017543859,24,3,167.7333333333248,0.2025846451145507,1,0,1,7,3,38,9,3,51,0,0,0,0,0,5,7,2,0
base,20260712,1,0.12,0.45,0.2,0.18,3,30,9,1122,3191459997,1801988314,false,false,758.7333333333006,776.7333333333006,9,7,6,179,16,4,2,0,26,25,1,0,1,0,0.038461538461538464,0.9615384615384616,13,1.625,167.7333333333248,0.22107020472717515,1,0,1,3,2,21,4,2,25,0,0,0,0,0,3,5,2,0
base,20260712,1,0.12,0.45,0.2,0.18,3,30,9,1123,946104171,2255748603,false,false,762.9666666666301,780.9666666666301,9,7,6,179,21,6,3,9,45,40,5,9,5,0,0.1111111111111111,0.8888888888888888,19,2.375,167.7333333333248,0.21984359299226638,1,0,1,5,3,35,6,3,39,0,0,0,0,0,4,5,2,0
base,20260712,1,0.12,0.45,0.2,0.18,3,30,9,1124,368145703,1705254842,false,false,776.3666666666179,794.3666666666179,9,7,6,179,23,7,3,4,38,35,3,4,3,0,0.07894736842105263,0.9210526315789473,18,2.25,167.7333333333248,0.21604911768494525,1,0,1,5,3,28,6,3,34,0,0,0,0,0,5,8,3,0
base,20260712,1,0.12,0.45,0.2,0.18,3,30,9,1125,3717192045,4285030500,false,false,824.333333333241,842.333333333241,9,7,6,179,15,4,3,0,29,25,4,0,4,0,0.13793103448275862,0.8620689655172413,11,1.375,167.7333333333248,0.20347755762233352,1,0,1,3,3,18,4,3,25,0,0,0,0,0,6,8,1,0
base,20260712,1,0.12,0.45,0.2,0.18,3,30,9,1126,1190648014,2143818247,false,false,843.9666666665564,861.9666666665564,9,7,6,179,23,7,3,8,44,39,5,8,5,0,0.11363636363636363,0.8863636363636364,19,2.375,167.7333333333248,0.1987440262253802,1,0,1,5,3,32,6,3,38,0,0,0,0,0,6,6,2,0
base,20260712,1,0.12,0.45,0.2,0.18,3,30,9,1127,2152755312,4109502628,false,false,810.6666666665867,828.6666666665867,9,7,6,179,23,7,3,13,49,46,3,13,3,0,0.061224489795918366,0.9387755102040817,20,2.5,167.7333333333248,0.20690789473685198,1,0,1,6,3,36,7,3,43,0,0,0,0,0,6,5,2,0
base,20260712,1,0.12,0.45,0.2,0.18,3,30,9,1128,2660032779,4096933646,false,false,764.5999999999619,782.5999999999619,9,7,6,179,14,4,3,0,24,20,4,0,4,0,0.16666666666666666,0.8333333333333334,11,1.375,167.7333333333248,0.21937396460022646,1,0,1,3,2,17,4,3,19,0,0,0,0,0,4,6,2,0
base,20260712,1,0.12,0.45,0.2,0.18,3,30,9,1129,3648678354,2016360281,false,false,844.6333333332225,862.6333333332225,9,7,6,179,21,6,3,1,33,31,2,1,2,0,0.06060606060606061,0.9393939393939394,18,2.25,167.7333333333248,0.19858715813569613,1,0,1,5,3,26,6,3,31,0,0,0,0,0,6,14,2,0
base,20260712,1,0.12,0.45,0.2,0.18,3,30,9,1130,1681924219,4064372209,false,false,736.4999999999875,754.4999999999875,9,7,6,179,26,7,3,13,54,49,5,13,5,0,0.09259259259259259,0.9074074074074074,22,2.75,167.7333333333248,0.22774383344647336,1,0,1,6,3,35,7,3,48,0,0,0,0,0,2,4,2,0
base,20260712,1,0.12,0.45,0.2,0.18,3,30,9,1131,1871168547,1953258638,false,false,798.4333333332645,816.4333333332645,9,7,6,179,28,9,3,10,52,47,5,10,5,0,0.09615384615384616,0.9038461538461539,25,3.125,167.7333333333248,0.2100780695528818,1,0,1,8,3,40,9,3,47,0,0,0,0,0,2,4,2,0
base,20260712,1,0.12,0.45,0.2,0.18,3,30,9,1132,3944917221,2507682743,false,false,767.9999999999588,785.9999999999588,9,7,6,179,21,6,3,15,58,46,12,15,12,0,0.20689655172413793,0.7931034482758621,18,2.25,167.7333333333248,0.21840277777777836,1,0,1,5,3,39,6,3,46,0,0,0,0,0,3,4,2,0
base,20260712,1,0.12,0.45,0.2,0.18,3,30,9,1133,3508545245,4209975344,false,false,787.6666666666076,805.6666666666076,9,7,6,179,22,6,3,4,42,36,6,4,6,0,0.14285714285714285,0.8571428571428571,20,2.5,167.7333333333248,0.2129496402877749,1,0,1,6,3,30,6,3,36,0,0,0,0,0,5,8,2,0
base,20260712,1,0.12,0.45,0.2,0.18,3,30,9,1134,3470724073,1141440628,false,false,831.933333333234,849.933333333234,9,7,6,179,22,7,2,11,47,41,6,11,6,0,0.1276595744680851,0.8723404255319149,15,1.875,167.7333333333248,0.20161871944868756,1,0,1,4,1,30,7,2,41,0,0,0,0,0,5,11,2,0
base,20260712,1,0.12,0.45,0.2,0.18,3,30,9,1135,4245119391,2085711400,true,false,751.4333333333072,769.4333333333072,9,7,6,180,24,8,3,10,45,42,3,10,3,0,0.06666666666666667,0.9333333333333333,19,2.375,167.7333333333248,0.22321785033047592,1,1,0,5,3,30,7,3,41,7,3,41,74.59999999993215,0.09927693740842133,6,11,2,0
base,20260712,1,0.12,0.45,0.2,0.18,3,30,9,1136,124506456,33353713,false,false,786.933333333275,804.933333333275,9,7,6,179,24,7,3,4,43,38,5,4,5,0,0.11627906976744186,0.8837209302325582,19,2.375,167.7333333333248,0.21314808539478639,1,0,1,5,2,29,7,3,36,0,0,0,0,0,4,5,2,0
base,20260712,1,0.12,0.45,0.2,0.18,3,30,9,1137,2351026099,1253029056,false,false,814.7999999999163,832.7999999999163,9,7,6,179,21,6,3,4,42,35,7,4,7,0,0.16666666666666666,0.8333333333333334,18,2.25,167.7333333333248,0.2058582883325258,1,0,1,5,3,29,6,3,34,0,0,0,0,0,5,8,3,0
base,20260712,1,0.12,0.45,0.2,0.18,3,30,9,1138,638933992,730599008,false,false,785.9999999999425,803.9999999999425,9,7,6,179,25,7,3,9,47,44,3,9,3,0,0.06382978723404255,0.9361702127659575,21,2.625,167.7333333333248,0.21340118744699374,1,0,1,6,3,35,7,3,42,0,0,0,0,0,7,10,2,0
base,20260712,1,0.12,0.45,0.2,0.18,3,30,9,1139,945879439,526909101,false,false,774.1333333332866,792.1333333332866,9,7,6,179,18,5,3,1,32,29,3,1,3,0,0.09375,0.90625,17,2.125,167.7333333333248,0.21667240785394623,1,0,1,5,3,25,5,3,29,0,0,0,0,0,5,5,2,0
base,20260712,1,0.12,0.45,0.2,0.18,3,30,9,1140,3960954239,3187264026,false,false,812.233333333252,830.233333333252,9,7,6,179,24,7,2,26,67,59,8,26,8,0,0.11940298507462686,0.8805970149253731,21,2.625,167.7333333333248,0.20650880288916354,1,0,1,6,2,54,7,2,59,0,0,0,0,0,5,5,2,0
base,20260712,1,0.12,0.45,0.2,0.18,3,30,9,1141,2917326090,681462298,true,false,800.7666666665957,818.7666666665957,9,7,6,180,17,5,3,1,34,28,6,1,6,0,0.17647058823529413,0.8235294117647058,13,1.625,167.7333333333248,0.2094659284852096,1,1,0,4,3,21,5,3,26,5,3,27,123.83333333322071,0.1546434666776402,5,8,1,0
base,20260712,1,0.12,0.45,0.2,0.18,3,30,9,1142,1842963943,952733562,false,false,829.399999999903,847.399999999903,9,7,6,179,25,7,3,8,55,43,12,8,12,0,0.21818181818181817,0.7818181818181819,21,2.625,167.7333333333248,0.20223454706214664,1,0,1,6,3,32,7,3,40,0,0,0,0,0,6,14,3,0
base,20260712,1,0.12,0.45,0.2,0.18,3,30,9,1143,3371478375,1726326197,false,false,803.8333333332596,821.8333333332596,9,7,6,179,26,8,3,22,65,58,7,22,7,0,0.1076923076923077,0.8923076923076924,22,2.75,167.7333333333248,0.2086668048932285,1,0,1,7,3,42,8,3,58,0,0,0,0,0,2,4,3,0
base,20260712,1,0.12,0.45,0.2,0.18,3,30,9,1144,731898429,1402679150,false,false,800.9333333332622,818.9333333332622,9,7,6,179,24,7,3,7,41,39,2,7,2,0,0.04878048780487805,0.9512195121951219,17,2.125,167.7333333333248,0.2094223406026382,1,0,1,5,3,28,7,3,38,0,0,0,0,0,5,10,2,0
base,20260712,1,0.12,0.45,0.2,0.18,3,30,9,1145,490356807,475571119,false,false,781.6333333332798,799.6333333332798,9,7,6,179,21,6,3,4,40,33,7,4,7,0,0.175,0.825,15,1.875,167.7333333333248,0.21459337285172453,1,0,1,4,3,24,5,3,31,0,0,0,0,0,5,10,2,0
base,20260712,1,0.12,0.45,0.2,0.18,3,30,9,1146,2564422628,1431107240,false,false,833.1666666665662,851.1666666665662,9,7,6,179,28,9,3,17,60,55,5,17,5,0,0.08333333333333333,0.9166666666666666,26,3.25,167.7333333333248,0.20132026405282458,1,0,1,8,3,43,9,3,53,0,0,0,0,0,6,8,2,0
base,20260712,1,0.12,0.45,0.2,0.18,3,30,9,1147,3056224737,847581114,true,false,794.4999999999347,812.4999999999347,9,7,6,180,19,6,3,1,37,30,7,1,7,0,0.1891891891891892,0.8108108108108109,15,1.875,167.7333333333248,0.21111810362912345,1,1,0,5,3,23,6,3,28,6,3,29,119.46666666655801,0.15036710719517662,5,11,2,0
base,20260712,1,0.12,0.45,0.2,0.18,3,30,9,1148,2059265312,3056900943,false,false,829.6999999999027,847.6999999999027,9,7,6,179,22,6,3,4,45,35,10,4,10,0,0.2222222222222222,0.7777777777777778,15,1.875,167.7333333333248,0.20216142380781543,1,0,1,5,3,22,6,3,33,0,0,0,0,0,6,11,3,0
base,20260712,1,0.12,0.45,0.2,0.18,3,30,9,1149,4196493726,1671469120,false,false,769.7333333332906,787.7333333332906,9,7,6,179,23,7,3,12,50,44,6,12,6,0,0.12,0.88,21,2.625,167.7333333333248,0.21791096483630795,1,0,1,6,3,37,7,3,44,0,0,0,0,0,2,7,2,0
base,20260712,1,0.12,0.45,0.2,0.18,3,30,9,1150,3881523552,1413977166,false,false,837.1999999998959,855.1999999998959,9,7,6,179,25,7,3,18,58,53,5,18,5,0,0.08620689655172414,0.9137931034482759,23,2.875,167.7333333333248,0.20035037426343244,1,0,1,7,3,44,7,3,52,0,0,0,0,0,5,10,3,0
base,20260712,1,0.12,0.45,0.2,0.18,3,30,9,1151,2585153278,3404971733,false,false,814.2999999999167,832.2999999999167,9,7,6,179,20,6,3,8,43,38,5,8,5,0,0.11627906976744186,0.8837209302325582,19,2.375,167.7333333333248,0.20598469032708086,1,0,1,6,3,31,6,3,38,0,0,0,0,0,3,5,2,0
base,20260712,1,0.12,0.45,0.2,0.18,3,30,9,1152,303195848,2587403090,false,false,801.4999999999284,819.4999999999284,9,7,6,179,25,7,3,8,49,43,6,8,6,0,0.12244897959183673,0.8775510204081632,20,2.5,167.7333333333248,0.20927427739655619,1,0,1,6,3,33,7,3,43,0,0,0,0,0,3,7,2,0
base,20260712,1,0.12,0.45,0.2,0.18,3,30,9,1153,1301553575,1489198977,false,false,765.7666666666275,783.7666666666275,9,7,6,179,23,7,3,6,41,39,2,6,2,0,0.04878048780487805,0.9512195121951219,19,2.375,167.7333333333248,0.21903974230618556,1,0,1,6,3,32,7,3,39,0,0,0,0,0,3,5,2,0
base,20260712,1,0.12,0.45,0.2,0.18,3,30,9,1154,2959826344,1558835145,false,false,788.4999999999402,806.4999999999402,9,7,6,179,22,6,3,7,51,38,13,7,13,0,0.2549019607843137,0.7450980392156863,20,2.5,167.7333333333248,0.21272458254069437,1,0,1,6,3,30,6,3,38,0,0,0,0,0,4,7,2,0
base,20260712,1,0.12,0.45,0.2,0.18,3,30,9,1155,631419751,3162694561,false,false,756.1999999999696,774.1999999999696,9,7,6,179,23,7,3,6,44,39,5,6,5,0,0.11363636363636363,0.8863636363636364,18,2.25,167.7333333333248,0.22181080842810308,1,0,1,5,3,28,7,3,36,0,0,0,0,0,6,7,2,0
base,20260712,1,0.12,0.45,0.2,0.18,3,30,9,1156,3884703700,4189822864,true,false,753.8999999999717,771.8999999999717,9,7,6,180,19,6,3,6,40,34,6,6,6,0,0.15,0.85,15,1.875,167.7333333333248,0.22248750939558443,1,1,0,4,3,24,5,3,33,5,3,33,74.79999999993197,0.09921740283848625,4,11,2,0
base,20260712,1,0.12,0.45,0.2,0.18,3,30,9,1157,1947027684,896592575,false,false,829.2999999999031,847.2999999999031,9,7,6,179,18,5,3,4,40,30,10,4,10,0,0.25,0.75,14,1.75,167.7333333333248,0.20225893323687977,1,0,1,4,3,24,4,3,29,0,0,0,0,0,6,8,3,0
base,20260712,1,0.12,0.45,0.2,0.18,3,30,9,1158,1287267269,3049378033,true,false,779.1999999999487,797.1999999999487,9,7,6,180,19,6,3,0,34,28,6,0,6,0,0.17647058823529413,0.8235294117647058,14,1.75,167.7333333333248,0.2152635181382647,1,1,0,4,3,21,5,3,27,5,3,27,109.23333333323399,0.1401865160847551,4,10,2,0
base,20260712,1,0.12,0.45,0.2,0.18,3,30,9,1159,2181562480,33552581,false,false,756.9999999999688,774.9999999999688,9,7,6,179,24,7,3,9,48,43,5,9,5,0,0.10416666666666667,0.8958333333333334,17,2.125,167.7333333333248,0.22157639806252535,1,0,1,5,3,29,7,3,43,0,0,0,0,0,4,8,3,0
base,20260712,1,0.12,0.45,0.2,0.18,3,30,9,1160,2216693740,3543091761,false,false,782.7999999999454,800.7999999999454,9,7,6,179,23,6,3,14,52,47,5,14,5,0,0.09615384615384616,0.9038461538461539,23,2.875,167.7333333333248,0.2142735479475428,1,0,1,6,3,39,6,3,47,0,0,0,0,0,3,4,2,0
base,20260712,1,0.12,0.45,0.2,0.18,3,30,9,1161,2408335553,1227174989,true,false,801.0999999999287,819.0999999999287,9,7,6,180,24,7,3,8,45,42,3,8,3,0,0.06666666666666667,0.9333333333333333,17,2.125,167.7333333333248,0.2093787708567466,1,1,0,5,3,28,7,3,39,7,3,41,122.26666666655547,0.1526234760536342,6,8,3,0
base,20260712,1,0.12,0.45,0.2,0.18,3,30,9,1162,609547358,2915542374,false,false,849.0666666665518,867.0666666665518,9,7,6,179,26,8,3,6,49,42,7,6,7,0,0.14285714285714285,0.8571428571428571,22,2.75,167.7333333333248,0.19755025125629808,1,0,1,6,3,34,8,3,40,0,0,0,0,0,6,9,2,0
base,20260712,1,0.12,0.45,0.2,0.18,3,30,9,1163,1760411807,4000869575,false,false,821.0999999999106,839.0999999999106,9,7,6,179,31,9,3,14,59,55,4,14,4,0,0.06779661016949153,0.9322033898305084,27,3.375,167.7333333333248,0.204278812974477,1,0,1,8,3,43,9,3,53,0,0,0,0,0,6,9,2,0
base,20260712,1,0.12,0.45,0.2,0.18,3,30,9,1164,2010378207,3873036952,false,false,857.233333333211,875.233333333211,9,7,6,179,27,8,3,8,46,43,3,8,3,0,0.06521739130434782,0.9347826086956522,21,2.625,167.7333333333248,0.19566823501965477,1,0,1,6,3,35,8,3,43,0,0,0,0,0,6,8,2,0
base,20260712,1,0.12,0.45,0.2,0.18,3,30,9,1165,1993961856,4044999321,false,false,794.7999999999345,812.7999999999345,9,7,6,179,30,9,3,23,66,63,3,23,3,0,0.045454545454545456,0.9545454545454546,29,3.625,167.7333333333248,0.21103841637309842,1,0,1,9,3,50,9,3,61,0,0,0,0,0,5,11,2,0
base,20260712,1,0.12,0.45,0.2,0.18,3,30,9,1166,3592968774,1837190402,false,false,845.6999999998882,863.6999999998882,9,7,6,179,22,6,3,10,47,41,6,10,6,0,0.1276595744680851,0.8723404255319149,18,2.25,167.7333333333248,0.1983366836151673,1,0,1,5,3,33,6,3,40,0,0,0,0,0,5,11,2,0
base,20260712,1,0.12,0.45,0.2,0.18,3,30,9,1167,3131063876,4108468355,false,false,812.7999999999181,830.7999999999181,9,7,6,179,20,6,2,3,36,33,3,3,3,0,0.08333333333333333,0.9166666666666666,17,2.125,167.7333333333248,0.20636482939633574,1,0,1,5,2,29,6,2,33,0,0,0,0,0,3,4,3,0
base,20260712,1,0.12,0.45,0.2,0.18,3,30,9,1168,2619876843,1136457579,false,false,771.4666666666224,789.4666666666224,9,7,6,179,25,8,3,8,48,42,6,8,6,0,0.125,0.875,19,2.375,167.7333333333248,0.21742136190805533,1,0,1,6,3,32,8,3,42,0,0,0,0,0,3,4,3,0
base,20260712,1,0.12,0.45,0.2,0.18,3,30,9,1169,548725170,3869792924,false,false,817.5666666665804,835.5666666665804,9,7,6,179,21,6,3,11,48,41,7,11,7,0,0.14583333333333334,0.8541666666666666,19,2.375,167.7333333333248,0.20516165858035124,1,0,1,5,3,32,6,3,40,0,0,0,0,0,6,8,2,0
base,20260712,1,0.12,0.45,0.2,0.18,3,30,9,1170,3542621108,2902107788,false,false,821.7666666665766,839.7666666665766,9,7,6,179,21,6,2,9,45,40,5,9,5,0,0.1111111111111111,0.8888888888888888,20,2.5,167.7333333333248,0.20411308968483735,1,0,1,6,2,30,6,2,40,0,0,0,0,0,5,5,2,0
base,20260712,1,0.12,0.45,0.2,0.18,3,30,9,1171,1955990498,1346023668,false,false,773.6666666666204,791.6666666666204,9,7,6,179,25,7,3,5,45,40,5,5,5,0,0.1111111111111111,0.8888888888888888,19,2.375,167.7333333333248,0.2168031021111609,1,0,1,5,3,30,6,3,37,0,0,0,0,0,5,11,3,0
base,20260712,1,0.12,0.45,0.2,0.18,3,30,9,1172,4266229350,4276225212,false,false,831.599999999901,849.599999999901,9,7,6,179,19,5,3,12,47,41,6,12,6,0,0.1276595744680851,0.8723404255319149,19,2.375,167.7333333333248,0.2016995350328821,1,0,1,5,3,35,5,3,40,0,0,0,0,0,6,8,2,0
base,20260712,1,0.12,0.45,0.2,0.18,3,30,9,1173,443587828,1169980039,false,false,778.2333333332829,796.2333333332829,9,7,6,179,29,8,2,16,63,55,8,16,8,0,0.12698412698412698,0.873015873015873,28,3.5,167.7333333333248,0.21553090332805372,1,0,1,8,2,48,8,2,53,0,0,0,0,0,6,10,3,0
base,20260712,1,0.12,0.45,0.2,0.18,3,30,9,1174,3561664202,2892230139,false,false,818.1999999999132,836.1999999999132,9,7,6,179,23,7,3,8,47,41,6,8,6,0,0.1276595744680851,0.8723404255319149,21,2.625,167.7333333333248,0.2050028517884901,1,0,1,6,3,34,7,3,41,0,0,0,0,0,4,7,3,0
base,20260712,1,0.12,0.45,0.2,0.18,3,30,9,1175,1519312236,3385771188,false,false,837.2999999998958,855.2999999998958,9,7,6,179,25,8,3,7,47,41,6,7,6,0,0.1276595744680851,0.8723404255319149,22,2.75,167.7333333333248,0.20032644611650025,1,0,1,7,3,34,8,3,41,0,0,0,0,0,6,8,2,0
base,20260712,1,0.12,0.45,0.2,0.18,3,30,9,1176,2729587666,1476732785,false,false,771.3999999999558,789.3999999999558,9,7,6,179,18,5,3,1,34,28,6,1,6,0,0.17647058823529413,0.8235294117647058,14,1.75,167.7333333333248,0.21744015210440032,1,0,1,4,3,22,5,3,28,0,0,0,0,0,5,14,4,0
base,20260712,1,0.12,0.45,0.2,0.18,3,30,9,1177,1381591971,3110202825,false,false,831.3999999999012,849.3999999999012,9,7,6,179,23,7,3,10,50,43,7,10,7,0,0.14,0.86,21,2.625,167.7333333333248,0.20174805548874758,1,0,1,6,3,36,7,3,43,0,0,0,0,0,6,8,2,0
base,20260712,1,0.12,0.45,0.2,0.18,3,30,9,1178,1777325201,3491524595,false,false,832.8666666665665,850.8666666665665,9,7,6,179,25,7,3,12,54,46,8,12,8,0,0.14814814814814814,0.8518518518518519,22,2.75,167.7333333333248,0.20139277995678975,1,0,1,6,3,36,7,3,45,0,0,0,0,0,5,5,2,0
base,20260712,1,0.12,0.45,0.2,0.18,3,30,9,1179,1100311346,2716386227,true,false,794.533333333268,812.533333333268,9,7,6,180,23,7,3,5,44,38,6,5,6,0,0.13636363636363635,0.8636363636363636,17,2.125,167.7333333333248,0.2111092465178787,1,1,0,5,3,28,7,3,36,7,3,37,118.79999999989195,0.14952173183407666,5,6,3,0
base,20260712,1,0.12,0.45,0.2,0.18,3,30,9,1180,747802956,1293425423,false,false,781.9666666666128,799.9666666666128,9,7,6,179,20,6,3,3,39,33,6,3,6,0,0.15384615384615385,0.8461538461538461,17,2.125,167.7333333333248,0.21450189692655655,1,0,1,5,3,25,6,3,32,0,0,0,0,0,5,8,2,0
base,20260712,1,0.12,0.45,0.2,0.18,3,30,9,1181,1928884151,4066400607,true,false,810.8999999999198,828.8999999999198,9,7,6,180,21,7,3,6,40,36,4,6,4,0,0.1,0.9,17,2.125,167.7333333333248,0.20684835779176394,1,1,0,5,2,28,6,3,35,6,3,35,138.29999999987422,0.17055123936353175,5,10,1,0
base,20260712,1,0.12,0.45,0.2,0.18,3,30,9,1182,2373037684,3830978284,true,false,804.9666666665919,822.9666666665919,9,7,6,180,22,6,3,3,42,35,7,3,7,0,0.16666666666666666,0.8333333333333334,17,2.125,167.7333333333248,0.208373017516262,1,1,0,5,3,26,6,3,34,6,3,34,125.46666666655256,0.1558656673152895,5,8,3,0
base,20260712,1,0.12,0.45,0.2,0.18,3,30,9,1183,4185778485,1055022333,false,false,816.966666666581,834.966666666581,9,7,6,179,28,8,3,12,51,50,1,12,1,0,0.0196078431372549,0.9803921568627451,22,2.75,167.7333333333248,0.2053123342445743,1,0,1,6,2,38,8,3,50,0,0,0,0,0,3,4,2,0
base,20260712,1,0.12,0.45,0.2,0.18,3,30,9,1184,4030695621,4023037126,false,false,777.9666666666164,795.9666666666164,9,7,6,179,25,7,3,14,55,49,6,14,6,0,0.10909090909090909,0.8909090909090909,24,3,167.7333333333248,0.2156047816958768,1,0,1,7,3,37,7,3,46,0,0,0,0,0,4,10,2,0
base,20260712,1,0.12,0.45,0.2,0.18,3,30,9,1185,1070342049,2941776586,false,false,826.9666666665719,844.9666666665719,9,7,6,179,20,5,2,5,42,34,8,5,8,0,0.19047619047619047,0.8095238095238095,15,1.875,167.7333333333248,0.2028296182837003,1,0,1,4,2,27,5,2,32,0,0,0,0,0,5,13,2,0
base,20260712,1,0.12,0.45,0.2,0.18,3,30,9,1186,43014710,4044450265,false,false,768.6333333332916,786.6333333332916,9,7,6,179,24,7,3,12,50,46,4,12,4,0,0.08,0.92,23,2.875,167.7333333333248,0.2182228197233192,1,0,1,7,3,37,7,3,45,0,0,0,0,0,5,11,2,0
base,20260712,1,0.12,0.45,0.2,0.18,3,30,9,1187,3936337196,3302626409,true,false,825.2999999999067,843.2999999999067,9,7,6,180,20,6,3,5,39,33,6,5,6,0,0.15384615384615385,0.8461538461538461,11,1.375,167.7333333333248,0.20323922614000212,1,1,0,3,3,19,4,3,26,4,3,26,158.33333333318933,0.19184942849049705,2,5,3,0
base,20260712,1,0.12,0.45,0.2,0.18,3,30,9,1188,1139549013,2209305752,false,false,792.1666666666035,810.1666666666035,9,7,6,179,23,6,3,10,48,43,5,10,5,0,0.10416666666666667,0.8958333333333334,20,2.5,167.7333333333248,0.21173995371345022,1,0,1,6,3,30,6,3,42,0,0,0,0,0,2,7,3,0
base,20260712,1,0.12,0.45,0.2,0.18,3,30,9,1189,1233737194,2962720777,false,false,801.3999999999285,819.3999999999285,9,7,6,179,21,6,3,6,41,37,4,6,4,0,0.0975609756097561,0.9024390243902439,17,2.125,167.7333333333248,0.2093003909824554,1,0,1,5,3,26,6,3,36,0,0,0,0,0,3,5,2,0
base,20260712,1,0.12,0.45,0.2,0.18,3,30,9,1190,633326377,1384868455,true,false,809.3333333332546,827.3333333332546,9,7,6,180,21,7,3,6,41,35,6,6,6,0,0.14634146341463414,0.8536585365853658,16,2,167.7333333333248,0.20724876441516613,1,1,0,5,3,25,5,3,32,5,3,33,147.86666666653218,0.1827018121909554,2,5,2,0
base,20260712,1,0.12,0.45,0.2,0.18,3,30,9,1191,15317135,2438755539,true,false,799.5333333332635,817.5333333332635,9,7,6,180,17,5,3,5,34,31,3,5,3,0,0.08823529411764706,0.9117647058823529,14,1.75,167.7333333333248,0.20978904360877942,1,1,0,4,3,27,5,3,31,5,3,31,124.29999999988695,0.1554656883180578,5,8,1,0
base,20260712,1,0.12,0.45,0.2,0.18,3,30,9,1192,785051278,1294541094,false,false,846.0333333332212,864.0333333332212,9,7,6,179,30,9,3,18,63,58,5,18,5,0,0.07936507936507936,0.9206349206349206,24,3,167.7333333333248,0.19825853985266187,1,0,1,7,3,40,8,3,54,0,0,0,0,0,5,14,2,0
base,20260712,1,0.12,0.45,0.2,0.18,3,30,9,1193,841994960,1169645799,false,false,822.3999999999094,840.3999999999094,9,7,6,179,23,7,3,4,43,36,7,4,7,0,0.16279069767441862,0.8372093023255814,18,2.25,167.7333333333248,0.20395590142673065,1,0,1,5,3,27,7,3,34,0,0,0,0,0,5,7,2,0
base,20260712,1,0.12,0.45,0.2,0.18,3,30,9,1194,1756049801,2904352562,false,false,754.7666666666375,772.7666666666375,9,7,6,179,24,7,3,13,51,46,5,13,5,0,0.09803921568627451,0.9019607843137255,19,2.375,167.7333333333248,0.22223203639093486,1,0,1,5,3,30,7,3,46,0,0,0,0,0,3,7,2,0
base,20260712,1,0.12,0.45,0.2,0.18,3,30,9,1195,1405971873,3354934575,false,false,777.6666666666167,795.6666666666167,9,7,6,179,16,5,2,0,27,25,2,0,2,0,0.07407407407407407,0.9259259259259259,12,1.5,167.7333333333248,0.21568795542220603,1,0,1,3,1,20,5,2,24,0,0,0,0,0,5,8,1,0
base,20260712,1,0.12,0.45,0.2,0.18,3,30,9,1196,686942995,1191522323,true,false,811.9666666665855,829.9666666665855,9,7,6,180,18,5,3,4,39,32,7,4,7,0,0.1794871794871795,0.8205128205128205,17,2.125,167.7333333333248,0.2065766246561947,1,1,0,5,3,28,5,3,32,5,3,32,121.63333333322271,0.1498008949463051,5,8,2,0
base,20260712,1,0.12,0.45,0.2,0.18,3,30,9,1197,2136953526,2220072296,false,false,833.466666666566,851.466666666566,9,7,6,179,22,6,3,10,47,41,6,10,6,0,0.1276595744680851,0.8723404255319149,19,2.375,167.7333333333248,0.20124780035195775,1,0,1,5,3,36,6,3,41,0,0,0,0,0,5,5,2,0
base,20260712,1,0.12,0.45,0.2,0.18,3,30,9,1198,3299533511,4164188995,false,false,821.7666666665766,839.7666666665766,9,7,6,179,25,7,2,14,55,48,7,14,7,0,0.12727272727272726,0.8727272727272727,22,2.75,167.7333333333248,0.20411308968483735,1,0,1,6,2,40,7,2,47,0,0,0,0,0,4,11,2,0
base,20260712,1,0.12,0.45,0.2,0.18,3,30,9,1199,3182477788,3501828424,false,false,817.2666666665807,835.2666666665807,9,7,6,179,24,7,2,25,62,59,3,25,3,0,0.04838709677419355,0.9516129032258065,24,3,167.7333333333248,0.2052369687576586,1,0,1,7,2,54,7,2,59,0,0,0,0,0,5,5,2,0
base,20260712,1,0.12,0.45,0.2,0.18,3,30,9,1200,2272928860,1214482559,false,false,836.9333333332295,854.9333333332295,9,7,6,179,26,8,3,13,49,47,2,13,2,0,0.04081632653061224,0.9591836734693877,18,2.25,167.7333333333248,0.20041421061017875,1,0,1,5,3,34,7,3,45,0,0,0,0,0,6,8,1,0
base,20260712,1,0.12,0.45,0.2,0.18,3,30,9,1201,2885962864,2574540997,true,false,753.5999999999719,771.5999999999719,9,7,6,180,19,6,3,2,35,30,5,2,5,0,0.14285714285714285,0.8571428571428571,16,2,167.7333333333248,0.2225760792639743,1,1,0,5,3,24,6,3,29,6,3,29,76.46666666659712,0.10146850672319528,5,11,2,0
base,20260712,1,0.12,0.45,0.2,0.18,3,30,9,1202,2546326207,608766307,false,false,779.566666666615,797.566666666615,9,7,6,179,24,7,3,12,49,44,5,12,5,0,0.10204081632653061,0.8979591836734694,21,2.625,167.7333333333248,0.21516226963698112,1,0,1,6,3,36,7,3,44,0,0,0,0,0,5,14,2,0
base,20260712,1,0.12,0.45,0.2,0.18,3,30,9,1203,3170362507,307429260,false,false,772.9333333332877,790.9333333332877,9,7,6,179,17,5,3,0,30,24,6,0,6,0,0.2,0.8,14,1.75,167.7333333333248,0.21700879765396072,1,0,1,4,3,20,5,3,24,0,0,0,0,0,5,11,2,0
base,20260712,1,0.12,0.45,0.2,0.18,3,30,9,1204,3398658789,721285388,false,false,760.1333333332993,778.1333333332993,9,7,6,179,26,8,3,9,52,44,8,9,8,0,0.15384615384615385,0.8461538461538461,23,2.875,167.7333333333248,0.22066304157165273,1,0,1,7,3,39,8,3,44,0,0,0,0,0,7,10,2,0
base,20260712,1,0.12,0.45,0.2,0.18,3,30,9,1205,3039582590,302525131,true,false,799.5333333332635,817.5333333332635,9,7,6,180,21,6,3,6,42,37,5,6,5,0,0.11904761904761904,0.8809523809523809,19,2.375,167.7333333333248,0.20978904360877942,1,1,0,6,3,30,6,3,36,6,3,36,114.99999999989541,0.14383390311002933,4,11,2,0
base,20260712,1,0.12,0.45,0.2,0.18,3,30,9,1206,2584144061,1044257095,false,false,791.5999999999374,809.5999999999374,9,7,6,179,18,5,3,7,40,35,5,7,5,0,0.125,0.875,15,1.875,167.7333333333248,0.2118915277076024,1,0,1,4,3,25,5,3,34,0,0,0,0,0,6,10,2,0
base,20260712,1,0.12,0.45,0.2,0.18,3,30,9,1207,927846492,1211628362,true,false,800.3333333332628,818.3333333332628,9,7,6,180,21,7,3,1,35,31,4,1,4,0,0.11428571428571428,0.8857142857142857,15,1.875,167.7333333333248,0.20957934194086578,1,1,0,4,3,24,5,3,27,5,3,27,121.5333333332228,0.15185339441886736,5,6,3,0
base,20260712,1,0.12,0.45,0.2,0.18,3,30,9,1208,4131636149,2126874147,false,false,835.9666666665637,853.9666666665637,9,7,6,179,25,8,3,12,53,47,6,12,6,0,0.11320754716981132,0.8867924528301887,21,2.625,167.7333333333248,0.2006459587703004,1,0,1,6,3,34,8,3,47,0,0,0,0,0,6,8,2,0
base,20260712,1,0.12,0.45,0.2,0.18,3,30,9,1209,1737855019,3396597869,false,false,839.7999999998935,857.7999999998935,9,7,6,179,21,6,3,12,49,43,6,12,6,0,0.12244897959183673,0.8775510204081632,19,2.375,167.7333333333248,0.19973009446695172,1,0,1,6,3,35,6,3,43,0,0,0,0,0,5,8,2,0
base,20260712,1,0.12,0.45,0.2,0.18,3,30,9,1210,3277395191,3159115895,false,false,830.0666666665691,848.0666666665691,9,7,6,179,24,7,3,3,44,37,7,3,7,0,0.1590909090909091,0.8409090909090909,18,2.25,167.7333333333248,0.20207212272108005,1,0,1,5,3,29,7,3,37,0,0,0,0,0,5,8,2,0
base,20260712,1,0.12,0.45,0.2,0.18,3,30,9,1211,4055294810,3377475912,false,false,837.1333333332293,855.1333333332293,9,7,6,179,18,5,3,1,32,29,3,1,3,0,0.09375,0.90625,14,1.75,167.7333333333248,0.20036632953732456,1,0,1,4,3,24,5,3,29,0,0,0,0,0,6,14,2,0
base,20260712,1,0.12,0.45,0.2,0.18,3,30,9,1212,1975604114,4038602013,true,false,774.8666666666193,792.8666666666193,9,7,6,180,19,5,3,2,36,31,5,2,5,0,0.1388888888888889,0.8611111111111112,14,1.75,167.7333333333248,0.21646734922137364,1,1,0,4,2,23,5,3,29,5,3,30,101.6666666665742,0.13120536866546556,6,10,2,0
base,20260712,1,0.12,0.45,0.2,0.18,3,30,9,1213,3420082738,2472699259,false,false,822.1999999999096,840.1999999999096,9,7,6,179,17,5,3,2,36,29,7,2,7,0,0.19444444444444445,0.8055555555555556,14,1.75,167.7333333333248,0.20400551366254346,1,0,1,4,3,22,5,3,28,0,0,0,0,0,5,7,2,0
base,20260712,1,0.12,0.45,0.2,0.18,3,30,9,1214,1108554718,2129272376,true,false,806.8999999999235,824.8999999999235,9,7,6,180,24,7,3,15,54,49,5,15,5,0,0.09259259259259259,0.9074074074074074,23,2.875,167.7333333333248,0.20787375552527043,1,1,0,7,3,39,7,3,47,7,3,48,127.49999999988404,0.15801214524711382,5,6,3,0
base,20260712,1,0.12,0.45,0.2,0.18,3,30,9,1215,2998437526,3410483603,false,false,763.5999999999628,781.5999999999628,9,7,6,179,17,5,3,3,36,30,6,3,6,0,0.16666666666666666,0.8333333333333334,17,2.125,167.7333333333248,0.21966125371049366,1,0,1,5,3,27,5,3,30,0,0,0,0,0,2,7,2,0
base,20260712,1,0.12,0.45,0.2,0.18,3,30,9,1216,2238490736,101655700,false,false,750.6999999999746,768.6999999999746,9,7,6,179,23,7,3,7,45,40,5,7,5,0,0.1111111111111111,0.8888888888888888,19,2.375,167.7333333333248,0.22343590426712465,1,0,1,6,3,30,7,3,40,0,0,0,0,0,3,4,1,0
base,20260712,1,0.12,0.45,0.2,0.18,3,30,9,1217,2558370249,467339465,false,false,802.4333333332609,820.4333333332609,9,7,6,179,25,7,3,5,42,40,2,5,2,0,0.047619047619047616,0.9523809523809523,22,2.75,167.7333333333248,0.2090308644539608,1,0,1,6,3,32,7,3,40,0,0,0,0,0,2,4,1,0
base,20260712,1,0.12,0.45,0.2,0.18,3,30,9,1218,4290849042,3524134420,false,false,799.8999999999298,817.8999999999298,9,7,6,179,21,6,3,0,34,30,4,0,4,0,0.11764705882352941,0.8823529411764706,13,1.625,167.7333333333248,0.20969287827645894,1,0,1,4,3,20,6,3,29,0,0,0,0,0,6,11,2,0
base,20260712,1,0.12,0.45,0.2,0.18,3,30,9,1219,1083664952,1528667996,false,false,748.6666666666431,766.6666666666431,9,7,6,179,34,10,3,26,77,70,7,26,7,0,0.09090909090909091,0.9090909090909091,31,3.875,167.7333333333248,0.22404274265360205,1,0,1,9,3,55,10,3,70,0,0,0,0,0,2,4,2,0
base,20260712,1,0.12,0.45,0.2,0.18,3,30,9,1220,2274800866,370555465,false,false,777.4999999999502,795.4999999999502,9,7,6,179,24,7,3,11,51,44,7,11,7,0,0.13725490196078433,0.8627450980392157,21,2.625,167.7333333333248,0.21573419078242512,1,0,1,6,3,36,6,3,42,0,0,0,0,0,6,11,2,0
base,20260712,1,0.12,0.45,0.2,0.18,3,30,9,1221,1181204962,4201821060,false,false,804.7333333332588,822.7333333332588,9,7,6,179,24,7,3,10,47,43,4,10,4,0,0.0851063829787234,0.9148936170212766,23,2.875,167.7333333333248,0.20843343550659474,1,0,1,7,3,37,7,3,43,0,0,0,0,0,2,4,2,0
base,20260712,1,0.12,0.45,0.2,0.18,3,30,9,1222,2237359538,2580322930,true,false,769.2666666666244,787.2666666666244,9,7,6,180,16,5,3,0,30,25,5,0,5,0,0.16666666666666666,0.8333333333333334,11,1.375,167.7333333333248,0.21804315798596155,1,1,0,3,2,19,5,3,24,5,3,24,86.99999999992087,0.11309472224619853,5,13,2,0
base,20260712,1,0.12,0.45,0.2,0.18,3,30,9,1223,2747410791,3357442364,true,false,774.4333333332863,792.4333333332863,9,7,6,180,17,5,3,0,30,26,4,0,4,0,0.13333333333333333,0.8666666666666667,15,1.875,167.7333333333248,0.21658847329230185,1,1,0,5,3,22,5,3,25,5,3,25,81.43333333325927,0.10515215426324308,5,13,2,0
base,20260712,1,0.12,0.45,0.2,0.18,3,30,9,1224,733812782,103707707,false,false,768.1999999999587,786.1999999999587,9,7,6,179,15,4,3,1,30,26,4,1,4,0,0.13333333333333333,0.8666666666666667,14,1.75,167.7333333333248,0.21834591686192895,1,0,1,4,3,22,4,3,25,0,0,0,0,0,6,9,2,0
base,20260712,1,0.12,0.45,0.2,0.18,3,30,9,1225,1841467418,3960770622,false,false,824.7333333332406,842.7333333332406,9,7,6,179,21,6,3,10,45,41,4,10,4,0,0.08888888888888889,0.9111111111111111,18,2.25,167.7333333333248,0.20337886993777018,1,0,1,5,3,31,6,3,40,0,0,0,0,0,4,6,2,0
base,20260712,1,0.12,0.45,0.2,0.18,3,30,9,1226,25303412,1652945384,false,false,790.7666666666048,808.7666666666048,9,7,6,179,19,6,3,0,31,27,4,0,4,0,0.12903225806451613,0.8709677419354839,12,1.5,167.7333333333248,0.21211482527505532,1,0,1,4,3,18,5,3,25,0,0,0,0,0,5,8,2,0
base,20260712,1,0.12,0.45,0.2,0.18,3,30,9,1227,3585583267,3102212192,false,false,784.8999999999435,802.8999999999435,9,7,6,179,18,5,3,4,35,32,3,4,3,0,0.08571428571428572,0.9142857142857143,15,1.875,167.7333333333248,0.2137002590563599,1,0,1,4,3,26,5,3,32,0,0,0,0,0,5,11,1,0
base,20260712,1,0.12,0.45,0.2,0.18,3,30,9,1228,2748893982,2056024193,true,false,816.199999999915,834.199999999915,9,7,6,180,20,6,3,7,45,37,8,7,8,0,0.17777777777777778,0.8222222222222222,18,2.25,167.7333333333248,0.20550518663727305,1,1,0,5,3,27,5,3,34,5,3,35,131.03333333321416,0.16054071714436144,5,6,2,0
base,20260712,1,0.12,0.45,0.2,0.18,3,30,9,1229,1577243022,2109542710,true,false,773.6999999999537,791.6999999999537,9,7,6,180,21,6,3,3,38,34,4,3,4,0,0.10526315789473684,0.8947368421052632,19,2.375,167.7333333333248,0.21679376157856384,1,1,0,6,3,30,6,3,34,6,3,34,85.86666666658857,0.11098186204807253,5,11,1,0
base,20260712,1,0.12,0.45,0.2,0.18,3,30,9,1230,712531646,2279428904,false,false,845.566666666555,863.566666666555,9,7,6,179,23,7,3,18,57,51,6,18,6,0,0.10526315789473684,0.8947368421052632,22,2.75,167.7333333333248,0.19836795837112817,1,0,1,7,3,39,7,3,51,0,0,0,0,0,5,7,2,0
base,20260712,1,0.12,0.45,0.2,0.18,3,30,9,1231,1248915341,428852647,false,false,810.7999999999199,828.7999999999199,9,7,6,179,26,8,3,15,56,51,5,15,5,0,0.08928571428571429,0.9107142857142857,24,3,167.7333333333248,0.20687386942938008,1,0,1,7,3,40,8,3,51,0,0,0,0,0,3,4,2,0
base,20260712,1,0.12,0.45,0.2,0.18,3,30,9,1232,3134458600,3688983639,false,false,808.7666666665884,826.7666666665884,9,7,6,179,24,7,2,22,66,56,10,22,10,0,0.15151515151515152,0.8484848484848485,24,3,167.7333333333248,0.20739397436426785,1,0,1,7,2,45,7,2,52,0,0,0,0,0,6,5,2,0
base,20260712,1,0.12,0.45,0.2,0.18,3,30,9,1233,1503468738,3809564173,false,false,751.7666666666403,769.7666666666403,9,7,6,179,26,8,3,10,51,46,5,10,5,0,0.09803921568627451,0.9019607843137255,21,2.625,167.7333333333248,0.22311887553761897,1,0,1,6,3,37,8,3,45,0,0,0,0,0,6,5,3,0
base,20260712,1,0.12,0.45,0.2,0.18,3,30,9,1234,1167295398,2601903739,false,false,747.4333333333109,765.4333333333109,9,7,6,179,24,7,3,5,46,38,8,5,8,0,0.17391304347826086,0.8260869565217391,14,1.75,167.7333333333248,0.22441243366186037,1,0,1,3,3,25,7,3,38,0,0,0,0,0,2,4,3,0
base,20260712,1,0.12,0.45,0.2,0.18,3,30,9,1235,1139661995,415943599,false,false,800.4333333332627,818.4333333332627,9,7,6,179,26,8,3,11,54,47,7,11,7,0,0.12962962962962962,0.8703703703703703,24,3,167.7333333333248,0.2095531587057089,1,0,1,7,3,36,8,3,47,0,0,0,0,0,2,4,2,0
base,20260712,1,0.12,0.45,0.2,0.18,3,30,9,1236,3286612268,3843930984,false,false,777.1333333332839,795.1333333332839,9,7,6,179,24,7,3,8,45,42,3,8,3,0,0.06666666666666667,0.9333333333333333,18,2.25,167.7333333333248,0.21583597838209076,1,0,1,6,3,31,7,3,42,0,0,0,0,0,2,5,3,0
base,20260712,1,0.12,0.45,0.2,0.18,3,30,9,1237,1362296120,2567879092,true,false,750.0999999999751,768.0999999999751,9,7,6,180,25,8,3,10,49,44,5,10,5,0,0.10204081632653061,0.8979591836734694,20,2.5,167.7333333333248,0.22361462916055241,1,1,0,6,3,35,7,3,43,7,3,43,80.63333333326,0.10749677820725592,5,13,2,0
base,20260712,1,0.12,0.45,0.2,0.18,3,30,9,1238,1258133808,738051364,false,false,834.6333333332316,852.6333333332316,9,7,6,179,29,9,3,16,60,55,5,16,5,0,0.08333333333333333,0.9166666666666666,26,3.25,167.7333333333248,0.20096649227206986,1,0,1,8,3,47,9,3,53,0,0,0,0,0,7,8,2,0
base,20260712,1,0.12,0.45,0.2,0.18,3,30,9,1239,3663702283,2417368751,false,false,815.7999999999154,833.7999999999154,9,7,6,179,24,7,3,10,51,43,8,10,8,0,0.1568627450980392,0.8431372549019608,23,2.875,167.7333333333248,0.2056059491705592,1,0,1,7,3,36,7,3,42,0,0,0,0,0,6,7,2,0
base,20260712,1,0.12,0.45,0.2,0.18,3,30,9,1240,2945725963,2718939844,false,false,800.0999999999297,818.0999999999297,9,7,6,179,27,8,3,22,65,59,6,22,6,0,0.09230769230769231,0.9076923076923077,23,2.875,167.7333333333248,0.20964046160897332,1,0,1,7,3,45,8,3,59,0,0,0,0,0,3,5,2,0
base,20260712,1,0.12,0.45,0.2,0.18,3,30,9,1241,1470181097,2284511717,false,false,826.3666666665724,844.3666666665724,9,7,6,179,22,7,3,5,39,35,4,5,4,0,0.10256410256410256,0.8974358974358975,20,2.5,167.7333333333248,0.20297688677343864,1,0,1,6,3,28,7,3,35,0,0,0,0,0,5,11,2,0
base,20260712,1,0.12,0.45,0.2,0.18,3,30,9,1242,224845299,3951054185,false,false,782.3333333332791,800.3333333332791,9,7,6,179,21,6,2,10,49,41,8,10,8,0,0.16326530612244897,0.8367346938775511,18,2.25,167.7333333333248,0.21440136344269672,1,0,1,5,2,30,6,2,41,0,0,0,0,0,5,10,2,0
base,20260712,1,0.12,0.45,0.2,0.18,3,30,9,1243,3275950319,3043886232,false,false,837.3333333332291,855.3333333332291,9,7,6,179,22,7,3,6,41,35,6,6,6,0,0.14634146341463414,0.8536585365853658,16,2,167.7333333333248,0.20031847133759434,1,0,1,4,3,31,6,3,34,0,0,0,0,0,6,8,2,0
base,20260712,1,0.12,0.45,0.2,0.18,3,30,9,1244,4141744561,703660854,false,false,820.1999999999114,838.1999999999114,9,7,6,179,26,8,3,9,54,45,9,9,9,0,0.16666666666666666,0.8333333333333334,20,2.5,167.7333333333248,0.20450296675608745,1,0,1,6,3,33,8,3,44,0,0,0,0,0,4,7,2,0
base,20260712,1,0.12,0.45,0.2,0.18,3,30,9,1245,4253618356,4106735377,false,false,753.9666666666383,771.9666666666383,9,7,6,179,19,5,3,8,48,37,11,8,11,0,0.22916666666666666,0.7708333333333334,18,2.25,167.7333333333248,0.22246783677439025,1,0,1,5,3,29,5,3,37,0,0,0,0,0,2,3,3,0
base,20260712,1,0.12,0.45,0.2,0.18,3,30,9,1246,341573615,4241829920,true,false,770.3999999999567,788.3999999999567,9,7,6,180,18,5,3,6,39,34,5,6,5,0,0.1282051282051282,0.8717948717948718,14,1.75,167.7333333333248,0.2177223952924899,1,1,0,4,3,22,4,3,31,5,3,33,88.96666666658575,0.11548113534084989,6,11,2,0
base,20260712,1,0.12,0.45,0.2,0.18,3,30,9,1247,1071611621,1923718218,true,false,835.0333333332312,853.0333333332312,9,7,6,180,27,8,3,29,71,66,5,29,5,0,0.07042253521126761,0.9295774647887324,27,3.375,167.7333333333248,0.20087022474154162,1,1,0,8,3,52,8,3,64,8,3,65,154.93333333319242,0.185541495349341,5,10,3,0
base,20260712,1,0.12,0.45,0.2,0.18,3,30,9,1248,4287051561,4129424070,true,false,797.1999999999323,815.1999999999323,9,7,6,180,24,7,3,3,39,37,2,3,2,0,0.05128205128205128,0.9487179487179487,18,2.25,167.7333333333248,0.21040307743770578,1,1,0,5,3,27,7,3,35,7,3,36,108.2666666665682,0.1358086636560178,4,13,2,0
base,20260712,1,0.12,0.45,0.2,0.18,3,30,9,1249,975889816,3302977701,true,false,778.0999999999497,796.0999999999497,9,7,6,180,22,6,3,6,42,38,4,6,4,0,0.09523809523809523,0.9047619047619048,21,2.625,167.7333333333248,0.21556783618215608,1,1,0,6,3,34,6,3,37,6,3,37,109.66666666656693,0.1409416099043491,5,11,2,0
base,20260712,1,0.12,0.45,0.2,0.18,3,30,9,1250,855530073,79120488,false,false,809.4333333332545,827.4333333332545,9,7,6,179,21,6,3,6,42,37,5,6,5,0,0.11904761904761904,0.8809523809523809,20,2.5,167.7333333333248,0.20722316023556536,1,0,1,6,3,31,6,3,37,0,0,0,0,0,2,4,2,0
base,20260712,1,0.12,0.45,0.2,0.18,3,30,9,1251,2582456742,1007336778,false,false,749.9999999999752,767.9999999999752,9,7,6,179,24,7,3,9,47,43,4,9,4,0,0.0851063829787234,0.9148936170212766,17,2.125,167.7333333333248,0.22364444444444045,1,0,1,5,2,29,7,3,42,0,0,0,0,0,3,5,2,0
base,20260712,1,0.12,0.45,0.2,0.18,3,30,9,1252,865250452,3283910978,false,false,818.2666666665798,836.2666666665798,9,7,6,179,26,8,3,11,53,47,6,11,6,0,0.11320754716981132,0.8867924528301887,22,2.75,167.7333333333248,0.20498614958449887,1,0,1,7,3,35,8,3,46,0,0,0,0,0,5,7,3,0
base,20260712,1,0.12,0.45,0.2,0.18,3,30,9,1253,2238503563,2775949469,true,false,810.3333333332537,828.3333333332537,9,7,6,180,20,7,3,3,33,31,2,3,2,0,0.06060606060606061,0.9393939393939394,15,1.875,167.7333333333248,0.20699300699301681,1,1,0,4,3,24,5,3,29,6,3,30,120.29999999989059,0.14845742492789274,4,8,2,0
base,20260712,1,0.12,0.45,0.2,0.18,3,30,9,1254,994424400,2835077356,false,false,832.9666666665664,850.9666666665664,9,7,6,179,19,5,2,10,42,39,3,10,3,0,0.07142857142857142,0.9285714285714286,19,2.375,167.7333333333248,0.20136860218497538,1,0,1,5,2,32,5,2,39,0,0,0,0,0,6,10,3,0
base,20260712,1,0.12,0.45,0.2,0.18,3,30,9,1255,3102270651,3354680876,false,false,762.6999999999637,780.6999999999637,9,7,6,179,29,9,3,16,59,53,6,16,6,0,0.1016949152542373,0.8983050847457628,23,2.875,167.7333333333248,0.21992045802193888,1,0,1,7,3,42,8,3,51,0,0,0,0,0,6,8,2,0
base,20260712,1,0.12,0.45,0.2,0.18,3,30,9,1256,4239954273,625930797,true,false,834.6333333332316,852.6333333332316,9,7,6,180,27,8,3,13,58,49,9,13,9,0,0.15517241379310345,0.8448275862068966,21,2.625,167.7333333333248,0.20096649227206986,1,1,0,6,3,38,7,3,46,7,3,48,147.79999999986558,0.17708374935087295,5,6,3,0
base,20260712,1,0.12,0.45,0.2,0.18,3,30,9,1257,1667965448,2781579386,false,false,829.1666666665699,847.1666666665699,9,7,6,179,19,5,3,10,39,38,1,10,1,0,0.02564102564102564,0.9743589743589743,15,1.875,167.7333333333248,0.2022914572864455,1,0,1,4,3,27,5,3,36,0,0,0,0,0,3,4,2,0
base,20260712,1,0.12,0.45,0.2,0.18,3,30,9,1258,1166833491,590733298,false,false,829.8999999999025,847.8999999999025,9,7,6,179,22,7,3,5,47,37,10,5,10,0,0.2127659574468085,0.7872340425531915,19,2.375,167.7333333333248,0.202112704341902,1,0,1,6,3,31,7,3,36,0,0,0,0,0,5,14,2,0
base,20260712,1,0.12,0.45,0.2,0.18,3,30,9,1259,1036371020,715198113,false,false,845.5333333332217,863.5333333332217,9,7,6,179,22,7,3,13,48,45,3,13,3,0,0.0625,0.9375,20,2.5,167.7333333333248,0.1983757786012934,1,0,1,6,3,38,7,3,44,0,0,0,0,0,5,8,2,0
base,20260712,1,0.12,0.45,0.2,0.18,3,30,9,1260,80465027,154852751,true,false,761.1333333332984,779.1333333332984,9,7,6,180,23,7,2,6,44,38,6,6,6,0,0.13636363636363635,0.8636363636363636,18,2.25,167.7333333333248,0.22037312779188817,1,1,0,5,1,33,6,2,37,6,2,37,86.39999999992142,0.1135149338704459,6,10,2,0
base,20260712,1,0.12,0.45,0.2,0.18,3,30,9,1261,3654090158,2108380938,false,false,825.8333333332396,843.8333333332396,9,7,6,179,21,6,3,5,41,36,5,5,5,0,0.12195121951219512,0.8780487804878049,20,2.5,167.7333333333248,0.20310797174572412,1,0,1,6,3,30,6,3,36,0,0,0,0,0,5,12,2,0
base,20260712,1,0.12,0.45,0.2,0.18,3,30,9,1262,3537484351,2376197948,false,false,782.3333333332791,800.3333333332791,9,7,6,179,24,7,3,9,47,43,4,9,4,0,0.0851063829787234,0.9148936170212766,20,2.5,167.7333333333248,0.21440136344269672,1,0,1,6,3,35,7,3,43,0,0,0,0,0,6,8,3,0
base,20260712,1,0.12,0.45,0.2,0.18,3,30,9,1263,4176018496,1921307281,false,false,751.6333333333071,769.6333333333071,9,7,6,179,24,7,3,9,45,43,2,9,2,0,0.044444444444444446,0.9555555555555556,20,2.5,167.7333333333248,0.22315845492039202,1,0,1,6,3,33,7,3,42,0,0,0,0,0,3,4,2,0
base,20260712,1,0.12,0.45,0.2,0.18,3,30,9,1264,1722072990,3380641561,true,false,821.2333333332438,839.2333333332438,9,7,6,180,16,5,3,0,33,24,9,0,9,0,0.2727272727272727,0.7272727272727273,12,1.5,167.7333333333248,0.20424564679142318,1,1,0,3,2,20,5,3,23,5,3,23,148.1999999998652,0.1804602833135707,3,5,2,0
base,20260712,1,0.12,0.45,0.2,0.18,3,30,9,1265,401840058,1440264383,false,false,827.8333333332378,845.8333333332378,9,7,6,179,24,7,3,14,50,46,4,14,4,0,0.08,0.92,18,2.25,167.7333333333248,0.20261727400846888,1,0,1,5,3,32,6,3,44,0,0,0,0,0,6,8,2,0
base,20260712,1,0.12,0.45,0.2,0.18,3,30,9,1266,1047827281,2307118606,false,false,776.7333333332842,794.7333333332842,9,7,6,179,20,6,2,5,37,34,3,5,3,0,0.08108108108108109,0.918918918918919,17,2.125,167.7333333333248,0.21594712900180507,1,0,1,5,2,26,6,2,34,0,0,0,0,0,5,8,3,0
base,20260712,1,0.12,0.45,0.2,0.18,3,30,9,1267,3704737929,42247805,false,false,807.5999999999228,825.5999999999228,9,7,6,179,27,8,3,7,52,44,8,7,8,0,0.15384615384615385,0.8461538461538461,21,2.625,167.7333333333248,0.20769357767872812,1,0,1,6,3,33,7,3,39,0,0,0,0,0,6,5,3,0
base,20260712,1,0.12,0.45,0.2,0.18,3,30,9,1268,1783716482,3186732676,false,false,848.766666666552,866.766666666552,9,7,6,179,24,6,3,10,52,44,8,10,8,0,0.15384615384615385,0.8461538461538461,22,2.75,167.7333333333248,0.1976200761889967,1,0,1,6,3,37,6,3,43,0,0,0,0,0,5,9,2,0
base,20260712,1,0.12,0.45,0.2,0.18,3,30,9,1269,1023217627,3217119208,true,false,816.633333333248,834.633333333248,9,7,6,180,20,6,3,2,37,32,5,2,5,0,0.13513513513513514,0.8648648648648649,14,1.75,167.7333333333248,0.20539613861791378,1,1,0,4,3,22,5,3,29,6,3,31,138.86666666654037,0.17004775705117134,4,9,2,0
base,20260712,1,0.12,0.45,0.2,0.18,3,30,9,1270,2296712119,2768183132,false,false,749.2666666666425,767.2666666666425,9,7,6,179,20,6,2,10,41,40,1,10,1,0,0.024390243902439025,0.975609756097561,16,2,167.7333333333248,0.22386333303674286,1,0,1,4,2,32,6,2,40,0,0,0,0,0,3,7,1,0
base,20260712,1,0.12,0.45,0.2,0.18,3,30,9,1271,2589507544,4257745389,true,false,759.1999999999668,777.1999999999668,9,7,6,180,19,6,3,5,37,34,3,5,3,0,0.08108108108108109,0.918918918918919,17,2.125,167.7333333333248,0.2209343168247262,1,1,0,5,3,29,6,3,33,6,3,33,85.73333333325536,0.11292588689839186,6,11,2,0
base,20260712,1,0.12,0.45,0.2,0.18,3,30,9,1272,2419005489,784308592,false,false,828.4999999999038,846.4999999999038,9,7,6,179,23,7,3,5,42,37,5,5,5,0,0.11904761904761904,0.8809523809523809,18,2.25,167.7333333333248,0.2024542345604638,1,0,1,5,3,31,7,3,36,0,0,0,0,0,3,5,2,0
base,20260712,1,0.12,0.45,0.2,0.18,3,30,9,1273,2662747104,2102691181,true,false,796.399999999933,814.399999999933,9,7,6,180,24,8,3,7,44,40,4,7,4,0,0.09090909090909091,0.9090909090909091,19,2.375,167.7333333333248,0.21061443160891374,1,1,0,6,3,29,7,3,39,7,3,39,122.89999999988822,0.15431943746848137,5,9,2,0
base,20260712,1,0.12,0.45,0.2,0.18,3,30,9,1274,673427745,2746997032,false,false,823.8333333332414,841.8333333332414,9,7,6,179,20,6,3,4,41,34,7,4,7,0,0.17073170731707318,0.8292682926829268,15,1.875,167.7333333333248,0.20360105199272932,1,0,1,4,3,24,6,3,33,0,0,0,0,0,6,8,2,0
base,20260712,1,0.12,0.45,0.2,0.18,3,30,9,1275,3418427793,1653552714,false,false,768.8333333332914,786.8333333332914,9,7,6,179,24,8,3,7,46,39,7,7,7,0,0.15217391304347827,0.8478260869565217,18,2.25,167.7333333333248,0.2181660524604387,1,0,1,6,3,29,8,3,39,0,0,0,0,0,5,11,2,0
base,20260712,1,0.12,0.45,0.2,0.18,3,30,9,1276,2979834812,854728924,false,false,767.0333333332931,785.0333333332931,9,7,6,179,27,9,3,3,46,40,6,3,6,0,0.13043478260869565,0.8695652173913043,20,2.5,167.7333333333248,0.2186780235539528,1,0,1,6,3,28,9,3,40,0,0,0,0,0,3,3,2,0
base,20260712,1,0.12,0.45,0.2,0.18,3,30,9,1277,76844168,3106722835,false,false,784.299999999944,802.299999999944,9,7,6,179,20,6,2,16,51,45,6,16,6,0,0.11764705882352941,0.8823529411764706,18,2.25,167.7333333333248,0.21386374261550015,1,0,1,5,2,37,6,2,44,0,0,0,0,0,7,8,2,0
base,20260712,1,0.12,0.45,0.2,0.18,3,30,9,1278,2500672986,3539729978,true,false,759.4999999999666,777.4999999999666,9,7,6,180,22,6,3,9,45,41,4,9,4,0,0.08888888888888889,0.9111111111111111,21,2.625,167.7333333333248,0.22084704849681655,1,1,0,6,3,34,6,3,39,6,3,40,75.59999999993124,0.0995391705068263,6,11,2,0
base,20260712,1,0.12,0.45,0.2,0.18,3,30,9,1279,3514362992,2273634828,false,false,768.5999999999583,786.5999999999583,9,7,6,179,21,6,3,11,50,42,8,11,8,0,0.16,0.84,18,2.25,167.7333333333248,0.21823228380605503,1,0,1,5,3,32,6,3,41,0,0,0,0,0,6,10,2,0
base,20260712,1,0.12,0.45,0.2,0.18,3,30,9,1280,52807102,724903832,false,false,824.8333333332405,842.8333333332405,9,7,6,179,25,7,2,17,58,52,6,17,6,0,0.10344827586206896,0.896551724137931,23,2.875,167.7333333333248,0.20335421297233017,1,0,1,6,2,43,7,2,51,0,0,0,0,0,5,5,3,0
base,20260712,1,0.12,0.45,0.2,0.18,3,30,9,1281,1929317495,3550265545,true,false,792.4666666666033,810.4666666666033,9,7,6,180,19,5,3,7,41,36,5,7,5,0,0.12195121951219512,0.8780487804878049,15,1.875,167.7333333333248,0.2116597964162592,1,1,0,4,3,24,5,3,34,5,3,34,121.79999999988922,0.15369731639593542,5,8,2,0
base,20260712,1,0.12,0.45,0.2,0.18,3,30,9,1282,580347492,3785343703,false,false,816.8999999999144,834.8999999999144,9,7,6,179,19,5,3,3,35,32,3,3,3,0,0.08571428571428572,0.9142857142857143,14,1.75,167.7333333333248,0.20532908964786678,1,0,1,4,3,24,5,3,32,0,0,0,0,0,5,14,2,0
base,20260712,1,0.12,0.45,0.2,0.18,3,30,9,1283,1016919395,3871455254,false,false,850.2333333332174,868.2333333332174,9,7,6,179,29,9,3,12,57,51,6,12,6,0,0.10526315789473684,0.8947368421052632,25,3.125,167.7333333333248,0.19727917826480693,1,0,1,8,3,43,9,3,50,0,0,0,0,0,6,10,3,0
base,20260712,1,0.12,0.45,0.2,0.18,3,30,9,1284,548094393,475105775,false,false,764.6666666666285,782.6666666666285,9,7,6,179,20,5,3,9,42,39,3,9,3,0,0.07142857142857142,0.9285714285714286,18,2.25,167.7333333333248,0.21935483870967717,1,0,1,5,3,29,5,3,37,0,0,0,0,0,6,11,2,0
base,20260712,1,0.12,0.45,0.2,0.18,3,30,9,1285,1508322075,3138125435,false,false,811.4999999999193,829.4999999999193,9,7,6,179,25,8,3,12,51,45,6,12,6,0,0.11764705882352941,0.8823529411764706,23,2.875,167.7333333333248,0.20669542000411767,1,0,1,7,3,37,8,3,45,0,0,0,0,0,3,5,2,0
base,20260712,1,0.12,0.45,0.2,0.18,3,30,9,1286,229181314,1874189858,false,false,840.1666666665599,858.1666666665599,9,7,6,179,26,8,3,22,64,58,6,22,6,0,0.09375,0.90625,26,3.25,167.7333333333248,0.1996429279904933,1,0,1,8,3,52,8,3,58,0,0,0,0,0,7,6,2,0
base,20260712,1,0.12,0.45,0.2,0.18,3,30,9,1287,4082848676,1898771814,false,false,849.866666666551,867.866666666551,9,7,6,179,24,7,3,7,46,41,5,7,5,0,0.10869565217391304,0.8913043478260869,22,2.75,167.7333333333248,0.1973642924380463,1,0,1,7,3,32,7,3,39,0,0,0,0,0,6,9,2,0
base,20260712,1,0.12,0.45,0.2,0.18,3,30,9,1288,2605349175,1975938764,true,false,755.4333333333036,773.4333333333036,9,7,6,180,17,5,2,0,30,26,4,0,4,0,0.13333333333333333,0.8666666666666667,13,1.625,167.7333333333248,0.22203591757489927,1,1,0,3,2,21,4,2,24,4,2,25,76.49999999993042,0.10126638132630292,5,11,1,0
base,20260712,1,0.12,0.45,0.2,0.18,3,30,9,1289,1372249706,4205665210,false,false,780.8999999999471,798.8999999999471,9,7,6,179,30,9,3,22,66,62,4,22,4,0,0.06060606060606061,0.9393939393939394,26,3.25,167.7333333333248,0.2147948947795315,1,0,1,8,3,50,9,3,62,0,0,0,0,0,6,14,3,0
base,20260712,1,0.12,0.45,0.2,0.18,3,30,9,1290,3832919337,428977446,false,false,773.299999999954,791.299999999954,9,7,6,179,20,6,3,8,48,36,12,8,12,0,0.25,0.75,17,2.125,167.7333333333248,0.2169059011164293,1,0,1,5,3,32,5,3,35,0,0,0,0,0,3,5,2,0
base,20260712,1,0.12,0.45,0.2,0.18,3,30,9,1291,2970440496,1139787901,false,false,800.4999999999293,818.4999999999293,9,7,6,179,21,6,3,10,47,41,6,10,6,0,0.1276595744680851,0.8723404255319149,18,2.25,167.7333333333248,0.20953570684989334,1,0,1,5,3,30,6,3,40,0,0,0,0,0,5,5,2,0
base,20260712,1,0.12,0.45,0.2,0.18,3,30,9,1292,909396851,1003916495,true,false,748.8666666666429,766.8666666666429,9,7,6,180,20,6,3,6,40,36,4,6,4,0,0.1,0.9,14,1.75,167.7333333333248,0.22398290750466943,1,1,0,4,3,27,6,3,34,6,3,35,75.83333333326436,0.1012641324667499,5,11,2,0
base,20260712,1,0.12,0.45,0.2,0.18,3,30,9,1293,1741213556,1207762225,true,false,811.7333333332524,829.7333333332524,9,7,6,180,22,7,3,7,45,39,6,7,6,0,0.13333333333333333,0.8666666666666667,18,2.25,167.7333333333248,0.20663600525625186,1,1,0,5,3,33,7,3,37,7,3,38,145.26666666653455,0.17895860709578149,6,6,2,0
base,20260712,1,0.12,0.45,0.2,0.18,3,30,9,1294,441062206,866108406,false,false,813.8999999999171,831.8999999999171,9,7,6,179,25,7,3,8,49,43,6,8,6,0,0.12244897959183673,0.8775510204081632,17,2.125,167.7333333333248,0.2060859237416659,1,0,1,4,3,32,7,3,43,0,0,0,0,0,2,4,2,0
base,20260712,1,0.12,0.45,0.2,0.18,3,30,9,1295,307265872,2139425267,false,false,819.7999999999117,837.7999999999117,9,7,6,179,22,7,3,3,37,34,3,3,3,0,0.08108108108108109,0.918918918918919,17,2.125,167.7333333333248,0.20460274863789077,1,0,1,5,3,27,6,3,32,0,0,0,0,0,5,11,3,0
base,20260712,1,0.12,0.45,0.2,0.18,3,30,9,1296,2038617185,2930204440,false,false,767.0666666666264,785.0666666666264,9,7,6,179,25,7,3,6,44,40,4,6,4,0,0.09090909090909091,0.9090909090909091,23,2.875,167.7333333333248,0.2186685207717716,1,0,1,7,3,34,7,3,39,0,0,0,0,0,5,6,2,0
base,20260712,1,0.12,0.45,0.2,0.18,3,30,9,1297,1867222563,1959666673,false,false,777.1999999999505,795.1999999999505,9,7,6,179,24,7,3,17,55,50,5,17,5,0,0.09090909090909091,0.9090909090909091,21,2.625,167.7333333333248,0.21581746440213007,1,0,1,6,3,43,7,3,50,0,0,0,0,0,6,5,2,0
base,20260712,1,0.12,0.45,0.2,0.18,3,30,9,1298,1262209448,3683971206,false,false,780.7333333332806,798.7333333332806,9,7,6,179,25,7,3,11,50,46,4,11,4,0,0.08,0.92,23,2.875,167.7333333333248,0.2148407480146906,1,0,1,7,3,36,7,3,46,0,0,0,0,0,5,8,3,0
base,20260712,1,0.12,0.45,0.2,0.18,3,30,9,1299,1165059280,3260585002,false,false,761.7333333332979,779.7333333332979,9,7,6,179,17,5,2,0,29,26,3,0,3,0,0.10344827586206896,0.896551724137931,14,1.75,167.7333333333248,0.220199544897601,1,0,1,4,2,21,5,2,26,0,0,0,0,0,2,3,2,0
base,20260712,1,0.12,0.45,0.2,0.18,3,30,9,1300,2892093623,2776647191,false,false,773.8666666666202,791.8666666666202,9,7,6,179,23,7,3,6,41,36,5,6,5,0,0.12195121951219512,0.8780487804878049,16,2,167.7333333333248,0.2167470709855292,1,0,1,4,3,30,6,3,35,0,0,0,0,0,2,4,2,0
base,20260712,1,0.12,0.45,0.2,0.18,3,30,9,1301,3240688206,873882735,false,false,815.9333333332486,833.9333333332486,9,7,6,179,17,5,3,0,28,26,2,0,2,0,0.07142857142857142,0.9285714285714286,14,1.75,167.7333333333248,0.20557235068225616,1,0,1,4,3,23,5,3,26,0,0,0,0,0,3,5,2,0
base,20260712,1,0.12,0.45,0.2,0.18,3,30,9,1302,2564331607,901171984,true,false,801.2999999999286,819.2999999999286,9,7,6,180,26,8,3,19,65,55,10,19,10,0,0.15384615384615385,0.8461538461538461,24,3,167.7333333333248,0.20932651108615968,1,1,0,7,3,42,7,3,52,7,3,53,125.33333333321934,0.15641249635995322,7,6,3,0
base,20260712,1,0.12,0.45,0.2,0.18,3,30,9,1303,1057217948,4166569916,false,false,808.0333333332558,826.0333333332558,9,7,6,179,20,6,3,5,38,34,4,5,4,0,0.10526315789473684,0.8947368421052632,18,2.25,167.7333333333248,0.20758219545399229,1,0,1,5,3,30,6,3,34,0,0,0,0,0,3,7,3,0
base,20260712,1,0.12,0.45,0.2,0.18,3,30,9,1304,3076671370,3196630104,true,false,800.4999999999293,818.4999999999293,9,7,6,180,25,8,3,8,47,42,5,8,5,0,0.10638297872340426,0.8936170212765957,18,2.25,167.7333333333248,0.20953570684989334,1,1,0,5,2,28,8,3,41,8,3,41,125.83333333321889,0.15719342077855092,6,8,3,0
base,20260712,1,0.12,0.45,0.2,0.18,3,30,9,1305,3921487241,201906027,false,false,770.3666666666234,788.3666666666234,9,7,6,179,19,5,3,2,37,31,6,2,6,0,0.16216216216216217,0.8378378378378378,18,2.25,167.7333333333248,0.2177318160183474,1,0,1,5,3,27,5,3,30,0,0,0,0,0,5,5,2,0
base,20260712,1,0.12,0.45,0.2,0.18,3,30,9,1306,3934040107,3652596960,false,false,835.1333333332311,853.1333333332311,9,7,6,179,22,6,3,12,51,44,7,12,7,0,0.13725490196078433,0.8627450980392157,18,2.25,167.7333333333248,0.20084617226791568,1,0,1,5,3,28,6,3,43,0,0,0,0,0,5,11,3,0
base,20260712,1,0.12,0.45,0.2,0.18,3,30,9,1307,3693714112,2358530663,false,false,767.3333333332928,785.3333333332928,9,7,6,179,23,6,3,9,50,41,9,9,9,0,0.18,0.82,17,2.125,167.7333333333248,0.21859252823631667,1,0,1,4,3,31,6,3,40,0,0,0,0,0,6,8,2,0
base,20260712,1,0.12,0.45,0.2,0.18,3,30,9,1308,1207152569,3156788047,false,false,836.5666666665632,854.5666666665632,9,7,6,179,20,5,2,10,44,40,4,10,4,0,0.09090909090909091,0.9090909090909091,19,2.375,167.7333333333248,0.2005020520381068,1,0,1,5,2,36,5,2,39,0,0,0,0,0,5,8,2,0
base,20260712,1,0.12,0.45,0.2,0.18,3,30,9,1309,2388683259,4143218721,false,false,830.0333333332358,848.0333333332358,9,7,6,179,19,6,3,10,43,38,5,10,5,0,0.11627906976744186,0.8837209302325582,17,2.125,167.7333333333248,0.20208023774146963,1,0,1,5,3,28,6,3,37,0,0,0,0,0,5,13,1,0
base,20260712,1,0.12,0.45,0.2,0.18,3,30,9,1310,302697215,3902931243,true,false,805.6666666665913,823.6666666665913,9,7,6,180,15,5,3,0,27,24,3,0,3,0,0.1111111111111111,0.8888888888888888,13,1.625,167.7333333333248,0.20819197352090255,1,1,0,4,3,20,4,3,23,4,3,23,122.79999999988831,0.15242035581286695,5,11,1,0
base,20260712,1,0.12,0.45,0.2,0.18,3,30,9,1311,2445006911,3575829158,false,false,763.06666666663,781.06666666663,9,7,6,179,22,6,3,13,55,45,10,13,10,0,0.18181818181818182,0.8181818181818182,21,2.625,167.7333333333248,0.21981478245675282,1,0,1,6,3,37,6,3,45,0,0,0,0,0,3,5,3,0
base,20260712,1,0.12,0.45,0.2,0.18,3,30,9,1312,2298428222,181788892,false,false,821.7666666665766,839.7666666665766,9,7,6,179,30,8,3,17,62,57,5,17,5,0,0.08064516129032258,0.9193548387096774,25,3.125,167.7333333333248,0.20411308968483735,1,0,1,7,3,44,8,3,56,0,0,0,0,0,5,10,3,0
base,20260712,1,0.12,0.45,0.2,0.18,3,30,9,1313,3713218308,671281683,false,false,804.9333333332586,822.9333333332586,9,7,6,179,22,6,3,4,39,36,3,4,3,0,0.07692307692307693,0.9230769230769231,21,2.625,167.7333333333248,0.20838164651317753,1,0,1,6,3,33,6,3,36,0,0,0,0,0,2,5,2,0
base,20260712,1,0.12,0.45,0.2,0.18,3,30,9,1314,14612483,3830664290,false,false,791.999999999937,809.999999999937,9,7,6,179,29,8,3,10,55,48,7,10,7,0,0.12727272727272726,0.8727272727272727,23,2.875,167.7333333333248,0.21178451178451785,1,0,1,7,3,37,8,3,48,0,0,0,0,0,6,10,3,0
base,20260712,1,0.12,0.45,0.2,0.18,3,30,9,1315,3794031594,198013277,true,false,799.1333333332639,817.1333333332639,9,7,6,180,28,8,3,9,53,47,6,9,6,0,0.11320754716981132,0.8867924528301887,24,3,167.7333333333248,0.20989405188955457,1,1,0,7,3,37,8,3,47,8,3,47,124.19999999988704,0.15541836990059796,5,8,4,0
base,20260712,1,0.12,0.45,0.2,0.18,3,30,9,1316,2280415173,3043206460,false,false,836.4666666665632,854.4666666665632,9,7,6,179,16,4,3,0,33,25,8,0,8,0,0.24242424242424243,0.7575757575757576,13,1.625,167.7333333333248,0.20052602215670542,1,0,1,4,3,20,4,3,25,0,0,0,0,0,6,6,2,0
base,20260712,1,0.12,0.45,0.2,0.18,3,30,9,1317,112406439,1108635730,false,false,776.4333333332845,794.4333333332845,9,7,6,179,19,5,3,3,38,32,6,3,6,0,0.15789473684210525,0.8421052631578947,18,2.25,167.7333333333248,0.21603056712317265,1,0,1,5,3,26,5,3,32,0,0,0,0,0,3,5,2,0
base,20260712,1,0.12,0.45,0.2,0.18,3,30,9,1318,2936691470,3049047064,true,false,812.6333333332516,830.6333333332516,9,7,6,180,14,4,3,0,26,22,4,0,4,0,0.15384615384615385,0.8461538461538461,10,1.25,167.7333333333248,0.20640715369786497,1,1,0,3,2,17,4,3,22,4,3,22,120.19999999989068,0.1479141884407516,5,9,2,0
base,20260712,1,0.12,0.45,0.2,0.18,3,30,9,1319,1761200781,1879910554,true,false,785.399999999943,803.399999999943,9,7,6,180,21,7,3,14,46,44,2,14,2,0,0.043478260869565216,0.9565217391304348,17,2.125,167.7333333333248,0.21356421356421817,1,1,0,5,3,36,6,3,43,6,3,43,113.13333333323044,0.1440454969865529,5,6,2,0
base,20260712,1,0.12,0.45,0.2,0.18,3,30,9,1320,204964597,652364840,true,false,790.8666666666047,808.8666666666047,9,7,6,180,14,4,2,0,28,22,6,0,6,0,0.21428571428571427,0.7857142857142857,12,1.5,167.7333333333248,0.21208800472056555,1,1,0,3,2,19,4,2,21,4,2,21,116.86666666656038,0.14777037848761215,5,11,2,0
base,20260712,1,0.12,0.45,0.2,0.18,3,30,9,1321,3971312269,1351382607,false,false,851.4999999998829,869.4999999998829,9,7,6,179,15,5,3,0,28,21,7,0,7,0,0.25,0.75,10,1.25,167.7333333333248,0.19698571148954536,1,0,1,3,3,14,4,3,19,0,0,0,0,0,6,11,2,0
base,20260712,1,0.12,0.45,0.2,0.18,3,30,9,1322,1789113573,4172855108,false,false,762.4999999999638,780.4999999999638,9,7,6,179,18,5,3,3,33,30,3,3,3,0,0.09090909090909091,0.9090909090909091,12,1.5,167.7333333333248,0.21997814207650196,1,0,1,4,3,19,4,3,27,0,0,0,0,0,4,7,2,0
base,20260712,1,0.12,0.45,0.2,0.18,3,30,9,1323,4170904801,2086915430,true,false,807.1666666665899,825.1666666665899,9,7,6,180,17,5,2,3,37,29,8,3,8,0,0.21621621621621623,0.7837837837837838,15,1.875,167.7333333333248,0.20780507949618923,1,1,0,4,2,26,4,2,28,4,2,28,124.33333333322025,0.15403675407792536,5,11,2,0
base,20260712,1,0.12,0.45,0.2,0.18,3,30,9,1324,3142560041,2405150588,false,false,823.9333333332413,841.9333333332413,9,7,6,179,25,7,3,6,44,40,4,6,4,0,0.09090909090909091,0.9090909090909091,20,2.5,167.7333333333248,0.20357634112793535,1,0,1,5,3,35,7,3,39,0,0,0,0,0,2,5,2,0
base,20260712,1,0.12,0.45,0.2,0.18,3,30,9,1325,2224178334,3789677008,false,false,822.5999999999092,840.5999999999092,9,7,6,179,26,8,3,10,47,44,3,10,3,0,0.06382978723404255,0.9361702127659575,20,2.5,167.7333333333248,0.2039063133155158,1,0,1,6,3,34,8,3,44,0,0,0,0,0,5,11,2,0
base,20260712,1,0.12,0.45,0.2,0.18,3,30,9,1326,125826033,718652217,false,false,805.8666666665911,823.8666666665911,9,7,6,179,25,8,3,7,46,42,4,7,4,0,0.08695652173913043,0.9130434782608695,24,3,167.7333333333248,0.20814030443415849,1,0,1,8,3,35,8,3,41,0,0,0,0,0,3,5,2,0
base,20260712,1,0.12,0.45,0.2,0.18,3,30,9,1327,824025752,2928662500,false,false,817.4666666665805,835.4666666665805,9,7,6,179,24,7,3,6,42,39,3,6,3,0,0.07142857142857142,0.9285714285714286,16,2,167.7333333333248,0.20518675583103385,1,0,1,4,3,28,7,3,39,0,0,0,0,0,3,3,2,0
base,20260712,1,0.12,0.45,0.2,0.18,3,30,9,1328,2695266634,2218912661,false,false,836.766666666563,854.766666666563,9,7,6,179,24,7,3,10,46,44,2,10,2,0,0.043478260869565216,0.9565217391304348,20,2.5,167.7333333333248,0.20045412898858173,1,0,1,5,3,36,7,3,43,0,0,0,0,0,6,10,2,0
base,20260712,1,0.12,0.45,0.2,0.18,3,30,9,1329,1466880049,1218704985,true,false,801.0333333332621,819.0333333332621,9,7,6,180,23,7,3,4,44,37,7,4,7,0,0.1590909090909091,0.8409090909090909,19,2.375,167.7333333333248,0.2093961965794262,1,1,0,6,3,28,7,3,36,7,3,36,121.89999999988913,0.15217843618646743,4,6,2,0
base,20260712,1,0.12,0.45,0.2,0.18,3,30,9,1330,91322939,763107350,false,false,822.1666666665762,840.1666666665762,9,7,6,179,24,7,3,12,50,46,4,12,4,0,0.08,0.92,20,2.5,167.7333333333248,0.20401378471519552,1,0,1,6,3,38,7,3,46,0,0,0,0,0,3,4,2,0
base,20260712,1,0.12,0.45,0.2,0.18,3,30,9,1331,3299337650,3067809833,false,false,824.0999999999078,842.0999999999078,9,7,6,179,20,6,3,3,37,33,4,3,4,0,0.10810810810810811,0.8918918918918919,17,2.125,167.7333333333248,0.2035351696800674,1,0,1,5,3,27,6,3,33,0,0,0,0,0,5,14,3,0
base,20260712,1,0.12,0.45,0.2,0.18,3,30,9,1332,676694004,3831778475,false,false,832.9999999998997,850.9999999998997,9,7,6,179,24,7,3,12,55,46,9,12,9,0,0.16363636363636364,0.8363636363636363,21,2.625,167.7333333333248,0.20136054421770105,1,0,1,6,3,37,7,3,45,0,0,0,0,0,6,10,3,0
base,20260712,1,0.12,0.45,0.2,0.18,3,30,9,1333,724592320,849692793,false,false,779.9333333332813,797.9333333332813,9,7,6,179,19,5,3,6,42,35,7,6,7,0,0.16666666666666666,0.8333333333333334,15,1.875,167.7333333333248,0.21506111633473285,1,0,1,4,3,26,5,3,33,0,0,0,0,0,6,8,2,0
base,20260712,1,0.12,0.45,0.2,0.18,3,30,9,1334,697151780,1016871422,false,false,780.0333333332812,798.0333333332812,9,7,6,179,22,6,2,10,52,41,11,10,11,0,0.21153846153846154,0.7884615384615384,21,2.625,167.7333333333248,0.21503354557497883,1,0,1,6,2,33,6,2,40,0,0,0,0,0,5,8,3,0
base,20260712,1,0.12,0.45,0.2,0.18,3,30,9,1335,981569967,2642572785,false,false,815.4666666665823,833.4666666665823,9,7,6,179,26,7,3,11,55,47,8,11,8,0,0.14545454545454545,0.8545454545454545,19,2.375,167.7333333333248,0.20568999345978842,1,0,1,5,3,32,7,3,46,0,0,0,0,0,2,5,2,0
base,20260712,1,0.12,0.45,0.2,0.18,3,30,9,1336,1926075576,3954407217,true,false,839.9999999998934,857.9999999998934,9,7,6,180,26,8,3,14,55,49,6,14,6,0,0.10909090909090909,0.8909090909090909,23,2.875,167.7333333333248,0.19968253968255487,1,1,0,7,3,39,7,3,47,7,3,48,161.69999999985293,0.19249999999984935,6,6,2,0
base,20260712,1,0.12,0.45,0.2,0.18,3,30,9,1337,2543561749,3318229175,false,false,771.1666666666226,789.1666666666226,9,7,6,179,21,6,3,4,35,33,2,4,2,0,0.05714285714285714,0.9428571428571428,19,2.375,167.7333333333248,0.2175059433758388,1,0,1,5,3,30,6,3,33,0,0,0,0,0,3,5,2,0
base,20260712,1,0.12,0.45,0.2,0.18,3,30,9,1338,555996533,4119108310,false,false,800.5333333332626,818.5333333332626,9,7,6,179,26,8,3,10,50,45,5,10,5,0,0.1,0.9,23,2.875,167.7333333333248,0.20952698201199985,1,0,1,7,3,36,8,3,44,0,0,0,0,0,6,10,2,0
base,20260712,1,0.12,0.45,0.2,0.18,3,30,9,1339,3654094922,2034321352,true,false,801.3666666665952,819.3666666665952,9,7,6,180,15,4,3,0,31,25,6,0,6,0,0.1935483870967742,0.8064516129032258,11,1.375,167.7333333333248,0.2093090969593691,1,1,0,3,3,19,4,3,24,4,3,25,117.53333333322644,0.14666611205844632,5,11,2,0
base,20260712,1,0.12,0.45,0.2,0.18,3,30,9,1340,3759039250,3302572513,false,false,852.6333333332152,870.6333333332152,9,7,6,179,25,7,3,11,50,46,4,11,4,0,0.08,0.92,23,2.875,167.7333333333248,0.19672387505377228,1,0,1,7,3,38,7,3,44,0,0,0,0,0,6,9,2,0
base,20260712,1,0.12,0.45,0.2,0.18,3,30,9,1341,847562075,3566414415,false,false,789.8666666666056,807.8666666666056,9,7,6,179,22,6,3,12,47,44,3,12,3,0,0.06382978723404255,0.9361702127659575,22,2.75,167.7333333333248,0.21235651586766258,1,0,1,6,3,37,6,3,43,0,0,0,0,0,3,5,2,0
base,20260712,1,0.12,0.45,0.2,0.18,3,30,9,1342,3690767893,2346633160,false,false,824.1999999999077,842.1999999999077,9,7,6,179,23,7,3,11,47,44,3,11,3,0,0.06382978723404255,0.9361702127659575,20,2.5,167.7333333333248,0.2035104748038626,1,0,1,6,3,35,7,3,43,0,0,0,0,0,4,5,1,0
base,20260712,1,0.12,0.45,0.2,0.18,3,30,9,1343,2570245115,1224371628,false,false,757.0999999999688,775.0999999999688,9,7,6,179,26,7,3,20,63,56,7,20,7,0,0.1111111111111111,0.8888888888888888,25,3.125,167.7333333333248,0.2215471315986418,1,0,1,7,3,46,7,3,56,0,0,0,0,0,3,6,2,0
base,20260712,1,0.12,0.45,0.2,0.18,3,30,9,1344,4095965,393855579,true,false,799.1666666665972,817.1666666665972,9,7,6,180,24,7,3,3,44,37,7,3,7,0,0.1590909090909091,0.8409090909090909,21,2.625,167.7333333333248,0.20988529718457483,1,1,0,6,3,32,7,3,36,7,3,36,126.69999999988477,0.15854014598527105,5,10,4,0
base,20260712,1,0.12,0.45,0.2,0.18,3,30,9,1345,458522544,1866562103,true,false,763.833333333296,781.833333333296,9,7,6,180,21,6,3,1,35,31,4,1,4,0,0.11428571428571428,0.8857142857142857,15,1.875,167.7333333333248,0.21959415230198517,1,1,0,4,3,24,6,3,30,6,3,30,76.1666666665974,0.09971634300667831,5,11,2,0
base,20260712,1,0.12,0.45,0.2,0.18,3,30,9,1346,2867563514,1028772528,true,false,813.999999999917,831.999999999917,9,7,6,180,21,6,3,15,53,46,7,15,7,0,0.1320754716981132,0.8679245283018868,16,2,167.7333333333248,0.20606060606061657,1,1,0,4,3,35,6,3,44,6,3,45,139.1999999998734,0.1710073710072329,5,10,3,0
base,20260712,1,0.12,0.45,0.2,0.18,3,30,9,1347,3170321811,3718629573,false,false,823.5999999999083,841.5999999999083,9,7,6,179,27,8,3,15,53,50,3,15,3,0,0.05660377358490566,0.9433962264150944,21,2.625,167.7333333333248,0.20365873401328735,1,0,1,6,3,35,8,3,50,0,0,0,0,0,6,13,2,0
base,20260712,1,0.12,0.45,0.2,0.18,3,30,9,1348,2143826762,3055368319,false,false,763.4666666666296,781.4666666666296,9,7,6,179,24,6,3,16,55,50,5,16,5,0,0.09090909090909091,0.9090909090909091,20,2.5,167.7333333333248,0.2196996157876348,1,0,1,5,3,42,6,3,48,0,0,0,0,0,5,5,2,0
base,20260712,1,0.12,0.45,0.2,0.18,3,30,9,1349,2548414555,726313100,false,false,811.2333333332529,829.2333333332529,9,7,6,179,21,6,3,5,39,34,5,5,5,0,0.1282051282051282,0.8717948717948718,12,1.5,167.7333333333248,0.20676336442454876,1,0,1,3,3,21,6,3,34,0,0,0,0,0,3,7,3,0
base,20260712,1,0.12,0.45,0.2,0.18,3,30,9,1350,4219816594,1437832850,true,false,801.6333333332616,819.6333333332616,9,7,6,180,25,8,3,3,41,36,5,3,5,0,0.12195121951219512,0.8780487804878049,17,2.125,167.7333333333248,0.20923946941661584,1,1,0,5,3,26,7,3,35,7,3,35,148.1999999998652,0.18487255187310717,2,5,3,0
base,20260712,1,0.12,0.45,0.2,0.18,3,30,9,1351,4212995224,661101114,false,false,764.1333333332957,782.1333333332957,9,7,6,179,22,6,3,7,47,39,8,7,8,0,0.1702127659574468,0.8297872340425532,20,2.5,167.7333333333248,0.2195079392776126,1,0,1,6,3,31,6,3,39,0,0,0,0,0,2,5,3,0
base,20260712,1,0.12,0.45,0.2,0.18,3,30,9,1352,2282478586,3830905120,false,false,776.7999999999508,794.7999999999508,9,7,6,179,25,7,3,15,58,50,8,15,8,0,0.13793103448275862,0.8620689655172413,24,3,167.7333333333248,0.21592859594919595,1,0,1,7,3,41,7,3,49,0,0,0,0,0,6,6,3,0
base,20260712,1,0.12,0.45,0.2,0.18,3,30,9,1353,2624029122,3819114008,false,false,780.1666666666144,798.1666666666144,9,7,6,179,25,7,3,10,50,45,5,10,5,0,0.1,0.9,20,2.5,167.7333333333248,0.21499679555650847,1,0,1,6,3,33,7,3,43,0,0,0,0,0,6,10,2,0
base,20260712,1,0.12,0.45,0.2,0.18,3,30,9,1354,1533979207,3378705857,false,false,769.4999999999575,787.4999999999575,9,7,6,179,26,7,3,16,60,52,8,16,8,0,0.13333333333333333,0.8666666666666667,22,2.75,167.7333333333248,0.21797704136885518,1,0,1,6,3,45,7,3,52,0,0,0,0,0,5,8,2,0
base,20260712,1,0.12,0.45,0.2,0.18,3,30,9,1355,482853733,2485018342,false,false,802.5333333332608,820.5333333332608,9,7,6,179,28,8,3,16,58,54,4,16,4,0,0.06896551724137931,0.9310344827586207,26,3.25,167.7333333333248,0.20900481807610063,1,0,1,8,3,44,8,3,54,0,0,0,0,0,2,5,2,0
base,20260712,1,0.12,0.45,0.2,0.18,3,30,9,1356,420120503,899479315,false,false,813.5333333332508,831.5333333332508,9,7,6,179,22,6,3,6,44,38,6,6,6,0,0.13636363636363635,0.8636363636363636,21,2.625,167.7333333333248,0.20617880848972608,1,0,1,6,3,32,6,3,37,0,0,0,0,0,6,11,2,0
base,20260712,1,0.12,0.45,0.2,0.18,3,30,9,1357,3332586768,3217900032,false,false,842.0333333332248,860.0333333332248,9,7,6,179,31,9,3,11,59,51,8,11,8,0,0.13559322033898305,0.864406779661017,25,3.125,167.7333333333248,0.19920034836310488,1,0,1,7,3,41,9,3,49,0,0,0,0,0,7,14,2,0
base,20260712,1,0.12,0.45,0.2,0.18,3,30,9,1358,598789759,1392244212,false,false,759.0333333333003,777.0333333333003,9,7,6,179,24,7,3,9,48,42,6,9,6,0,0.125,0.875,19,2.375,167.7333333333248,0.2209828290369313,1,0,1,6,3,30,7,3,42,0,0,0,0,0,2,5,2,0
base,20260712,1,0.12,0.45,0.2,0.18,3,30,9,1359,1508576934,2893460548,false,false,818.9999999999125,836.9999999999125,9,7,6,179,19,6,3,1,33,28,5,1,5,0,0.15151515151515152,0.8484848484848485,11,1.375,167.7333333333248,0.20480260480261628,1,0,1,3,2,19,5,3,27,0,0,0,0,0,6,11,3,0
base,20260712,1,0.12,0.45,0.2,0.18,3,30,9,1360,3536072934,2931022374,false,false,773.2333333332874,791.2333333332874,9,7,6,179,19,6,3,1,33,29,4,1,4,0,0.12121212121212122,0.8787878787878788,15,1.875,167.7333333333248,0.21692460231926725,1,0,1,5,3,24,6,3,29,0,0,0,0,0,2,7,2,0
base,20260712,1,0.12,0.45,0.2,0.18,3,30,9,1361,684604653,149686528,false,false,846.5999999998874,864.5999999998874,9,7,6,179,14,4,3,0,24,22,2,0,2,0,0.08333333333333333,0.9166666666666666,12,1.5,167.7333333333248,0.19812583668006983,1,0,1,4,3,19,4,3,22,0,0,0,0,0,5,14,2,0
base,20260712,1,0.12,0.45,0.2,0.18,3,30,9,1362,2338176565,1099164146,false,false,770.3999999999567,788.3999999999567,9,7,6,179,25,7,3,12,53,47,6,12,6,0,0.11320754716981132,0.8867924528301887,21,2.625,167.7333333333248,0.2177223952924899,1,0,1,6,3,38,7,3,47,0,0,0,0,0,4,7,2,0
base,20260712,1,0.12,0.45,0.2,0.18,3,30,9,1363,168035226,2485605274,false,false,831.8333333332341,849.8333333332341,9,7,6,179,26,7,3,20,58,56,2,20,2,0,0.034482758620689655,0.9655172413793104,21,2.625,167.7333333333248,0.2016429573231955,1,0,1,6,3,43,7,3,56,0,0,0,0,0,5,5,2,0
base,20260712,1,0.12,0.45,0.2,0.18,3,30,9,1364,1547920208,936155656,true,false,789.1666666666063,807.1666666666063,9,7,6,180,21,6,3,6,42,37,5,6,5,0,0.11904761904761904,0.8809523809523809,16,2,167.7333333333248,0.2125448785638914,1,1,0,4,3,26,6,3,35,6,3,36,110.23333333323308,0.13968321013715926,5,14,2,0
base,20260712,1,0.12,0.45,0.2,0.18,3,30,9,1365,2555891351,801403331,false,false,842.3999999998912,860.3999999998912,9,7,6,179,24,7,3,15,56,48,8,15,8,0,0.14285714285714285,0.8571428571428571,20,2.5,167.7333333333248,0.1991136435581036,1,0,1,5,3,36,6,3,45,0,0,0,0,0,5,12,2,0
base,20260712,1,0.12,0.45,0.2,0.18,3,30,9,1366,1582530058,4125187491,false,false,791.7333333332706,809.7333333332706,9,7,6,179,23,7,3,5,43,38,5,5,5,0,0.11627906976744186,0.8837209302325582,20,2.5,167.7333333333248,0.21185584371842972,1,0,1,6,3,29,7,3,38,0,0,0,0,0,4,5,1,0
base,20260712,1,0.12,0.45,0.2,0.18,3,30,9,1367,2737942545,1820831055,true,false,813.8666666665838,831.8666666665838,9,7,6,180,23,7,3,6,42,39,3,6,3,0,0.07142857142857142,0.9285714285714286,18,2.25,167.7333333333248,0.20609436435125558,1,1,0,5,3,32,7,3,37,7,3,38,124.69999999988659,0.15321920052412263,4,8,2,0
base,20260712,1,0.12,0.45,0.2,0.18,3,30,9,1368,2614801165,2798586020,false,false,840.5666666665595,858.5666666665595,9,7,6,179,25,7,2,17,61,52,9,17,9,0,0.14754098360655737,0.8524590163934426,22,2.75,167.7333333333248,0.19954792401952592,1,0,1,6,2,38,7,2,51,0,0,0,0,0,6,8,3,0
base,20260712,1,0.12,0.45,0.2,0.18,3,30,9,1369,1076740404,1487939253,false,false,736.5999999999874,754.5999999999874,9,7,6,179,21,6,3,9,45,40,5,9,5,0,0.1111111111111111,0.8888888888888888,21,2.625,167.7333333333248,0.22771291519593764,1,0,1,6,3,34,6,3,38,0,0,0,0,0,5,5,2,0
base,20260712,1,0.12,0.45,0.2,0.18,3,30,9,1370,1990213396,2274566312,false,false,794.6666666666013,812.6666666666013,9,7,6,179,27,7,2,14,60,51,9,14,9,0,0.15,0.85,23,2.875,167.7333333333248,0.21107382550336234,1,0,1,6,2,40,7,2,50,0,0,0,0,0,4,4,2,0
base,20260712,1,0.12,0.45,0.2,0.18,3,30,9,1371,2868866469,1481189326,true,false,823.7333333332415,841.7333333332415,9,7,6,180,21,7,3,2,35,32,3,2,3,0,0.08571428571428572,0.9142857142857143,17,2.125,167.7333333333248,0.20362576885724767,1,1,0,5,3,27,6,3,31,6,3,31,164.19999999985066,0.19933635480722195,3,7,2,0
base,20260712,1,0.12,0.45,0.2,0.18,3,30,9,1372,1616171864,354667584,false,false,748.2333333333102,766.2333333333102,9,7,6,179,26,8,3,13,53,49,4,13,4,0,0.07547169811320754,0.9245283018867925,24,3,167.7333333333248,0.22417249521093685,1,0,1,7,3,39,8,3,48,0,0,0,0,0,3,7,3,0
base,20260712,1,0.12,0.45,0.2,0.18,3,30,9,1373,1799978416,1475524140,false,false,770.5333333332899,788.5333333332899,9,7,6,179,25,7,3,12,53,46,7,12,7,0,0.1320754716981132,0.8679245283018868,21,2.625,167.7333333333248,0.217684720539887,1,0,1,6,3,40,7,3,45,0,0,0,0,0,5,9,2,0
base,20260712,1,0.12,0.45,0.2,0.18,3,30,9,1374,3784546534,1522486002,false,false,802.4999999999275,820.4999999999275,9,7,6,179,24,7,3,16,51,49,2,16,2,0,0.0392156862745098,0.9607843137254902,23,2.875,167.7333333333248,0.20901349948079745,1,0,1,7,3,40,7,3,47,0,0,0,0,0,6,13,2,0
base,20260712,1,0.12,0.45,0.2,0.18,3,30,9,1375,447028931,1236637799,false,false,829.8666666665692,847.8666666665692,9,7,6,179,28,8,3,16,64,53,11,16,11,0,0.171875,0.828125,25,3.125,167.7333333333248,0.20212082262212142,1,0,1,7,3,41,8,3,52,0,0,0,0,0,5,7,2,0
base,20260712,1,0.12,0.45,0.2,0.18,3,30,9,1376,1315491242,1198150294,false,false,821.8333333332432,839.8333333332432,9,7,6,179,21,6,3,6,44,37,7,6,7,0,0.1590909090909091,0.8409090909090909,20,2.5,167.7333333333248,0.2040965321435934,1,0,1,6,3,32,6,3,37,0,0,0,0,0,6,8,2,0
base,20260712,1,0.12,0.45,0.2,0.18,3,30,9,1377,1451962620,4058211116,false,false,783.7333333332779,801.7333333332779,9,7,6,179,24,7,2,19,58,52,6,19,6,0,0.10344827586206896,0.896551724137931,22,2.75,167.7333333333248,0.21401837359646564,1,0,1,6,2,46,6,2,50,0,0,0,0,0,6,8,2,0
base,20260712,1,0.12,0.45,0.2,0.18,3,30,9,1378,889414974,165503197,true,false,815.6333333332489,833.6333333332489,9,7,6,180,19,6,3,8,41,36,5,8,5,0,0.12195121951219512,0.8780487804878049,15,1.875,167.7333333333248,0.205647962728361,1,1,0,4,3,24,5,3,35,5,3,35,119.46666666655801,0.1464710449955908,5,11,3,0
base,20260712,1,0.12,0.45,0.2,0.18,3,30,9,1379,1885552251,537779928,false,false,835.2999999998976,853.2999999998976,9,7,6,179,29,9,3,12,57,50,7,12,7,0,0.12280701754385964,0.8771929824561403,26,3.25,167.7333333333248,0.20080609760965562,1,0,1,8,3,41,9,3,48,0,0,0,0,0,6,10,2,0
base,20260712,1,0.12,0.45,0.2,0.18,3,30,9,1380,2620329606,4182488587,false,false,828.8666666665702,846.8666666665702,9,7,6,179,26,7,3,15,56,51,5,15,5,0,0.08928571428571429,0.9107142857142857,24,3,167.7333333333248,0.20236467465617025,1,0,1,7,3,43,7,3,51,0,0,0,0,0,6,8,2,0
base,20260712,1,0.12,0.45,0.2,0.18,3,30,9,1381,3237762175,2787974804,true,false,755.5333333333035,773.5333333333035,9,7,6,180,17,5,3,2,32,28,4,2,4,0,0.125,0.875,13,1.625,167.7333333333248,0.22200652960380934,1,1,0,4,3,23,4,3,27,4,3,27,79.5666666665943,0.10531192093875952,5,13,2,0
base,20260712,1,0.12,0.45,0.2,0.18,3,30,9,1382,1582209672,4035317716,false,false,824.7666666665739,842.7666666665739,9,7,6,179,22,6,3,17,58,49,9,17,9,0,0.15517241379310345,0.8448275862068966,22,2.75,167.7333333333248,0.20337065028494158,1,0,1,6,3,44,6,3,49,0,0,0,0,0,5,5,2,0
base,20260712,1,0.12,0.45,0.2,0.18,3,30,9,1383,3172323864,3012540913,true,false,783.5666666666114,801.5666666666114,9,7,6,180,21,6,3,6,44,37,7,6,7,0,0.1590909090909091,0.8409090909090909,20,2.5,167.7333333333248,0.21406389586081162,1,1,0,6,3,29,6,3,36,6,3,37,98.3333333332439,0.12549453354309462,5,13,2,0
base,20260712,1,0.12,0.45,0.2,0.18,3,30,9,1384,2058805711,2768986832,false,false,831.3666666665679,849.3666666665679,9,7,6,179,26,8,3,10,52,46,6,10,6,0,0.11538461538461539,0.8846153846153846,22,2.75,167.7333333333248,0.20175614450103613,1,0,1,6,3,36,8,3,46,0,0,0,0,0,3,5,2,0
base,20260712,1,0.12,0.45,0.2,0.18,3,30,9,1385,2586930285,1319033511,false,false,804.3666666665924,822.3666666665924,9,7,6,179,29,9,3,14,60,52,8,14,8,0,0.13333333333333333,0.8666666666666667,24,3,167.7333333333248,0.20852844888318794,1,0,1,7,3,46,9,3,52,0,0,0,0,0,2,4,2,0
base,20260712,1,0.12,0.45,0.2,0.18,3,30,9,1386,3532272835,1218641449,false,false,845.7333333332215,863.7333333332215,9,7,6,179,16,5,2,2,28,27,1,2,1,0,0.03571428571428571,0.9642857142857143,16,2,167.7333333333248,0.1983288664669876,1,0,1,5,2,25,5,2,27,0,0,0,0,0,5,8,2,0
base,20260712,1,0.12,0.45,0.2,0.18,3,30,9,1387,998138492,977896932,false,false,776.1999999999514,794.1999999999514,9,7,6,179,28,8,3,11,52,48,4,11,4,0,0.07692307692307693,0.9230769230769231,24,3,167.7333333333248,0.21609550803057884,1,0,1,7,3,40,8,3,48,0,0,0,0,0,3,4,2,0
base,20260712,1,0.12,0.45,0.2,0.18,3,30,9,1388,1032963927,2801711981,true,false,832.7333333332333,850.7333333332333,9,7,6,180,20,6,3,2,41,32,9,2,9,0,0.21951219512195122,0.7804878048780488,18,2.25,167.7333333333248,0.20142502601874743,1,1,0,5,3,26,6,3,32,6,3,32,143.29999999986967,0.17208390040815813,5,10,2,0
base,20260712,1,0.12,0.45,0.2,0.18,3,30,9,1389,3769532148,3024563152,false,false,839.6999999998936,857.6999999998936,9,7,6,179,16,5,3,0,31,25,6,0,6,0,0.1935483870967742,0.8064516129032258,12,1.5,167.7333333333248,0.19975388035410985,1,0,1,3,2,20,5,3,23,0,0,0,0,0,6,9,2,0
base,20260712,1,0.12,0.45,0.2,0.18,3,30,9,1390,624334700,893091084,false,false,786.499999999942,804.499999999942,9,7,6,179,22,7,3,2,39,32,7,2,7,0,0.1794871794871795,0.8205128205128205,17,2.125,167.7333333333248,0.2132655223564363,1,0,1,5,3,26,6,3,31,0,0,0,0,0,5,11,2,0
base,20260712,1,0.12,0.45,0.2,0.18,3,30,9,1391,2416551159,4018004138,false,false,816.8999999999144,834.8999999999144,9,7,6,179,17,5,3,0,31,26,5,0,5,0,0.16129032258064516,0.8387096774193549,17,2.125,167.7333333333248,0.20532908964786678,1,0,1,5,3,26,5,3,26,0,0,0,0,0,2,5,1,0
base,20260712,1,0.12,0.45,0.2,0.18,3,30,9,1392,2702979352,931524797,false,false,806.9333333332568,824.9333333332568,9,7,6,179,27,8,3,11,56,48,8,11,8,0,0.14285714285714285,0.8571428571428571,25,3.125,167.7333333333248,0.20786516853933498,1,0,1,7,3,40,8,3,47,0,0,0,0,0,5,8,2,0
base,20260712,1,0.12,0.45,0.2,0.18,3,30,9,1393,4081264794,2215497340,true,false,804.9333333332586,822.9333333332586,9,7,6,180,23,7,3,3,39,36,3,3,3,0,0.07692307692307693,0.9230769230769231,20,2.5,167.7333333333248,0.20838164651317753,1,1,0,6,3,32,7,3,36,7,3,36,122.83333333322162,0.1526006294515898,5,8,2,0
base,20260712,1,0.12,0.45,0.2,0.18,3,30,9,1394,3351564261,3929532112,true,false,805.8333333332578,823.8333333332578,9,7,6,180,26,8,3,9,50,45,5,9,5,0,0.1,0.9,20,2.5,167.7333333333248,0.20814891416753736,1,1,0,6,3,34,8,3,43,8,3,44,118.79999999989195,0.14742502585303383,6,11,3,0
base,20260712,1,0.12,0.45,0.2,0.18,3,30,9,1395,2180608612,619523386,true,false,834.7999999998981,852.7999999998981,9,7,6,180,21,6,3,5,43,36,7,5,7,0,0.16279069767441862,0.8372093023255814,19,2.375,167.7333333333248,0.20092636958953675,1,1,0,5,3,32,6,3,36,6,3,36,134.16666666654464,0.16071713783727962,5,11,2,0
base,20260712,1,0.12,0.45,0.2,0.18,3,30,9,1396,2107976222,805816324,false,false,788.2333333332738,806.2333333332738,9,7,6,179,24,7,2,20,62,54,8,20,8,0,0.12903225806451613,0.8709677419354839,21,2.625,167.7333333333248,0.21279654924515262,1,0,1,6,2,41,7,2,53,0,0,0,0,0,5,5,3,0
base,20260712,1,0.12,0.45,0.2,0.18,3,30,9,1397,1516043184,1079814500,false,false,825.2666666665734,843.2666666665734,9,7,6,179,26,7,3,3,45,38,7,3,7,0,0.15555555555555556,0.8444444444444444,20,2.5,167.7333333333248,0.20324743517248212,1,0,1,5,3,31,7,3,38,0,0,0,0,0,5,13,2,0
base,20260712,1,0.12,0.45,0.2,0.18,3,30,9,1398,1666551077,1033772973,false,false,814.8666666665829,832.8666666665829,9,7,6,179,21,6,3,8,46,39,7,8,7,0,0.15217391304347827,0.8478260869565217,20,2.5,167.7333333333248,0.2058414464534182,1,0,1,6,3,34,6,3,39,0,0,0,0,0,4,5,2,0
base,20260712,1,0.12,0.45,0.2,0.18,3,30,9,1399,2393656919,2587899022,false,false,782.5666666666123,800.5666666666123,9,7,6,179,25,7,3,12,51,47,4,12,4,0,0.0784313725490196,0.9215686274509803,19,2.375,167.7333333333248,0.21433743664011984,1,0,1,5,3,31,7,3,47,0,0,0,0,0,3,5,4,0
base,20260712,1,0.12,0.45,0.2,0.18,3,30,9,1400,1717916534,14655604,false,false,808.5999999999219,826.5999999999219,9,7,6,179,22,6,2,12,50,44,6,12,6,0,0.12,0.88,20,2.5,167.7333333333248,0.20743672190618476,1,0,1,6,2,36,6,2,44,0,0,0,0,0,4,5,3,0
base,20260712,1,0.12,0.45,0.2,0.18,3,30,9,1401,3472998338,1733323767,false,false,825.6999999999064,843.6999999999064,9,7,6,179,24,7,3,10,53,43,10,10,10,0,0.18867924528301888,0.8113207547169812,21,2.625,167.7333333333248,0.2031407694481577,1,0,1,6,3,36,7,3,42,0,0,0,0,0,6,8,2,0
base,20260712,1,0.12,0.45,0.2,0.18,3,30,9,1402,457973989,2891083656,false,false,826.9999999999052,844.9999999999052,9,7,6,179,25,8,3,5,43,40,3,5,3,0,0.06976744186046512,0.9302325581395349,19,2.375,167.7333333333248,0.20282144296655868,1,0,1,6,3,28,8,3,39,0,0,0,0,0,4,5,2,0
base,20260712,1,0.12,0.45,0.2,0.18,3,30,9,1403,1018615448,1348588512,false,false,837.6666666665622,855.6666666665622,9,7,6,179,25,8,3,15,52,50,2,15,2,0,0.038461538461538464,0.9615384615384616,25,3.125,167.7333333333248,0.20023875845604344,1,0,1,8,3,41,8,3,49,0,0,0,0,0,5,5,2,0
base,20260712,1,0.12,0.45,0.2,0.18,3,30,9,1404,4021733383,829861786,false,false,816.0333333332485,834.0333333332485,9,7,6,179,24,6,3,18,58,52,6,18,6,0,0.10344827586206896,0.896551724137931,22,2.75,167.7333333333248,0.20554715902129272,1,0,1,6,3,39,6,3,50,0,0,0,0,0,5,6,2,0
base,20260712,1,0.12,0.45,0.2,0.18,3,30,9,1405,2762748846,879349935,false,false,823.1999999999086,841.1999999999086,9,7,6,179,23,7,3,16,54,49,5,16,5,0,0.09259259259259259,0.9074074074074074,21,2.625,167.7333333333248,0.20375769355362416,1,0,1,6,3,36,7,3,46,0,0,0,0,0,7,7,2,0
base,20260712,1,0.12,0.45,0.2,0.18,3,30,9,1406,2953006338,4029567265,false,false,822.0999999999096,840.0999999999096,9,7,6,179,26,8,3,13,55,49,6,13,6,0,0.10909090909090909,0.8909090909090909,23,2.875,167.7333333333248,0.20403032883267636,1,0,1,7,3,40,8,3,49,0,0,0,0,0,3,4,2,0
base,20260712,1,0.12,0.45,0.2,0.18,3,30,9,1407,91933904,861015565,true,false,798.3333333332646,816.3333333332646,9,7,6,180,22,7,3,2,41,32,9,2,9,0,0.21951219512195122,0.7804878048780488,15,1.875,167.7333333333248,0.2101043841336191,1,1,0,4,3,24,7,3,31,7,3,32,115.23333333322853,0.1443423799581275,5,11,2,0
base,20260712,1,0.12,0.45,0.2,0.18,3,30,9,1408,2718709947,2267197307,false,false,840.1333333332266,858.1333333332266,9,7,6,179,28,8,3,17,56,54,2,17,2,0,0.03571428571428571,0.9642857142857143,24,3,167.7333333333248,0.19965084907159114,1,0,1,7,3,45,8,3,53,0,0,0,0,0,5,8,2,0
base,20260712,1,0.12,0.45,0.2,0.18,3,30,9,1409,3121549591,1598247950,false,false,808.9999999999216,826.9999999999216,9,7,6,179,22,6,3,5,48,36,12,5,12,0,0.25,0.75,16,2,167.7333333333248,0.20733415739597164,1,0,1,4,3,28,6,3,36,0,0,0,0,0,3,5,2,0
base,20260712,1,0.12,0.45,0.2,0.18,3,30,9,1410,1650801053,80855623,false,false,826.2666666665725,844.2666666665725,9,7,6,179,24,7,2,17,53,49,4,17,4,0,0.07547169811320754,0.9245283018867925,22,2.75,167.7333333333248,0.2030014523156494,1,0,1,6,2,39,6,2,48,0,0,0,0,0,5,11,2,0
base,20260712,1,0.12,0.45,0.2,0.18,3,30,9,1411,2693373391,879554987,true,false,769.9333333332904,787.9333333332904,9,7,6,180,22,7,3,5,46,37,9,5,9,0,0.1956521739130435,0.8043478260869565,20,2.5,167.7333333333248,0.21785435968482225,1,1,0,6,3,33,7,3,36,7,3,36,86.83333333325436,0.11278032730096874,5,11,2,0
base,20260712,1,0.12,0.45,0.2,0.18,3,30,9,1412,109281444,2605153020,false,false,834.133333333232,852.133333333232,9,7,6,179,26,7,2,19,61,55,6,19,6,0,0.09836065573770492,0.9016393442622951,23,2.875,167.7333333333248,0.20108695652175332,1,0,1,7,2,44,7,2,53,0,0,0,0,0,5,6,2,0
base,20260712,1,0.12,0.45,0.2,0.18,3,30,9,1413,1243741257,2321950223,false,false,760.7666666666321,778.7666666666321,9,7,6,179,28,8,3,12,52,49,3,12,3,0,0.057692307692307696,0.9423076923076923,24,3,167.7333333333248,0.2204793410156409,1,0,1,7,3,39,8,3,49,0,0,0,0,0,2,3,2,0
base,20260712,1,0.12,0.45,0.2,0.18,3,30,9,1414,1943141195,1585567558,true,false,798.6666666665976,816.6666666665976,9,7,6,180,25,8,3,7,47,42,5,7,5,0,0.10638297872340426,0.8936170212765957,24,3,167.7333333333248,0.2100166944908255,1,1,0,8,3,36,8,3,41,8,3,41,121.73333333322262,0.1524207011684889,5,8,2,0
base,20260712,1,0.12,0.45,0.2,0.18,3,30,9,1415,4119452679,784932727,false,false,755.4333333333036,773.4333333333036,9,7,6,179,24,7,3,18,57,52,5,18,5,0,0.08771929824561403,0.9122807017543859,22,2.75,167.7333333333248,0.22203591757489927,1,0,1,6,3,36,7,3,51,0,0,0,0,0,3,5,3,0
base,20260712,1,0.12,0.45,0.2,0.18,3,30,9,1416,2182569915,2020307481,true,false,800.4333333332627,818.4333333332627,9,7,6,180,14,4,3,1,28,25,3,1,3,0,0.10714285714285714,0.8928571428571429,13,1.625,167.7333333333248,0.2095531587057089,1,1,0,4,3,20,4,3,24,4,3,24,127.59999999988395,0.15941365093894375,5,11,1,0
base,20260712,1,0.12,0.45,0.2,0.18,3,30,9,1417,1187932658,3993170415,false,false,838.2999999998949,856.2999999998949,9,7,6,179,26,8,3,6,46,42,4,6,4,0,0.08695652173913043,0.9130434782608695,21,2.625,167.7333333333248,0.2000874786273957,1,0,1,7,3,33,8,3,42,0,0,0,0,0,6,14,2,0
base,20260712,1,0.12,0.45,0.2,0.18,3,30,9,1418,1049333392,2205986197,false,false,826.1666666665726,844.1666666665726,9,7,6,179,30,9,3,11,59,51,8,11,8,0,0.13559322033898305,0.864406779661017,25,3.125,167.7333333333248,0.20302602380473336,1,0,1,8,3,38,9,3,50,0,0,0,0,0,6,9,4,0
base,20260712,1,0.12,0.45,0.2,0.18,3,30,9,1419,3454181395,2339030600,false,false,825.4999999999065,843.4999999999065,9,7,6,179,21,6,3,11,48,42,6,11,6,0,0.125,0.875,19,2.375,167.7333333333248,0.20318998586716389,1,0,1,6,3,32,6,3,39,0,0,0,0,0,6,10,3,0
base,20260712,1,0.12,0.45,0.2,0.18,3,30,9,1420,3246549558,1887408620,false,false,842.4999999998911,860.4999999998911,9,7,6,179,13,3,3,0,29,23,6,0,6,0,0.20689655172413793,0.7931034482758621,10,1.25,167.7333333333248,0.19909000989121242,1,0,1,3,3,17,3,3,21,0,0,0,0,0,5,10,2,0
base,20260712,1,0.12,0.45,0.2,0.18,3,30,9,1421,1828065635,1335615994,false,false,795.7999999999336,813.7999999999336,9,7,6,179,21,6,2,11,56,42,14,11,14,0,0.25,0.75,18,2.25,167.7333333333248,0.21077322610371801,1,0,1,5,2,34,6,2,40,0,0,0,0,0,6,9,3,0
base,20260712,1,0.12,0.45,0.2,0.18,3,30,9,1422,779825936,352927133,false,false,769.7333333332906,787.7333333332906,9,7,6,179,23,7,2,18,58,51,7,18,7,0,0.1206896551724138,0.8793103448275862,19,2.375,167.7333333333248,0.21791096483630795,1,0,1,6,2,39,7,2,50,0,0,0,0,0,5,4,2,0
base,20260712,1,0.12,0.45,0.2,0.18,3,30,9,1423,1014440150,423642970,true,false,805.4666666665914,823.4666666665914,9,7,6,180,19,6,3,1,35,30,5,1,5,0,0.14285714285714285,0.8571428571428571,14,1.75,167.7333333333248,0.2082436682668521,1,1,0,4,2,22,6,3,28,6,3,29,132.4999999998795,0.16450091044515627,6,10,2,0
base,20260712,1,0.12,0.45,0.2,0.18,3,30,9,1424,1961354832,2316665286,false,false,754.7999999999709,772.7999999999709,9,7,6,179,23,7,3,10,45,41,4,10,4,0,0.08888888888888889,0.9111111111111111,16,2,167.7333333333248,0.2222222222222195,1,0,1,4,3,31,7,3,41,0,0,0,0,0,3,7,2,0
base,20260712,1,0.12,0.45,0.2,0.18,3,30,9,1425,3647637256,3345612581,false,false,828.6999999999036,846.6999999999036,9,7,6,179,25,7,3,10,52,44,8,10,8,0,0.15384615384615385,0.8461538461538461,19,2.375,167.7333333333248,0.20240537387877916,1,0,1,5,3,32,7,3,43,0,0,0,0,0,4,5,3,0
base,20260712,1,0.12,0.45,0.2,0.18,3,30,9,1426,2308938081,3888211605,false,false,797.4333333332654,815.4333333332654,9,7,6,179,27,8,3,8,49,43,6,8,6,0,0.12244897959183673,0.8775510204081632,22,2.75,167.7333333333248,0.21034151235213697,1,0,1,7,3,32,8,3,43,0,0,0,0,0,3,5,2,0
base,20260712,1,0.12,0.45,0.2,0.18,3,30,9,1427,1853151324,3536685038,false,false,850.1333333332175,868.1333333332175,9,7,6,179,19,5,1,7,43,36,7,7,7,0,0.16279069767441862,0.8372093023255814,15,1.875,167.7333333333248,0.197302383939791,1,0,1,4,1,27,5,1,33,0,0,0,0,0,6,7,2,0
base,20260712,1,0.12,0.45,0.2,0.18,3,30,9,1428,2106057821,3688916383,false,false,750.3333333333082,768.3333333333082,9,7,6,179,25,7,2,8,48,43,5,8,5,0,0.10416666666666667,0.8958333333333334,20,2.5,167.7333333333248,0.22354509107063136,1,0,1,6,2,30,7,2,43,0,0,0,0,0,3,3,3,0
base,20260712,1,0.12,0.45,0.2,0.18,3,30,9,1429,744807292,2167823946,false,false,809.1333333332548,827.1333333332548,9,7,6,179,20,6,3,7,45,36,9,7,9,0,0.2,0.8,16,2,167.7333333333248,0.2072999917607412,1,0,1,4,3,31,6,3,36,0,0,0,0,0,5,7,2,0
base,20260712,1,0.12,0.45,0.2,0.18,3,30,9,1430,46795019,110635507,true,false,787.9666666666074,805.9666666666074,9,7,6,180,16,4,3,2,31,28,3,2,3,0,0.0967741935483871,0.9032258064516129,16,2,167.7333333333248,0.2128685646601008,1,1,0,4,3,27,4,3,28,4,3,28,113.36666666656356,0.1438724142306004,5,10,1,0
base,20260712,1,0.12,0.45,0.2,0.18,3,30,9,1431,491926830,843151783,false,false,816.6999999999146,834.6999999999146,9,7,6,179,21,6,3,6,40,36,4,6,4,0,0.1,0.9,20,2.5,167.7333333333248,0.2053793722705306,1,0,1,6,3,33,6,3,35,0,0,0,0,0,5,11,2,0
base,20260712,1,0.12,0.45,0.2,0.18,3,30,9,1432,4238915691,2728818815,false,false,775.9999999999516,793.9999999999516,9,7,6,179,23,7,3,15,56,48,8,15,8,0,0.14285714285714285,0.8571428571428571,22,2.75,167.7333333333248,0.21615120274914337,1,0,1,7,3,37,7,3,46,0,0,0,0,0,5,8,2,0
base,20260712,1,0.12,0.45,0.2,0.18,3,30,9,1433,3998085525,4267022294,true,false,789.7666666666057,807.7666666666057,9,7,6,180,19,6,3,4,35,32,3,4,3,0,0.08571428571428572,0.9142857142857143,15,1.875,167.7333333333248,0.2123834043810464,1,1,0,4,3,26,5,3,31,5,3,31,121.5666666665561,0.15392732030544737,5,8,1,0
base,20260712,1,0.12,0.45,0.2,0.18,3,30,9,1434,2826396269,1597084327,false,false,844.2333333332228,862.2333333332228,9,7,6,179,20,6,3,2,35,31,4,2,4,0,0.11428571428571428,0.8857142857142857,15,1.875,167.7333333333248,0.19868124925969924,1,0,1,4,3,26,6,3,31,0,0,0,0,0,5,11,2,0
base,20260712,1,0.12,0.45,0.2,0.18,3,30,9,1435,4284714702,3080782343,false,false,778.2666666666162,796.2666666666162,9,7,6,179,20,6,3,2,35,31,4,2,4,0,0.11428571428571428,0.8857142857142857,18,2.25,167.7333333333248,0.215521672091831,1,0,1,6,3,27,6,3,31,0,0,0,0,0,3,7,2,0
base,20260712,1,0.12,0.45,0.2,0.18,3,30,9,1436,1228942572,221684043,false,false,763.0999999999633,781.0999999999633,9,7,6,179,21,6,3,3,41,33,8,3,8,0,0.1951219512195122,0.8048780487804879,19,2.375,167.7333333333248,0.2198051806228972,1,0,1,6,3,29,6,3,32,0,0,0,0,0,5,10,2,0
base,20260712,1,0.12,0.45,0.2,0.18,3,30,9,1437,3091601401,660098536,false,false,783.2999999999449,801.2999999999449,9,7,6,179,23,6,3,11,49,44,5,11,5,0,0.10204081632653061,0.8979591836734694,19,2.375,167.7333333333248,0.2141367717775266,1,0,1,5,3,33,6,3,43,0,0,0,0,0,6,10,3,0
base,20260712,1,0.12,0.45,0.2,0.18,3,30,9,1438,2210859317,3817481350,true,false,754.6333333333043,772.6333333333043,9,7,6,180,27,8,3,11,52,48,4,11,4,0,0.07692307692307693,0.9230769230769231,21,2.625,167.7333333333248,0.22227130173593962,1,1,0,6,3,35,8,3,44,8,3,47,75.99999999993088,0.10071116215371766,5,11,4,0
base,20260712,1,0.12,0.45,0.2,0.18,3,30,9,1439,4145481006,2257677039,true,false,760.2666666666325,778.2666666666325,9,7,6,180,17,5,3,1,32,27,5,1,5,0,0.15625,0.84375,13,1.625,167.7333333333248,0.22062434233602113,1,1,0,3,3,22,4,3,26,4,3,26,81.13333333325954,0.10671694142396947,5,13,2,0
base,20260712,1,0.12,0.45,0.2,0.18,3,30,9,1440,2431007853,4192829870,false,false,788.0999999999406,806.0999999999406,9,7,6,179,23,7,2,18,53,50,3,18,3,0,0.05660377358490566,0.9433962264150944,19,2.375,167.7333333333248,0.21283255086072508,1,0,1,5,2,44,7,2,49,0,0,0,0,0,5,5,2,0
base,20260712,1,0.12,0.45,0.2,0.18,3,30,9,1441,2078660932,3065061280,true,false,809.3333333332546,827.3333333332546,9,7,6,180,16,5,3,2,31,27,4,2,4,0,0.12903225806451613,0.8709677419354839,14,1.75,167.7333333333248,0.20724876441516613,1,1,0,4,3,22,4,3,26,4,3,26,142.6333333332036,0.17623558484334945,5,9,2,0
base,20260712,1,0.12,0.45,0.2,0.18,3,30,9,1442,3581055584,3468343660,false,false,781.5666666666132,799.5666666666132,9,7,6,179,21,6,3,2,34,33,1,2,1,0,0.029411764705882353,0.9705882352941176,17,2.125,167.7333333333248,0.2146116774000976,1,0,1,5,3,27,6,3,33,0,0,0,0,0,6,14,1,0
base,20260712,1,0.12,0.45,0.2,0.18,3,30,9,1443,2556664431,2877628068,false,false,823.7333333332415,841.7333333332415,9,7,6,179,20,6,3,7,43,37,6,7,6,0,0.13953488372093023,0.8604651162790697,15,1.875,167.7333333333248,0.20362576885724767,1,0,1,4,3,24,6,3,37,0,0,0,0,0,6,14,3,0
base,20260712,1,0.12,0.45,0.2,0.18,3,30,9,1444,2063344331,3188537931,false,false,815.6999999999155,833.6999999999155,9,7,6,179,26,7,3,9,51,44,7,9,7,0,0.13725490196078433,0.8627450980392157,20,2.5,167.7333333333248,0.2056311552449947,1,0,1,6,3,32,7,3,42,0,0,0,0,0,6,10,2,0
base,20260712,1,0.12,0.45,0.2,0.18,3,30,9,1445,118482452,2175629748,false,false,788.0666666666073,806.0666666666073,9,7,6,179,15,4,2,1,29,26,3,1,3,0,0.10344827586206896,0.896551724137931,11,1.375,167.7333333333248,0.2128415531680959,1,0,1,3,2,17,4,2,25,0,0,0,0,0,3,7,2,0
base,20260712,1,0.12,0.45,0.2,0.18,3,30,9,1446,208385454,2872474048,false,false,816.7666666665812,834.7666666665812,9,7,6,179,25,7,3,12,50,47,3,12,3,0,0.06,0.94,24,3,167.7333333333248,0.2053626086601751,1,0,1,7,3,43,7,3,46,0,0,0,0,0,4,7,2,0
base,20260712,1,0.12,0.45,0.2,0.18,3,30,9,1447,146940412,1528219387,true,false,756.1999999999696,774.1999999999696,9,7,6,180,22,6,3,13,48,44,4,13,4,0,0.08333333333333333,0.9166666666666666,19,2.375,167.7333333333248,0.22181080842810308,1,1,0,5,3,35,6,3,43,6,3,43,80.13333333326045,0.10596843868455921,5,13,2,0
base,20260712,1,0.12,0.45,0.2,0.18,3,30,9,1448,3086259429,1872469143,false,false,829.4999999999029,847.4999999999029,9,7,6,179,18,5,3,5,39,33,6,5,6,0,0.15384615384615385,0.8461538461538461,16,2,167.7333333333248,0.20221016676714215,1,0,1,4,3,28,5,3,32,0,0,0,0,0,5,8,2,0
base,20260712,1,0.12,0.45,0.2,0.18,3,30,9,1449,2017057859,3718079298,false,false,766.0666666666273,784.0666666666273,9,7,6,179,26,8,3,6,43,42,1,6,1,0,0.023255813953488372,0.9767441860465116,18,2.25,167.7333333333248,0.21895396397180414,1,0,1,5,3,27,8,3,42,0,0,0,0,0,4,5,2,0
base,20260712,1,0.12,0.45,0.2,0.18,3,30,9,1450,369619123,3215430831,false,false,832.2999999999004,850.2999999999004,9,7,6,179,21,6,3,7,42,36,6,7,6,0,0.14285714285714285,0.8571428571428571,17,2.125,167.7333333333248,0.2015298970723836,1,0,1,4,3,28,6,3,36,0,0,0,0,0,5,11,2,0
base,20260712,1,0.12,0.45,0.2,0.18,3,30,9,1451,666052733,2580982335,true,false,807.06666666659,825.06666666659,9,7,6,180,17,5,3,0,32,27,5,0,5,0,0.15625,0.84375,13,1.625,167.7333333333248,0.20783082768875855,1,1,0,4,2,20,5,3,26,5,3,26,134.56666666654428,0.16673550305619989,5,11,3,0
base,20260712,1,0.12,0.45,0.2,0.18,3,30,9,1452,3191953106,2256910373,false,false,794.6666666666013,812.6666666666013,9,7,6,179,17,5,3,3,33,29,4,3,4,0,0.12121212121212122,0.8787878787878788,14,1.75,167.7333333333248,0.21107382550336234,1,0,1,4,3,22,5,3,29,0,0,0,0,0,6,8,1,0
base,20260712,1,0.12,0.45,0.2,0.18,3,30,9,1453,589245208,2496989620,false,false,763.7999999999627,781.7999999999627,9,7,6,179,23,7,3,4,41,36,5,4,5,0,0.12195121951219512,0.8780487804878049,22,2.75,167.7333333333248,0.21960373570742733,1,0,1,7,3,33,7,3,35,0,0,0,0,0,5,7,3,0
base,20260712,1,0.12,0.45,0.2,0.18,3,30,9,1454,50171048,4154438050,false,false,781.33333333328,799.33333333328,9,7,6,179,17,5,3,0,30,25,5,0,5,0,0.16666666666666666,0.8333333333333334,10,1.25,167.7333333333248,0.21467576791809245,1,0,1,3,2,17,5,3,25,0,0,0,0,0,4,5,2,0
base,20260712,1,0.12,0.45,0.2,0.18,3,30,9,1455,3941659038,1519333268,true,false,752.2333333333065,770.2333333333065,9,7,6,180,22,7,3,4,41,36,5,4,5,0,0.12195121951219512,0.8780487804878049,18,2.25,167.7333333333248,0.2229804581911607,1,1,0,5,3,27,7,3,35,7,3,35,78.66666666659512,0.10457748039163105,5,10,2,0
base,20260712,1,0.12,0.45,0.2,0.18,3,30,9,1456,2966946574,4111618207,false,false,834.6666666665649,852.6666666665649,9,7,6,179,22,7,3,4,40,34,6,4,6,0,0.15,0.85,17,2.125,167.7333333333248,0.2009584664536884,1,0,1,5,3,29,7,3,34,0,0,0,0,0,5,11,2,0
base,20260712,1,0.12,0.45,0.2,0.18,3,30,9,1457,2134101481,945022034,false,false,799.5666666665968,817.5666666665968,9,7,6,179,19,5,3,2,34,31,3,2,3,0,0.08823529411764706,0.9117647058823529,16,2,167.7333333333248,0.20978029766124082,1,0,1,4,3,26,5,3,31,0,0,0,0,0,4,8,2,0
base,20260712,1,0.12,0.45,0.2,0.18,3,30,9,1458,2094916903,149566907,false,false,825.9999999999061,843.9999999999061,9,7,6,179,27,7,3,21,67,58,9,21,9,0,0.13432835820895522,0.8656716417910447,26,3.25,167.7333333333248,0.20306698950768023,1,0,1,7,3,46,7,3,56,0,0,0,0,0,4,7,2,0
base,20260712,1,0.12,0.45,0.2,0.18,3,30,9,1459,1620724672,3879132232,false,false,785.7999999999427,803.7999999999427,9,7,6,179,25,7,3,13,53,47,6,13,6,0,0.11320754716981132,0.8867924528301887,22,2.75,167.7333333333248,0.21345550182404815,1,0,1,6,3,40,7,3,47,0,0,0,0,0,5,14,2,0
base,20260712,1,0.12,0.45,0.2,0.18,3,30,9,1460,4138069270,1189562202,false,false,745.2999999999795,763.2999999999795,9,7,6,179,26,8,3,23,62,57,5,23,5,0,0.08064516129032258,0.9193548387096774,23,2.875,167.7333333333248,0.22505478778120142,1,0,1,7,3,44,8,3,57,0,0,0,0,0,3,7,2,0
base,20260712,1,0.12,0.45,0.2,0.18,3,30,9,1461,704545360,1128571146,false,false,832.1666666665672,850.1666666665672,9,7,6,179,28,8,2,14,57,51,6,14,6,0,0.10526315789473684,0.8947368421052632,26,3.25,167.7333333333248,0.2015621870619005,1,0,1,8,2,42,8,2,51,0,0,0,0,0,5,5,2,0
base,20260712,1,0.12,0.45,0.2,0.18,3,30,9,1462,948215446,1334299619,true,false,798.2333333332647,816.2333333332647,9,7,6,180,21,7,3,2,39,32,7,2,7,0,0.1794871794871795,0.8205128205128205,15,1.875,167.7333333333248,0.21013070530756156,1,1,0,5,3,24,7,3,31,7,3,31,121.79999999988922,0.15258696287622628,6,8,2,0
base,20260712,1,0.12,0.45,0.2,0.18,3,30,9,1463,3959837227,4089197829,false,false,785.5666666666095,803.5666666666095,9,7,6,179,22,6,1,21,60,53,7,21,7,0,0.11666666666666667,0.8833333333333333,20,2.5,167.7333333333248,0.213518903551581,1,0,1,6,1,41,6,1,52,0,0,0,0,0,5,8,2,0
base,20260712,1,0.12,0.45,0.2,0.18,3,30,9,1464,2925153113,1874751629,false,false,799.1666666665972,817.1666666665972,9,7,6,179,24,7,3,10,50,44,6,10,6,0,0.12,0.88,21,2.625,167.7333333333248,0.20988529718457483,1,0,1,6,3,37,7,3,41,0,0,0,0,0,6,9,2,0
base,20260712,1,0.12,0.45,0.2,0.18,3,30,9,1465,3130945098,3422560127,true,false,798.5333333332644,816.5333333332644,9,7,6,180,18,5,1,8,41,36,5,8,5,0,0.12195121951219512,0.8780487804878049,15,1.875,167.7333333333248,0.2100517615628727,1,1,0,4,1,24,4,1,31,4,1,31,122.43333333322198,0.15332275839025616,5,9,3,0
base,20260712,1,0.12,0.45,0.2,0.18,3,30,9,1466,3520818369,3314168775,false,false,835.5333333332308,853.5333333332308,9,7,6,179,20,6,2,5,41,35,6,5,6,0,0.14634146341463414,0.8536585365853658,15,1.875,167.7333333333248,0.20075001994735345,1,0,1,4,2,28,6,2,34,0,0,0,0,0,6,14,2,0
base,20260712,1,0.12,0.45,0.2,0.18,3,30,9,1467,1046161072,429583519,true,false,788.7999999999399,806.7999999999399,9,7,6,180,19,5,2,5,43,34,9,5,9,0,0.20930232558139536,0.7906976744186046,17,2.125,167.7333333333248,0.21264367816092491,1,1,0,5,2,26,5,2,28,5,2,28,108.59999999990123,0.13767748478690353,5,14,4,0
base,20260712,1,0.12,0.45,0.2,0.18,3,30,9,1468,464470109,3726012733,true,false,810.033333333254,828.033333333254,9,7,6,180,23,7,3,6,42,37,5,6,5,0,0.11904761904761904,0.8809523809523809,19,2.375,167.7333333333248,0.20706966791491038,1,1,0,5,3,32,7,3,36,7,3,36,129.83333333321525,0.16028146989822803,5,11,2,0
base,20260712,1,0.12,0.45,0.2,0.18,3,30,9,1469,3408394907,2653624917,false,false,757.233333333302,775.233333333302,9,7,6,179,21,6,3,2,41,33,8,2,8,0,0.1951219512195122,0.8048780487804879,20,2.5,167.7333333333248,0.22150812167099318,1,0,1,6,3,29,6,3,33,0,0,0,0,0,3,7,2,0
base,20260712,1,0.12,0.45,0.2,0.18,3,30,9,1470,3658675983,4203919491,true,false,803.8333333332596,821.8333333332596,9,7,6,180,16,4,3,1,31,27,4,1,4,0,0.12903225806451613,0.8709677419354839,14,1.75,167.7333333333248,0.2086668048932285,1,1,0,4,3,22,4,3,26,4,3,26,121.93333333322244,0.15168981961422387,6,10,1,0
base,20260712,1,0.12,0.45,0.2,0.18,3,30,9,1471,1548100666,639816693,false,false,835.3333333332309,853.3333333332309,9,7,6,179,21,6,3,3,38,33,5,3,5,0,0.13157894736842105,0.868421052631579,14,1.75,167.7333333333248,0.20079808459698167,1,0,1,4,3,24,5,3,31,0,0,0,0,0,4,5,2,0
base,20260712,1,0.12,0.45,0.2,0.18,3,30,9,1472,1782213530,2297220723,true,false,805.633333333258,823.633333333258,9,7,6,180,13,4,3,0,32,22,10,0,10,0,0.3125,0.6875,12,1.5,167.7333333333248,0.2082005875294888,1,1,0,4,3,18,4,3,21,4,3,21,148.1999999998652,0.1839546526540764,2,5,2,0
base,20260712,1,0.12,0.45,0.2,0.18,3,30,9,1473,665431124,2239715535,false,false,829.5333333332362,847.5333333332362,9,7,6,179,26,8,3,11,48,46,2,11,2,0,0.041666666666666664,0.9583333333333334,22,2.75,167.7333333333248,0.20220204130837952,1,0,1,6,3,38,7,3,44,0,0,0,0,0,5,12,2,0
base,20260712,1,0.12,0.45,0.2,0.18,3,30,9,1474,3042119314,3050258750,false,false,844.0999999998896,862.0999999998896,9,7,6,179,31,10,3,10,56,51,5,10,5,0,0.08928571428571429,0.9107142857142857,26,3.25,167.7333333333248,0.1987126327844411,1,0,1,8,3,40,10,3,51,0,0,0,0,0,4,10,2,0
base,20260712,1,0.12,0.45,0.2,0.18,3,30,9,1475,4148641767,3009423931,true,false,795.0333333332676,813.0333333332676,9,7,6,180,25,8,3,6,47,40,7,6,7,0,0.14893617021276595,0.851063829787234,20,2.5,167.7333333333248,0.21097647897363464,1,1,0,6,3,28,7,3,31,8,3,36,111.89999999989823,0.14074881556317237,6,14,3,0
base,20260712,1,0.12,0.45,0.2,0.18,3,30,9,1476,1185772713,1678881011,true,false,811.2333333332529,829.2333333332529,9,7,6,180,18,6,3,1,30,28,2,1,2,0,0.06666666666666667,0.9333333333333333,14,1.75,167.7333333333248,0.20676336442454876,1,1,0,4,3,22,5,3,27,5,3,27,125.69999999988568,0.154949254221841,5,8,1,0
base,20260712,1,0.12,0.45,0.2,0.18,3,30,9,1477,1066253985,3753879363,true,false,797.3666666665988,815.3666666665988,9,7,6,180,20,6,3,0,34,29,5,0,5,0,0.14705882352941177,0.8529411764705882,15,1.875,167.7333333333248,0.21035909869989433,1,1,0,4,3,23,5,3,28,5,3,28,122.6333333332218,0.15379791814710786,5,7,2,0
base,20260712,1,0.12,0.45,0.2,0.18,3,30,9,1478,3292807594,2633142362,true,false,823.7333333332415,841.7333333332415,9,7,6,180,20,6,3,7,45,36,9,7,9,0,0.2,0.8,18,2.25,167.7333333333248,0.20362576885724767,1,1,0,5,3,27,5,3,35,5,3,35,139.63333333320634,0.16951278730967373,5,10,2,0
base,20260712,1,0.12,0.45,0.2,0.18,3,30,9,1479,1879514704,1497094582,true,false,796.1999999999332,814.1999999999332,9,7,6,180,22,7,3,3,33,33,0,3,0,0,0,1,17,2.125,167.7333333333248,0.2106673365151204,1,1,0,5,3,26,5,3,31,6,3,32,120.63333333322362,0.1515113455579424,5,14,1,0
base,20260712,1,0.12,0.45,0.2,0.18,3,30,9,1480,3605829411,3486675116,false,false,785.7666666666094,803.7666666666094,9,7,6,179,23,7,3,6,43,38,5,6,5,0,0.11627906976744186,0.8837209302325582,18,2.25,167.7333333333248,0.21346455690833202,1,0,1,5,3,28,7,3,38,0,0,0,0,0,3,5,2,0
base,20260712,1,0.12,0.45,0.2,0.18,3,30,9,1481,2289191647,778844619,false,false,848.7999999998854,866.7999999998854,9,7,6,179,24,7,3,16,58,50,8,16,8,0,0.13793103448275862,0.8620689655172413,21,2.625,167.7333333333248,0.19761231542571567,1,0,1,6,3,43,7,3,49,0,0,0,0,0,6,11,2,0
base,20260712,1,0.12,0.45,0.2,0.18,3,30,9,1482,339471208,243101072,false,false,766.69999999996,784.69999999996,9,7,6,179,29,9,3,18,60,57,3,18,3,0,0.05,0.95,22,2.75,167.7333333333248,0.21877309682187757,1,0,1,7,3,38,9,3,56,0,0,0,0,0,5,8,3,0
base,20260712,1,0.12,0.45,0.2,0.18,3,30,9,1483,429705868,968170252,false,false,803.9333333332595,821.9333333332595,9,7,6,179,20,6,3,4,36,34,2,4,2,0,0.05555555555555555,0.9444444444444444,19,2.375,167.7333333333248,0.20864084915831355,1,0,1,6,3,29,6,3,34,0,0,0,0,0,2,4,2,0
base,20260712,1,0.12,0.45,0.2,0.18,3,30,9,1484,3652241661,2355513842,false,false,822.799999999909,840.799999999909,9,7,6,179,20,6,3,4,43,34,9,4,9,0,0.20930232558139536,0.7906976744186046,20,2.5,167.7333333333248,0.20385674931130693,1,0,1,6,3,32,6,3,34,0,0,0,0,0,5,11,2,0
base,20260712,1,0.12,0.45,0.2,0.18,3,30,9,1485,1521631439,1481715983,false,false,778.466666666616,796.466666666616,9,7,6,179,19,5,2,6,41,35,6,6,6,0,0.14634146341463414,0.8536585365853658,17,2.125,167.7333333333248,0.21546630127601574,1,0,1,5,2,27,5,2,33,0,0,0,0,0,6,7,2,0
base,20260712,1,0.12,0.45,0.2,0.18,3,30,9,1486,908201407,3494761038,true,false,801.4333333332618,819.4333333332618,9,7,6,180,23,7,3,4,38,36,2,4,2,0,0.05263157894736842,0.9473684210526315,15,1.875,167.7333333333248,0.20929168572974227,1,1,0,4,3,23,7,3,35,7,3,35,117.76666666655956,0.1469450567731607,5,10,2,0
base,20260712,1,0.12,0.45,0.2,0.18,3,30,9,1487,985432234,3120127940,false,false,799.3333333332637,817.3333333332637,9,7,6,179,24,7,3,5,42,39,3,5,3,0,0.07142857142857142,0.9285714285714286,22,2.75,167.7333333333248,0.2098415346121844,1,0,1,6,3,35,7,3,38,0,0,0,0,0,7,8,2,0
base,20260712,1,0.12,0.45,0.2,0.18,3,30,9,1488,4103422583,1117735546,true,false,791.5333333332708,809.5333333332708,9,7,6,180,22,6,2,5,41,37,4,5,4,0,0.0975609756097561,0.9024390243902439,18,2.25,167.7333333333248,0.2119093742103993,1,1,0,5,2,30,6,2,36,6,2,36,108.93333333323426,0.13762317864049886,5,10,2,0
base,20260712,1,0.12,0.45,0.2,0.18,3,30,9,1489,2155341657,3567635106,false,false,761.0333333332985,779.0333333332985,9,7,6,179,28,9,3,16,60,54,6,16,6,0,0.1,0.9,25,3.125,167.7333333333248,0.2204020848845856,1,0,1,8,3,42,9,3,53,0,0,0,0,0,4,5,4,0
base,20260712,1,0.12,0.45,0.2,0.18,3,30,9,1490,414696184,3581004085,false,false,762.9666666666301,780.9666666666301,9,7,6,179,23,7,3,14,54,47,7,14,7,0,0.12962962962962962,0.8703703703703703,22,2.75,167.7333333333248,0.21984359299226638,1,0,1,7,3,39,7,3,47,0,0,0,0,0,5,6,2,0
base,20260712,1,0.12,0.45,0.2,0.18,3,30,9,1491,1028977586,2090564200,false,false,755.8666666666365,773.8666666666365,9,7,6,179,26,7,3,9,51,45,6,9,6,0,0.11764705882352941,0.8823529411764706,24,3,167.7333333333248,0.22190862585993756,1,0,1,7,3,36,7,3,45,0,0,0,0,0,3,3,2,0
base,20260712,1,0.12,0.45,0.2,0.18,3,30,9,1492,100550840,2859171210,false,false,779.899999999948,797.899999999948,9,7,6,179,28,8,3,15,60,53,7,15,7,0,0.11666666666666667,0.8833333333333333,22,2.75,167.7333333333248,0.21507030815916908,1,0,1,6,3,40,8,3,51,0,0,0,0,0,6,7,2,0
base,20260712,1,0.12,0.45,0.2,0.18,3,30,9,1493,2124435105,4250271281,false,false,813.7666666665839,831.7666666665839,9,7,6,179,18,5,3,4,39,32,7,4,7,0,0.1794871794871795,0.8205128205128205,15,1.875,167.7333333333248,0.2061196903289336,1,0,1,4,2,27,5,3,32,0,0,0,0,0,5,13,2,0
base,20260712,1,0.12,0.45,0.2,0.18,3,30,9,1494,3865301820,3185817908,false,false,824.5333333332408,842.5333333332408,9,7,6,179,23,7,2,11,53,41,12,11,12,0,0.22641509433962265,0.7735849056603774,18,2.25,167.7333333333248,0.20342820181113797,1,0,1,5,2,31,7,2,41,0,0,0,0,0,2,4,3,0
base,20260712,1,0.12,0.45,0.2,0.18,3,30,9,1495,960195752,818114625,false,false,764.2666666666289,782.2666666666289,9,7,6,179,24,7,3,9,46,42,4,9,4,0,0.08695652173913043,0.9130434782608695,19,2.375,167.7333333333248,0.21946964410327952,1,0,1,5,3,34,7,3,42,0,0,0,0,0,6,11,3,0
base,20260712,1,0.12,0.45,0.2,0.18,3,30,9,1496,2822754628,1299151215,true,false,793.9333333332686,811.9333333332686,9,7,6,180,21,6,2,6,40,37,3,6,3,0,0.075,0.925,17,2.125,167.7333333333248,0.21126878831136764,1,1,0,5,2,26,6,2,31,6,2,36,108.03333333323508,0.13607355781330577,5,13,4,0
base,20260712,1,0.12,0.45,0.2,0.18,3,30,9,1497,199447654,1132322112,true,false,814.7999999999163,832.7999999999163,9,7,6,180,23,7,3,4,40,37,3,4,3,0,0.075,0.925,20,2.5,167.7333333333248,0.2058582883325258,1,1,0,6,3,30,7,3,36,7,3,36,148.1999999998652,0.18188512518394753,3,5,2,0
base,20260712,1,0.12,0.45,0.2,0.18,3,30,9,1498,424859150,3302200338,false,false,817.8333333332469,835.8333333332469,9,7,6,179,23,7,3,10,46,43,3,10,3,0,0.06521739130434782,0.9347826086956522,21,2.625,167.7333333333248,0.20509476258407483,1,0,1,6,3,35,7,3,42,0,0,0,0,0,6,8,2,0
base,20260712,1,0.12,0.45,0.2,0.18,3,30,9,1499,1789294733,3021713100,false,false,827.1333333332384,845.1333333332384,9,7,6,179,23,7,3,8,47,40,7,8,7,0,0.14893617021276595,0.851063829787234,18,2.25,167.7333333333248,0.20278874828727014,1,0,1,5,3,33,7,3,40,0,0,0,0,0,4,7,2,0
base,20260712,1,0.12,0.45,0.2,0.18,3,30,9,1500,3463621640,3154235089,false,false,808.5999999999219,826.5999999999219,9,7,6,179,19,5,2,6,37,35,2,6,2,0,0.05405405405405406,0.9459459459459459,17,2.125,167.7333333333248,0.20743672190618476,1,0,1,5,2,28,5,2,34,0,0,0,0,0,4,5,2,0
base,20260712,1,0.12,0.45,0.2,0.18,3,30,9,1501,35398399,56706668,false,false,807.2333333332565,825.2333333332565,9,7,6,179,16,4,2,5,33,31,2,5,2,0,0.06060606060606061,0.9393939393939394,15,1.875,167.7333333333248,0.2077879175785697,1,0,1,4,2,24,4,2,30,0,0,0,0,0,2,5,2,0
base,20260712,1,0.12,0.45,0.2,0.18,3,30,9,1502,3611429269,1263417732,false,false,813.333333333251,831.333333333251,9,7,6,179,26,8,3,8,50,42,8,8,8,0,0.16,0.84,20,2.5,167.7333333333248,0.2062295081967317,1,0,1,6,3,34,8,3,42,0,0,0,0,0,3,4,2,0
base,20260712,1,0.12,0.45,0.2,0.18,3,30,9,1503,490156872,1650105488,true,false,825.6666666665731,843.6666666665731,9,7,6,180,22,6,3,9,46,39,7,9,7,0,0.15217391304347827,0.8478260869565217,17,2.125,167.7333333333248,0.20314897052887826,1,1,0,5,3,30,6,3,39,6,3,39,155.6666666665251,0.18853451756141631,3,5,2,0
base,20260712,1,0.12,0.45,0.2,0.18,3,30,9,1504,3231670155,2665790555,false,false,796.7666666665993,814.7666666665993,9,7,6,179,21,6,3,3,41,34,7,3,7,0,0.17073170731707318,0.8292682926829268,17,2.125,167.7333333333248,0.21051750826256826,1,0,1,5,3,28,6,3,33,0,0,0,0,0,5,13,2,0
base,20260712,1,0.12,0.45,0.2,0.18,3,30,9,1505,1202636433,646884313,true,false,781.8666666666129,799.8666666666129,9,7,6,180,23,7,3,10,48,42,6,10,6,0,0.125,0.875,18,2.25,167.7333333333248,0.21452933151432851,1,1,0,5,3,30,6,3,40,7,3,41,104.39999999990505,0.133526603001252,6,11,2,0
base,20260712,1,0.12,0.45,0.2,0.18,3,30,9,1506,1003942675,1776359722,true,false,795.4666666666005,813.4666666666005,9,7,6,180,16,5,2,7,37,32,5,7,5,0,0.13513513513513514,0.8648648648648649,12,1.5,167.7333333333248,0.2108615487764064,1,1,0,3,2,21,4,2,31,4,2,31,125.76666666655228,0.1581042574588033,5,8,1,0
base,20260712,1,0.12,0.45,0.2,0.18,3,30,9,1507,2159294512,2152422525,false,false,786.6666666666085,804.6666666666085,9,7,6,179,23,7,3,6,44,38,6,6,6,0,0.13636363636363635,0.8636363636363636,21,2.625,167.7333333333248,0.21322033898305576,1,0,1,6,3,33,7,3,38,0,0,0,0,0,2,5,2,0
base,20260712,1,0.12,0.45,0.2,0.18,3,30,9,1508,2859772447,580369724,false,false,770.4999999999566,788.4999999999566,9,7,6,179,25,7,3,16,59,51,8,16,8,0,0.13559322033898305,0.864406779661017,24,3,167.7333333333248,0.21769413800562523,1,0,1,7,3,44,7,3,50,0,0,0,0,0,5,11,4,0
base,20260712,1,0.12,0.45,0.2,0.18,3,30,9,1509,804721273,4133577512,true,false,800.3666666665961,818.3666666665961,9,7,6,180,16,5,3,2,36,27,9,2,9,0,0.25,0.75,13,1.625,167.7333333333248,0.2095706134688346,1,1,0,4,3,20,5,3,26,5,3,26,122.03333333322234,0.1524717837656488,5,11,2,0
base,20260712,1,0.12,0.45,0.2,0.18,3,30,9,1510,3249385213,836164389,true,false,758.8666666666338,776.8666666666338,9,7,6,180,21,6,3,12,48,43,5,12,5,0,0.10416666666666667,0.8958333333333334,15,1.875,167.7333333333248,0.22103136255819913,1,1,0,4,3,32,5,3,38,6,3,42,86.83333333325436,0.11442501976621908,5,8,3,0
base,20260712,1,0.12,0.45,0.2,0.18,3,30,9,1511,865527162,587247844,false,false,846.1333333332211,864.1333333332211,9,7,6,179,21,5,3,5,43,36,7,5,7,0,0.16279069767441862,0.8372093023255814,20,2.5,167.7333333333248,0.1982351087299248,1,0,1,5,3,31,5,3,33,0,0,0,0,0,6,13,3,0
base,20260712,1,0.12,0.45,0.2,0.18,3,30,9,1512,947446884,307990528,false,false,753.9666666666383,771.9666666666383,9,7,6,179,24,7,3,6,44,40,4,6,4,0,0.09090909090909091,0.9090909090909091,19,2.375,167.7333333333248,0.22246783677439025,1,0,1,5,3,32,7,3,40,0,0,0,0,0,3,7,2,0
base,20260712,1,0.12,0.45,0.2,0.18,3,30,9,1513,3782117513,2048347469,false,false,787.2999999999413,805.2999999999413,9,7,6,179,20,6,3,3,35,31,4,3,4,0,0.11428571428571428,0.8857142857142857,13,1.625,167.7333333333248,0.21304881663068373,1,0,1,3,2,22,5,2,28,0,0,0,0,0,5,10,2,0
base,20260712,1,0.12,0.45,0.2,0.18,3,30,9,1514,3476305550,1220801227,false,false,811.133333333253,829.133333333253,9,7,6,179,25,7,3,9,52,44,8,9,8,0,0.15384615384615385,0.8461538461538461,22,2.75,167.7333333333248,0.20678885509987024,1,0,1,6,3,36,7,3,44,0,0,0,0,0,3,4,2,0
base,20260712,1,0.12,0.45,0.2,0.18,3,30,9,1515,2303802464,1765526458,false,false,819.7666666665784,837.7666666665784,9,7,6,179,18,6,3,0,30,26,4,0,4,0,0.13333333333333333,0.8666666666666667,16,2,167.7333333333248,0.20461106819014702,1,0,1,5,2,24,6,3,26,0,0,0,0,0,3,7,2,0
base,20260712,1,0.12,0.45,0.2,0.18,3,30,9,1516,4001508749,998841172,false,false,786.2999999999422,804.2999999999422,9,7,6,179,20,6,3,12,43,40,3,12,3,0,0.06976744186046512,0.9302325581395349,16,2,167.7333333333248,0.21331976768833413,1,0,1,4,2,37,5,2,39,0,0,0,0,0,5,10,3,0
base,20260712,1,0.12,0.45,0.2,0.18,3,30,9,1517,828193020,3546505739,true,false,798.1999999999314,816.1999999999314,9,7,6,180,21,6,3,6,42,37,5,6,5,0,0.11904761904761904,0.8809523809523809,18,2.25,167.7333333333248,0.21013948049779405,1,1,0,5,3,28,6,3,35,6,3,36,120.83333333322344,0.15138227678931826,6,10,2,0
base,20260712,1,0.12,0.45,0.2,0.18,3,30,9,1518,3832558392,199118982,false,false,799.9666666665964,817.9666666665964,9,7,6,179,25,7,2,13,52,48,4,13,4,0,0.07692307692307693,0.9230769230769231,22,2.75,167.7333333333248,0.2096754031418053,1,0,1,6,2,38,7,2,47,0,0,0,0,0,5,10,2,0
base,20260712,1,0.12,0.45,0.2,0.18,3,30,9,1519,434237370,161406663,false,false,817.9333333332468,835.9333333332468,9,7,6,179,23,7,3,8,44,41,3,8,3,0,0.06818181818181818,0.9318181818181818,19,2.375,167.7333333333248,0.20506968783113033,1,0,1,6,3,33,7,3,41,0,0,0,0,0,3,5,2,0
base,20260712,1,0.12,0.45,0.2,0.18,3,30,9,1520,395042804,1951787021,false,false,823.2999999999086,841.2999999999086,9,7,6,179,28,8,3,18,60,56,4,18,4,0,0.06666666666666667,0.9333333333333333,25,3.125,167.7333333333248,0.20373294465364195,1,0,1,7,3,44,8,3,56,0,0,0,0,0,5,5,2,0
base,20260712,1,0.12,0.45,0.2,0.18,3,30,9,1521,2883794342,3635807618,true,false,833.3666666665661,851.3666666665661,9,7,6,180,24,8,3,16,57,50,7,16,7,0,0.12280701754385964,0.8771929824561403,22,2.75,167.7333333333248,0.20127194912204918,1,1,0,7,3,41,8,3,49,8,3,49,151.53333333319551,0.18183272669078893,5,6,2,0
base,20260712,1,0.12,0.45,0.2,0.18,3,30,9,1522,2637064751,3679493051,false,false,813.4999999999175,831.4999999999175,9,7,6,179,14,3,2,3,33,27,6,3,6,0,0.18181818181818182,0.8181818181818182,14,1.75,167.7333333333248,0.20618725670970106,1,0,1,3,2,24,3,2,26,0,0,0,0,0,6,8,1,0
base,20260712,1,0.12,0.45,0.2,0.18,3,30,9,1523,3062781195,3816213809,false,false,840.7666666665593,858.7666666665593,9,7,6,179,16,4,1,0,34,26,8,0,8,0,0.23529411764705882,0.7647058823529411,16,2,167.7333333333248,0.19950045593309226,1,0,1,4,1,25,4,1,25,0,0,0,0,0,5,11,2,0
base,20260712,1,0.12,0.45,0.2,0.18,3,30,9,1524,741859890,3359771011,true,false,781.5333333332799,799.5333333332799,9,7,6,180,21,6,3,5,37,35,2,5,2,0,0.05405405405405406,0.9459459459459459,17,2.125,167.7333333333248,0.2146208308453505,1,1,0,5,3,27,5,3,34,5,3,34,109.59999999990032,0.1402371406635347,5,10,2,0
base,20260712,1,0.12,0.45,0.2,0.18,3,30,9,1525,4114450298,1735909045,false,false,811.3999999999194,829.3999999999194,9,7,6,179,17,4,2,5,35,32,3,5,3,0,0.08571428571428572,0.9142857142857143,14,1.75,167.7333333333248,0.20672089392819998,1,0,1,4,2,24,4,2,32,0,0,0,0,0,6,11,2,0
base,20260712,1,0.12,0.45,0.2,0.18,3,30,9,1526,1159283310,3051666557,false,false,813.1666666665844,831.1666666665844,9,7,6,179,21,6,3,3,38,32,6,3,6,0,0.15789473684210525,0.8421052631578947,18,2.25,167.7333333333248,0.20627177700349467,1,0,1,5,3,29,6,3,32,0,0,0,0,0,3,4,2,0
base,20260712,1,0.12,0.45,0.2,0.18,3,30,9,1527,2797484939,806577120,true,false,789.6333333332725,807.6333333332725,9,7,6,180,17,6,3,2,30,28,2,2,2,0,0.06666666666666667,0.9333333333333333,16,2,167.7333333333248,0.2124192663261485,1,1,0,5,3,26,5,3,27,5,3,27,104.59999999990487,0.1324665456539908,5,11,2,0
base,20260712,1,0.12,0.45,0.2,0.18,3,30,9,1528,1428844091,3874710856,false,false,820.0666666665782,838.0666666665782,9,7,6,179,26,8,3,8,47,43,4,8,4,0,0.0851063829787234,0.9148936170212766,19,2.375,167.7333333333248,0.20453621656777038,1,0,1,6,3,31,8,3,42,0,0,0,0,0,5,10,2,0
base,20260712,1,0.12,0.45,0.2,0.18,3,30,9,1529,455151851,4117246610,false,false,836.9333333332295,854.9333333332295,9,7,6,179,21,6,3,5,40,36,4,5,4,0,0.1,0.9,18,2.25,167.7333333333248,0.20041421061017875,1,0,1,5,3,31,6,3,35,0,0,0,0,0,5,11,2,0
base,20260712,1,0.12,0.45,0.2,0.18,3,30,9,1530,440880142,1133278424,false,false,773.7999999999536,791.7999999999536,9,7,6,179,23,6,3,6,43,39,4,6,4,0,0.09302325581395349,0.9069767441860465,19,2.375,167.7333333333248,0.21676574480916885,1,0,1,5,3,31,6,3,39,0,0,0,0,0,6,8,3,0
base,20260712,1,0.12,0.45,0.2,0.18,3,30,9,1531,3630784087,1351656495,false,false,798.7999999999308,816.7999999999308,9,7,6,179,26,7,3,16,55,52,3,16,3,0,0.05454545454545454,0.9454545454545454,22,2.75,167.7333333333248,0.2099816391253622,1,0,1,6,3,42,7,3,50,0,0,0,0,0,2,4,2,0
base,20260712,1,0.12,0.45,0.2,0.18,3,30,9,1532,1561417157,35121275,false,false,767.5999999999592,785.5999999999592,9,7,6,179,23,7,2,11,44,43,1,11,1,0,0.022727272727272728,0.9772727272727273,17,2.125,167.7333333333248,0.21851658850095584,1,0,1,5,2,28,7,2,42,0,0,0,0,0,3,5,3,0
base,20260712,1,0.12,0.45,0.2,0.18,3,30,9,1533,1974104226,2326544320,false,false,840.1999999998932,858.1999999998932,9,7,6,179,24,7,3,8,47,41,6,8,6,0,0.1276595744680851,0.8723404255319149,18,2.25,167.7333333333248,0.19963500753790303,1,0,1,5,3,31,7,3,39,0,0,0,0,0,6,10,2,0
base,20260712,1,0.12,0.45,0.2,0.18,3,30,9,1534,1532527713,3800689364,false,false,769.1333333332911,787.1333333332911,9,7,6,179,27,8,3,19,59,56,3,19,3,0,0.05084745762711865,0.9491525423728814,21,2.625,167.7333333333248,0.21808095692121088,1,0,1,6,3,37,8,3,54,0,0,0,0,0,3,5,2,0
base,20260712,1,0.12,0.45,0.2,0.18,3,30,9,1535,1308034298,3050030893,false,false,777.7666666666166,795.7666666666166,9,7,6,179,16,4,3,0,28,26,2,0,2,0,0.07142857142857142,0.9285714285714286,13,1.625,167.7333333333248,0.21566022371748458,1,0,1,3,3,21,4,3,26,0,0,0,0,0,2,5,2,0
base,20260712,1,0.12,0.45,0.2,0.18,3,30,9,1536,1924065304,4149210022,false,false,835.8999999998971,853.8999999998971,9,7,6,179,16,5,3,0,28,25,3,0,3,0,0.10714285714285714,0.8928571428571429,15,1.875,167.7333333333248,0.20066196115964283,1,0,1,5,3,22,5,3,25,0,0,0,0,0,6,10,2,0
base,20260712,1,0.12,0.45,0.2,0.18,3,30,9,1537,1090950183,4084543517,false,false,775.6666666666185,793.6666666666185,9,7,6,179,26,8,3,18,60,52,8,18,8,0,0.13333333333333333,0.8666666666666667,22,2.75,167.7333333333248,0.21624409110442872,1,0,1,7,3,38,7,3,49,0,0,0,0,0,6,11,2,0
base,20260712,1,0.12,0.45,0.2,0.18,3,30,9,1538,1805314133,1213460971,false,false,807.8999999999226,825.8999999999226,9,7,6,179,25,7,3,7,49,42,7,7,7,0,0.14285714285714285,0.8571428571428571,22,2.75,167.7333333333248,0.20761645418163246,1,0,1,6,3,34,7,3,42,0,0,0,0,0,4,7,2,0
base,20260712,1,0.12,0.45,0.2,0.18,3,30,9,1539,963915366,781900851,false,false,741.9999999999825,759.9999999999825,9,7,6,179,22,6,3,16,53,48,5,16,5,0,0.09433962264150944,0.9056603773584906,20,2.5,167.7333333333248,0.22605570530098215,1,0,1,5,3,40,6,3,48,0,0,0,0,0,2,4,2,0
base,20260712,1,0.12,0.45,0.2,0.18,3,30,9,1540,812908300,3653278796,false,false,802.5333333332608,820.5333333332608,9,7,6,179,26,8,3,8,46,44,2,8,2,0,0.043478260869565216,0.9565217391304348,23,2.875,167.7333333333248,0.20900481807610063,1,0,1,7,3,35,8,3,44,0,0,0,0,0,5,6,2,0
base,20260712,1,0.12,0.45,0.2,0.18,3,30,9,1541,1135073865,1293151067,false,false,812.133333333252,830.133333333252,9,7,6,179,24,7,2,20,63,54,9,20,9,0,0.14285714285714285,0.8571428571428571,19,2.375,167.7333333333248,0.20653423083238578,1,0,1,5,2,41,7,2,53,0,0,0,0,0,5,11,3,0
base,20260712,1,0.12,0.45,0.2,0.18,3,30,9,1542,1059157713,1273765843,true,false,785.0333333332767,803.0333333332767,9,7,6,180,17,5,2,10,41,36,5,10,5,0,0.12195121951219512,0.8780487804878049,15,1.875,167.7333333333248,0.21366396331366425,1,1,0,4,2,27,4,2,34,5,2,35,115.76666666656138,0.14746719884493617,5,11,2,0
base,20260712,1,0.12,0.45,0.2,0.18,3,30,9,1543,105386649,3146178067,false,false,794.7999999999345,812.7999999999345,9,7,6,179,24,7,3,9,48,41,7,9,7,0,0.14583333333333334,0.8541666666666666,20,2.5,167.7333333333248,0.21103841637309842,1,0,1,6,3,33,6,3,40,0,0,0,0,0,6,8,2,0
base,20260712,1,0.12,0.45,0.2,0.18,3,30,9,1544,1715259275,3734288553,true,false,752.3333333333064,770.3333333333064,9,7,6,180,19,5,3,1,36,30,6,1,6,0,0.16666666666666666,0.8333333333333334,18,2.25,167.7333333333248,0.22295081967212776,1,1,0,5,3,28,5,3,29,5,3,29,81.39999999992597,0.10819672131138088,5,13,2,0
base,20260712,1,0.12,0.45,0.2,0.18,3,30,9,1545,3498249785,3680555332,false,false,821.5666666665768,839.5666666665768,9,7,6,179,19,5,3,7,43,36,7,7,7,0,0.16279069767441862,0.8372093023255814,18,2.25,167.7333333333248,0.20416277843146405,1,0,1,5,3,30,5,3,36,0,0,0,0,0,4,7,3,0
base,20260712,1,0.12,0.45,0.2,0.18,3,30,9,1546,1818187653,1754204317,false,false,822.4333333332427,840.4333333332427,9,7,6,179,28,8,3,23,72,60,12,23,12,0,0.16666666666666666,0.8333333333333334,25,3.125,167.7333333333248,0.20394763506668417,1,0,1,7,3,52,8,3,59,0,0,0,0,0,3,5,2,0
base,20260712,1,0.12,0.45,0.2,0.18,3,30,9,1547,3869725461,3350299287,false,false,754.599999999971,772.599999999971,9,7,6,179,22,7,3,10,44,40,4,10,4,0,0.09090909090909091,0.9090909090909091,20,2.5,167.7333333333248,0.22228112024030114,1,0,1,6,3,35,7,3,40,0,0,0,0,0,2,4,2,0
base,20260712,1,0.12,0.45,0.2,0.18,3,30,9,1548,2512980159,1949491231,true,false,796.733333333266,814.733333333266,9,7,6,180,23,7,3,9,45,42,3,9,3,0,0.06666666666666667,0.9333333333333333,20,2.5,167.7333333333248,0.21052631578948075,1,1,0,6,3,35,7,3,40,7,3,41,117.0999999998935,0.14697514852301488,5,14,2,0
base,20260712,1,0.12,0.45,0.2,0.18,3,30,9,1549,3865371842,1926427192,false,false,787.8666666666074,805.8666666666074,9,7,6,179,18,5,3,10,42,36,6,10,6,0,0.14285714285714285,0.8571428571428571,16,2,167.7333333333248,0.21289558300897454,1,0,1,4,3,29,4,3,34,0,0,0,0,0,5,14,2,0
base,20260712,1,0.12,0.45,0.2,0.18,3,30,9,1550,2613442649,2734557639,false,false,820.1999999999114,838.1999999999114,9,7,6,179,24,7,3,8,43,41,2,8,2,0,0.046511627906976744,0.9534883720930233,20,2.5,167.7333333333248,0.20450296675608745,1,0,1,5,3,32,7,3,41,0,0,0,0,0,5,9,2,0
base,20260712,1,0.12,0.45,0.2,0.18,3,30,9,1551,3203055036,2644113258,false,false,812.5333333332517,830.5333333332517,9,7,6,179,25,7,3,4,45,39,6,4,6,0,0.13333333333333333,0.8666666666666667,19,2.375,167.7333333333248,0.20643255661307228,1,0,1,5,3,30,7,3,39,0,0,0,0,0,4,5,2,0
base,20260712,1,0.12,0.45,0.2,0.18,3,30,9,1552,1343009065,4179046407,false,false,840.8999999998925,858.8999999998925,9,7,6,179,22,6,3,12,48,43,5,12,5,0,0.10416666666666667,0.8958333333333334,19,2.375,167.7333333333248,0.19946882308639105,1,0,1,5,3,33,6,3,43,0,0,0,0,0,4,5,2,0
base,20260712,1,0.12,0.45,0.2,0.18,3,30,9,1553,555140538,2258626728,false,false,776.3333333332846,794.3333333332846,9,7,6,179,24,7,3,10,49,44,5,10,5,0,0.10204081632653061,0.8979591836734694,23,2.875,167.7333333333248,0.2160583941605865,1,0,1,7,3,37,7,3,44,0,0,0,0,0,3,4,4,0
base,20260712,1,0.12,0.45,0.2,0.18,3,30,9,1554,1610083477,2800245190,false,false,825.8333333332396,843.8333333332396,9,7,6,179,23,6,3,11,49,44,5,11,5,0,0.10204081632653061,0.8979591836734694,19,2.375,167.7333333333248,0.20310797174572412,1,0,1,6,3,32,6,3,42,0,0,0,0,0,6,14,2,0
base,20260712,1,0.12,0.45,0.2,0.18,3,30,9,1555,389692178,3451327784,false,false,826.7333333332388,844.7333333332388,9,7,6,179,24,7,3,10,47,42,5,10,5,0,0.10638297872340426,0.8936170212765957,21,2.625,167.7333333333248,0.20288686396259653,1,0,1,6,3,36,7,3,42,0,0,0,0,0,3,4,2,0
base,20260712,1,0.12,0.45,0.2,0.18,3,30,9,1556,4257604510,2989242975,false,false,763.4333333332963,781.4333333332963,9,7,6,179,26,8,3,20,62,56,6,20,6,0,0.0967741935483871,0.9032258064516129,23,2.875,167.7333333333248,0.21970920840064567,1,0,1,7,3,40,8,3,56,0,0,0,0,0,3,4,3,0
base,20260712,1,0.12,0.45,0.2,0.18,3,30,9,1557,3729537561,852131087,false,false,777.9666666666164,795.9666666666164,9,7,6,179,21,6,2,15,49,44,5,15,5,0,0.10204081632653061,0.8979591836734694,17,2.125,167.7333333333248,0.2156047816958768,1,0,1,5,2,29,5,2,42,0,0,0,0,0,4,6,3,0
base,20260712,1,0.12,0.45,0.2,0.18,3,30,9,1558,169931200,1586674588,false,false,770.2666666666235,788.2666666666235,9,7,6,179,23,7,3,6,39,37,2,6,2,0,0.05128205128205128,0.9487179487179487,19,2.375,167.7333333333248,0.21776008308810915,1,0,1,5,3,33,6,3,36,0,0,0,0,0,4,8,3,0
base,20260712,1,0.12,0.45,0.2,0.18,3,30,9,1559,3740726927,2005288302,false,false,814.0999999999169,832.0999999999169,9,7,6,179,21,6,2,7,44,38,6,7,6,0,0.13636363636363635,0.8636363636363636,18,2.25,167.7333333333248,0.2060352945993636,1,0,1,5,2,30,6,2,38,0,0,0,0,0,5,8,2,0
base,20260712,1,0.12,0.45,0.2,0.18,3,30,9,1560,1833973199,1461882974,false,false,820.5666666665777,838.5666666665777,9,7,6,179,27,8,3,9,52,46,6,9,6,0,0.11538461538461539,0.8846153846153846,23,2.875,167.7333333333248,0.204411585489714,1,0,1,7,3,37,8,3,45,0,0,0,0,0,4,7,2,0
base,20260712,1,0.12,0.45,0.2,0.18,3,30,9,1561,2680744691,2609112988,false,false,804.6666666665922,822.6666666665922,9,7,6,179,25,7,3,8,48,42,6,8,6,0,0.125,0.875,23,2.875,167.7333333333248,0.2084507042253608,1,0,1,7,3,37,7,3,41,0,0,0,0,0,5,10,3,0
base,20260712,1,0.12,0.45,0.2,0.18,3,30,9,1562,1440036873,3854538157,false,false,792.1333333332702,810.1333333332702,9,7,6,179,21,6,3,3,37,33,4,3,4,0,0.10810810810810811,0.8918918918918919,17,2.125,167.7333333333248,0.21174886382764455,1,0,1,5,3,27,6,3,32,0,0,0,0,0,5,9,1,0
base,20260712,1,0.12,0.45,0.2,0.18,3,30,9,1563,150074530,129649060,false,false,795.0999999999342,813.0999999999342,9,7,6,179,21,6,3,3,38,34,4,3,4,0,0.10526315789473684,0.8947368421052632,17,2.125,167.7333333333248,0.2109587892508347,1,0,1,5,3,26,6,3,34,0,0,0,0,0,3,5,2,0
base,20260712,1,0.12,0.45,0.2,0.18,3,30,9,1564,2768789008,3882689486,false,false,811.799999999919,829.799999999919,9,7,6,179,26,8,3,22,62,58,4,22,4,0,0.06451612903225806,0.9354838709677419,24,3,167.7333333333248,0.20661903588733865,1,0,1,7,3,43,8,3,58,0,0,0,0,0,3,7,2,0
base,20260712,1,0.12,0.45,0.2,0.18,3,30,9,1565,1913288450,852766507,true,false,760.7999999999654,778.7999999999654,9,7,6,180,23,7,3,7,43,40,3,7,3,0,0.06976744186046512,0.9302325581395349,15,1.875,167.7333333333248,0.2204696810375032,1,1,0,4,3,26,6,3,31,6,3,33,79.46666666659439,0.10445145460909307,5,10,3,0
base,20260712,1,0.12,0.45,0.2,0.18,3,30,9,1566,3751994166,2839641982,false,false,810.6666666665867,828.6666666665867,9,7,6,179,19,5,3,9,46,38,8,9,8,0,0.17391304347826086,0.8260869565217391,19,2.375,167.7333333333248,0.20690789473685198,1,0,1,5,3,35,5,3,38,0,0,0,0,0,3,5,2,0
base,20260712,1,0.12,0.45,0.2,0.18,3,30,9,1567,232896590,3002318324,false,false,752.5666666666395,770.5666666666395,9,7,6,179,26,7,3,18,60,54,6,18,6,0,0.1,0.9,24,3,167.7333333333248,0.22288169375913208,1,0,1,7,3,41,7,3,53,0,0,0,0,0,4,5,2,0
base,20260712,1,0.12,0.45,0.2,0.18,3,30,9,1568,2073213762,977040957,false,false,746.2666666666453,764.2666666666453,9,7,6,179,22,7,3,8,48,39,9,8,9,0,0.1875,0.8125,20,2.5,167.7333333333248,0.22476326603537108,1,0,1,6,3,37,7,3,39,0,0,0,0,0,3,5,2,0
base,20260712,1,0.12,0.45,0.2,0.18,3,30,9,1569,2966298811,436364509,true,false,796.7666666665993,814.7666666665993,9,7,6,180,14,4,3,3,32,27,5,3,5,0,0.15625,0.84375,12,1.5,167.7333333333248,0.21051750826256826,1,1,0,3,2,21,4,3,27,4,3,27,123.43333333322107,0.15491779274555265,5,8,2,0
base,20260712,1,0.12,0.45,0.2,0.18,3,30,9,1570,776531135,913362129,false,false,833.2333333332328,851.2333333332328,9,7,6,179,27,8,3,14,56,51,5,14,5,0,0.08928571428571429,0.9107142857142857,23,2.875,167.7333333333248,0.20130415649879388,1,0,1,7,3,37,8,3,51,0,0,0,0,0,6,14,3,0
base,20260712,1,0.12,0.45,0.2,0.18,3,30,9,1571,2322935623,4100383488,false,false,750.6666666666413,768.6666666666413,9,7,6,179,21,6,3,5,42,36,6,5,6,0,0.14285714285714285,0.8571428571428571,18,2.25,167.7333333333248,0.22344582593250062,1,0,1,5,3,29,6,3,35,0,0,0,0,0,5,10,2,0
base,20260712,1,0.12,0.45,0.2,0.18,3,30,9,1572,1054278251,2574962361,false,false,785.7666666666094,803.7666666666094,9,7,6,179,21,6,3,8,48,37,11,8,11,0,0.22916666666666666,0.7708333333333334,17,2.125,167.7333333333248,0.21346455690833202,1,0,1,5,3,28,6,3,36,0,0,0,0,0,6,10,2,0
base,20260712,1,0.12,0.45,0.2,0.18,3,30,9,1573,296011829,2875414796,false,false,806.7666666665903,824.7666666665903,9,7,6,179,23,7,3,12,54,45,9,12,9,0,0.16666666666666666,0.8333333333333334,18,2.25,167.7333333333248,0.20790811056481512,1,0,1,5,3,35,7,3,45,0,0,0,0,0,3,4,2,0
base,20260712,1,0.12,0.45,0.2,0.18,3,30,9,1574,529771430,2149519227,false,false,818.3666666665797,836.3666666665797,9,7,6,179,25,8,3,6,46,41,5,6,5,0,0.10869565217391304,0.8913043478260869,22,2.75,167.7333333333248,0.2049611013808105,1,0,1,7,3,32,8,3,41,0,0,0,0,0,3,4,2,0
base,20260712,1,0.12,0.45,0.2,0.18,3,30,9,1575,1134724225,3029001459,false,false,853.0666666665481,871.0666666665481,9,7,6,179,20,6,3,0,35,30,5,0,5,0,0.14285714285714285,0.8571428571428571,13,1.625,167.7333333333248,0.19662394498282443,1,0,1,4,3,21,6,3,30,0,0,0,0,0,6,11,2,0
base,20260712,1,0.12,0.45,0.2,0.18,3,30,9,1576,2729684654,207332149,false,false,836.9999999998961,854.9999999998961,9,7,6,179,23,6,3,5,45,38,7,5,7,0,0.15555555555555556,0.8444444444444444,17,2.125,167.7333333333248,0.20039824771009035,1,0,1,5,3,26,6,3,35,0,0,0,0,0,6,11,2,0
base,20260712,1,0.12,0.45,0.2,0.18,3,30,9,1577,1260102908,3887737449,false,false,823.566666666575,841.566666666575,9,7,6,179,31,9,3,25,73,66,7,25,7,0,0.0958904109589041,0.9041095890410958,30,3.75,167.7333333333248,0.20366697697010175,1,0,1,9,3,56,9,3,63,0,0,0,0,0,6,8,2,0
base,20260712,1,0.12,0.45,0.2,0.18,3,30,9,1578,2801023050,2844785214,false,false,774.0999999999533,792.0999999999533,9,7,6,179,25,7,3,12,55,47,8,12,8,0,0.14545454545454545,0.8545454545454545,24,3,167.7333333333248,0.2166817379322244,1,0,1,7,3,37,7,3,46,0,0,0,0,0,5,11,2,0
base,20260712,1,0.12,0.45,0.2,0.18,3,30,9,1579,1686874442,708707554,false,false,828.2666666665707,846.2666666665707,9,7,6,179,28,9,3,13,56,51,5,13,5,0,0.08928571428571429,0.9107142857142857,25,3.125,167.7333333333248,0.2025112685125695,1,0,1,8,3,40,9,3,51,0,0,0,0,0,5,14,2,0
base,20260712,1,0.12,0.45,0.2,0.18,3,30,9,1580,1758633470,868220174,true,false,845.9666666665546,863.9666666665546,9,7,6,180,31,9,3,19,63,60,3,19,3,0,0.047619047619047616,0.9523809523809523,25,3.125,167.7333333333248,0.1982741636786481,1,1,0,7,3,44,9,3,57,9,3,59,162.4999999998522,0.19208794672746018,5,6,2,0
base,20260712,1,0.12,0.45,0.2,0.18,3,30,9,1581,395920127,3746720294,true,false,783.7333333332779,801.7333333332779,9,7,6,180,18,5,3,4,33,32,1,4,1,0,0.030303030303030304,0.9696969696969697,15,1.875,167.7333333333248,0.21401837359646564,1,1,0,4,2,25,5,3,30,5,3,31,106.33333333323662,0.13567539979573515,6,13,2,0
base,20260712,1,0.12,0.45,0.2,0.18,3,30,9,1582,2176728299,199414761,false,false,796.5666666665995,814.5666666665995,9,7,6,179,28,8,3,20,59,58,1,20,1,0,0.01694915254237288,0.9830508474576272,22,2.75,167.7333333333248,0.21057036448090422,1,0,1,6,3,40,8,3,56,0,0,0,0,0,8,7,2,0
base,20260712,1,0.12,0.45,0.2,0.18,3,30,9,1583,3653955367,1536929755,true,false,805.1333333332584,823.1333333332584,9,7,6,180,18,5,3,5,35,32,3,5,3,0,0.08571428571428572,0.9142857142857143,16,2,167.7333333333248,0.20832988324916005,1,1,0,4,3,25,4,3,30,5,3,31,120.13333333322407,0.14920924070535138,5,8,2,0
base,20260712,1,0.12,0.45,0.2,0.18,3,30,9,1584,3144345962,2834371681,false,false,792.43333333327,810.43333333327,9,7,6,179,27,8,3,22,64,59,5,22,5,0,0.078125,0.921875,24,3,167.7333333333248,0.21166869978547706,1,0,1,7,3,42,8,3,53,0,0,0,0,0,6,13,2,0
base,20260712,1,0.12,0.45,0.2,0.18,3,30,9,1585,2233935428,849260240,false,false,836.0999999998969,854.0999999998969,9,7,6,179,20,5,3,11,44,41,3,11,3,0,0.06818181818181818,0.9318181818181818,20,2.5,167.7333333333248,0.20061396164734538,1,0,1,5,3,34,5,3,37,0,0,0,0,0,5,14,3,0
base,20260712,1,0.12,0.45,0.2,0.18,3,30,9,1586,4133738105,617006948,false,false,829.3333333332364,847.3333333332364,9,7,6,179,19,6,3,0,34,29,5,0,5,0,0.14705882352941177,0.8529411764705882,14,1.75,167.7333333333248,0.20225080385853425,1,0,1,4,3,22,6,3,28,0,0,0,0,0,3,7,2,0
base,20260712,1,0.12,0.45,0.2,0.18,3,30,9,1587,367143544,450863255,false,false,799.366666666597,817.366666666597,9,7,6,179,29,9,3,20,61,57,4,20,4,0,0.06557377049180328,0.9344262295081968,26,3.25,167.7333333333248,0.2098327842875686,1,0,1,8,3,48,8,3,56,0,0,0,0,0,6,10,2,0
base,20260712,1,0.12,0.45,0.2,0.18,3,30,9,1588,3015612619,2948837664,false,false,821.9333333332431,839.9333333332431,9,7,6,179,26,8,3,12,57,46,11,12,11,0,0.19298245614035087,0.8070175438596491,21,2.625,167.7333333333248,0.2040717008678845,1,0,1,6,3,37,8,3,46,0,0,0,0,0,5,7,3,0
base,20260712,1,0.12,0.45,0.2,0.18,3,30,9,1589,1812886764,1144276297,true,false,803.5666666665932,821.5666666665932,9,7,6,180,26,8,3,9,51,45,6,9,6,0,0.11764705882352941,0.8823529411764706,26,3.25,167.7333333333248,0.20873605176920412,1,1,0,8,3,41,8,3,45,8,3,45,96.49999999991223,0.12008960053086787,5,10,4,0
base,20260712,1,0.12,0.45,0.2,0.18,3,30,9,1590,834861342,1662756386,false,false,781.3999999999467,799.3999999999467,9,7,6,179,22,6,3,12,48,44,4,12,4,0,0.08333333333333333,0.9166666666666666,21,2.625,167.7333333333248,0.21465745243580273,1,0,1,6,3,36,6,3,44,0,0,0,0,0,2,5,2,0
base,20260712,1,0.12,0.45,0.2,0.18,3,30,9,1591,1466648662,3935829973,false,false,751.9999999999734,769.9999999999734,9,7,6,179,18,5,3,1,34,26,8,1,8,0,0.23529411764705882,0.7647058823529411,12,1.5,167.7333333333248,0.22304964539006747,1,0,1,3,3,22,5,3,26,0,0,0,0,0,3,7,2,0
base,20260712,1,0.12,0.45,0.2,0.18,3,30,9,1592,2762230351,1111080271,false,false,821.9666666665764,839.9666666665764,9,7,6,179,14,3,3,0,27,23,4,0,4,0,0.14814814814814814,0.8518518518518519,11,1.375,167.7333333333248,0.20406342511862996,1,0,1,3,3,19,3,3,22,0,0,0,0,0,5,14,2,0
base,20260712,1,0.12,0.45,0.2,0.18,3,30,9,1593,369425925,254557200,false,false,813.7333333332506,831.7333333332506,9,7,6,179,19,6,3,0,35,27,8,0,8,0,0.22857142857142856,0.7714285714285715,17,2.125,167.7333333333248,0.20612813370474584,1,0,1,5,3,25,6,3,27,0,0,0,0,0,2,5,3,0
base,20260712,1,0.12,0.45,0.2,0.18,3,30,9,1594,1984466106,1457779494,false,false,853.7999999998808,871.7999999998808,9,7,6,179,26,7,3,12,52,48,4,12,4,0,0.07692307692307693,0.9230769230769231,22,2.75,167.7333333333248,0.1964550636370909,1,0,1,6,3,37,7,3,46,0,0,0,0,0,5,9,2,0
base,20260712,1,0.12,0.45,0.2,0.18,3,30,9,1595,1231908475,1748629991,true,false,797.7999999999317,815.7999999999317,9,7,6,180,22,7,3,7,45,38,7,7,7,0,0.15555555555555556,0.8444444444444444,18,2.25,167.7333333333248,0.21024483997660962,1,1,0,5,3,30,6,3,37,6,3,37,120.4666666665571,0.1509985794266325,5,9,3,0
base,20260712,1,0.12,0.45,0.2,0.18,3,30,9,1596,3361511348,4118670575,true,false,820.8666666665774,838.8666666665774,9,7,6,180,19,5,3,6,37,35,2,6,2,0,0.05405405405405406,0.9459459459459459,18,2.25,167.7333333333248,0.2043368797206323,1,1,0,5,3,30,5,3,33,5,3,34,129.79999999988195,0.15812555835283365,4,10,2,0
base,20260712,1,0.12,0.45,0.2,0.18,3,30,9,1597,1273959213,1285405559,false,false,844.9666666665555,862.9666666665555,9,7,6,179,27,9,3,6,46,42,4,6,4,0,0.08695652173913043,0.9130434782608695,22,2.75,167.7333333333248,0.1985088169158707,1,0,1,7,3,35,8,3,39,0,0,0,0,0,6,8,2,0
base,20260712,1,0.12,0.45,0.2,0.18,3,30,9,1598,470951953,4113497603,false,false,835.5666666665641,853.5666666665641,9,7,6,179,23,7,3,8,47,41,6,8,6,0,0.1276595744680851,0.8723404255319149,20,2.5,167.7333333333248,0.20074201140943718,1,0,1,6,3,32,7,3,40,0,0,0,0,0,6,13,3,0
base,20260712,1,0.12,0.45,0.2,0.18,3,30,9,1599,2813996067,2405202960,false,false,784.6999999999437,802.6999999999437,9,7,6,179,22,7,3,8,45,40,5,8,5,0,0.1111111111111111,0.8888888888888888,18,2.25,167.7333333333248,0.21375472579754917,1,0,1,5,3,33,7,3,39,0,0,0,0,0,6,8,2,0
base,20260712,1,0.12,0.45,0.2,0.18,3,30,9,1600,850879844,3127721413,false,false,815.6999999999155,833.6999999999155,9,7,6,179,23,7,3,9,45,42,3,9,3,0,0.06666666666666667,0.9333333333333333,16,2,167.7333333333248,0.2056311552449947,1,0,1,4,3,31,7,3,41,0,0,0,0,0,6,11,2,0
base,20260712,1,0.12,0.45,0.2,0.18,3,30,9,1601,3745203368,2539772872,true,false,802.233333333261,820.233333333261,9,7,6,180,18,6,3,0,30,27,3,0,3,0,0.1,0.9,15,1.875,167.7333333333248,0.20908297669008175,1,1,0,4,3,23,5,3,26,5,3,26,122.6333333332218,0.15286491876831285,5,11,2,0
base,20260712,1,0.12,0.45,0.2,0.18,3,30,9,1602,3426382556,1133548149,true,false,799.4999999999302,817.4999999999302,9,7,6,180,22,6,3,11,47,43,4,11,4,0,0.0851063829787234,0.9148936170212766,21,2.625,167.7333333333248,0.2097977902856028,1,1,0,6,3,34,6,3,42,6,3,42,121.33333333322298,0.15176151761505138,5,6,2,0
base,20260712,1,0.12,0.45,0.2,0.18,3,30,9,1603,1902418137,3564781845,false,false,772.6666666666213,790.6666666666213,9,7,6,179,21,6,2,18,54,49,5,18,5,0,0.09259259259259259,0.9074074074074074,20,2.5,167.7333333333248,0.21708369283865572,1,0,1,6,2,39,6,2,49,0,0,0,0,0,5,5,2,0
base,20260712,1,0.12,0.45,0.2,0.18,3,30,9,1604,1713294900,1493244546,true,false,781.8999999999462,799.8999999999462,9,7,6,180,24,8,3,13,49,45,4,13,4,0,0.08163265306122448,0.9183673469387755,19,2.375,167.7333333333248,0.21452018587202498,1,1,0,6,3,33,7,3,44,7,3,44,108.2999999999015,0.13850876071097193,6,14,4,0
base,20260712,1,0.12,0.45,0.2,0.18,3,30,9,1605,944032020,3116792619,false,false,834.4333333332318,852.4333333332318,9,7,6,179,20,6,3,8,40,36,4,8,4,0,0.1,0.9,18,2.25,167.7333333333248,0.20101466064795895,1,0,1,5,3,32,6,3,36,0,0,0,0,0,6,10,2,0
base,20260712,1,0.12,0.45,0.2,0.18,3,30,9,1606,204377967,1474576983,true,false,797.6333333332652,815.6333333332652,9,7,6,180,20,6,3,9,48,38,10,9,10,0,0.20833333333333334,0.7916666666666666,16,2,167.7333333333248,0.21028877094739326,1,1,0,5,3,28,5,3,36,5,3,36,115.9999999998945,0.14543023110021866,6,11,3,0
base,20260712,1,0.12,0.45,0.2,0.18,3,30,9,1607,2632184317,1120749966,false,false,746.5333333333117,764.5333333333117,9,7,6,179,26,8,3,7,51,43,8,7,8,0,0.1568627450980392,0.8431372549019608,25,3.125,167.7333333333248,0.2246829791034064,1,0,1,8,3,37,8,3,43,0,0,0,0,0,2,7,3,0
base,20260712,1,0.12,0.45,0.2,0.18,3,30,9,1608,2771745933,3374335963,false,false,778.8333333332823,796.8333333332823,9,7,6,179,17,5,3,3,34,30,4,3,4,0,0.11764705882352941,0.8823529411764706,16,2,167.7333333333248,0.21536486197303972,1,0,1,5,3,26,5,3,30,0,0,0,0,0,5,7,1,0
base,20260712,1,0.12,0.45,0.2,0.18,3,30,9,1609,642626419,655498824,false,false,820.7333333332442,838.7333333332442,9,7,6,179,25,7,3,5,45,39,6,5,6,0,0.13333333333333333,0.8666666666666667,21,2.625,167.7333333333248,0.20437007554220982,1,0,1,7,3,28,7,3,38,0,0,0,0,0,5,7,4,0
base,20260712,1,0.12,0.45,0.2,0.18,3,30,9,1610,904110219,1804626112,false,false,812.133333333252,830.133333333252,9,7,6,179,22,6,3,6,42,38,4,6,4,0,0.09523809523809523,0.9047619047619048,20,2.5,167.7333333333248,0.20653423083238578,1,0,1,6,3,31,6,3,38,0,0,0,0,0,3,4,2,0
base,20260712,1,0.12,0.45,0.2,0.18,3,30,9,1611,646724435,1445318751,false,false,817.3666666665806,835.3666666665806,9,7,6,179,30,9,3,13,57,53,4,13,4,0,0.07017543859649122,0.9298245614035088,26,3.25,167.7333333333248,0.20521185922271823,1,0,1,8,3,44,9,3,52,0,0,0,0,0,4,5,2,0
base,20260712,1,0.12,0.45,0.2,0.18,3,30,9,1612,4124218531,990100336,false,false,773.0333333332876,791.0333333332876,9,7,6,179,20,6,3,2,34,32,2,2,2,0,0.058823529411764705,0.9411764705882353,17,2.125,167.7333333333248,0.21698072528136095,1,0,1,5,3,28,6,3,32,0,0,0,0,0,4,8,2,0
base,20260712,1,0.12,0.45,0.2,0.18,3,30,9,1613,2475891101,4186859689,false,false,782.2999999999458,800.2999999999458,9,7,6,179,26,8,3,14,56,50,6,14,6,0,0.10714285714285714,0.8928571428571429,25,3.125,167.7333333333248,0.21441049895607364,1,0,1,8,3,42,8,3,50,0,0,0,0,0,4,6,2,0
base,20260712,1,0.12,0.45,0.2,0.18,3,30,9,1614,2151468966,3065351494,false,false,828.0333333332376,846.0333333332376,9,7,6,179,23,7,3,8,48,41,7,8,7,0,0.14583333333333334,0.8541666666666666,22,2.75,167.7333333333248,0.20256833460812068,1,0,1,7,3,33,7,3,39,0,0,0,0,0,4,5,2,0
base,20260712,1,0.12,0.45,0.2,0.18,3,30,9,1615,211761820,655126450,false,false,784.8333333332769,802.8333333332769,9,7,6,179,23,7,3,7,46,40,6,7,6,0,0.13043478260869565,0.8695652173913043,19,2.375,167.7333333333248,0.21371841155235108,1,0,1,6,3,33,7,3,39,0,0,0,0,0,7,11,2,0
base,20260712,1,0.12,0.45,0.2,0.18,3,30,9,1616,1606584372,912032989,false,false,831.8999999999007,849.8999999999007,9,7,6,179,25,8,3,4,44,39,5,4,5,0,0.11363636363636363,0.8863636363636364,18,2.25,167.7333333333248,0.20162679809273326,1,0,1,5,3,30,8,3,39,0,0,0,0,0,6,10,2,0
base,20260712,1,0.12,0.45,0.2,0.18,3,30,9,1617,1119121219,3290576230,false,false,828.2666666665707,846.2666666665707,9,7,6,179,26,7,3,16,59,52,7,16,7,0,0.11864406779661017,0.8813559322033898,23,2.875,167.7333333333248,0.2025112685125695,1,0,1,6,3,44,7,3,52,0,0,0,0,0,6,10,3,0
base,20260712,1,0.12,0.45,0.2,0.18,3,30,9,1618,1191402886,4079543959,true,false,807.6333333332561,825.6333333332561,9,7,6,180,22,6,2,9,48,41,7,9,7,0,0.14583333333333334,0.8541666666666666,14,1.75,167.7333333333248,0.2076850055718447,1,1,0,4,2,22,6,2,37,6,2,37,121.73333333322262,0.1507284658878628,5,10,3,0
base,20260712,1,0.12,0.45,0.2,0.18,3,30,9,1619,1622184507,3269994822,false,false,804.8333333332587,822.8333333332587,9,7,6,179,24,7,3,20,64,54,10,20,10,0,0.15625,0.84375,22,2.75,167.7333333333248,0.20840753779251234,1,0,1,6,3,45,7,3,50,0,0,0,0,0,4,7,3,0
base,20260712,1,0.12,0.45,0.2,0.18,3,30,9,1620,2033638224,2982534722,false,false,753.9666666666383,771.9666666666383,9,7,6,179,26,8,3,10,54,46,8,10,8,0,0.14814814814814814,0.8518518518518519,23,2.875,167.7333333333248,0.22246783677439025,1,0,1,7,3,35,8,3,45,0,0,0,0,0,5,5,3,0
base,20260712,1,0.12,0.45,0.2,0.18,3,30,9,1621,3862476844,2445331476,false,false,769.0999999999578,787.0999999999578,9,7,6,179,22,6,3,5,42,36,6,5,6,0,0.14285714285714285,0.8571428571428571,17,2.125,167.7333333333248,0.21809040870281365,1,0,1,5,3,28,6,3,35,0,0,0,0,0,3,5,2,0
base,20260712,1,0.12,0.45,0.2,0.18,3,30,9,1622,1978062118,3369772113,false,false,834.5333333332317,852.5333333332317,9,7,6,179,21,6,3,7,48,38,10,7,10,0,0.20833333333333334,0.7916666666666666,19,2.375,167.7333333333248,0.2009905735740676,1,0,1,5,3,30,6,3,38,0,0,0,0,0,5,7,3,0
base,20260712,1,0.12,0.45,0.2,0.18,3,30,9,1623,990438655,1083563825,false,false,834.899999999898,852.899999999898,9,7,6,179,26,8,3,11,54,47,7,11,7,0,0.12962962962962962,0.8703703703703703,24,3,167.7333333333248,0.2009023036691164,1,0,1,7,3,42,8,3,45,0,0,0,0,0,6,8,2,0
base,20260712,1,0.12,0.45,0.2,0.18,3,30,9,1624,1938108939,3347759357,true,false,809.6666666665876,827.6666666665876,9,7,6,180,24,7,3,10,44,43,1,10,1,0,0.022727272727272728,0.9772727272727273,19,2.375,167.7333333333248,0.207163441745584,1,1,0,5,3,31,6,3,41,7,3,42,122.6999999998884,0.15154384520366454,5,8,3,0
base,20260712,1,0.12,0.45,0.2,0.18,3,30,9,1625,3492245489,3985520382,false,false,832.9666666665664,850.9666666665664,9,7,6,179,17,5,3,1,31,28,3,1,3,0,0.0967741935483871,0.9032258064516129,12,1.5,167.7333333333248,0.20136860218497538,1,0,1,3,1,19,5,3,28,0,0,0,0,0,5,8,2,0
base,20260712,1,0.12,0.45,0.2,0.18,3,30,9,1626,1126474784,1967110429,false,false,764.6999999999618,782.6999999999618,9,7,6,179,26,8,3,10,51,45,6,10,6,0,0.11764705882352941,0.8823529411764706,21,2.625,167.7333333333248,0.21934527701495118,1,0,1,6,3,37,8,3,45,0,0,0,0,0,6,10,2,0
base,20260712,1,0.12,0.45,0.2,0.18,3,30,9,1627,2199153017,4213073907,false,false,839.1666666665608,857.1666666665608,9,7,6,179,24,7,3,10,51,44,7,10,7,0,0.13725490196078433,0.8627450980392157,21,2.625,167.7333333333248,0.19988083416088892,1,0,1,6,3,33,7,3,43,0,0,0,0,0,6,8,3,0
base,20260712,1,0.12,0.45,0.2,0.18,3,30,9,1628,2808733791,2885817310,false,false,769.5666666666241,787.5666666666241,9,7,6,179,23,7,3,7,41,38,3,7,3,0,0.07317073170731707,0.926829268292683,18,2.25,167.7333333333248,0.21795815827088935,1,0,1,6,3,25,7,3,38,0,0,0,0,0,2,5,3,0
base,20260712,1,0.12,0.45,0.2,0.18,3,30,9,1629,4123110526,3941507256,true,false,800.3666666665961,818.3666666665961,9,7,6,180,17,5,3,6,38,33,5,6,5,0,0.13157894736842105,0.868421052631579,17,2.125,167.7333333333248,0.2095706134688346,1,1,0,5,3,29,5,3,31,5,3,32,121.5666666665561,0.15188871767094267,4,10,2,0
base,20260712,1,0.12,0.45,0.2,0.18,3,30,9,1630,1356609117,1537558073,false,false,777.5999999999501,795.5999999999501,9,7,6,179,28,8,3,14,60,52,8,14,8,0,0.13333333333333333,0.8666666666666667,23,2.875,167.7333333333248,0.21570644718793153,1,0,1,7,3,38,8,3,51,0,0,0,0,0,3,4,2,0
base,20260712,1,0.12,0.45,0.2,0.18,3,30,9,1631,2154039194,2644765364,false,false,765.6999999999609,783.6999999999609,9,7,6,179,20,6,3,2,32,30,2,2,2,0,0.0625,0.9375,15,1.875,167.7333333333248,0.21905881328631754,1,0,1,4,2,25,5,2,29,0,0,0,0,0,7,12,3,0
base,20260712,1,0.12,0.45,0.2,0.18,3,30,9,1632,2254814302,2097166563,false,false,806.9333333332568,824.9333333332568,9,7,6,179,19,5,2,10,45,38,7,10,7,0,0.15555555555555556,0.8444444444444444,15,1.875,167.7333333333248,0.20786516853933498,1,0,1,4,2,28,5,2,37,0,0,0,0,0,6,8,2,0
base,20260712,1,0.12,0.45,0.2,0.18,3,30,9,1633,1273182761,3431407071,true,false,783.533333333278,801.533333333278,9,7,6,180,18,5,3,3,34,31,3,3,3,0,0.08823529411764706,0.9117647058823529,16,2,167.7333333333248,0.21407300263762863,1,1,0,4,3,26,5,3,30,5,3,30,112.23333333323126,0.14324002382358442,6,10,2,0
base,20260712,1,0.12,0.45,0.2,0.18,3,30,9,1634,2205605547,4252198964,false,false,802.8333333332605,820.8333333332605,9,7,6,179,21,6,3,6,45,37,8,6,8,0,0.17777777777777778,0.8222222222222222,16,2,167.7333333333248,0.2089267178742039,1,0,1,5,2,26,6,3,36,0,0,0,0,0,6,8,2,0
base,20260712,1,0.12,0.45,0.2,0.18,3,30,9,1635,1386919427,861816099,false,false,758.3666666666343,776.3666666666343,9,7,6,179,7,1,1,0,20,14,6,0,6,0,0.3,0.7,5,0.625,167.7333333333248,0.22117709111687217,1,0,1,1,1,11,1,1,14,0,0,0,0,0,3,5,2,0
base,20260712,1,0.12,0.45,0.2,0.18,3,30,9,1636,4015682266,2731703662,false,false,807.7999999999226,825.7999999999226,9,7,6,179,27,8,2,22,67,59,8,22,8,0,0.11940298507462686,0.8805970149253731,26,3.25,167.7333333333248,0.20764215564909738,1,0,1,8,2,53,8,2,59,0,0,0,0,0,2,3,2,0
base,20260712,1,0.12,0.45,0.2,0.18,3,30,9,1637,2362479638,2641833302,false,false,815.5666666665823,833.5666666665823,9,7,6,179,28,8,2,11,55,49,6,11,6,0,0.10909090909090909,0.8909090909090909,24,3,167.7333333333248,0.20566477295950727,1,0,1,7,2,39,8,2,49,0,0,0,0,0,5,6,2,0
base,20260712,1,0.12,0.45,0.2,0.18,3,30,9,1638,3988059173,3855757454,false,false,819.5333333332453,837.5333333332453,9,7,6,179,24,7,2,20,56,52,4,20,4,0,0.07142857142857142,0.9285714285714286,22,2.75,167.7333333333248,0.20466932400554316,1,0,1,6,2,45,6,2,50,0,0,0,0,0,3,5,2,0
base,20260712,1,0.12,0.45,0.2,0.18,3,30,9,1639,2407461864,4221364618,false,false,821.8666666665765,839.8666666665765,9,7,6,179,26,8,3,20,60,56,4,20,4,0,0.06666666666666667,0.9333333333333333,23,2.875,167.7333333333248,0.20408825438028455,1,0,1,7,3,43,8,3,55,0,0,0,0,0,4,8,2,0
base,20260712,1,0.12,0.45,0.2,0.18,3,30,9,1640,3216794904,1748646642,true,false,773.0333333332876,791.0333333332876,9,7,6,180,23,7,3,8,44,40,4,8,4,0,0.09090909090909091,0.9090909090909091,18,2.25,167.7333333333248,0.21698072528136095,1,1,0,5,3,30,6,3,38,7,3,39,97.39999999991142,0.12599715406828146,6,13,2,0
base,20260712,1,0.12,0.45,0.2,0.18,3,30,9,1641,3945119817,2795097427,false,false,821.1666666665772,839.1666666665772,9,7,6,179,31,9,3,13,59,52,7,13,7,0,0.11864406779661017,0.8813559322033898,27,3.375,167.7333333333248,0.20426222853664674,1,0,1,8,3,42,9,3,52,0,0,0,0,0,6,10,2,0
base,20260712,1,0.12,0.45,0.2,0.18,3,30,9,1642,4063052773,2906500584,true,false,829.06666666657,847.06666666657,9,7,6,180,19,6,3,3,36,31,5,3,5,0,0.1388888888888889,0.8611111111111112,16,2,167.7333333333248,0.20231585718881998,1,1,0,5,3,25,6,3,30,6,3,30,158.83333333318888,0.19158089417804045,2,7,2,0
base,20260712,1,0.12,0.45,0.2,0.18,3,30,9,1643,4086590538,2046831421,false,false,759.8333333332996,777.8333333332996,9,7,6,179,22,6,3,12,51,44,7,12,7,0,0.13725490196078433,0.8627450980392157,20,2.5,167.7333333333248,0.22075016450975948,1,0,1,6,3,32,6,3,44,0,0,0,0,0,4,5,3,0
base,20260712,1,0.12,0.45,0.2,0.18,3,30,9,1644,3562156571,1874788555,false,false,835.1666666665644,853.1666666665644,9,7,6,179,27,8,3,15,60,52,8,15,8,0,0.13333333333333333,0.8666666666666667,23,2.875,167.7333333333248,0.20083815605668967,1,0,1,7,3,40,8,3,51,0,0,0,0,0,6,8,3,0
base,20260712,1,0.12,0.45,0.2,0.18,3,30,9,1645,2528917131,3563906505,false,false,818.2999999999131,836.2999999999131,9,7,6,179,22,7,3,6,45,38,7,6,7,0,0.15555555555555556,0.8444444444444444,18,2.25,167.7333333333248,0.20497779950304607,1,0,1,5,2,32,7,3,37,0,0,0,0,0,4,7,2,0
base,20260712,1,0.12,0.45,0.2,0.18,3,30,9,1646,756591036,3950507155,false,false,781.0999999999469,799.0999999999469,9,7,6,179,24,7,3,10,48,44,4,10,4,0,0.08333333333333333,0.9166666666666666,22,2.75,167.7333333333248,0.21473989672684188,1,0,1,6,3,39,7,3,44,0,0,0,0,0,4,5,2,0
base,20260712,1,0.12,0.45,0.2,0.18,3,30,9,1647,348678980,2329984862,true,false,804.1999999999259,822.1999999999259,9,7,6,180,18,5,3,5,37,32,5,5,5,0,0.13513513513513514,0.8648648648648649,15,1.875,167.7333333333248,0.2085716654232035,1,1,0,4,3,26,4,3,28,4,3,28,131.566666666547,0.16359943629266244,4,11,2,0
base,20260712,1,0.12,0.45,0.2,0.18,3,30,9,1648,3044154795,1137363634,false,false,824.4999999999075,842.4999999999075,9,7,6,179,29,9,3,17,65,56,9,17,9,0,0.13846153846153847,0.8615384615384616,24,3,167.7333333333248,0.20343642611685098,1,0,1,7,3,40,9,3,55,0,0,0,0,0,4,5,2,0
base,20260712,1,0.12,0.45,0.2,0.18,3,30,9,1649,1677838478,1250040221,true,false,823.0666666665754,841.0666666665754,9,7,6,180,14,4,3,0,28,22,6,0,6,0,0.21428571428571427,0.7857142857142857,8,1,167.7333333333248,0.20379070144177472,1,1,0,2,1,15,4,3,21,4,3,22,129.46666666654892,0.15729791025420775,5,10,1,0
base,20260712,1,0.12,0.45,0.2,0.18,3,30,9,1650,39443219,53553606,false,false,829.399999999903,847.399999999903,9,7,6,179,25,7,2,27,66,62,4,27,4,0,0.06060606060606061,0.9393939393939394,22,2.75,167.7333333333248,0.20223454706214664,1,0,1,6,2,46,7,2,60,0,0,0,0,0,7,9,2,0
base,20260712,1,0.12,0.45,0.2,0.18,3,30,9,1651,1076577026,2469285881,true,false,774.4333333332863,792.4333333332863,9,7,6,180,24,7,3,11,48,45,3,11,3,0,0.0625,0.9375,24,3,167.7333333333248,0.21658847329230185,1,1,0,7,3,42,7,3,44,7,3,44,115.76666666656138,0.14948564541802833,5,11,3,0
base,20260712,1,0.12,0.45,0.2,0.18,3,30,9,1652,3725664849,2799269246,false,false,759.5999999999665,777.5999999999665,9,7,6,179,21,6,3,4,41,35,6,4,6,0,0.14634146341463414,0.8536585365853658,15,1.875,167.7333333333248,0.22081797437247525,1,0,1,5,3,26,6,3,34,0,0,0,0,0,5,9,3,0
base,20260712,1,0.12,0.45,0.2,0.18,3,30,9,1653,4036849515,2588371525,false,false,830.1333333332357,848.1333333332357,9,7,6,179,18,5,3,0,33,27,6,0,6,0,0.18181818181818182,0.8181818181818182,14,1.75,167.7333333333248,0.20205589463541343,1,0,1,4,3,22,5,3,26,0,0,0,0,0,6,14,2,0
base,20260712,1,0.12,0.45,0.2,0.18,3,30,9,1654,2695079442,1679359106,true,false,825.9333333332395,843.9333333332395,9,7,6,180,23,7,2,11,49,43,6,11,6,0,0.12244897959183673,0.8775510204081632,21,2.625,167.7333333333248,0.20308338041812557,1,1,0,6,2,38,7,2,43,7,2,43,133.23333333321216,0.16131245459669138,5,14,3,0
base,20260712,1,0.12,0.45,0.2,0.18,3,30,9,1655,2724637199,1966286588,false,false,788.8333333332732,806.8333333332732,9,7,6,179,25,8,3,2,38,37,1,2,1,0,0.02631578947368421,0.9736842105263158,17,2.125,167.7333333333248,0.21263469258399018,1,0,1,5,3,24,8,3,34,0,0,0,0,0,6,14,3,0
base,20260712,1,0.12,0.45,0.2,0.18,3,30,9,1656,1333218338,3668909617,false,false,833.8333333332323,851.8333333332323,9,7,6,179,20,6,2,3,41,33,8,3,8,0,0.1951219512195122,0.8048780487804879,16,2,167.7333333333248,0.2011593044173637,1,0,1,5,2,24,6,2,31,0,0,0,0,0,6,6,2,0
base,20260712,1,0.12,0.45,0.2,0.18,3,30,9,1657,754434356,1615432292,true,false,784.299999999944,802.299999999944,9,7,6,180,21,7,3,5,39,35,4,5,4,0,0.10256410256410256,0.8974358974358975,18,2.25,167.7333333333248,0.21386374261550015,1,1,0,5,3,28,6,3,33,6,3,34,110.5333333332328,0.14093246631804246,5,13,2,0
base,20260712,1,0.12,0.45,0.2,0.18,3,30,9,1658,2736131032,3207039426,false,false,756.9999999999688,774.9999999999688,9,7,6,179,24,7,3,9,50,42,8,9,8,0,0.16,0.84,21,2.625,167.7333333333248,0.22157639806252535,1,0,1,6,3,37,7,3,42,0,0,0,0,0,3,7,3,0
base,20260712,1,0.12,0.45,0.2,0.18,3,30,9,1659,2723931066,2514181296,false,false,830.2666666665689,848.2666666665689,9,7,6,179,21,6,3,7,43,37,6,7,6,0,0.13953488372093023,0.8604651162790697,21,2.625,167.7333333333248,0.20202344628233243,1,0,1,6,3,36,6,3,37,0,0,0,0,0,6,10,2,0
base,20260712,1,0.12,0.45,0.2,0.18,3,30,9,1660,2334337787,2850991303,false,false,839.8999999998935,857.8999999998935,9,7,6,179,19,5,3,1,34,30,4,1,4,0,0.11764705882352941,0.8823529411764706,16,2,167.7333333333248,0.19970631424377436,1,0,1,5,3,25,5,3,30,0,0,0,0,0,3,7,2,0
base,20260712,1,0.12,0.45,0.2,0.18,3,30,9,1661,1266099205,1894439015,false,false,800.6999999999291,818.6999999999291,9,7,6,179,19,6,3,2,33,30,3,2,3,0,0.09090909090909091,0.9090909090909091,16,2,167.7333333333248,0.20948336871904538,1,0,1,5,3,24,6,3,29,0,0,0,0,0,3,5,2,0
base,20260712,1,0.12,0.45,0.2,0.18,3,30,9,1662,520889642,557510197,false,false,777.5999999999501,795.5999999999501,9,7,6,179,28,8,3,19,65,57,8,19,8,0,0.12307692307692308,0.8769230769230769,27,3.375,167.7333333333248,0.21570644718793153,1,0,1,8,3,44,8,3,57,0,0,0,0,0,6,11,2,0
base,20260712,1,0.12,0.45,0.2,0.18,3,30,9,1663,1260677615,2583180806,false,false,827.9999999999043,845.9999999999043,9,7,6,179,26,8,3,11,51,47,4,11,4,0,0.0784313725490196,0.9215686274509803,22,2.75,167.7333333333248,0.20257648953302437,1,0,1,7,3,36,8,3,47,0,0,0,0,0,5,8,2,0
base,20260712,1,0.12,0.45,0.2,0.18,3,30,9,1664,3552221107,179007511,false,false,752.0999999999733,770.0999999999733,9,7,6,179,24,7,3,4,38,36,2,4,2,0,0.05263157894736842,0.9473684210526315,14,1.75,167.7333333333248,0.2230199884767062,1,0,1,4,3,22,6,3,35,0,0,0,0,0,6,10,2,0
base,20260712,1,0.12,0.45,0.2,0.18,3,30,9,1665,259799642,2735410752,false,false,803.9999999999261,821.9999999999261,9,7,6,179,21,6,3,12,45,43,2,12,2,0,0.044444444444444446,0.9555555555555556,17,2.125,167.7333333333248,0.20862354892206494,1,0,1,5,3,33,6,3,43,0,0,0,0,0,2,5,2,0
base,20260712,1,0.12,0.45,0.2,0.18,3,30,9,1666,3077405529,415050556,false,false,766.033333333294,784.033333333294,9,7,6,179,20,6,3,4,40,33,7,4,7,0,0.175,0.825,13,1.625,167.7333333333248,0.21896349158000097,1,0,1,3,3,23,6,3,32,0,0,0,0,0,5,11,2,0
base,20260712,1,0.12,0.45,0.2,0.18,3,30,9,1667,4272924565,2642118112,false,false,836.0999999998969,854.0999999998969,9,7,6,179,18,5,3,0,34,28,6,0,6,0,0.17647058823529413,0.8235294117647058,12,1.5,167.7333333333248,0.20061396164734538,1,0,1,3,3,21,5,3,28,0,0,0,0,0,5,14,2,0
base,20260712,1,0.12,0.45,0.2,0.18,3,30,9,1668,4140269631,1816907991,false,false,766.4333333332936,784.4333333332936,9,7,6,179,24,7,3,6,43,40,3,6,3,0,0.06976744186046512,0.9302325581395349,19,2.375,167.7333333333248,0.2188492149784719,1,0,1,5,3,31,7,3,40,0,0,0,0,0,6,5,2,0
base,20260712,1,0.12,0.45,0.2,0.18,3,30,9,1669,2464241335,655059594,true,false,776.7999999999508,794.7999999999508,9,7,6,180,21,7,3,3,40,34,6,3,6,0,0.15,0.85,19,2.375,167.7333333333248,0.21592859594919595,1,1,0,6,3,28,7,3,33,7,3,33,95.73333333324626,0.12324064538266262,6,14,2,0
base,20260712,1,0.12,0.45,0.2,0.18,3,30,9,1670,2978207930,3152979957,false,false,815.6333333332489,833.6333333332489,9,7,6,179,23,7,3,5,45,38,7,5,7,0,0.15555555555555556,0.8444444444444444,23,2.875,167.7333333333248,0.205647962728361,1,0,1,7,3,35,7,3,38,0,0,0,0,0,4,5,3,0
base,20260712,1,0.12,0.45,0.2,0.18,3,30,9,1671,3085039974,3452637749,true,false,850.5333333332171,868.5333333332171,9,7,6,180,19,5,3,5,39,34,5,5,5,0,0.1282051282051282,0.8717948717948718,13,1.625,167.7333333333248,0.1972095939802646,1,1,0,4,3,22,5,3,30,5,3,33,170.86666666651126,0.200893556983698,6,9,2,0
base,20260712,1,0.12,0.45,0.2,0.18,3,30,9,1672,3235551498,2207461817,false,false,821.9333333332431,839.9333333332431,9,7,6,179,14,4,3,0,27,24,3,0,3,0,0.1111111111111111,0.8888888888888888,12,1.5,167.7333333333248,0.2040717008678845,1,0,1,3,2,19,4,3,24,0,0,0,0,0,5,14,1,0
base,20260712,1,0.12,0.45,0.2,0.18,3,30,9,1673,267241003,3575971144,false,false,836.6999999998964,854.6999999998964,9,7,6,179,21,6,3,5,42,34,8,5,8,0,0.19047619047619047,0.8095238095238095,16,2,167.7333333333248,0.20047010079281172,1,0,1,4,3,25,5,3,33,0,0,0,0,0,5,7,2,0
base,20260712,1,0.12,0.45,0.2,0.18,3,30,9,1674,409936665,934346618,false,false,813.2666666665843,831.2666666665843,9,7,6,179,25,8,3,8,47,42,5,8,5,0,0.10638297872340426,0.8936170212765957,20,2.5,167.7333333333248,0.20624641364047272,1,0,1,6,3,35,8,3,42,0,0,0,0,0,5,11,2,0
base,20260712,1,0.12,0.45,0.2,0.18,3,30,9,1675,4132242150,1206004605,false,false,848.3666666665524,866.3666666665524,9,7,6,179,20,6,3,9,47,39,8,9,8,0,0.1702127659574468,0.8297872340425532,17,2.125,167.7333333333248,0.1977132529173872,1,0,1,5,3,30,6,3,39,0,0,0,0,0,5,7,2,0
base,20260712,1,0.12,0.45,0.2,0.18,3,30,9,1676,2328038279,1147714475,false,false,802.4333333332609,820.4333333332609,9,7,6,179,26,8,3,13,54,47,7,13,7,0,0.12962962962962962,0.8703703703703703,24,3,167.7333333333248,0.2090308644539608,1,0,1,7,3,41,8,3,47,0,0,0,0,0,3,7,2,0
base,20260712,1,0.12,0.45,0.2,0.18,3,30,9,1677,189410126,2313866928,false,false,831.7333333332342,849.7333333332342,9,7,6,179,28,9,3,8,54,45,9,8,9,0,0.16666666666666666,0.8333333333333334,22,2.75,167.7333333333248,0.20166720102598362,1,0,1,7,3,35,9,3,45,0,0,0,0,0,6,11,2,0
base,20260712,1,0.12,0.45,0.2,0.18,3,30,9,1678,371826869,2525581703,false,false,851.5666666665495,869.5666666665495,9,7,6,179,29,9,3,16,65,55,10,16,10,0,0.15384615384615385,0.8461538461538461,21,2.625,167.7333333333248,0.19697029005364372,1,0,1,6,3,33,9,3,53,0,0,0,0,0,5,13,4,0
base,20260712,1,0.12,0.45,0.2,0.18,3,30,9,1679,898560426,3085524053,false,false,788.5666666666068,806.5666666666068,9,7,6,179,28,8,3,29,73,67,6,29,6,0,0.0821917808219178,0.9178082191780822,24,3,167.7333333333248,0.21270659846980283,1,0,1,7,3,51,8,3,66,0,0,0,0,0,3,5,3,0
base,20260712,1,0.12,0.45,0.2,0.18,3,30,9,1680,4082294756,4047769159,true,false,803.8333333332596,821.8333333332596,9,7,6,180,20,6,2,7,43,36,7,7,7,0,0.16279069767441862,0.8372093023255814,17,2.125,167.7333333333248,0.2086668048932285,1,1,0,5,2,28,6,2,36,6,2,36,125.33333333321934,0.15591955214583975,6,9,3,0
base,20260712,1,0.12,0.45,0.2,0.18,3,30,9,1681,2403535187,1959139526,true,false,793.0666666666027,811.0666666666027,9,7,6,180,20,6,3,12,48,42,6,12,6,0,0.125,0.875,20,2.5,167.7333333333248,0.21149966375252816,1,1,0,6,3,36,6,3,39,6,3,40,118.99999999989177,0.1500504371215972,5,8,3,0
base,20260712,1,0.12,0.45,0.2,0.18,3,30,9,1682,3416941874,1052745565,true,false,777.1666666666172,795.1666666666172,9,7,6,180,22,7,3,3,43,35,8,3,8,0,0.18604651162790697,0.813953488372093,18,2.25,167.7333333333248,0.2158267209950703,1,1,0,5,2,27,7,3,33,7,3,34,103.43333333323926,0.13309028522399208,5,11,2,0
base,20260712,1,0.12,0.45,0.2,0.18,3,30,9,1683,3778471043,3239917479,true,false,802.3666666665943,820.3666666665943,9,7,6,180,31,9,3,12,56,53,3,12,3,0,0.05357142857142857,0.9464285714285714,24,3,167.7333333333248,0.2090482323127497,1,1,0,7,3,41,9,3,51,9,3,52,121.4666666665562,0.15138548460791054,5,10,3,0
base,20260712,1,0.12,0.45,0.2,0.18,3,30,9,1684,1526633375,2786622247,false,false,831.1666666665681,849.1666666665681,9,7,6,179,22,6,3,9,46,41,5,9,5,0,0.10869565217391304,0.8913043478260869,21,2.625,167.7333333333248,0.20180469219973293,1,0,1,6,3,35,6,3,39,0,0,0,0,0,6,8,3,0
base,20260712,1,0.12,0.45,0.2,0.18,3,30,9,1685,1934870644,1096449958,false,false,836.4333333332299,854.4333333332299,9,7,6,179,21,6,3,3,38,32,6,3,6,0,0.15789473684210525,0.8421052631578947,18,2.25,167.7333333333248,0.20053401346990657,1,0,1,5,3,29,6,3,31,0,0,0,0,0,5,8,2,0
base,20260712,1,0.12,0.45,0.2,0.18,3,30,9,1686,2333131909,3854792448,false,false,787.6333333332743,805.6333333332743,9,7,6,179,23,7,3,10,42,42,0,10,0,0,0,1,17,2.125,167.7333333333248,0.21295865250328497,1,0,1,5,3,26,6,3,40,0,0,0,0,0,5,10,2,0
base,20260712,1,0.12,0.45,0.2,0.18,3,30,9,1687,58336183,3205835831,false,false,824.0999999999078,842.0999999999078,9,7,6,179,21,6,3,6,45,35,10,6,10,0,0.2222222222222222,0.7777777777777778,17,2.125,167.7333333333248,0.2035351696800674,1,0,1,5,3,26,5,3,34,0,0,0,0,0,6,11,3,0
base,20260712,1,0.12,0.45,0.2,0.18,3,30,9,1688,2601499885,3085781697,false,false,843.3999999998903,861.3999999998903,9,7,6,179,32,9,3,29,78,71,7,29,7,0,0.08974358974358974,0.9102564102564102,28,3.5,167.7333333333248,0.19887755908625399,1,0,1,8,3,57,9,3,71,0,0,0,0,0,6,10,3,0
base,20260712,1,0.12,0.45,0.2,0.18,3,30,9,1689,1263495605,2361367007,false,false,828.4333333332372,846.4333333332372,9,7,6,179,25,7,3,8,52,43,9,8,9,0,0.17307692307692307,0.8269230769230769,17,2.125,167.7333333333248,0.20247052669699142,1,0,1,5,3,26,7,3,43,0,0,0,0,0,6,8,3,0
base,20260712,1,0.12,0.45,0.2,0.18,3,30,9,1690,3675586930,777210262,false,false,825.6666666665731,843.6666666665731,9,7,6,179,25,7,3,5,46,39,7,5,7,0,0.15217391304347827,0.8478260869565217,20,2.5,167.7333333333248,0.20314897052887826,1,0,1,6,3,31,7,3,37,0,0,0,0,0,5,5,2,0
base,20260712,1,0.12,0.45,0.2,0.18,3,30,9,1691,3209694864,4088703596,false,false,782.2666666666125,800.2666666666125,9,7,6,179,25,8,3,12,51,46,5,12,5,0,0.09803921568627451,0.9019607843137255,19,2.375,167.7333333333248,0.2144196352480012,1,0,1,5,3,36,8,3,46,0,0,0,0,0,5,8,2,0
base,20260712,1,0.12,0.45,0.2,0.18,3,30,9,1692,776683978,1828215408,false,false,821.2333333332438,839.2333333332438,9,7,6,179,26,8,3,17,60,51,9,17,9,0,0.15,0.85,24,3,167.7333333333248,0.20424564679142318,1,0,1,7,3,42,7,3,49,0,0,0,0,0,6,13,3,0
base,20260712,1,0.12,0.45,0.2,0.18,3,30,9,1693,2499016117,3399998673,false,false,778.133333333283,796.133333333283,9,7,6,179,20,6,3,1,33,31,2,1,2,0,0.06060606060606061,0.9393939393939394,16,2,167.7333333333248,0.21555860178204547,1,0,1,5,3,25,6,3,30,0,0,0,0,0,5,11,2,0
base,20260712,1,0.12,0.45,0.2,0.18,3,30,9,1694,1622167692,207413371,true,false,787.6333333332743,805.6333333332743,9,7,6,180,17,5,3,3,34,30,4,3,4,0,0.11764705882352941,0.8823529411764706,13,1.625,167.7333333333248,0.21295865250328497,1,1,0,4,3,21,5,3,28,5,3,29,121.86666666655583,0.15472512590447962,5,10,2,0
base,20260712,1,0.12,0.45,0.2,0.18,3,30,9,1695,2699588815,783995965,false,false,810.8333333332532,828.8333333332532,9,7,6,179,22,6,3,12,52,44,8,12,8,0,0.15384615384615385,0.8461538461538461,20,2.5,167.7333333333248,0.20686536485098628,1,0,1,6,3,35,6,3,44,0,0,0,0,0,3,4,3,0
base,20260712,1,0.12,0.45,0.2,0.18,3,30,9,1696,1858983455,773603366,false,false,844.2999999998895,862.2999999998895,9,7,6,179,30,8,3,13,56,52,4,13,4,0,0.07142857142857142,0.9285714285714286,26,3.25,167.7333333333248,0.19866556121443416,1,0,1,7,3,44,8,3,50,0,0,0,0,0,6,7,2,0
base,20260712,1,0.12,0.45,0.2,0.18,3,30,9,1697,2332549629,446622794,true,false,814.6333333332498,832.6333333332498,9,7,6,180,17,5,3,2,36,29,7,2,7,0,0.19444444444444445,0.8055555555555556,13,1.625,167.7333333333248,0.20590040509023527,1,1,0,4,3,21,4,3,27,4,3,27,126.66666666655146,0.15548917713478186,5,8,2,0
base,20260712,1,0.12,0.45,0.2,0.18,3,30,9,1698,968249774,3506158674,false,false,811.9666666665855,829.9666666665855,9,7,6,179,25,7,3,21,62,55,7,21,7,0,0.11290322580645161,0.8870967741935484,22,2.75,167.7333333333248,0.2065766246561947,1,0,1,6,3,45,7,3,54,0,0,0,0,0,5,8,4,0
base,20260712,1,0.12,0.45,0.2,0.18,3,30,9,1699,2398345295,925909698,false,false,807.5333333332562,825.5333333332562,9,7,6,179,24,7,3,12,51,46,5,12,5,0,0.09803921568627451,0.9019607843137255,22,2.75,167.7333333333248,0.20771072401552979,1,0,1,6,3,41,7,3,46,0,0,0,0,0,5,9,2,0
base,20260712,1,0.12,0.45,0.2,0.18,3,30,9,1700,3741479040,491268735,false,false,785.399999999943,803.399999999943,9,7,6,179,22,6,3,4,40,35,5,4,5,0,0.125,0.875,17,2.125,167.7333333333248,0.21356421356421817,1,0,1,5,3,25,6,3,35,0,0,0,0,0,3,5,2,0
base,20260712,1,0.12,0.45,0.2,0.18,3,30,9,1701,4253816943,1144145973,false,false,767.466666666626,785.466666666626,9,7,6,179,16,4,2,4,37,28,9,4,9,0,0.24324324324324326,0.7567567567567568,12,1.5,167.7333333333248,0.2185545517720644,1,0,1,3,2,23,4,2,28,0,0,0,0,0,6,8,2,0
base,20260712,1,0.12,0.45,0.2,0.18,3,30,9,1702,2849783671,1897305412,false,false,839.4666666665605,857.4666666665605,9,7,6,179,29,9,3,14,61,53,8,14,8,0,0.13114754098360656,0.8688524590163934,26,3.25,167.7333333333248,0.19980940279544077,1,0,1,8,3,45,9,3,51,0,0,0,0,0,6,10,2,0
base,20260712,1,0.12,0.45,0.2,0.18,3,30,9,1703,1155720632,1207378068,false,false,778.3666666666161,796.3666666666161,9,7,6,179,25,7,3,12,48,46,2,12,2,0,0.041666666666666664,0.9583333333333334,22,2.75,167.7333333333248,0.21549398312706397,1,0,1,6,3,40,7,3,46,0,0,0,0,0,6,5,2,0
base,20260712,1,0.12,0.45,0.2,0.18,3,30,9,1704,1072976518,1825763609,false,false,770.9333333332895,788.9333333332895,9,7,6,179,23,6,3,13,53,45,8,13,8,0,0.1509433962264151,0.8490566037735849,20,2.5,167.7333333333248,0.21757177447250214,1,0,1,6,3,34,6,3,45,0,0,0,0,0,6,8,2,0
base,20260712,1,0.12,0.45,0.2,0.18,3,30,9,1705,4184847622,2700155964,false,false,830.9333333332349,848.9333333332349,9,7,6,179,24,7,3,23,61,56,5,23,5,0,0.08196721311475409,0.9180327868852459,20,2.5,167.7333333333248,0.20186136071888397,1,0,1,6,3,36,7,3,56,0,0,0,0,0,3,5,2,0
base,20260712,1,0.12,0.45,0.2,0.18,3,30,9,1706,407442379,3187479540,false,false,793.3333333332691,811.3333333332691,9,7,6,179,21,6,3,9,50,40,10,9,10,0,0.2,0.8,18,2.25,167.7333333333248,0.21142857142857777,1,0,1,5,3,33,6,3,39,0,0,0,0,0,6,10,2,0
base,20260712,1,0.12,0.45,0.2,0.18,3,30,9,1707,2188225719,3317880096,false,false,815.7999999999154,833.7999999999154,9,7,6,179,27,8,3,6,47,42,5,6,5,0,0.10638297872340426,0.8936170212765957,21,2.625,167.7333333333248,0.2056059491705592,1,0,1,6,3,33,8,3,42,0,0,0,0,0,3,5,2,0
base,20260712,1,0.12,0.45,0.2,0.18,3,30,9,1708,2861094039,1825739106,false,false,814.6999999999164,832.6999999999164,9,7,6,179,25,7,2,18,58,53,5,18,5,0,0.08620689655172414,0.9137931034482759,21,2.625,167.7333333333248,0.20588355631931018,1,0,1,6,2,43,7,2,52,0,0,0,0,0,5,5,2,0
base,20260712,1,0.12,0.45,0.2,0.18,3,30,9,1709,2326730027,3946621178,false,false,764.1999999999623,782.1999999999623,9,7,6,179,25,8,3,3,42,36,6,3,6,0,0.14285714285714285,0.8571428571428571,15,1.875,167.7333333333248,0.21948879002006422,1,0,1,4,3,23,7,3,34,0,0,0,0,0,5,10,2,0
base,20260712,1,0.12,0.45,0.2,0.18,3,30,9,1710,3992115979,3544334500,false,false,804.9666666665919,822.9666666665919,9,7,6,179,25,7,3,9,49,44,5,9,5,0,0.10204081632653061,0.8979591836734694,18,2.25,167.7333333333248,0.208373017516262,1,0,1,5,3,29,6,3,40,0,0,0,0,0,5,7,3,0
base,20260712,1,0.12,0.45,0.2,0.18,3,30,9,1711,1508363303,1692040035,false,false,794.6999999999346,812.6999999999346,9,7,6,179,24,7,3,13,47,46,1,13,1,0,0.02127659574468085,0.9787234042553191,19,2.375,167.7333333333248,0.21106497210688135,1,0,1,6,3,32,7,3,44,0,0,0,0,0,3,3,1,0
base,20260712,1,0.12,0.45,0.2,0.18,3,30,9,1712,1108903051,3105609288,false,false,827.2999999999049,845.2999999999049,9,7,6,179,21,6,2,4,40,33,7,4,7,0,0.175,0.825,17,2.125,167.7333333333248,0.20274789475806124,1,0,1,5,2,28,6,2,33,0,0,0,0,0,6,9,2,0
base,20260712,1,0.12,0.45,0.2,0.18,3,30,9,1713,1112942096,1718178740,true,false,774.5333333332862,792.5333333332862,9,7,6,180,17,5,3,5,40,32,8,5,8,0,0.2,0.8,14,1.75,167.7333333333248,0.21656050955414227,1,1,0,4,3,24,5,3,32,5,3,32,86.2333333332549,0.11133585815105028,5,11,2,0
base,20260712,1,0.12,0.45,0.2,0.18,3,30,9,1714,1831197947,4286199450,false,false,786.2333333332756,804.2333333332756,9,7,6,179,21,6,2,9,46,40,6,9,6,0,0.13043478260869565,0.8695652173913043,18,2.25,167.7333333333248,0.21333785559842766,1,0,1,5,2,29,6,2,40,0,0,0,0,0,2,4,2,0
base,20260712,1,0.12,0.45,0.2,0.18,3,30,9,1715,2933307853,1439417577,false,false,825.3999999999066,843.3999999999066,9,7,6,179,22,6,3,15,49,47,2,15,2,0,0.04081632653061224,0.9591836734693877,21,2.625,167.7333333333248,0.20321460302077024,1,0,1,6,3,39,6,3,46,0,0,0,0,0,6,8,2,0
base,20260712,1,0.12,0.45,0.2,0.18,3,30,9,1716,3413659550,2885432969,false,false,799.7333333332633,817.7333333332633,9,7,6,179,24,7,3,8,47,40,7,8,7,0,0.14893617021276595,0.851063829787234,17,2.125,167.7333333333248,0.20973657885962757,1,0,1,5,3,26,7,3,40,0,0,0,0,0,3,5,2,0
base,20260712,1,0.12,0.45,0.2,0.18,3,30,9,1717,1958120818,2975445427,true,false,759.6666666666331,777.6666666666331,9,7,6,180,17,5,3,1,30,27,3,1,3,0,0.1,0.9,14,1.75,167.7333333333248,0.22079859587538245,1,1,0,4,3,24,4,3,26,4,3,26,78.59999999992851,0.1034664326458078,5,14,2,0
base,20260712,1,0.12,0.45,0.2,0.18,3,30,9,1718,1673415977,2288323842,false,false,835.7333333332306,853.7333333332306,9,7,6,179,26,8,3,22,67,58,9,22,9,0,0.13432835820895522,0.8656716417910447,23,2.875,167.7333333333248,0.2007019783025033,1,0,1,7,3,46,8,3,57,0,0,0,0,0,6,8,2,0
base,20260712,1,0.12,0.45,0.2,0.18,3,30,9,1719,2468993599,2572513507,false,false,825.0666666665736,843.0666666665736,9,7,6,179,21,6,3,6,39,36,3,6,3,0,0.07692307692307693,0.9230769230769231,16,2,167.7333333333248,0.20329670329671587,1,0,1,4,3,29,6,3,36,0,0,0,0,0,6,14,2,0
base,20260712,1,0.12,0.45,0.2,0.18,3,30,9,1720,2945809917,1557805816,true,false,778.466666666616,796.466666666616,9,7,6,180,20,6,3,7,41,36,5,7,5,0,0.12195121951219512,0.8780487804878049,15,1.875,167.7333333333248,0.21546630127601574,1,1,0,4,3,24,5,3,34,5,3,35,107.99999999990177,0.13873426393753807,6,11,2,0
base,20260712,1,0.12,0.45,0.2,0.18,3,30,9,1721,2497425202,1874609116,false,false,780.7666666666139,798.7666666666139,9,7,6,179,30,9,3,11,58,50,8,11,8,0,0.13793103448275862,0.8620689655172413,23,2.875,167.7333333333248,0.21483157580156614,1,0,1,7,3,37,9,3,48,0,0,0,0,0,5,11,2,0
base,20260712,1,0.12,0.45,0.2,0.18,3,30,9,1722,4291836640,625683863,false,false,824.1999999999077,842.1999999999077,9,7,6,179,16,5,3,0,28,24,4,0,4,0,0.14285714285714285,0.8571428571428571,13,1.625,167.7333333333248,0.2035104748038626,1,0,1,4,3,19,5,3,24,0,0,0,0,0,5,11,2,0
base,20260712,1,0.12,0.45,0.2,0.18,3,30,9,1723,504754326,485504752,false,false,816.199999999915,834.199999999915,9,7,6,179,28,8,3,27,68,65,3,27,3,0,0.04411764705882353,0.9558823529411765,25,3.125,167.7333333333248,0.20550518663727305,1,0,1,7,3,45,8,3,64,0,0,0,0,0,2,4,3,0
base,20260712,1,0.12,0.45,0.2,0.18,3,30,9,1724,3340140473,2592875379,false,false,782.3999999999457,800.3999999999457,9,7,6,179,22,6,3,9,48,41,7,9,7,0,0.14583333333333334,0.8541666666666666,21,2.625,167.7333333333248,0.21438309475119685,1,0,1,6,3,35,6,3,39,0,0,0,0,0,5,6,2,0
base,20260712,1,0.12,0.45,0.2,0.18,3,30,9,1725,3063641046,688456723,false,false,783.633333333278,801.633333333278,9,7,6,179,26,8,3,10,54,45,9,10,9,0,0.16666666666666666,0.8333333333333334,19,2.375,167.7333333333248,0.21404568463142198,1,0,1,5,3,36,8,3,44,0,0,0,0,0,5,7,2,0
base,20260712,1,0.12,0.45,0.2,0.18,3,30,9,1726,3836861834,883882477,false,false,763.0333333332967,781.0333333332967,9,7,6,179,26,8,3,17,62,52,10,17,10,0,0.16129032258064516,0.8387096774193549,23,2.875,167.7333333333248,0.21982438512952626,1,0,1,7,3,41,8,3,52,0,0,0,0,0,2,3,3,0
base,20260712,1,0.12,0.45,0.2,0.18,3,30,9,1727,920524401,1191466773,false,false,776.0999999999515,794.0999999999515,9,7,6,179,24,7,3,4,43,38,5,4,5,0,0.11627906976744186,0.8837209302325582,20,2.5,167.7333333333248,0.21612335180174627,1,0,1,6,3,29,7,3,37,0,0,0,0,0,6,7,2,0
base,20260712,1,0.12,0.45,0.2,0.18,3,30,9,1728,882536845,772007110,false,false,790.6333333332716,808.6333333332716,9,7,6,179,20,5,3,5,37,35,2,5,2,0,0.05405405405405406,0.9459459459459459,17,2.125,167.7333333333248,0.21215059656815788,1,0,1,5,3,26,5,3,34,0,0,0,0,0,6,6,2,0
base,20260712,1,0.12,0.45,0.2,0.18,3,30,9,1729,1361438719,1869579920,true,false,808.0333333332558,826.0333333332558,9,7,6,180,12,3,2,2,35,24,11,2,11,0,0.3142857142857143,0.6857142857142857,12,1.5,167.7333333333248,0.20758219545399229,1,1,0,3,2,20,3,2,22,3,2,23,127.16666666655101,0.15737799595713448,5,10,3,0
base,20260712,1,0.12,0.45,0.2,0.18,3,30,9,1730,133021574,3571352191,false,false,790.899999999938,808.899999999938,9,7,6,179,18,5,3,2,35,30,5,2,5,0,0.14285714285714285,0.8571428571428571,16,2,167.7333333333248,0.21207906604291052,1,0,1,5,3,24,5,3,29,0,0,0,0,0,5,13,2,0
base,20260712,1,0.12,0.45,0.2,0.18,3,30,9,1731,1876878103,2258596070,false,false,828.1333333332375,846.1333333332375,9,7,6,179,27,8,3,8,49,45,4,8,4,0,0.08163265306122448,0.9183673469387755,21,2.625,167.7333333333248,0.20254387377235253,1,0,1,6,3,35,8,3,44,0,0,0,0,0,5,11,2,0
base,20260712,1,0.12,0.45,0.2,0.18,3,30,9,1732,178942506,2720769619,true,false,800.1666666665963,818.1666666665963,9,7,6,180,20,6,3,7,41,37,4,7,4,0,0.0975609756097561,0.9024390243902439,19,2.375,167.7333333333248,0.20962299520933916,1,1,0,6,3,31,6,3,36,6,3,36,120.16666666655738,0.15017704644853316,5,8,2,0
base,20260712,1,0.12,0.45,0.2,0.18,3,30,9,1733,2746967595,1628303228,false,false,785.0333333332767,803.0333333332767,9,7,6,179,18,5,3,6,38,34,4,6,4,0,0.10526315789473684,0.8947368421052632,18,2.25,167.7333333333248,0.21366396331366425,1,0,1,5,3,31,5,3,33,0,0,0,0,0,5,8,2,0
base,20260712,1,0.12,0.45,0.2,0.18,3,30,9,1734,3780298897,3836070702,false,false,804.4666666665923,822.4666666665923,9,7,6,179,14,4,3,0,23,22,1,0,1,0,0.043478260869565216,0.9565217391304348,14,1.75,167.7333333333248,0.20850252755449608,1,0,1,4,3,21,4,3,21,0,0,0,0,0,5,11,1,0
base,20260712,1,0.12,0.45,0.2,0.18,3,30,9,1735,3608634681,2499537402,false,false,804.866666666592,822.866666666592,9,7,6,179,24,7,3,8,46,41,5,8,5,0,0.10869565217391304,0.8913043478260869,18,2.25,167.7333333333248,0.20839890665121388,1,0,1,5,3,30,7,3,40,0,0,0,0,0,3,5,2,0
base,20260712,1,0.12,0.45,0.2,0.18,3,30,9,1736,3532444754,2867902517,false,false,756.3999999999694,774.3999999999694,9,7,6,179,27,8,3,10,58,47,11,10,11,0,0.1896551724137931,0.8103448275862069,24,3,167.7333333333248,0.22175215935131093,1,0,1,7,3,39,8,3,46,0,0,0,0,0,3,3,3,0
base,20260712,1,0.12,0.45,0.2,0.18,3,30,9,1737,4079428608,293265028,false,false,826.8333333332387,844.8333333332387,9,7,6,179,14,4,3,0,27,24,3,0,3,0,0.1111111111111111,0.8888888888888888,7,0.875,167.7333333333248,0.20286232614393548,1,0,1,1,1,15,4,3,24,0,0,0,0,0,3,5,2,0
base,20260712,1,0.12,0.45,0.2,0.18,3,30,9,1738,4059869540,2827937652,true,false,780.1333333332811,798.1333333332811,9,7,6,180,28,9,3,6,50,43,7,6,7,0,0.14,0.86,23,2.875,167.7333333333248,0.21500598188344217,1,1,0,7,3,36,8,3,42,8,3,42,103.63333333323908,0.1328405400785071,5,11,3,0
base,20260712,1,0.12,0.45,0.2,0.18,3,30,9,1739,3876557513,1294920197,false,false,794.2333333332683,812.2333333332683,9,7,6,179,22,6,3,7,40,38,2,7,2,0,0.05,0.95,18,2.25,167.7333333333248,0.21118898728334057,1,0,1,5,3,31,6,3,38,0,0,0,0,0,3,4,2,0
base,20260712,1,0.12,0.45,0.2,0.18,3,30,9,1740,2171871810,1513652658,false,false,822.5666666665759,840.5666666665759,9,7,6,179,23,7,3,9,47,41,6,9,6,0,0.1276595744680851,0.8723404255319149,19,2.375,167.7333333333248,0.20391457632614576,1,0,1,5,3,36,7,3,40,0,0,0,0,0,5,10,2,0
base,20260712,1,0.12,0.45,0.2,0.18,3,30,9,1741,1903012986,904359306,false,false,781.43333333328,799.43333333328,9,7,6,179,28,8,3,11,53,48,5,11,5,0,0.09433962264150944,0.9056603773584906,21,2.625,167.7333333333248,0.21464829586657372,1,0,1,6,3,34,8,3,47,0,0,0,0,0,5,10,3,0
base,20260712,1,0.12,0.45,0.2,0.18,3,30,9,1742,315751516,2287347992,false,false,769.1666666666245,787.1666666666245,9,7,6,179,25,7,3,12,53,47,6,12,6,0,0.11320754716981132,0.8867924528301887,22,2.75,167.7333333333248,0.21807150595883076,1,0,1,6,3,40,7,3,45,0,0,0,0,0,5,5,2,0
base,20260712,1,0.12,0.45,0.2,0.18,3,30,9,1743,3278689305,509555662,false,false,825.5999999999065,843.5999999999065,9,7,6,179,26,8,3,11,51,47,4,11,4,0,0.0784313725490196,0.9215686274509803,22,2.75,167.7333333333248,0.20316537467701526,1,0,1,7,3,38,8,3,47,0,0,0,0,0,5,11,2,0
base,20260712,1,0.12,0.45,0.2,0.18,3,30,9,1744,1438574043,1086715457,false,false,780.5666666666141,798.5666666666141,9,7,6,179,24,7,3,8,48,42,6,8,6,0,0.125,0.875,20,2.5,167.7333333333248,0.21488662083102372,1,0,1,6,3,31,7,3,41,0,0,0,0,0,6,8,3,0
base,20260712,1,0.12,0.45,0.2,0.18,3,30,9,1745,1449989540,298660674,false,false,830.3666666665688,848.3666666665688,9,7,6,179,16,4,2,0,27,25,2,0,2,0,0.07407407407407407,0.9259259259259259,14,1.75,167.7333333333248,0.2019991168560209,1,0,1,4,2,23,4,2,25,0,0,0,0,0,3,7,2,0
base,20260712,1,0.12,0.45,0.2,0.18,3,30,9,1746,1718215013,1321011863,true,false,758.4999999999675,776.4999999999675,9,7,6,180,14,4,3,6,37,30,7,6,7,0,0.1891891891891892,0.8108108108108109,14,1.75,167.7333333333248,0.22113821138211204,1,1,0,4,3,26,4,3,28,4,3,29,79.69999999992751,0.10507580751474084,4,14,2,0
base,20260712,1,0.12,0.45,0.2,0.18,3,30,9,1747,1887731214,2068587512,false,false,746.4333333333118,764.4333333333118,9,7,6,179,24,7,3,5,47,39,8,5,8,0,0.1702127659574468,0.8297872340425532,22,2.75,167.7333333333248,0.22471307998034604,1,0,1,7,3,34,7,3,39,0,0,0,0,0,3,4,2,0
base,20260712,1,0.12,0.45,0.2,0.18,3,30,9,1748,2486388434,2995959524,false,false,835.2999999998976,853.2999999998976,9,7,6,179,22,6,3,11,50,43,7,11,7,0,0.14,0.86,18,2.25,167.7333333333248,0.20080609760965562,1,0,1,5,3,34,6,3,43,0,0,0,0,0,5,7,2,0
base,20260712,1,0.12,0.45,0.2,0.18,3,30,9,1749,1987958103,4235508014,false,false,835.0999999998978,853.0999999998978,9,7,6,179,27,8,3,14,58,51,7,14,7,0,0.1206896551724138,0.8793103448275862,18,2.25,167.7333333333248,0.20085418911908193,1,0,1,5,3,36,8,3,49,0,0,0,0,0,5,5,2,0
base,20260712,1,0.12,0.45,0.2,0.18,3,30,9,1750,2959328794,1974754097,false,false,830.4333333332354,848.4333333332354,9,7,6,179,20,6,3,7,44,37,7,7,7,0,0.1590909090909091,0.8409090909090909,14,1.75,167.7333333333248,0.2019829004937317,1,0,1,4,3,26,6,3,37,0,0,0,0,0,6,8,2,0
base,20260712,1,0.12,0.45,0.2,0.18,3,30,9,1751,3022988820,330355292,false,false,811.133333333253,829.133333333253,9,7,6,179,29,8,3,17,62,56,6,17,6,0,0.0967741935483871,0.9032258064516129,28,3.5,167.7333333333248,0.20678885509987024,1,0,1,8,3,47,8,3,55,0,0,0,0,0,6,11,2,0
base,20260712,1,0.12,0.45,0.2,0.18,3,30,9,1752,3869968285,2484001110,false,false,770.3666666666234,788.3666666666234,9,7,6,179,26,8,3,11,55,47,8,11,8,0,0.14545454545454545,0.8545454545454545,22,2.75,167.7333333333248,0.2177318160183474,1,0,1,7,3,39,8,3,46,0,0,0,0,0,5,8,2,0
base,20260712,1,0.12,0.45,0.2,0.18,3,30,9,1753,529154928,3489813946,false,false,751.4666666666405,769.4666666666405,9,7,6,179,25,7,3,8,49,43,6,8,6,0,0.12244897959183673,0.8775510204081632,20,2.5,167.7333333333248,0.22320794889992543,1,0,1,6,3,32,7,3,43,0,0,0,0,0,2,4,3,0
base,20260712,1,0.12,0.45,0.2,0.18,3,30,9,1754,1271318537,4081273697,false,false,848.0333333332194,866.0333333332194,9,7,6,179,17,5,3,6,35,33,2,6,2,0,0.05714285714285714,0.9428571428571428,17,2.125,167.7333333333248,0.19779096733620613,1,0,1,5,3,27,5,3,33,0,0,0,0,0,6,11,2,0
base,20260712,1,0.12,0.45,0.2,0.18,3,30,9,1755,1149116504,3141272020,false,false,782.3666666666124,800.3666666666124,9,7,6,179,27,9,3,21,60,56,4,21,4,0,0.06666666666666667,0.9333333333333333,22,2.75,167.7333333333248,0.21439222870777097,1,0,1,7,3,43,8,3,54,0,0,0,0,0,6,8,2,0
base,20260712,1,0.12,0.45,0.2,0.18,3,30,9,1756,4265931056,918280888,false,false,836.8999999998962,854.8999999998962,9,7,6,179,27,8,2,22,64,57,7,22,7,0,0.109375,0.890625,22,2.75,167.7333333333248,0.20042219301391517,1,0,1,6,2,42,7,2,56,0,0,0,0,0,6,6,3,0
base,20260712,1,0.12,0.45,0.2,0.18,3,30,9,1757,4099098400,127764881,false,false,811.5666666665859,829.5666666665859,9,7,6,179,22,7,3,5,41,37,4,5,4,0,0.0975609756097561,0.9024390243902439,20,2.5,167.7333333333248,0.20667844087568263,1,0,1,6,3,30,7,3,37,0,0,0,0,0,5,11,2,0
base,20260712,1,0.12,0.45,0.2,0.18,3,30,9,1758,1589481813,2286350893,false,false,802.8666666665938,820.8666666665938,9,7,6,179,22,6,3,10,45,42,3,10,3,0,0.06666666666666667,0.9333333333333333,19,2.375,167.7333333333248,0.20891804367683303,1,0,1,5,3,37,6,3,40,0,0,0,0,0,5,14,2,0
base,20260712,1,0.12,0.45,0.2,0.18,3,30,9,1759,646501690,1736081193,false,false,796.2333333332665,814.2333333332665,9,7,6,179,22,6,3,13,50,45,5,13,5,0,0.1,0.9,21,2.625,167.7333333333248,0.2106585171850867,1,0,1,6,3,39,6,3,45,0,0,0,0,0,6,11,2,0
base,20260712,1,0.12,0.45,0.2,0.18,3,30,9,1760,3441386174,2286685664,false,false,774.6666666666194,792.6666666666194,9,7,6,179,15,5,3,2,34,27,7,2,7,0,0.20588235294117646,0.7941176470588235,13,1.625,167.7333333333248,0.2165232358003464,1,0,1,4,2,23,5,3,27,0,0,0,0,0,3,5,2,0
base,20260712,1,0.12,0.45,0.2,0.18,3,30,9,1761,2321782458,2147312472,true,false,782.3666666666124,800.3666666666124,9,7,6,180,22,6,2,9,45,41,4,9,4,0,0.08888888888888889,0.9111111111111111,19,2.375,167.7333333333248,0.21439222870777097,1,1,0,5,2,33,6,2,39,6,2,40,96.03333333324599,0.12274721997348129,5,13,2,0
base,20260712,1,0.12,0.45,0.2,0.18,3,30,9,1762,622286853,2771727642,false,false,796.399999999933,814.399999999933,9,7,6,179,20,6,3,4,39,34,5,4,5,0,0.1282051282051282,0.8717948717948718,14,1.75,167.7333333333248,0.21061443160891374,1,0,1,3,2,26,6,3,33,0,0,0,0,0,3,4,1,0
base,20260712,1,0.12,0.45,0.2,0.18,3,30,9,1763,1816277192,36196948,true,false,793.7666666666021,811.7666666666021,9,7,6,180,24,7,3,11,52,45,7,11,7,0,0.1346153846153846,0.8653846153846154,21,2.625,167.7333333333248,0.2113131482803575,1,1,0,6,3,33,7,3,42,7,3,45,118.1999999998925,0.14891025910204778,5,11,2,0
base,20260712,1,0.12,0.45,0.2,0.18,3,30,9,1764,612898198,948676073,false,false,814.4999999999166,832.4999999999166,9,7,6,179,29,8,3,20,66,59,7,20,7,0,0.10606060606060606,0.8939393939393939,25,3.125,167.7333333333248,0.20593411090649721,1,0,1,7,3,47,8,3,56,0,0,0,0,0,5,5,3,0
base,20260712,1,0.12,0.45,0.2,0.18,3,30,9,1765,4148952833,431995498,false,false,785.8666666666093,803.8666666666093,9,7,6,179,23,7,3,5,47,36,11,5,11,0,0.23404255319148937,0.7659574468085106,19,2.375,167.7333333333248,0.213437393959964,1,0,1,6,3,27,7,3,36,0,0,0,0,0,6,7,3,0
base,20260712,1,0.12,0.45,0.2,0.18,3,30,9,1766,1043139956,1653367057,false,false,803.5999999999265,821.5999999999265,9,7,6,179,26,8,3,11,55,45,10,11,10,0,0.18181818181818182,0.8181818181818182,20,2.5,167.7333333333248,0.2087273933963914,1,0,1,6,3,37,8,3,45,0,0,0,0,0,4,5,2,0
base,20260712,1,0.12,0.45,0.2,0.18,3,30,9,1767,1948445393,877593235,false,false,820.9999999999106,838.9999999999106,9,7,6,179,20,6,3,2,34,32,2,2,2,0,0.058823529411764705,0.9411764705882353,17,2.125,167.7333333333248,0.20430369468129483,1,0,1,5,3,26,6,3,32,0,0,0,0,0,6,11,3,0
base,20260712,1,0.12,0.45,0.2,0.18,3,30,9,1768,1332385839,3015079722,false,false,824.0999999999078,842.0999999999078,9,7,6,179,23,7,3,10,52,43,9,10,9,0,0.17307692307692307,0.8269230769230769,21,2.625,167.7333333333248,0.2035351696800674,1,0,1,7,3,33,7,3,41,0,0,0,0,0,6,8,2,0
base,20260712,1,0.12,0.45,0.2,0.18,3,30,9,1769,1448913805,954482981,false,false,772.0666666666218,790.0666666666218,9,7,6,179,16,4,3,5,36,29,7,5,7,0,0.19444444444444445,0.8055555555555556,14,1.75,167.7333333333248,0.21725239616613576,1,0,1,3,3,26,4,3,29,0,0,0,0,0,3,4,2,0
base,20260712,1,0.12,0.45,0.2,0.18,3,30,9,1770,3635984020,3897456165,false,false,849.5999999998846,867.5999999998846,9,7,6,179,24,7,3,10,50,43,7,10,7,0,0.14,0.86,23,2.875,167.7333333333248,0.19742623979913793,1,0,1,7,3,37,7,3,42,0,0,0,0,0,7,8,2,0
base,20260712,1,0.12,0.45,0.2,0.18,3,30,9,1771,1721520371,4085057949,false,false,839.8666666665601,857.8666666665601,9,7,6,179,18,6,3,0,34,27,7,0,7,0,0.20588235294117646,0.7941176470588235,14,1.75,167.7333333333248,0.19971424035562715,1,0,1,4,3,22,6,3,26,0,0,0,0,0,5,11,2,0
base,20260712,1,0.12,0.45,0.2,0.18,3,30,9,1772,1705097735,2951130596,false,false,806.9666666665901,824.9666666665901,9,7,6,179,21,6,3,7,47,38,9,7,9,0,0.19148936170212766,0.8085106382978723,21,2.625,167.7333333333248,0.20785658226280398,1,0,1,6,3,36,6,3,38,0,0,0,0,0,6,10,3,0
base,20260712,1,0.12,0.45,0.2,0.18,3,30,9,1773,2107958834,3027287227,false,false,839.3333333332273,857.3333333332273,9,7,6,179,22,6,3,6,41,37,4,6,4,0,0.0975609756097561,0.9024390243902439,16,2,167.7333333333248,0.19984114376490783,1,0,1,4,3,27,6,3,36,0,0,0,0,0,6,11,1,0
base,20260712,1,0.12,0.45,0.2,0.18,3,30,9,1774,1252019450,781263650,false,false,772.8666666666211,790.8666666666211,9,7,6,179,21,6,3,5,36,35,1,5,1,0,0.027777777777777776,0.9722222222222222,18,2.25,167.7333333333248,0.2170275166048495,1,0,1,5,3,30,6,3,35,0,0,0,0,0,3,7,2,0
base,20260712,1,0.12,0.45,0.2,0.18,3,30,9,1775,3151024835,1212510871,false,false,795.2666666666007,813.2666666666007,9,7,6,179,25,7,2,11,54,46,8,11,8,0,0.14814814814814814,0.8518518518518519,24,3,167.7333333333248,0.21091457791936294,1,0,1,7,2,38,7,2,46,0,0,0,0,0,5,5,2,0
base,20260712,1,0.12,0.45,0.2,0.18,3,30,9,1776,3667485401,1253124348,false,false,826.0666666665727,844.0666666665727,9,7,6,179,16,4,1,5,36,31,5,5,5,0,0.1388888888888889,0.8611111111111112,16,2,167.7333333333248,0.2030506012428503,1,0,1,4,1,29,4,1,31,0,0,0,0,0,5,13,2,0
base,20260712,1,0.12,0.45,0.2,0.18,3,30,9,1777,1949271280,2281313107,false,false,767.4333333332927,785.4333333332927,9,7,6,179,29,9,3,15,60,53,7,15,7,0,0.11666666666666667,0.8833333333333333,22,2.75,167.7333333333248,0.21856404465100163,1,0,1,7,3,34,9,3,51,0,0,0,0,0,5,13,4,0
base,20260712,1,0.12,0.45,0.2,0.18,3,30,9,1778,957053244,1251589486,false,false,830.2333333332356,848.2333333332356,9,7,6,179,28,8,3,15,62,52,10,15,10,0,0.16129032258064516,0.8387096774193549,22,2.75,167.7333333333248,0.20203155739351733,1,0,1,6,3,40,7,3,50,0,0,0,0,0,5,7,2,0
base,20260712,1,0.12,0.45,0.2,0.18,3,30,9,1779,3012428716,1085231425,true,false,798.6666666665976,816.6666666665976,9,7,6,180,22,6,3,12,48,44,4,12,4,0,0.08333333333333333,0.9166666666666666,21,2.625,167.7333333333248,0.2100166944908255,1,1,0,6,3,33,6,3,40,6,3,43,125.56666666655246,0.1572203672786686,4,8,2,0
base,20260712,1,0.12,0.45,0.2,0.18,3,30,9,1780,2731827419,861444966,false,false,821.366666666577,839.366666666577,9,7,6,179,15,4,3,0,30,24,6,0,6,0,0.2,0.8,11,1.375,167.7333333333248,0.2042124913761736,1,0,1,3,3,19,4,3,23,0,0,0,0,0,6,11,3,0
base,20260712,1,0.12,0.45,0.2,0.18,3,30,9,1781,4111871748,1195325491,false,false,802.233333333261,820.233333333261,9,7,6,179,21,6,3,7,38,37,1,7,1,0,0.02631578947368421,0.9736842105263158,18,2.25,167.7333333333248,0.20908297669008175,1,0,1,5,2,31,6,3,36,0,0,0,0,0,5,10,2,0
base,20260712,1,0.12,0.45,0.2,0.18,3,30,9,1782,299509967,3198227143,false,false,824.4999999999075,842.4999999999075,9,7,6,179,23,7,3,1,38,33,5,1,5,0,0.13157894736842105,0.868421052631579,15,1.875,167.7333333333248,0.20343642611685098,1,0,1,4,2,23,7,3,33,0,0,0,0,0,3,5,2,0
base,20260712,1,0.12,0.45,0.2,0.18,3,30,9,1783,3526770563,3225043860,false,false,787.8666666666074,805.8666666666074,9,7,6,179,26,8,3,19,64,54,10,19,10,0,0.15625,0.84375,22,2.75,167.7333333333248,0.21289558300897454,1,0,1,6,3,43,8,3,54,0,0,0,0,0,3,7,2,0
base,20260712,1,0.12,0.45,0.2,0.18,3,30,9,1784,1552927903,1623904155,false,false,823.5999999999083,841.5999999999083,9,7,6,179,23,7,3,5,48,37,11,5,11,0,0.22916666666666666,0.7708333333333334,21,2.625,167.7333333333248,0.20365873401328735,1,0,1,7,3,33,7,3,37,0,0,0,0,0,5,11,2,0
base,20260712,1,0.12,0.45,0.2,0.18,3,30,9,1785,3231141811,3003802346,false,false,798.1666666665981,816.1666666665981,9,7,6,179,24,7,3,12,53,46,7,12,7,0,0.1320754716981132,0.8679245283018868,24,3,167.7333333333248,0.21014825642097207,1,0,1,7,3,41,7,3,46,0,0,0,0,0,4,6,2,0
base,20260712,1,0.12,0.45,0.2,0.18,3,30,9,1786,4053459429,3048472361,false,false,835.6333333332307,853.6333333332307,9,7,6,179,21,7,3,5,42,36,6,5,6,0,0.14285714285714285,0.8571428571428571,19,2.375,167.7333333333248,0.20072599625036347,1,0,1,6,3,31,7,3,36,0,0,0,0,0,5,14,3,0
base,20260712,1,0.12,0.45,0.2,0.18,3,30,9,1787,3580848633,1468094980,false,false,770.2999999999568,788.2999999999568,9,7,6,179,15,4,3,2,35,26,9,2,9,0,0.2571428571428571,0.7428571428571429,13,1.625,167.7333333333248,0.21775065991605116,1,0,1,4,3,21,4,3,24,0,0,0,0,0,4,9,1,0
base,20260712,1,0.12,0.45,0.2,0.18,3,30,9,1788,1714322651,617385169,false,false,803.3666666665933,821.3666666665933,9,7,6,179,19,6,3,1,36,29,7,1,7,0,0.19444444444444445,0.8055555555555556,17,2.125,167.7333333333248,0.2087880170947348,1,0,1,5,3,25,6,3,28,0,0,0,0,0,4,7,2,0
base,20260712,1,0.12,0.45,0.2,0.18,3,30,9,1789,173128507,3662495581,false,false,833.1666666665662,851.1666666665662,9,7,6,179,24,7,3,7,49,41,8,7,8,0,0.16326530612244897,0.8367346938775511,20,2.5,167.7333333333248,0.20132026405282458,1,0,1,6,3,32,7,3,41,0,0,0,0,0,5,5,2,0
base,20260712,1,0.12,0.45,0.2,0.18,3,30,9,1790,4157161594,1544293587,false,false,844.2999999998895,862.2999999998895,9,7,6,179,26,8,2,8,47,42,5,8,5,0,0.10638297872340426,0.8936170212765957,21,2.625,167.7333333333248,0.19866556121443416,1,0,1,6,2,34,8,2,42,0,0,0,0,0,6,9,2,0
base,20260712,1,0.12,0.45,0.2,0.18,3,30,9,1791,4184979379,3549162964,false,false,812.3999999999185,830.3999999999185,9,7,6,179,28,9,3,18,63,55,8,18,8,0,0.12698412698412698,0.873015873015873,25,3.125,167.7333333333248,0.2064664368948075,1,0,1,8,3,45,9,3,54,0,0,0,0,0,5,5,3,0
base,20260712,1,0.12,0.45,0.2,0.18,3,30,9,1792,2684129479,3446830313,true,false,800.033333333263,818.033333333263,9,7,6,180,25,7,3,10,50,45,5,10,5,0,0.1,0.9,21,2.625,167.7333333333248,0.20965793091955276,1,1,0,6,3,39,7,3,44,7,3,44,122.6333333332218,0.1532852797798832,5,8,2,0
base,20260712,1,0.12,0.45,0.2,0.18,3,30,9,1793,2476420817,2964451215,false,false,839.1999999998941,857.1999999998941,9,7,6,179,21,6,3,7,44,38,6,7,6,0,0.13636363636363635,0.8636363636363636,19,2.375,167.7333333333248,0.19987289482047899,1,0,1,6,3,30,6,3,37,0,0,0,0,0,6,14,2,0
base,20260712,1,0.12,0.45,0.2,0.18,3,30,9,1794,3757880994,1429424827,false,false,835.9333333332304,853.9333333332304,9,7,6,179,24,7,3,15,58,49,9,15,9,0,0.15517241379310345,0.8448275862068966,22,2.75,167.7333333333248,0.20065395964591928,1,0,1,6,3,41,7,3,49,0,0,0,0,0,5,7,2,0
base,20260712,1,0.12,0.45,0.2,0.18,3,30,9,1795,4172151123,1452336792,false,false,824.9333333332404,842.9333333332404,9,7,6,179,30,9,3,12,55,51,4,12,4,0,0.07272727272727272,0.9272727272727272,26,3.25,167.7333333333248,0.2033295619848194,1,0,1,8,3,39,8,3,49,0,0,0,0,0,4,6,2,0
base,20260712,1,0.12,0.45,0.2,0.18,3,30,9,1796,2206608538,2346830515,false,false,848.1333333332193,866.1333333332193,9,7,6,179,25,7,3,17,58,52,6,17,6,0,0.10344827586206896,0.896551724137931,25,3.125,167.7333333333248,0.19776764659646362,1,0,1,7,3,43,7,3,50,0,0,0,0,0,4,5,2,0
base,20260712,1,0.12,0.45,0.2,0.18,3,30,9,1797,1303214930,1660249887,false,false,825.7333333332397,843.7333333332397,9,7,6,179,22,7,3,10,53,42,11,10,11,0,0.20754716981132076,0.7924528301886793,19,2.375,167.7333333333248,0.2031325690295622,1,0,1,6,3,34,7,3,42,0,0,0,0,0,6,10,2,0
base,20260712,1,0.12,0.45,0.2,0.18,3,30,9,1798,562190351,3002792469,false,false,774.4333333332863,792.4333333332863,9,7,6,179,29,8,3,10,56,49,7,10,7,0,0.125,0.875,27,3.375,167.7333333333248,0.21658847329230185,1,0,1,8,3,43,8,3,49,0,0,0,0,0,6,8,2,0
base,20260712,1,0.12,0.45,0.2,0.18,3,30,9,1799,1736855506,570804320,true,false,811.2999999999195,829.2999999999195,9,7,6,180,25,8,3,8,47,43,4,8,4,0,0.0851063829787234,0.9148936170212766,21,2.625,167.7333333333248,0.20674637413206143,1,1,0,7,3,28,8,3,41,8,3,41,120.33333333322389,0.1483216237313396,5,6,3,0
base,20260712,1,0.12,0.45,0.2,0.18,3,30,9,1800,1342854456,2091833697,false,false,829.8666666665692,847.8666666665692,9,7,6,179,16,4,3,5,38,31,7,5,7,0,0.18421052631578946,0.8157894736842105,16,2,167.7333333333248,0.20212082262212142,1,0,1,4,3,25,4,3,30,0,0,0,0,0,5,5,2,0
base,20260712,1,0.12,0.45,0.2,0.18,3,30,9,1801,1401399044,3051498731,false,false,829.2666666665698,847.2666666665698,9,7,6,179,28,8,3,6,48,44,4,6,4,0,0.08333333333333333,0.9166666666666666,24,3,167.7333333333248,0.20226706326876484,1,0,1,7,3,37,8,3,44,0,0,0,0,0,5,5,2,0
base,20260712,1,0.12,0.45,0.2,0.18,3,30,9,1802,2016182567,2176746041,false,false,809.5333333332544,827.5333333332544,9,7,6,179,26,8,3,9,53,45,8,9,8,0,0.1509433962264151,0.8490566037735849,21,2.625,167.7333333333248,0.2071975623816287,1,0,1,6,3,36,8,3,45,0,0,0,0,0,6,9,2,0
base,20260712,1,0.12,0.45,0.2,0.18,3,30,9,1803,1557859298,2145005660,false,false,810.4666666665869,828.4666666665869,9,7,6,179,27,8,3,7,47,43,4,7,4,0,0.0851063829787234,0.9148936170212766,20,2.5,167.7333333333248,0.2069589536892424,1,0,1,6,3,30,8,3,43,0,0,0,0,0,3,5,2,0
base,20260712,1,0.12,0.45,0.2,0.18,3,30,9,1804,2118225515,1126616803,false,false,796.9333333332659,814.9333333332659,9,7,6,179,20,6,3,3,37,32,5,3,5,0,0.13513513513513514,0.8648648648648649,18,2.25,167.7333333333248,0.21047348167977956,1,0,1,5,3,30,6,3,31,0,0,0,0,0,5,11,2,0
base,20260712,1,0.12,0.45,0.2,0.18,3,30,9,1805,2089019016,2472647989,false,false,771.1333333332893,789.1333333332893,9,7,6,179,19,5,3,8,41,35,6,8,6,0,0.14634146341463414,0.8536585365853658,16,2,167.7333333333248,0.21751534537909703,1,0,1,4,3,27,5,3,34,0,0,0,0,0,5,10,2,0
base,20260712,1,0.12,0.45,0.2,0.18,3,30,9,1806,3104935968,823128370,false,false,801.6333333332616,819.6333333332616,9,7,6,179,23,7,3,2,38,35,3,2,3,0,0.07894736842105263,0.9210526315789473,20,2.5,167.7333333333248,0.20923946941661584,1,0,1,6,3,30,7,3,34,0,0,0,0,0,5,14,2,0
base,20260712,1,0.12,0.45,0.2,0.18,3,30,9,1807,4144701290,2782146913,true,false,802.7666666665939,820.7666666665939,9,7,6,180,20,6,2,3,38,33,5,3,5,0,0.13157894736842105,0.868421052631579,17,2.125,167.7333333333248,0.20894406843002117,1,1,0,5,2,27,6,2,31,6,2,32,127.49999999988404,0.1588257276916027,5,6,2,0
base,20260712,1,0.12,0.45,0.2,0.18,3,30,9,1808,4185399295,2535114111,false,false,782.7666666666121,800.7666666666121,9,7,6,179,21,6,2,9,48,39,9,9,9,0,0.1875,0.8125,19,2.375,167.7333333333248,0.2142826725716516,1,0,1,5,2,33,6,2,38,0,0,0,0,0,6,6,2,0
base,20260712,1,0.12,0.45,0.2,0.18,3,30,9,1809,1927657783,644616840,false,false,839.9333333332268,857.9333333332268,9,7,6,179,24,7,3,11,47,45,2,11,2,0,0.0425531914893617,0.9574468085106383,21,2.625,167.7333333333248,0.19969838876102794,1,0,1,6,3,37,7,3,44,0,0,0,0,0,5,10,1,0
base,20260712,1,0.12,0.45,0.2,0.18,3,30,9,1810,2035168200,3830754322,false,false,815.433333333249,833.433333333249,9,7,6,179,15,4,3,0,24,24,0,0,0,0,0,1,10,1.25,167.7333333333248,0.20569840166783568,1,0,1,3,2,18,4,3,24,0,0,0,0,0,3,5,1,0
base,20260712,1,0.12,0.45,0.2,0.18,3,30,9,1811,2746572273,3052930133,false,false,750.7666666666412,768.7666666666412,9,7,6,179,24,7,3,7,42,39,3,7,3,0,0.07142857142857142,0.9285714285714286,20,2.5,167.7333333333248,0.22341606357944832,1,0,1,5,3,33,7,3,39,0,0,0,0,0,3,7,2,0
base,20260712,1,0.12,0.45,0.2,0.18,3,30,9,1812,1495281886,2022502362,false,false,764.8999999999617,782.8999999999617,9,7,6,179,9,2,2,0,20,17,3,0,3,0,0.15,0.85,9,1.125,167.7333333333248,0.21928792434740907,1,0,1,2,2,16,2,2,17,0,0,0,0,0,6,8,2,0
base,20260712,1,0.12,0.45,0.2,0.18,3,30,9,1813,2365344762,2848691901,false,false,809.8333333332541,827.8333333332541,9,7,6,179,20,6,3,3,34,32,2,3,2,0,0.058823529411764705,0.9411764705882353,12,1.5,167.7333333333248,0.20712080675036987,1,0,1,3,3,22,6,3,32,0,0,0,0,0,3,5,2,0
base,20260712,1,0.12,0.45,0.2,0.18,3,30,9,1814,1642275884,319348105,false,false,842.0666666665581,860.0666666665581,9,7,6,179,25,7,3,13,55,48,7,13,7,0,0.12727272727272726,0.8727272727272727,24,3,167.7333333333248,0.19919246298790247,1,0,1,7,3,41,7,3,48,0,0,0,0,0,6,8,3,0
base,20260712,1,0.12,0.45,0.2,0.18,3,30,9,1815,1318658034,568090104,false,false,805.2999999999249,823.2999999999249,9,7,6,179,23,7,3,3,39,34,5,3,5,0,0.1282051282051282,0.8717948717948718,16,2,167.7333333333248,0.2082867668363845,1,0,1,5,3,25,7,3,34,0,0,0,0,0,3,5,2,0
base,20260712,1,0.12,0.45,0.2,0.18,3,30,9,1816,1607736396,1864944608,false,false,750.966666666641,768.966666666641,9,7,6,179,22,7,3,2,41,32,9,2,9,0,0.21951219512195122,0.7804878048780488,16,2,167.7333333333248,0.2233565626525774,1,0,1,5,3,26,7,3,32,0,0,0,0,0,2,5,3,0
base,20260712,1,0.12,0.45,0.2,0.18,3,30,9,1817,1583560056,2108883690,false,false,799.5333333332635,817.5333333332635,9,7,6,179,15,4,3,4,31,29,2,4,2,0,0.06451612903225806,0.9354838709677419,11,1.375,167.7333333333248,0.20978904360877942,1,0,1,2,2,20,4,3,28,0,0,0,0,0,6,5,2,0
base,20260712,1,0.12,0.45,0.2,0.18,3,30,9,1818,427628050,3419685119,false,false,845.1666666665553,863.1666666665553,9,7,6,179,26,8,3,9,51,44,7,9,7,0,0.13725490196078433,0.8627450980392157,22,2.75,167.7333333333248,0.19846184184580581,1,0,1,7,3,35,8,3,41,0,0,0,0,0,3,4,4,0
base,20260712,1,0.12,0.45,0.2,0.18,3,30,9,1819,2882592543,953057269,true,false,794.2333333332683,812.2333333332683,9,7,6,180,21,6,2,7,49,38,11,7,11,0,0.22448979591836735,0.7755102040816326,21,2.625,167.7333333333248,0.21118898728334057,1,1,0,6,2,35,6,2,37,6,2,37,118.59999999989213,0.14932639442636736,5,11,4,0
base,20260712,1,0.12,0.45,0.2,0.18,3,30,9,1820,1993442188,581365071,true,false,822.9999999999088,840.9999999999088,9,7,6,180,19,6,2,1,34,29,5,1,5,0,0.14705882352941177,0.8529411764705882,14,1.75,167.7333333333248,0.20380720939652902,1,1,0,4,2,21,5,2,28,5,2,28,133.6666666665451,0.16241393276617241,5,10,1,0
base,20260712,1,0.12,0.45,0.2,0.18,3,30,9,1821,3898799738,2265742874,false,false,769.2999999999577,787.2999999999577,9,7,6,179,26,8,3,7,46,42,4,7,4,0,0.08695652173913043,0.9130434782608695,23,2.875,167.7333333333248,0.2180337102994073,1,0,1,7,3,35,8,3,42,0,0,0,0,0,4,5,3,0
base,20260712,1,0.12,0.45,0.2,0.18,3,30,9,1822,1929365467,1701452883,false,false,839.5666666665604,857.5666666665604,9,7,6,179,24,7,3,5,45,38,7,5,7,0,0.15555555555555556,0.8444444444444444,16,2,167.7333333333248,0.1997856036844555,1,0,1,5,3,25,7,3,38,0,0,0,0,0,6,10,3,0
base,20260712,1,0.12,0.45,0.2,0.18,3,30,9,1823,4258710056,3266725051,true,false,757.6333333333016,775.6333333333016,9,7,6,180,20,6,3,7,38,35,3,7,3,0,0.07894736842105263,0.9210526315789473,14,1.75,167.7333333333248,0.22139117427075342,1,1,0,4,3,24,6,3,34,6,3,34,77.86666666659585,0.1027761890095461,5,10,2,0
base,20260712,1,0.12,0.45,0.2,0.18,3,30,9,1824,1596967601,352534637,false,false,808.5999999999219,826.5999999999219,9,7,6,179,21,6,3,12,46,43,3,12,3,0,0.06521739130434782,0.9347826086956522,21,2.625,167.7333333333248,0.20743672190618476,1,0,1,6,3,39,6,3,43,0,0,0,0,0,3,3,2,0
base,20260712,1,0.12,0.45,0.2,0.18,3,30,9,1825,2490345225,3216538626,false,false,772.1666666666217,790.1666666666217,9,7,6,179,13,3,2,5,29,28,1,5,1,0,0.034482758620689655,0.9655172413793104,11,1.375,167.7333333333248,0.21722426073818418,1,0,1,2,1,21,3,2,28,0,0,0,0,0,2,5,2,0
base,20260712,1,0.12,0.45,0.2,0.18,3,30,9,1826,2528636846,2133428044,false,false,830.6999999999018,848.6999999999018,9,7,6,179,25,7,3,16,56,51,5,16,5,0,0.08928571428571429,0.9107142857142857,23,2.875,167.7333333333248,0.20191806107300422,1,0,1,7,3,39,7,3,50,0,0,0,0,0,6,10,2,0
base,20260712,1,0.12,0.45,0.2,0.18,3,30,9,1827,152926630,3275936342,false,false,837.8333333332287,855.8333333332287,9,7,6,179,19,5,3,7,42,36,6,7,6,0,0.14285714285714285,0.8571428571428571,17,2.125,167.7333333333248,0.20019892580069115,1,0,1,5,3,30,5,3,35,0,0,0,0,0,4,7,3,0
base,20260712,1,0.12,0.45,0.2,0.18,3,30,9,1828,1353408950,2684316204,false,false,848.433333333219,866.433333333219,9,7,6,179,28,8,3,11,57,49,8,11,8,0,0.14035087719298245,0.8596491228070176,19,2.375,167.7333333333248,0.1976977173614278,1,0,1,5,3,35,8,3,47,0,0,0,0,0,5,10,2,0
base,20260712,1,0.12,0.45,0.2,0.18,3,30,9,1829,3064449911,3957041642,false,false,785.06666666661,803.06666666661,9,7,6,179,26,7,3,11,52,46,6,11,6,0,0.11538461538461539,0.8846153846153846,22,2.75,167.7333333333248,0.21365489130435236,1,0,1,6,3,37,7,3,46,0,0,0,0,0,6,14,3,0
base,20260712,1,0.12,0.45,0.2,0.18,3,30,9,1830,3607936744,1625255176,false,false,832.5333333332335,850.5333333332335,9,7,6,179,22,6,3,21,64,53,11,21,11,0,0.171875,0.828125,21,2.625,167.7333333333248,0.2014734144779127,1,0,1,6,3,40,6,3,51,0,0,0,0,0,5,11,2,0
base,20260712,1,0.12,0.45,0.2,0.18,3,30,9,1831,1680927321,2482710554,true,false,792.9666666666028,810.9666666666028,9,7,6,180,21,6,3,10,46,41,5,10,5,0,0.10869565217391304,0.8913043478260869,18,2.25,167.7333333333248,0.21152633570138085,1,1,0,5,3,30,6,3,40,6,3,40,121.29999999988968,0.15296986001920987,6,7,2,0
base,20260712,1,0.12,0.45,0.2,0.18,3,30,9,1832,4067165613,842368913,false,false,834.3666666665652,852.3666666665652,9,7,6,179,21,6,3,19,54,50,4,19,4,0,0.07407407407407407,0.9259259259259259,20,2.5,167.7333333333248,0.20103072190485222,1,0,1,6,3,40,6,3,49,0,0,0,0,0,5,8,2,0
base,20260712,1,0.12,0.45,0.2,0.18,3,30,9,1833,3420529124,1560775059,false,false,764.7666666666285,782.7666666666285,9,7,6,179,27,8,3,8,52,45,7,8,7,0,0.1346153846153846,0.8653846153846154,23,2.875,167.7333333333248,0.2193261561260513,1,0,1,7,3,38,8,3,45,0,0,0,0,0,2,5,2,0
base,20260712,1,0.12,0.45,0.2,0.18,3,30,9,1834,1721801407,1187387023,false,false,815.3999999999157,833.3999999999157,9,7,6,179,22,7,3,2,43,34,9,2,9,0,0.20930232558139536,0.7906976744186046,22,2.75,167.7333333333248,0.20570681056333348,1,0,1,7,3,31,7,3,34,0,0,0,0,0,3,5,2,0
base,20260712,1,0.12,0.45,0.2,0.18,3,30,9,1835,2302839054,2232913965,false,false,793.7333333332688,811.7333333332688,9,7,6,179,19,6,3,11,48,40,8,11,8,0,0.16666666666666666,0.8333333333333334,17,2.125,167.7333333333248,0.21132202250966542,1,0,1,5,3,31,6,3,40,0,0,0,0,0,3,5,2,0
base,20260712,1,0.12,0.45,0.2,0.18,3,30,9,1836,3740167920,1907623642,true,false,790.3999999999385,808.3999999999385,9,7,6,180,16,5,3,4,32,29,3,4,3,0,0.09375,0.90625,14,1.75,167.7333333333248,0.21221322537112583,1,1,0,4,3,24,4,3,27,4,3,28,108.56666666656793,0.13735661268544583,6,13,2,0
base,20260712,1,0.12,0.45,0.2,0.18,3,30,9,1837,1032211054,3977005967,false,false,825.1999999999068,843.1999999999068,9,7,6,179,25,7,3,15,61,50,11,15,11,0,0.18032786885245902,0.819672131147541,22,2.75,167.7333333333248,0.20326385522702828,1,0,1,6,3,42,7,3,50,0,0,0,0,0,6,8,4,0
base,20260712,1,0.12,0.45,0.2,0.18,3,30,9,1838,2659203569,472633340,false,false,824.9333333332404,842.9333333332404,9,7,6,179,15,4,3,1,29,26,3,1,3,0,0.10344827586206896,0.896551724137931,13,1.625,167.7333333333248,0.2033295619848194,1,0,1,4,3,21,4,3,26,0,0,0,0,0,3,5,2,0
base,20260712,1,0.12,0.45,0.2,0.18,3,30,9,1839,4233038611,3564146528,false,false,780.7333333332806,798.7333333332806,9,7,6,179,19,5,3,3,43,31,12,3,12,0,0.27906976744186046,0.7209302325581395,14,1.75,167.7333333333248,0.2148407480146906,1,0,1,4,3,22,5,3,31,0,0,0,0,0,2,7,3,0
base,20260712,1,0.12,0.45,0.2,0.18,3,30,9,1840,936013805,808564727,false,false,831.2999999999013,849.2999999999013,9,7,6,179,25,8,3,10,54,45,9,10,9,0,0.16666666666666666,0.8333333333333334,23,2.875,167.7333333333248,0.20177232447172466,1,0,1,7,3,35,8,3,45,0,0,0,0,0,6,14,3,0
base,20260712,1,0.12,0.45,0.2,0.18,3,30,9,1841,1203836687,2353541393,false,false,808.933333333255,826.933333333255,9,7,6,179,24,7,3,13,53,47,6,13,6,0,0.11320754716981132,0.8867924528301887,21,2.625,167.7333333333248,0.20735124443712838,1,0,1,6,3,41,7,3,47,0,0,0,0,0,4,10,3,0
base,20260712,1,0.12,0.45,0.2,0.18,3,30,9,1842,1688331557,3070015235,false,false,837.9666666665619,855.9666666665619,9,7,6,179,25,7,3,17,55,52,3,17,3,0,0.05454545454545454,0.9454545454545454,20,2.5,167.7333333333248,0.20016707108478352,1,0,1,6,3,34,7,3,51,0,0,0,0,0,6,10,2,0
base,20260712,1,0.12,0.45,0.2,0.18,3,30,9,1843,1516743685,2467567603,false,false,777.7999999999499,795.7999999999499,9,7,6,179,27,8,3,7,49,44,5,7,5,0,0.10204081632653061,0.8979591836734694,20,2.5,167.7333333333248,0.21565098140053432,1,0,1,6,3,32,8,3,44,0,0,0,0,0,5,8,2,0
base,20260712,1,0.12,0.45,0.2,0.18,3,30,9,1844,3115791364,3080891107,false,false,804.433333333259,822.433333333259,9,7,6,179,29,9,3,11,58,49,9,11,9,0,0.15517241379310345,0.8448275862068966,26,3.25,167.7333333333248,0.20851116728132468,1,0,1,8,3,43,9,3,48,0,0,0,0,0,2,5,3,0
base,20260712,1,0.12,0.45,0.2,0.18,3,30,9,1845,336355738,2183740156,false,false,808.3666666665888,826.3666666665888,9,7,6,179,24,7,3,5,45,39,6,5,6,0,0.13333333333333333,0.8666666666666667,18,2.25,167.7333333333248,0.20749659807843918,1,0,1,5,3,29,7,3,38,0,0,0,0,0,4,14,3,0
base,20260712,1,0.12,0.45,0.2,0.18,3,30,9,1846,98375704,4216929370,false,false,817.5666666665804,835.5666666665804,9,7,6,179,26,8,3,4,45,40,5,4,5,0,0.1111111111111111,0.8888888888888888,23,2.875,167.7333333333248,0.20516165858035124,1,0,1,7,3,34,8,3,39,0,0,0,0,0,6,11,2,0
base,20260712,1,0.12,0.45,0.2,0.18,3,30,9,1847,3911242357,3051560062,false,false,799.5999999999301,817.5999999999301,9,7,6,179,24,7,3,2,37,34,3,2,3,0,0.08108108108108109,0.918918918918919,14,1.75,167.7333333333248,0.20977155244289578,1,0,1,4,3,22,7,3,34,0,0,0,0,0,3,4,2,0
base,20260712,1,0.12,0.45,0.2,0.18,3,30,9,1848,3753076807,2332443456,false,false,772.3999999999548,790.3999999999548,9,7,6,179,16,4,2,8,36,34,2,8,2,0,0.05555555555555555,0.9444444444444444,15,1.875,167.7333333333248,0.217158639737616,1,0,1,4,2,29,4,2,33,0,0,0,0,0,4,8,2,0
base,20260712,1,0.12,0.45,0.2,0.18,3,30,9,1849,1914472668,3073214855,true,false,805.2999999999249,823.2999999999249,9,7,6,180,24,8,3,5,44,38,6,5,6,0,0.13636363636363635,0.8636363636363636,22,2.75,167.7333333333248,0.2082867668363845,1,1,0,7,3,34,7,3,37,7,3,37,124.36666666655356,0.15443520013232975,5,14,2,0
base,20260712,1,0.12,0.45,0.2,0.18,3,30,9,1850,3506584565,456520286,true,false,834.9333333332313,852.9333333332313,9,7,6,180,24,6,3,6,44,40,4,6,4,0,0.09090909090909091,0.9090909090909091,19,2.375,167.7333333333248,0.2008942829766991,1,1,0,5,3,33,6,3,40,6,3,40,150.96666666652936,0.18081283934830863,5,6,2,0
base,20260712,1,0.12,0.45,0.2,0.18,3,30,9,1851,57595965,3553974342,false,false,820.6666666665776,838.6666666665776,9,7,6,179,23,7,3,9,46,41,5,9,5,0,0.10869565217391304,0.8913043478260869,20,2.5,167.7333333333248,0.2043866774979809,1,0,1,6,3,35,7,3,41,0,0,0,0,0,5,5,2,0
base,20260712,1,0.12,0.45,0.2,0.18,3,30,9,1852,3087864956,2793826468,true,false,792.8333333332696,810.8333333332696,9,7,6,180,20,6,3,8,44,36,8,8,8,0,0.18181818181818182,0.8181818181818182,16,2,167.7333333333248,0.21156190876603526,1,1,0,5,3,25,5,3,30,5,3,31,107.76666666656865,0.13592600378378472,5,11,2,0
base,20260712,1,0.12,0.45,0.2,0.18,3,30,9,1853,3743077935,2455343161,false,false,760.0333333332994,778.0333333332994,9,7,6,179,18,5,2,5,37,32,5,5,5,0,0.13513513513513514,0.8648648648648649,16,2,167.7333333333248,0.22069207490899384,1,0,1,4,2,29,5,2,32,0,0,0,0,0,3,5,1,0
base,20260712,1,0.12,0.45,0.2,0.18,3,30,9,1854,1540921294,2548109878,false,false,818.9333333332459,836.9333333332459,9,7,6,179,21,6,3,7,44,38,6,7,6,0,0.13636363636363635,0.8636363636363636,19,2.375,167.7333333333248,0.2048192771084452,1,0,1,6,3,31,6,3,38,0,0,0,0,0,4,7,3,0
base,20260712,1,0.12,0.45,0.2,0.18,3,30,9,1855,19280196,2774477500,true,false,772.8666666666211,790.8666666666211,9,7,6,180,23,7,3,9,49,41,8,9,8,0,0.16326530612244897,0.8367346938775511,19,2.375,167.7333333333248,0.2170275166048495,1,1,0,6,2,30,7,3,37,7,3,38,88.03333333325327,0.11390494263770179,6,11,2,0
base,20260712,1,0.12,0.45,0.2,0.18,3,30,9,1856,2171280073,1061853348,false,false,831.0666666665682,849.0666666665682,9,7,6,179,18,5,3,3,39,31,8,3,8,0,0.20512820512820512,0.7948717948717948,16,2,167.7333333333248,0.2018289748115009,1,0,1,4,2,26,5,3,31,0,0,0,0,0,5,7,3,0
base,20260712,1,0.12,0.45,0.2,0.18,3,30,9,1857,626778958,2879787608,true,false,815.6666666665822,833.6666666665822,9,7,6,180,22,7,3,5,47,36,11,5,11,0,0.23404255319148937,0.7659574468085106,16,2,167.7333333333248,0.20563955864324746,1,1,0,5,3,27,6,3,33,7,3,35,149.0333333331978,0.18271352676732314,5,7,3,0
base,20260712,1,0.12,0.45,0.2,0.18,3,30,9,1858,1145348893,3457901123,false,false,858.0666666665436,876.0666666665436,9,7,6,179,22,6,3,10,45,42,3,10,3,0,0.06666666666666667,0.9333333333333333,22,2.75,167.7333333333248,0.19547820682155487,1,0,1,6,3,36,6,3,41,0,0,0,0,0,5,10,2,0
base,20260712,1,0.12,0.45,0.2,0.18,3,30,9,1859,605675832,280720741,false,false,790.3333333332719,808.3333333332719,9,7,6,179,27,8,3,20,60,57,3,20,3,0,0.05,0.95,23,2.875,167.7333333333248,0.2122311261071335,1,0,1,7,3,44,8,3,56,0,0,0,0,0,4,5,3,0
base,20260712,1,0.12,0.45,0.2,0.18,3,30,9,1860,1889428623,4205402796,false,false,820.0999999999115,838.0999999999115,9,7,6,179,22,7,3,6,42,38,4,6,4,0,0.09523809523809523,0.9047619047619048,19,2.375,167.7333333333248,0.20452790310125948,1,0,1,6,3,30,7,3,37,0,0,0,0,0,5,11,2,0
base,20260712,1,0.12,0.45,0.2,0.18,3,30,9,1861,2261733733,962236815,true,false,801.7999999999281,819.7999999999281,9,7,6,180,23,7,3,8,44,41,3,8,3,0,0.06818181818181818,0.9318181818181818,21,2.625,167.7333333333248,0.20919597572130186,1,1,0,6,3,37,7,3,41,7,3,41,112.16666666656465,0.1398935727944309,5,10,2,0
base,20260712,1,0.12,0.45,0.2,0.18,3,30,9,1862,748600116,3292689872,false,false,838.0333333332285,856.0333333332285,9,7,6,179,23,7,3,11,50,44,6,11,6,0,0.12,0.88,20,2.5,167.7333333333248,0.20015114752795726,1,0,1,6,3,35,7,3,43,0,0,0,0,0,5,11,2,0
base,20260712,1,0.12,0.45,0.2,0.18,3,30,9,1863,1476159003,2549667738,false,false,841.0666666665591,859.0666666665591,9,7,6,179,30,9,3,31,73,71,2,31,2,0,0.0273972602739726,0.9726027397260274,27,3.375,167.7333333333248,0.19942929613191138,1,0,1,8,3,49,9,3,71,0,0,0,0,0,5,8,3,0
base,20260712,1,0.12,0.45,0.2,0.18,3,30,9,1864,2865287922,1200022779,true,false,790.1666666666054,808.1666666666054,9,7,6,180,20,6,3,10,42,40,2,10,2,0,0.047619047619047616,0.9523809523809523,19,2.375,167.7333333333248,0.21227589116220774,1,1,0,6,3,33,6,3,39,6,3,39,124.8999999998864,0.1580679181605941,6,8,2,0
base,20260712,1,0.12,0.45,0.2,0.18,3,30,9,1865,2321873103,1887158405,false,false,751.8666666666402,769.8666666666402,9,7,6,179,22,6,3,10,49,42,7,10,7,0,0.14285714285714285,0.8571428571428571,21,2.625,167.7333333333248,0.22308920021280018,1,0,1,6,3,35,6,3,42,0,0,0,0,0,2,5,2,0
base,20260712,1,0.12,0.45,0.2,0.18,3,30,9,1866,518430146,844632601,false,false,800.8333333332623,818.8333333332623,9,7,6,179,21,6,3,2,39,33,6,2,6,0,0.15384615384615385,0.8461538461538461,19,2.375,167.7333333333248,0.20944849115505473,1,0,1,6,3,29,6,3,33,0,0,0,0,0,2,7,2,0
base,20260712,1,0.12,0.45,0.2,0.18,3,30,9,1867,117694942,2763412574,false,false,830.0666666665691,848.0666666665691,9,7,6,179,17,4,2,7,38,34,4,7,4,0,0.10526315789473684,0.8947368421052632,17,2.125,167.7333333333248,0.20207212272108005,1,0,1,4,2,29,4,2,33,0,0,0,0,0,5,11,2,0
base,20260712,1,0.12,0.45,0.2,0.18,3,30,9,1868,4767851,3928712672,false,false,828.3333333332373,846.3333333332373,9,7,6,179,24,7,2,8,44,41,3,8,3,0,0.06818181818181818,0.9318181818181818,16,2,167.7333333333248,0.20249496981892665,1,0,1,5,2,25,7,2,39,0,0,0,0,0,4,5,2,0
base,20260712,1,0.12,0.45,0.2,0.18,3,30,9,1869,2919797180,910739264,false,false,824.4666666665742,842.4666666665742,9,7,6,179,21,6,2,13,47,44,3,13,3,0,0.06382978723404255,0.9361702127659575,18,2.25,167.7333333333248,0.20344465108758422,1,0,1,5,2,32,5,2,40,0,0,0,0,0,3,5,2,0
base,20260712,1,0.12,0.45,0.2,0.18,3,30,9,1870,1264435784,4086449451,false,false,808.3999999999221,826.3999999999221,9,7,6,179,16,4,1,13,42,38,4,13,4,0,0.09523809523809523,0.9047619047619048,13,1.625,167.7333333333248,0.20748804222333123,1,0,1,3,1,32,4,1,38,0,0,0,0,0,3,5,2,0
base,20260712,1,0.12,0.45,0.2,0.18,3,30,9,1871,1957913990,4059227653,false,false,793.2999999999358,811.2999999999358,9,7,6,179,21,6,2,11,49,41,8,11,8,0,0.16326530612244897,0.8367346938775511,17,2.125,167.7333333333248,0.21143745535527336,1,0,1,4,2,31,6,2,41,0,0,0,0,0,4,4,2,0
base,20260712,1,0.12,0.45,0.2,0.18,3,30,9,1872,230146081,2925463996,false,false,759.0333333333003,777.0333333333003,9,7,6,179,27,8,3,7,45,42,3,7,3,0,0.06666666666666667,0.9333333333333333,20,2.5,167.7333333333248,0.2209828290369313,1,0,1,6,3,29,7,3,41,0,0,0,0,0,5,11,2,0
base,20260712,1,0.12,0.45,0.2,0.18,3,30,9,1873,578133989,1656948009,false,false,772.0999999999551,790.0999999999551,9,7,6,179,28,9,3,7,48,45,3,7,3,0,0.0625,0.9375,25,3.125,167.7333333333248,0.21724301688037112,1,0,1,8,3,37,9,3,45,0,0,0,0,0,3,4,2,0
base,20260712,1,0.12,0.45,0.2,0.18,3,30,9,1874,4155257858,1287167311,false,false,815.6333333332489,833.6333333332489,9,7,6,179,28,9,3,15,60,53,7,15,7,0,0.11666666666666667,0.8833333333333333,27,3.375,167.7333333333248,0.205647962728361,1,0,1,9,3,46,9,3,53,0,0,0,0,0,4,5,2,0
base,20260712,1,0.12,0.45,0.2,0.18,3,30,9,1875,675434738,251592767,false,false,776.4999999999511,794.4999999999511,9,7,6,179,16,5,2,2,30,27,3,2,3,0,0.1,0.9,14,1.75,167.7333333333248,0.21601201974672937,1,0,1,4,2,21,5,2,27,0,0,0,0,0,5,8,2,0
base,20260712,1,0.12,0.45,0.2,0.18,3,30,9,1876,3460671524,1109338226,false,false,750.4333333333082,768.4333333333082,9,7,6,179,16,5,3,1,28,26,2,1,2,0,0.07142857142857142,0.9285714285714286,16,2,167.7333333333248,0.2235153022697958,1,0,1,5,3,24,5,3,26,0,0,0,0,0,3,5,2,0
base,20260712,1,0.12,0.45,0.2,0.18,3,30,9,1877,1040358926,2708601683,true,false,803.766666666593,821.766666666593,9,7,6,180,24,7,3,8,45,42,3,8,3,0,0.06666666666666667,0.9333333333333333,20,2.5,167.7333333333248,0.2086841123045745,1,1,0,6,3,33,7,3,40,7,3,41,148.1999999998652,0.18438186870137951,3,5,2,0
base,20260712,1,0.12,0.45,0.2,0.18,3,30,9,1878,2158576150,2743295554,false,false,810.3333333332537,828.3333333332537,9,7,6,179,25,8,3,7,49,40,9,7,9,0,0.1836734693877551,0.8163265306122449,22,2.75,167.7333333333248,0.20699300699301681,1,0,1,7,3,31,7,3,39,0,0,0,0,0,6,10,3,0
base,20260712,1,0.12,0.45,0.2,0.18,3,30,9,1879,1163775419,637484700,false,false,828.3666666665706,846.3666666665706,9,7,6,179,21,6,3,2,33,31,2,2,2,0,0.06060606060606061,0.9393939393939394,16,2,167.7333333333248,0.2024868214558902,1,0,1,4,3,25,6,3,30,0,0,0,0,0,5,11,2,0
base,20260712,1,0.12,0.45,0.2,0.18,3,30,9,1880,2247694710,3020732361,true,false,797.1999999999323,815.1999999999323,9,7,6,180,19,6,3,0,31,28,3,0,3,0,0.0967741935483871,0.9032258064516129,11,1.375,167.7333333333248,0.21040307743770578,1,1,0,3,2,18,5,3,26,5,3,27,120.63333333322362,0.15132129118569226,6,11,2,0
base,20260712,1,0.12,0.45,0.2,0.18,3,30,9,1881,879216737,1037539263,false,false,815.1666666665826,833.1666666665826,9,7,6,179,22,6,3,10,47,41,6,10,6,0,0.1276595744680851,0.8723404255319149,20,2.5,167.7333333333248,0.2057656920875184,1,0,1,6,3,34,6,3,41,0,0,0,0,0,6,13,2,0
base,20260712,1,0.12,0.45,0.2,0.18,3,30,9,1882,1038716194,2040970798,true,false,809.7999999999208,827.7999999999208,9,7,6,180,19,5,3,1,34,30,4,1,4,0,0.11764705882352941,0.8823529411764706,18,2.25,167.7333333333248,0.20712933234544478,1,1,0,5,3,27,5,3,29,5,3,29,153.6999999998602,0.1897999506049336,2,5,2,0
base,20260712,1,0.12,0.45,0.2,0.18,3,30,9,1883,245018511,400411242,false,false,813.333333333251,831.333333333251,9,7,6,179,28,8,3,15,55,53,2,15,2,0,0.03636363636363636,0.9636363636363636,24,3,167.7333333333248,0.2062295081967317,1,0,1,7,3,41,8,3,52,0,0,0,0,0,2,5,2,0
base,20260712,1,0.12,0.45,0.2,0.18,3,30,9,1884,1389788245,3935463547,false,false,819.0999999999124,837.0999999999124,9,7,6,179,23,7,3,11,49,44,5,11,5,0,0.10204081632653061,0.8979591836734694,22,2.75,167.7333333333248,0.204777601432478,1,0,1,7,3,39,7,3,44,0,0,0,0,0,3,5,2,0
base,20260712,1,0.12,0.45,0.2,0.18,3,30,9,1885,2448229068,1612179615,false,false,750.4666666666415,768.4666666666415,9,7,6,179,22,6,2,7,45,39,6,7,6,0,0.13333333333333333,0.8666666666666667,20,2.5,167.7333333333248,0.22350537443368185,1,0,1,5,2,33,6,2,39,0,0,0,0,0,3,4,2,0
base,20260712,1,0.12,0.45,0.2,0.18,3,30,9,1886,1629605149,2179350927,false,false,821.69999999991,839.69999999991,9,7,6,179,18,5,3,4,35,32,3,4,3,0,0.08571428571428572,0.9142857142857143,17,2.125,167.7333333333248,0.20412964991279442,1,0,1,5,3,26,5,3,32,0,0,0,0,0,5,8,1,0
base,20260712,1,0.12,0.45,0.2,0.18,3,30,9,1887,737114249,577189969,false,false,824.9333333332404,842.9333333332404,9,7,6,179,25,8,2,9,50,43,7,9,7,0,0.14,0.86,20,2.5,167.7333333333248,0.2033295619848194,1,0,1,6,2,31,8,2,43,0,0,0,0,0,5,5,2,0
base,20260712,1,0.12,0.45,0.2,0.18,3,30,9,1888,3720683939,3013109830,false,false,822.3999999999094,840.3999999999094,9,7,6,179,21,6,3,4,42,35,7,4,7,0,0.16666666666666666,0.8333333333333334,17,2.125,167.7333333333248,0.20395590142673065,1,0,1,5,3,27,6,3,35,0,0,0,0,0,3,4,2,0
base,20260712,1,0.12,0.45,0.2,0.18,3,30,9,1889,3401519197,2109355623,false,false,791.5999999999374,809.5999999999374,9,7,6,179,19,5,3,9,44,38,6,9,6,0,0.13636363636363635,0.8636363636363636,18,2.25,167.7333333333248,0.2118915277076024,1,0,1,5,3,29,5,3,37,0,0,0,0,0,6,8,3,0
base,20260712,1,0.12,0.45,0.2,0.18,3,30,9,1890,2679731136,321863445,false,false,829.6333333332361,847.6333333332361,9,7,6,179,25,8,3,13,57,47,10,13,10,0,0.17543859649122806,0.8245614035087719,19,2.375,167.7333333333248,0.20217766884970603,1,0,1,5,3,39,8,3,47,0,0,0,0,0,6,8,2,0
base,20260712,1,0.12,0.45,0.2,0.18,3,30,9,1891,2163822087,982508716,false,false,753.6999999999719,771.6999999999719,9,7,6,179,26,7,3,8,49,43,6,8,6,0,0.12244897959183673,0.8775510204081632,22,2.75,167.7333333333248,0.22254654814028269,1,0,1,6,3,37,7,3,43,0,0,0,0,0,3,4,2,0
base,20260712,1,0.12,0.45,0.2,0.18,3,30,9,1892,2354122336,3148975637,true,false,797.4666666665987,815.4666666665987,9,7,6,180,17,5,3,0,31,26,5,0,5,0,0.16129032258064516,0.8387096774193549,15,1.875,167.7333333333248,0.2103327202808967,1,1,0,5,3,22,5,3,25,5,3,25,126.46666666655165,0.15858552081578636,5,8,2,0
base,20260712,1,0.12,0.45,0.2,0.18,3,30,9,1893,1949156611,2078755182,false,false,766.8333333332932,784.8333333332932,9,7,6,179,26,8,3,7,46,41,5,7,5,0,0.10869565217391304,0.8913043478260869,23,2.875,167.7333333333248,0.21873505759617504,1,0,1,7,3,37,8,3,41,0,0,0,0,0,5,7,2,0
base,20260712,1,0.12,0.45,0.2,0.18,3,30,9,1894,396389976,2976334354,false,false,829.0999999999033,847.0999999999033,9,7,6,179,27,8,3,6,51,43,8,6,8,0,0.1568627450980392,0.8431372549019608,24,3,167.7333333333248,0.20230772323404217,1,0,1,7,3,37,8,3,43,0,0,0,0,0,6,7,2,0
base,20260712,1,0.12,0.45,0.2,0.18,3,30,9,1895,2613548991,2701149397,false,false,804.433333333259,822.433333333259,9,7,6,179,20,6,3,10,49,40,9,10,9,0,0.1836734693877551,0.8163265306122449,17,2.125,167.7333333333248,0.20851116728132468,1,0,1,5,3,30,6,3,40,0,0,0,0,0,3,5,2,0
base,20260712,1,0.12,0.45,0.2,0.18,3,30,9,1896,3347644810,2316163732,false,false,826.3666666665724,844.3666666665724,9,7,6,179,19,6,3,4,36,33,3,4,3,0,0.08333333333333333,0.9166666666666666,15,1.875,167.7333333333248,0.20297688677343864,1,0,1,4,3,25,6,3,32,0,0,0,0,0,5,10,2,0
base,20260712,1,0.12,0.45,0.2,0.18,3,30,9,1897,3141400235,3777194159,false,false,834.9666666665646,852.9666666665646,9,7,6,179,23,7,3,7,46,40,6,7,6,0,0.13043478260869565,0.8695652173913043,22,2.75,167.7333333333248,0.20088626292468198,1,0,1,7,3,35,7,3,39,0,0,0,0,0,6,11,2,0
base,20260712,1,0.12,0.45,0.2,0.18,3,30,9,1898,3606837506,2115172281,false,false,767.6333333332925,785.6333333332925,9,7,6,179,23,7,3,6,45,39,6,6,6,0,0.13333333333333333,0.8666666666666667,18,2.25,167.7333333333248,0.21850709974380178,1,0,1,6,3,28,7,3,39,0,0,0,0,0,4,5,2,0
base,20260712,1,0.12,0.45,0.2,0.18,3,30,9,1899,3520368363,1912488539,false,false,840.9666666665591,858.9666666665591,9,7,6,179,25,7,3,10,55,45,10,10,10,0,0.18181818181818182,0.8181818181818182,18,2.25,167.7333333333248,0.19945301042452682,1,0,1,5,3,31,7,3,43,0,0,0,0,0,5,10,2,0
base,20260712,1,0.12,0.45,0.2,0.18,3,30,9,1900,2503614693,1101664883,false,false,814.2999999999167,832.2999999999167,9,7,6,179,22,6,3,10,47,42,5,10,5,0,0.10638297872340426,0.8936170212765957,19,2.375,167.7333333333248,0.20598469032708086,1,0,1,5,3,31,6,3,41,0,0,0,0,0,3,5,2,0
base,20260712,1,0.12,0.45,0.2,0.18,3,30,9,1901,3633999699,1185419706,true,false,796.4333333332663,814.4333333332663,9,7,6,180,18,5,3,2,31,28,3,2,3,0,0.0967741935483871,0.9032258064516129,12,1.5,167.7333333333248,0.21060561670782937,1,1,0,3,3,23,5,3,26,5,3,28,108.56666666656793,0.13631607583799907,5,14,2,0
base,20260712,1,0.12,0.45,0.2,0.18,3,30,9,1902,63844658,3572219600,false,false,863.7333333332051,881.7333333332051,9,7,6,179,26,8,3,11,52,45,7,11,7,0,0.1346153846153846,0.8653846153846154,17,2.125,167.7333333333248,0.19419573942576762,1,0,1,5,3,27,7,3,40,0,0,0,0,0,6,11,2,0
base,20260712,1,0.12,0.45,0.2,0.18,3,30,9,1903,4149766629,1688615080,false,false,768.8333333332914,786.8333333332914,9,7,6,179,16,4,3,1,34,27,7,1,7,0,0.20588235294117646,0.7941176470588235,14,1.75,167.7333333333248,0.2181660524604387,1,0,1,4,3,21,4,3,24,0,0,0,0,0,5,10,2,0
base,20260712,1,0.12,0.45,0.2,0.18,3,30,9,1904,2357857025,3030016823,false,false,807.6333333332561,825.6333333332561,9,7,6,179,29,9,3,10,56,49,7,10,7,0,0.125,0.875,26,3.25,167.7333333333248,0.2076850055718447,1,0,1,8,3,39,9,3,49,0,0,0,0,0,2,4,2,0
base,20260712,1,0.12,0.45,0.2,0.18,3,30,9,1905,362990516,2060602632,false,false,846.3333333332209,864.3333333332209,9,7,6,179,27,8,3,19,60,56,4,19,4,0,0.06666666666666667,0.9333333333333333,23,2.875,167.7333333333248,0.1981882630957232,1,0,1,7,3,41,8,3,54,0,0,0,0,0,6,11,2,0
base,20260712,1,0.12,0.45,0.2,0.18,3,30,9,1906,2840093115,4013629138,false,false,831.3999999999012,849.3999999999012,9,7,6,179,19,5,2,13,52,42,10,13,10,0,0.19230769230769232,0.8076923076923077,17,2.125,167.7333333333248,0.20174805548874758,1,0,1,5,2,32,5,2,41,0,0,0,0,0,6,5,2,0
base,20260712,1,0.12,0.45,0.2,0.18,3,30,9,1907,2444357562,4160517394,false,false,802.233333333261,820.233333333261,9,7,6,179,25,7,3,12,54,47,7,12,7,0,0.12962962962962962,0.8703703703703703,23,2.875,167.7333333333248,0.20908297669008175,1,0,1,6,3,40,7,3,47,0,0,0,0,0,4,5,2,0
base,20260712,1,0.12,0.45,0.2,0.18,3,30,9,1908,2389026643,825114330,false,false,814.6666666665831,832.6666666665831,9,7,6,179,22,6,3,8,46,40,6,8,6,0,0.13043478260869565,0.8695652173913043,18,2.25,167.7333333333248,0.2058919803600761,1,0,1,5,3,35,6,3,40,0,0,0,0,0,3,4,2,0
base,20260712,1,0.12,0.45,0.2,0.18,3,30,9,1909,6306552,4150264380,false,false,828.299999999904,846.299999999904,9,7,6,179,24,7,3,7,48,41,7,7,7,0,0.14583333333333334,0.8541666666666666,24,3,167.7333333333248,0.20250311883779334,1,0,1,7,3,37,7,3,40,0,0,0,0,0,4,5,2,0
base,20260712,1,0.12,0.45,0.2,0.18,3,30,9,1910,1579695369,1393311197,false,false,835.9666666665637,853.9666666665637,9,7,6,179,27,8,3,22,65,59,6,22,6,0,0.09230769230769231,0.9076923076923077,26,3.25,167.7333333333248,0.2006459587703004,1,0,1,8,3,49,8,3,58,0,0,0,0,0,4,8,3,0
base,20260712,1,0.12,0.45,0.2,0.18,3,30,9,1911,3530262091,3189350107,false,false,823.4999999999084,841.4999999999084,9,7,6,179,20,6,3,6,45,36,9,6,9,0,0.2,0.8,19,2.375,167.7333333333248,0.20368346488566297,1,0,1,6,3,30,6,3,36,0,0,0,0,0,5,9,2,0
base,20260712,1,0.12,0.45,0.2,0.18,3,30,9,1912,1232817110,923437173,false,false,809.0999999999215,827.0999999999215,9,7,6,179,23,7,3,6,46,37,9,6,9,0,0.1956521739130435,0.8043478260869565,17,2.125,167.7333333333248,0.20730853211388095,1,0,1,5,3,27,7,3,37,0,0,0,0,0,3,6,3,0
base,20260712,1,0.12,0.45,0.2,0.18,3,30,9,1913,3129700173,2513117823,false,false,752.5333333333062,770.5333333333062,9,7,6,179,21,6,2,5,44,36,8,5,8,0,0.18181818181818182,0.8181818181818182,18,2.25,167.7333333333248,0.2228915662650569,1,0,1,5,2,30,6,2,35,0,0,0,0,0,3,3,2,0
base,20260712,1,0.12,0.45,0.2,0.18,3,30,9,1914,2008673704,592269014,true,false,828.3666666665706,846.3666666665706,9,7,6,180,30,10,3,6,51,44,7,6,7,0,0.13725490196078433,0.8627450980392157,19,2.375,167.7333333333248,0.2024868214558902,1,1,0,6,3,29,9,3,43,9,3,43,161.59999999985303,0.19508269284922752,3,5,4,0
base,20260712,1,0.12,0.45,0.2,0.18,3,30,9,1915,892463199,4264995165,false,false,804.5666666665923,822.5666666665923,9,7,6,179,25,7,3,10,48,45,3,10,3,0,0.0625,0.9375,22,2.75,167.7333333333248,0.2084766126693545,1,0,1,6,3,37,7,3,44,0,0,0,0,0,2,4,2,0
base,20260712,1,0.12,0.45,0.2,0.18,3,30,9,1916,2837834451,2300670102,false,false,817.4333333332472,835.4333333332472,9,7,6,179,17,5,2,4,38,31,7,4,7,0,0.18421052631578946,0.8157894736842105,12,1.5,167.7333333333248,0.20519512294581715,1,0,1,3,2,23,5,2,31,0,0,0,0,0,3,5,2,0
base,20260712,1,0.12,0.45,0.2,0.18,3,30,9,1917,454577315,3875345309,false,false,843.4333333332236,861.4333333332236,9,7,6,179,23,7,3,4,44,37,7,4,7,0,0.1590909090909091,0.8409090909090909,19,2.375,167.7333333333248,0.19886969924516454,1,0,1,6,3,30,7,3,36,0,0,0,0,0,5,14,2,0
base,20260712,1,0.12,0.45,0.2,0.18,3,30,9,1918,2538964084,2580948880,false,false,819.9666666665782,837.9666666665782,9,7,6,179,29,9,3,28,72,66,6,28,6,0,0.08333333333333333,0.9166666666666666,25,3.125,167.7333333333248,0.20456116102281746,1,0,1,7,3,55,8,3,64,0,0,0,0,0,6,7,2,0
base,20260712,1,0.12,0.45,0.2,0.18,3,30,9,1919,681614384,4120125747,false,false,836.9333333332295,854.9333333332295,9,7,6,179,22,6,3,6,44,37,7,6,7,0,0.1590909090909091,0.8409090909090909,20,2.5,167.7333333333248,0.20041421061017875,1,0,1,6,3,32,6,3,36,0,0,0,0,0,6,8,2,0
base,20260712,1,0.12,0.45,0.2,0.18,3,30,9,1920,1209994700,3414604859,false,false,806.5666666665904,824.5666666665904,9,7,6,179,22,6,3,10,52,42,10,10,10,0,0.19230769230769232,0.8076923076923077,22,2.75,167.7333333333248,0.2079596644212183,1,0,1,6,3,38,6,3,42,0,0,0,0,0,3,5,2,0
base,20260712,1,0.12,0.45,0.2,0.18,3,30,9,1921,969259287,4255921551,false,false,754.599999999971,772.599999999971,9,7,6,179,26,8,3,18,61,54,7,18,7,0,0.11475409836065574,0.8852459016393442,24,3,167.7333333333248,0.22228112024030114,1,0,1,7,3,48,8,3,53,0,0,0,0,0,5,9,3,0
base,20260712,1,0.12,0.45,0.2,0.18,3,30,9,1922,4006117335,446466918,true,false,811.6666666665858,829.6666666665858,9,7,6,180,22,7,3,5,40,37,3,5,3,0,0.075,0.925,20,2.5,167.7333333333248,0.20665297741274108,1,1,0,6,3,33,7,3,36,7,3,36,125.26666666655274,0.15433264887051157,4,13,2,0
base,20260712,1,0.12,0.45,0.2,0.18,3,30,9,1923,282321776,4152616463,false,false,807.833333333256,825.833333333256,9,7,6,179,26,8,3,5,47,40,7,5,7,0,0.14893617021276595,0.851063829787234,21,2.625,167.7333333333248,0.20763358778626886,1,0,1,6,3,32,8,3,40,0,0,0,0,0,3,4,2,0
base,20260712,1,0.12,0.45,0.2,0.18,3,30,9,1924,1257887461,540855222,false,false,801.3333333332619,819.3333333332619,9,7,6,179,28,8,3,9,52,45,7,9,7,0,0.1346153846153846,0.8653846153846154,20,2.5,167.7333333333248,0.20931780366057373,1,0,1,6,3,32,8,3,45,0,0,0,0,0,3,5,2,0
base,20260712,1,0.12,0.45,0.2,0.18,3,30,9,1925,3988968780,1568817799,false,false,789.3333333332728,807.3333333332728,9,7,6,179,22,6,3,7,49,39,10,7,10,0,0.20408163265306123,0.7959183673469388,19,2.375,167.7333333333248,0.2125000000000055,1,0,1,5,3,31,6,3,37,0,0,0,0,0,5,8,3,0
base,20260712,1,0.12,0.45,0.2,0.18,3,30,9,1926,3368750376,147010887,false,false,758.9333333333004,776.9333333333004,9,7,6,179,25,7,3,14,54,49,5,14,5,0,0.09259259259259259,0.9074074074074074,24,3,167.7333333333248,0.221011946591706,1,0,1,7,3,42,7,3,49,0,0,0,0,0,2,4,2,0
base,20260712,1,0.12,0.45,0.2,0.18,3,30,9,1927,2319817613,3227014475,true,false,804.6666666665922,822.6666666665922,9,7,6,180,17,5,3,5,35,32,3,5,3,0,0.08571428571428572,0.9142857142857143,13,1.625,167.7333333333248,0.2084507042253608,1,1,0,4,2,24,5,3,31,5,3,32,122.26666666655547,0.15194697597336387,5,9,2,0
base,20260712,1,0.12,0.45,0.2,0.18,3,30,9,1928,1825442463,1305813918,false,false,747.8999999999771,765.8999999999771,9,7,6,179,23,6,3,3,42,35,7,3,7,0,0.16666666666666666,0.8333333333333334,22,2.75,167.7333333333248,0.22427240718455665,1,0,1,6,3,32,6,3,35,0,0,0,0,0,3,5,2,0
base,20260712,1,0.12,0.45,0.2,0.18,3,30,9,1929,1776887624,309854822,false,false,832.7333333332333,850.7333333332333,9,7,6,179,17,5,3,10,43,35,8,10,8,0,0.18604651162790697,0.813953488372093,14,1.75,167.7333333333248,0.20142502601874743,1,0,1,4,3,29,4,3,34,0,0,0,0,0,5,11,2,0
base,20260712,1,0.12,0.45,0.2,0.18,3,30,9,1930,3460924534,3366903134,false,false,801.2999999999286,819.2999999999286,9,7,6,179,22,6,2,13,48,45,3,13,3,0,0.0625,0.9375,22,2.75,167.7333333333248,0.20932651108615968,1,0,1,6,2,39,6,2,43,0,0,0,0,0,6,5,2,0
base,20260712,1,0.12,0.45,0.2,0.18,3,30,9,1931,3989160910,2823630098,false,false,824.5666666665741,842.5666666665741,9,7,6,179,25,8,3,18,63,53,10,18,10,0,0.15873015873015872,0.8412698412698413,21,2.625,167.7333333333248,0.20341997817036458,1,0,1,6,2,43,8,3,51,0,0,0,0,0,6,11,2,0
base,20260712,1,0.12,0.45,0.2,0.18,3,30,9,1932,4243440090,543846488,false,false,830.5666666665686,848.5666666665686,9,7,6,179,27,8,3,9,54,46,8,9,8,0,0.14814814814814814,0.8518518518518519,21,2.625,167.7333333333248,0.20195047557893558,1,0,1,6,3,34,8,3,43,0,0,0,0,0,5,9,2,0
base,20260712,1,0.12,0.45,0.2,0.18,3,30,9,1933,1953568089,2420617768,true,false,817.1666666665808,835.1666666665808,9,7,6,180,20,6,3,6,39,35,4,6,4,0,0.10256410256410256,0.8974358974358975,17,2.125,167.7333333333248,0.20526208443811025,1,1,0,5,3,30,6,3,34,6,3,34,129.1999999998825,0.15810728125624646,5,11,2,0
base,20260712,1,0.12,0.45,0.2,0.18,3,30,9,1934,4167934363,1773254728,false,false,821.1333333332439,839.1333333332439,9,7,6,179,25,7,3,22,66,57,9,22,9,0,0.13636363636363635,0.8636363636363636,23,2.875,167.7333333333248,0.20427052041894503,1,0,1,7,3,40,7,3,55,0,0,0,0,0,5,10,3,0
base,20260712,1,0.12,0.45,0.2,0.18,3,30,9,1935,1086645789,1296996470,false,false,765.1666666666281,783.1666666666281,9,7,6,179,20,6,2,8,41,36,5,8,5,0,0.12195121951219512,0.8780487804878049,15,1.875,167.7333333333248,0.21921150076236104,1,0,1,4,2,30,5,2,34,0,0,0,0,0,5,9,2,0
base,20260712,1,0.12,0.45,0.2,0.18,3,30,9,1936,2932587008,393191149,false,false,807.1666666665899,825.1666666665899,9,7,6,179,19,5,2,5,38,34,4,5,4,0,0.10526315789473684,0.8947368421052632,15,1.875,167.7333333333248,0.20780507949618923,1,0,1,4,2,27,5,2,34,0,0,0,0,0,3,3,2,0
base,20260712,1,0.12,0.45,0.2,0.18,3,30,9,1937,937508098,810893391,false,false,811.3666666665861,829.3666666665861,9,7,6,179,17,5,3,2,36,29,7,2,7,0,0.19444444444444445,0.8055555555555556,13,1.625,167.7333333333248,0.20672938663161922,1,0,1,4,3,20,5,3,28,0,0,0,0,0,4,7,2,0
base,20260712,1,0.12,0.45,0.2,0.18,3,30,9,1938,1508356072,2602472588,false,false,831.7333333332342,849.7333333332342,9,7,6,179,22,6,3,8,45,39,6,8,6,0,0.13333333333333333,0.8666666666666667,20,2.5,167.7333333333248,0.20166720102598362,1,0,1,6,3,33,6,3,39,0,0,0,0,0,5,14,2,0
base,20260712,1,0.12,0.45,0.2,0.18,3,30,9,1939,302588057,2822894328,false,false,767.3333333332928,785.3333333332928,9,7,6,179,20,6,3,9,41,39,2,9,2,0,0.04878048780487805,0.9512195121951219,17,2.125,167.7333333333248,0.21859252823631667,1,0,1,5,3,33,6,3,37,0,0,0,0,0,5,13,2,0
base,20260712,1,0.12,0.45,0.2,0.18,3,30,9,1940,2150206868,2835348251,false,false,767.9333333332922,785.9333333332922,9,7,6,179,16,5,3,0,28,23,5,0,5,0,0.17857142857142858,0.8214285714285714,13,1.625,167.7333333333248,0.21842173799809067,1,0,1,4,3,19,5,3,23,0,0,0,0,0,3,5,1,0
base,20260712,1,0.12,0.45,0.2,0.18,3,30,9,1941,2797349385,663688162,true,false,797.1999999999323,815.1999999999323,9,7,6,180,15,5,3,0,30,24,6,0,6,0,0.2,0.8,13,1.625,167.7333333333248,0.21040307743770578,1,1,0,4,3,22,4,3,23,4,3,23,121.06666666655656,0.151864860344414,5,10,1,0
base,20260712,1,0.12,0.45,0.2,0.18,3,30,9,1942,902994328,2408804527,true,false,803.3999999999266,821.3999999999266,9,7,6,180,19,5,3,6,40,35,5,6,5,0,0.125,0.875,19,2.375,167.7333333333248,0.2087793544104308,1,1,0,5,3,31,5,3,34,5,3,34,150.3999999998632,0.18720438137898548,2,5,2,0
base,20260712,1,0.12,0.45,0.2,0.18,3,30,9,1943,1115506007,2002731746,true,false,802.6333333332607,820.6333333332607,9,7,6,180,22,7,3,5,41,36,5,5,5,0,0.12195121951219512,0.8780487804878049,16,2,167.7333333333248,0.20897877818847124,1,1,0,4,3,26,6,3,34,6,3,35,124.43333333322016,0.15503135512259408,5,8,2,0
base,20260712,1,0.12,0.45,0.2,0.18,3,30,9,1944,3397948275,4125296442,false,false,784.7999999999436,802.7999999999436,9,7,6,179,23,7,3,5,39,38,1,5,1,0,0.02564102564102564,0.9743589743589743,22,2.75,167.7333333333248,0.21372748895685123,1,0,1,7,3,32,7,3,36,0,0,0,0,0,6,11,3,0
base,20260712,1,0.12,0.45,0.2,0.18,3,30,9,1945,2388934081,1770773295,true,false,746.2999999999786,764.2999999999786,9,7,6,180,14,4,3,0,31,24,7,0,7,0,0.22580645161290322,0.7741935483870968,11,1.375,167.7333333333248,0.22475322703112638,1,1,0,3,2,19,4,3,23,4,3,23,79.26666666659457,0.10621287239259929,5,13,2,0
base,20260712,1,0.12,0.45,0.2,0.18,3,30,9,1946,1995358872,940362822,false,false,809.6999999999209,827.6999999999209,9,7,6,179,20,6,3,5,38,35,3,5,3,0,0.07894736842105263,0.9210526315789473,18,2.25,167.7333333333248,0.20715491334239988,1,0,1,5,3,27,6,3,35,0,0,0,0,0,3,5,2,0
base,20260712,1,0.12,0.45,0.2,0.18,3,30,9,1947,2523891223,2964921136,true,false,788.8999999999398,806.8999999999398,9,7,6,180,20,5,3,7,41,37,4,7,4,0,0.0975609756097561,0.9024390243902439,14,1.75,167.7333333333248,0.21261672370812218,1,1,0,3,3,29,5,3,36,5,3,36,125.49999999988586,0.1590822664468189,5,8,3,0
base,20260712,1,0.12,0.45,0.2,0.18,3,30,9,1948,361218538,3530741871,false,false,778.6999999999491,796.6999999999491,9,7,6,179,20,6,2,8,45,38,7,8,7,0,0.15555555555555556,0.8444444444444444,17,2.125,167.7333333333248,0.21540173793930364,1,0,1,5,2,30,6,2,38,0,0,0,0,0,5,10,2,0
base,20260712,1,0.12,0.45,0.2,0.18,3,30,9,1949,1282394568,1490318912,false,false,750.5666666666414,768.5666666666414,9,7,6,179,23,7,3,5,40,36,4,5,4,0,0.1,0.9,16,2,167.7333333333248,0.22347559621618837,1,0,1,4,3,26,6,3,35,0,0,0,0,0,2,7,2,0
base,20260712,1,0.12,0.45,0.2,0.18,3,30,9,1950,1339215390,2366892860,false,false,848.7999999998854,866.7999999998854,9,7,6,179,18,5,2,8,40,36,4,8,4,0,0.1,0.9,17,2.125,167.7333333333248,0.19761231542571567,1,0,1,5,2,30,5,2,36,0,0,0,0,0,6,8,2,0
base,20260712,1,0.12,0.45,0.2,0.18,3,30,9,1951,125813118,3638391591,true,false,801.9333333332613,819.9333333332613,9,7,6,180,14,4,3,1,28,25,3,1,3,0,0.10714285714285714,0.8928571428571429,13,1.625,167.7333333333248,0.20916119378170236,1,1,0,4,3,22,4,3,24,4,3,24,120.26666666655728,0.14997090364939075,5,11,2,0
base,20260712,1,0.12,0.45,0.2,0.18,3,30,9,1952,3617027581,225791124,false,false,836.4333333332299,854.4333333332299,9,7,6,179,27,8,3,11,56,48,8,11,8,0,0.14285714285714285,0.8571428571428571,21,2.625,167.7333333333248,0.20053401346990657,1,0,1,6,3,37,8,3,46,0,0,0,0,0,4,7,2,0
base,20260712,1,0.12,0.45,0.2,0.18,3,30,9,1953,2651965194,2059781020,false,false,822.9999999999088,840.9999999999088,9,7,6,179,21,6,3,7,38,37,1,7,1,0,0.02631578947368421,0.9736842105263158,17,2.125,167.7333333333248,0.20380720939652902,1,0,1,5,3,28,6,3,35,0,0,0,0,0,6,14,2,0
base,20260712,1,0.12,0.45,0.2,0.18,3,30,9,1954,274993658,760634506,false,false,811.5666666665859,829.5666666665859,9,7,6,179,11,3,1,0,26,21,5,0,5,0,0.19230769230769232,0.8076923076923077,11,1.375,167.7333333333248,0.20667844087568263,1,0,1,3,1,19,3,1,21,0,0,0,0,0,3,5,2,0
base,20260712,1,0.12,0.45,0.2,0.18,3,30,9,1955,2625751527,4231601307,false,false,780.4666666666142,798.4666666666142,9,7,6,179,26,8,3,10,48,45,3,10,3,0,0.0625,0.9375,19,2.375,167.7333333333248,0.21491415392500565,1,0,1,5,3,31,8,3,43,0,0,0,0,0,5,8,2,0
base,20260712,1,0.12,0.45,0.2,0.18,3,30,9,1956,649042797,3731257903,false,false,817.7999999999136,835.7999999999136,9,7,6,179,21,6,3,10,50,41,9,10,9,0,0.18,0.82,20,2.5,167.7333333333248,0.2051031221977776,1,0,1,6,3,33,6,3,40,0,0,0,0,0,5,5,3,0
base,20260712,1,0.12,0.45,0.2,0.18,3,30,9,1957,2876888917,3264017604,true,false,760.0666666666327,778.0666666666327,9,7,6,180,24,7,3,8,49,42,7,8,7,0,0.14285714285714285,0.8571428571428571,22,2.75,167.7333333333248,0.2206823962810266,1,1,0,7,3,34,7,3,39,7,3,41,86.2333333332549,0.11345496009112195,5,11,3,0
base,20260712,1,0.12,0.45,0.2,0.18,3,30,9,1958,1941059385,3013598453,false,false,802.999999999927,820.999999999927,9,7,6,179,26,8,3,8,48,44,4,8,4,0,0.08333333333333333,0.9166666666666666,26,3.25,167.7333333333248,0.2088833540888419,1,0,1,8,3,40,8,3,42,0,0,0,0,0,6,10,2,0
base,20260712,1,0.12,0.45,0.2,0.18,3,30,9,1959,1811961343,4154823530,false,false,824.233333333241,842.233333333241,9,7,6,179,25,7,3,9,49,44,5,9,5,0,0.10204081632653061,0.8979591836734694,21,2.625,167.7333333333248,0.20350224451006216,1,0,1,6,3,33,7,3,44,0,0,0,0,0,5,10,2,0
base,20260712,1,0.12,0.45,0.2,0.18,3,30,9,1960,3276756015,2733749387,false,false,797.2666666665989,815.2666666665989,9,7,6,179,27,8,3,6,50,42,8,6,8,0,0.16,0.84,20,2.5,167.7333333333248,0.21038548373610552,1,0,1,6,3,30,8,3,42,0,0,0,0,0,2,7,4,0
base,20260712,1,0.12,0.45,0.2,0.18,3,30,9,1961,2527668012,3319140366,false,false,817.0999999999142,835.0999999999142,9,7,6,179,18,5,2,0,33,28,5,0,5,0,0.15151515151515152,0.8484848484848485,10,1.25,167.7333333333248,0.2052788316403652,1,0,1,2,2,18,5,2,28,0,0,0,0,0,5,11,3,0
base,20260712,1,0.12,0.45,0.2,0.18,3,30,9,1962,2827620923,4237081593,false,false,779.9999999999479,797.9999999999479,9,7,6,179,24,7,2,23,62,57,5,23,5,0,0.08064516129032258,0.9193548387096774,21,2.625,167.7333333333248,0.21504273504273844,1,0,1,6,2,38,7,2,57,0,0,0,0,0,3,3,2,0
base,20260712,1,0.12,0.45,0.2,0.18,3,30,9,1963,2640353538,3566470281,false,false,810.1999999999205,828.1999999999205,9,7,6,179,17,5,3,4,36,31,5,4,5,0,0.1388888888888889,0.8611111111111112,17,2.125,167.7333333333248,0.20702707150498798,1,0,1,5,3,28,5,3,31,0,0,0,0,0,3,5,1,0
base,20260712,1,0.12,0.45,0.2,0.18,3,30,9,1964,1006780409,2639703657,false,false,793.2999999999358,811.2999999999358,9,7,6,179,28,9,3,11,55,49,6,11,6,0,0.10909090909090909,0.8909090909090909,27,3.375,167.7333333333248,0.21143745535527336,1,0,1,9,3,42,9,3,49,0,0,0,0,0,3,4,2,0
base,20260712,1,0.12,0.45,0.2,0.18,3,30,9,1965,2719590382,1114403714,false,false,817.6999999999136,835.6999999999136,9,7,6,179,24,7,3,16,56,50,6,16,6,0,0.10714285714285714,0.8928571428571429,21,2.625,167.7333333333248,0.20512820512821633,1,0,1,6,3,39,7,3,50,0,0,0,0,0,3,5,2,0
base,20260712,1,0.12,0.45,0.2,0.18,3,30,9,1966,978963339,3120626463,true,false,804.0333333332594,822.0333333332594,9,7,6,180,21,6,3,3,42,34,8,3,8,0,0.19047619047619047,0.8095238095238095,20,2.5,167.7333333333248,0.20861489987978138,1,1,0,6,3,32,6,3,34,6,3,34,120.76666666655683,0.15020106960727325,5,7,2,0
base,20260712,1,0.12,0.45,0.2,0.18,3,30,9,1967,3691037864,1415371946,false,false,828.0999999999042,846.0999999999042,9,7,6,179,24,7,3,11,46,45,1,11,1,0,0.021739130434782608,0.9782608695652174,22,2.75,167.7333333333248,0.20255202672786402,1,0,1,6,3,37,7,3,43,0,0,0,0,0,5,7,2,0
base,20260712,1,0.12,0.45,0.2,0.18,3,30,9,1968,979213679,176129188,false,false,850.8666666665501,868.8666666665501,9,7,6,179,24,7,3,12,52,46,6,12,6,0,0.11538461538461539,0.8846153846153846,20,2.5,167.7333333333248,0.19713233565777769,1,0,1,5,2,39,7,3,46,0,0,0,0,0,6,10,2,0
base,20260712,1,0.12,0.45,0.2,0.18,3,30,9,1969,3855909860,3665462404,false,false,808.4333333332554,826.4333333332554,9,7,6,179,27,8,3,13,53,49,4,13,4,0,0.07547169811320754,0.9245283018867925,26,3.25,167.7333333333248,0.2074794870737735,1,0,1,8,3,43,8,3,48,0,0,0,0,0,4,5,2,0
base,20260712,1,0.12,0.45,0.2,0.18,3,30,9,1970,1918173057,3145278059,false,false,818.8999999999126,836.8999999999126,9,7,6,179,26,8,3,12,52,48,4,12,4,0,0.07692307692307693,0.9230769230769231,23,2.875,167.7333333333248,0.20482761427932922,1,0,1,7,3,37,8,3,48,0,0,0,0,0,5,10,3,0
base,20260712,1,0.12,0.45,0.2,0.18,3,30,9,1971,1175904418,3650563904,true,false,751.2666666666407,769.2666666666407,9,7,6,180,21,6,3,6,43,37,6,6,6,0,0.13953488372093023,0.8604651162790697,18,2.25,167.7333333333248,0.2232673706628768,1,1,0,5,3,29,6,3,34,6,3,36,78.96666666659485,0.10511136746818384,4,11,4,0
base,20260712,1,0.12,0.45,0.2,0.18,3,30,9,1972,739057826,1660827684,false,false,820.4333333332445,838.4333333332445,9,7,6,179,21,6,3,5,42,35,7,5,7,0,0.16666666666666666,0.8333333333333334,18,2.25,167.7333333333248,0.2044448055905533,1,0,1,5,3,29,6,3,35,0,0,0,0,0,2,5,2,0
base,20260712,1,0.12,0.45,0.2,0.18,3,30,9,1973,2400698890,3022870263,false,false,826.3999999999057,844.3999999999057,9,7,6,179,25,7,3,11,52,46,6,11,6,0,0.11538461538461539,0.8846153846153846,22,2.75,167.7333333333248,0.20296869958052266,1,0,1,6,3,37,7,3,46,0,0,0,0,0,2,4,2,0
base,20260712,1,0.12,0.45,0.2,0.18,3,30,9,1974,3098491239,1488967890,false,false,770.9666666666228,788.9666666666228,9,7,6,179,21,6,3,7,41,37,4,7,4,0,0.0975609756097561,0.9024390243902439,20,2.5,167.7333333333248,0.21756236759047212,1,0,1,6,3,32,6,3,37,0,0,0,0,0,5,8,2,0
base,20260712,1,0.12,0.45,0.2,0.18,3,30,9,1975,3667578246,52116476,false,false,763.6333333332962,781.6333333332962,9,7,6,179,23,6,3,10,46,43,3,10,3,0,0.06521739130434782,0.9347826086956522,22,2.75,167.7333333333248,0.21965166528438557,1,0,1,6,3,35,6,3,43,0,0,0,0,0,5,11,2,0
base,20260712,1,0.12,0.45,0.2,0.18,3,30,9,1976,2433988340,1275836857,false,false,806.2333333332574,824.2333333332574,9,7,6,179,24,7,3,5,41,39,2,5,2,0,0.04878048780487805,0.9512195121951219,17,2.125,167.7333333333248,0.20804564435441425,1,0,1,4,2,26,6,3,34,0,0,0,0,0,5,14,2,0
base,20260712,1,0.12,0.45,0.2,0.18,3,30,9,1977,616525279,3789547306,false,false,792.3999999999367,810.3999999999367,9,7,6,179,19,5,3,11,44,39,5,11,5,0,0.11363636363636363,0.8863636363636364,17,2.125,167.7333333333248,0.21167760390375845,1,0,1,5,3,34,5,3,37,0,0,0,0,0,6,10,2,0
base,20260712,1,0.12,0.45,0.2,0.18,3,30,9,1978,2374028774,2063803806,false,false,811.3333333332528,829.3333333332528,9,7,6,179,23,7,3,8,43,39,4,8,4,0,0.09302325581395349,0.9069767441860465,18,2.25,167.7333333333248,0.2067378800328777,1,0,1,5,3,29,7,3,39,0,0,0,0,0,5,11,2,0
base,20260712,1,0.12,0.45,0.2,0.18,3,30,9,1979,1288862769,3335336247,false,false,760.4666666666324,778.4666666666324,9,7,6,179,28,9,3,9,51,45,6,9,6,0,0.11764705882352941,0.8823529411764706,25,3.125,167.7333333333248,0.2205663189269734,1,0,1,8,3,36,9,3,45,0,0,0,0,0,3,4,3,0
base,20260712,1,0.12,0.45,0.2,0.18,3,30,9,1980,4256400196,964965070,false,false,825.2999999999067,843.2999999999067,9,7,6,179,17,5,1,5,37,32,5,5,5,0,0.13513513513513514,0.8648648648648649,13,1.625,167.7333333333248,0.20323922614000212,1,0,1,3,1,27,5,1,31,0,0,0,0,0,5,9,2,0
base,20260712,1,0.12,0.45,0.2,0.18,3,30,9,1981,2415560653,3624147960,false,false,786.2666666666089,804.2666666666089,9,7,6,179,22,7,3,3,41,34,7,3,7,0,0.17073170731707318,0.8292682926829268,14,1.75,167.7333333333248,0.2133288112599675,1,0,1,4,2,22,6,3,32,0,0,0,0,0,6,10,2,0
base,20260712,1,0.12,0.45,0.2,0.18,3,30,9,1982,1736542044,1190940629,false,false,845.2666666665552,863.2666666665552,9,7,6,179,28,8,3,14,56,52,4,14,4,0,0.07142857142857142,0.9285714285714286,25,3.125,167.7333333333248,0.1984383626469125,1,0,1,7,3,45,8,3,51,0,0,0,0,0,5,10,3,0
base,20260712,1,0.12,0.45,0.2,0.18,3,30,9,1983,2752096292,992585380,false,false,774.8999999999526,792.8999999999526,9,7,6,179,20,6,2,6,40,36,4,6,4,0,0.1,0.9,17,2.125,167.7333333333248,0.2164580375962512,1,0,1,5,2,29,6,2,36,0,0,0,0,0,5,8,2,0
base,20260712,1,0.12,0.45,0.2,0.18,3,30,9,1984,327723275,4047953829,false,false,844.4333333332227,862.4333333332227,9,7,6,179,26,8,3,8,52,43,9,8,9,0,0.17307692307692307,0.8269230769230769,21,2.625,167.7333333333248,0.1986341925551811,1,0,1,6,3,35,8,3,42,0,0,0,0,0,6,11,2,0
base,20260712,1,0.12,0.45,0.2,0.18,3,30,9,1985,3424793543,393182879,false,false,790.7999999999381,808.7999999999381,9,7,6,179,25,8,3,8,48,42,6,8,6,0,0.125,0.875,20,2.5,167.7333333333248,0.21210588433654265,1,0,1,6,3,36,8,3,42,0,0,0,0,0,5,5,2,0
base,20260712,1,0.12,0.45,0.2,0.18,3,30,9,1986,1702028445,3746077527,false,false,782.9333333332786,800.9333333332786,9,7,6,179,24,7,2,10,57,44,13,10,13,0,0.22807017543859648,0.7719298245614035,21,2.625,167.7333333333248,0.2142370572207125,1,0,1,6,2,36,7,2,44,0,0,0,0,0,4,11,2,0
base,20260712,1,0.12,0.45,0.2,0.18,3,30,9,1987,1462908100,2431520153,false,false,842.0333333332248,860.0333333332248,9,7,6,179,23,7,3,9,43,40,3,9,3,0,0.06976744186046512,0.9302325581395349,18,2.25,167.7333333333248,0.19920034836310488,1,0,1,5,3,34,7,3,39,0,0,0,0,0,5,13,2,0
base,20260712,1,0.12,0.45,0.2,0.18,3,30,9,1988,2698554456,339941087,false,false,819.0999999999124,837.0999999999124,9,7,6,179,28,7,3,12,52,49,3,12,3,0,0.057692307692307696,0.9423076923076923,26,3.25,167.7333333333248,0.204777601432478,1,0,1,7,3,43,7,3,49,0,0,0,0,0,5,8,2,0
base,20260712,1,0.12,0.45,0.2,0.18,3,30,9,1989,1967385387,2196802418,false,false,828.9333333332368,846.9333333332368,9,7,6,179,24,8,3,6,42,38,4,6,4,0,0.09523809523809523,0.9047619047619048,18,2.25,167.7333333333248,0.20234839954963527,1,0,1,5,3,28,8,3,38,0,0,0,0,0,5,5,2,0
base,20260712,1,0.12,0.45,0.2,0.18,3,30,9,1990,3116981225,1334477155,false,false,759.5333333332999,777.5333333332999,9,7,6,179,25,7,3,8,49,42,7,8,7,0,0.14285714285714285,0.8571428571428571,20,2.5,167.7333333333248,0.2208373562713932,1,0,1,6,3,30,7,3,42,0,0,0,0,0,3,5,2,0
base,20260712,1,0.12,0.45,0.2,0.18,3,30,9,1991,2600085036,1708569096,false,false,819.1999999999123,837.1999999999123,9,7,6,179,21,6,3,7,45,38,7,7,7,0,0.15555555555555556,0.8444444444444444,18,2.25,167.7333333333248,0.20475260416667818,1,0,1,5,3,30,6,3,36,0,0,0,0,0,5,10,2,0
base,20260712,1,0.12,0.45,0.2,0.18,3,30,9,1992,337821884,2198987083,false,false,836.0999999998969,854.0999999998969,9,7,6,179,27,8,3,11,54,48,6,11,6,0,0.1111111111111111,0.8888888888888888,21,2.625,167.7333333333248,0.20061396164734538,1,0,1,6,3,38,8,3,48,0,0,0,0,0,5,8,2,0
base,20260712,1,0.12,0.45,0.2,0.18,3,30,9,1993,2284470891,392799817,false,false,752.6666666666395,770.6666666666395,9,7,6,179,18,5,3,1,30,28,2,1,2,0,0.06666666666666667,0.9333333333333333,13,1.625,167.7333333333248,0.22285208148803923,1,0,1,3,3,23,5,3,28,0,0,0,0,0,2,5,1,0
base,20260712,1,0.12,0.45,0.2,0.18,3,30,9,1994,2488555669,2178382869,false,false,835.5999999998974,853.5999999998974,9,7,6,179,26,8,3,9,52,45,7,9,7,0,0.1346153846153846,0.8653846153846154,22,2.75,167.7333333333248,0.200734003510466,1,0,1,7,3,36,8,3,44,0,0,0,0,0,5,6,2,0
base,20260712,1,0.12,0.45,0.2,0.18,3,30,9,1995,1730854877,1617474794,false,false,775.6999999999518,793.6999999999518,9,7,6,179,26,7,3,18,65,54,11,18,11,0,0.16923076923076924,0.8307692307692308,22,2.75,167.7333333333248,0.2162347986764667,1,0,1,6,3,38,7,3,54,0,0,0,0,0,2,4,3,0
base,20260712,1,0.12,0.45,0.2,0.18,3,30,9,1996,4140050824,864929237,false,false,835.0333333332312,853.0333333332312,9,7,6,179,22,7,3,4,39,36,3,4,3,0,0.07692307692307693,0.9230769230769231,15,1.875,167.7333333333248,0.20087022474154162,1,0,1,4,3,25,7,3,35,0,0,0,0,0,5,13,2,0
base,20260712,1,0.12,0.45,0.2,0.18,3,30,9,1997,37436543,2465763239,false,false,789.8666666666056,807.8666666666056,9,7,6,179,23,7,2,8,45,41,4,8,4,0,0.08888888888888889,0.9111111111111111,18,2.25,167.7333333333248,0.21235651586766258,1,0,1,5,2,34,7,2,40,0,0,0,0,0,4,5,2,0
base,20260712,1,0.12,0.45,0.2,0.18,3,30,9,1998,1231151600,939793689,false,false,782.3333333332791,800.3333333332791,9,7,6,179,23,7,2,10,46,43,3,10,3,0,0.06521739130434782,0.9347826086956522,17,2.125,167.7333333333248,0.21440136344269672,1,0,1,5,2,27,7,2,42,0,0,0,0,0,5,8,3,0
base,20260712,1,0.12,0.45,0.2,0.18,3,30,9,1999,2686240846,1136941615,true,false,801.7333333332615,819.7333333332615,9,7,6,180,23,7,3,8,46,41,5,8,5,0,0.10869565217391304,0.8913043478260869,21,2.625,167.7333333333248,0.20921337102944432,1,1,0,6,3,33,6,3,39,6,3,39,123.26666666655456,0.15375020788279428,5,9,2,0
base,20260712,1,0.12,0.45,0.2,0.18,3,30,9,2000,2699673048,3513373010,false,false,817.299999999914,835.299999999914,9,7,6,179,17,5,2,2,37,29,8,2,8,0,0.21621621621621623,0.7837837837837838,14,1.75,167.7333333333248,0.20522859822995526,1,0,1,4,2,23,5,2,27,0,0,0,0,0,3,5,3,0
base,20260712,1,0.12,0.45,0.2,0.18,3,30,9,2001,2015423811,935657302,false,false,810.9999999999197,828.9999999999197,9,7,6,179,18,5,2,6,39,33,6,6,6,0,0.15384615384615385,0.8461538461538461,17,2.125,167.7333333333248,0.20682285244555043,1,0,1,5,2,28,5,2,33,0,0,0,0,0,3,4,2,0
base,20260712,1,0.12,0.45,0.2,0.18,3,30,9,2002,3167593459,1035460215,false,false,805.2666666665916,823.2666666665916,9,7,6,179,23,7,3,8,46,39,7,8,7,0,0.15217391304347827,0.8478260869565217,19,2.375,167.7333333333248,0.20829538869112563,1,0,1,6,3,30,7,3,39,0,0,0,0,0,5,11,5,0
base,20260712,1,0.12,0.45,0.2,0.18,3,30,9,2003,2293584887,1500831278,false,false,843.1999999998905,861.1999999998905,9,7,6,179,24,7,2,8,44,40,4,8,4,0,0.09090909090909091,0.9090909090909091,21,2.625,167.7333333333248,0.19892473118281143,1,0,1,6,2,34,7,2,40,0,0,0,0,0,6,8,2,0
base,20260712,1,0.12,0.45,0.2,0.18,3,30,9,2004,1921176794,3485525894,false,false,800.5999999999292,818.5999999999292,9,7,6,179,24,7,3,12,53,44,9,12,9,0,0.16981132075471697,0.8301886792452831,17,2.125,167.7333333333248,0.2095095345157877,1,0,1,5,3,31,7,3,44,0,0,0,0,0,3,7,5,0
base,20260712,1,0.12,0.45,0.2,0.18,3,30,9,2005,406501506,4014543999,false,false,783.9333333332777,801.9333333332777,9,7,6,179,21,6,2,10,47,40,7,10,7,0,0.14893617021276595,0.851063829787234,15,1.875,167.7333333333248,0.21396377242963266,1,0,1,4,2,28,6,2,40,0,0,0,0,0,5,9,2,0
base,20260712,1,0.12,0.45,0.2,0.18,3,30,9,2006,4196207471,2968107278,true,false,800.6333333332625,818.6333333332625,9,7,6,180,19,5,3,3,41,32,9,3,9,0,0.21951219512195122,0.7804878048780488,13,1.625,167.7333333333248,0.20950081185728753,1,1,0,3,2,22,5,3,29,5,3,30,118.99999999989177,0.1486323327364615,5,6,2,0
base,20260712,1,0.12,0.45,0.2,0.18,3,30,9,2007,2000600627,22541613,false,false,809.3333333332546,827.3333333332546,9,7,6,179,29,8,3,15,61,54,7,15,7,0,0.11475409836065574,0.8852459016393442,25,3.125,167.7333333333248,0.20724876441516613,1,0,1,7,3,45,8,3,54,0,0,0,0,0,5,7,3,0
base,20260712,1,0.12,0.45,0.2,0.18,3,30,9,2008,3537866947,684414716,false,false,762.7666666666303,780.7666666666303,9,7,6,179,17,5,3,4,33,29,4,4,4,0,0.12121212121212122,0.8787878787878788,13,1.625,167.7333333333248,0.21990123672595305,1,0,1,4,3,22,5,3,29,0,0,0,0,0,3,7,2,0
base,20260712,1,0.12,0.45,0.2,0.18,3,30,9,2009,2911198320,4090438512,false,false,814.5666666665832,832.5666666665832,9,7,6,179,26,8,3,20,61,55,6,20,6,0,0.09836065573770492,0.9016393442622951,24,3,167.7333333333248,0.2059172566190719,1,0,1,7,3,44,7,3,53,0,0,0,0,0,3,4,2,0
base,20260712,1,0.12,0.45,0.2,0.18,3,30,9,2010,1138202193,2807773682,false,false,802.2999999999276,820.2999999999276,9,7,6,179,15,4,3,2,32,26,6,2,6,0,0.1875,0.8125,13,1.625,167.7333333333248,0.2090656030578835,1,0,1,4,3,23,4,3,26,0,0,0,0,0,2,5,2,0
base,20260712,1,0.12,0.45,0.2,0.18,3,30,9,2011,3031089764,2688395053,false,false,835.3999999998975,853.3999999998975,9,7,6,179,27,8,3,19,59,54,5,19,5,0,0.0847457627118644,0.9152542372881356,24,3,167.7333333333248,0.20078206048999925,1,0,1,7,3,42,8,3,54,0,0,0,0,0,6,7,2,0
base,20260712,1,0.12,0.45,0.2,0.18,3,30,9,2012,4096983931,2481884554,false,false,764.3666666666288,782.3666666666288,9,7,6,179,24,7,3,4,39,37,2,4,2,0,0.05128205128205128,0.9487179487179487,15,1.875,167.7333333333248,0.21944093149012223,1,0,1,4,3,24,7,3,35,0,0,0,0,0,4,7,3,0
base,20260712,1,0.12,0.45,0.2,0.18,3,30,9,2013,3180296987,4166589109,false,false,751.2666666666407,769.2666666666407,9,7,6,179,26,8,3,11,51,47,4,11,4,0,0.0784313725490196,0.9215686274509803,21,2.625,167.7333333333248,0.2232673706628768,1,0,1,6,3,35,8,3,47,0,0,0,0,0,3,5,1,0
base,20260712,1,0.12,0.45,0.2,0.18,3,30,9,2014,3713855793,3882562990,false,false,826.0666666665727,844.0666666665727,9,7,6,179,27,8,3,8,57,45,12,8,12,0,0.21052631578947367,0.7894736842105263,22,2.75,167.7333333333248,0.2030506012428503,1,0,1,6,3,38,8,3,45,0,0,0,0,0,3,5,3,0
base,20260712,1,0.12,0.45,0.2,0.18,3,30,9,2015,1202584207,115971460,true,false,833.5999999998992,851.5999999998992,9,7,6,180,27,8,3,17,61,53,8,17,8,0,0.13114754098360656,0.8688524590163934,22,2.75,167.7333333333248,0.20121561100449264,1,1,0,6,3,39,7,3,51,7,3,52,142.99999999986994,0.17154510556608354,5,6,2,0
base,20260712,1,0.12,0.45,0.2,0.18,3,30,9,2016,436899160,3647861526,false,false,818.9666666665792,836.9666666665792,9,7,6,179,16,4,2,1,28,25,3,1,3,0,0.10714285714285714,0.8928571428571429,9,1.125,167.7333333333248,0.20481094061623514,1,0,1,2,2,15,3,2,24,0,0,0,0,0,2,5,2,0
base,20260712,1,0.12,0.45,0.2,0.18,3,30,9,2017,1598496511,3211125582,false,false,833.9333333332322,851.9333333332322,9,7,6,179,15,4,3,0,29,23,6,0,6,0,0.20689655172413793,0.7931034482758621,9,1.125,167.7333333333248,0.20113518266849284,1,0,1,2,2,16,4,3,22,0,0,0,0,0,6,11,2,0
base,20260712,1,0.12,0.45,0.2,0.18,3,30,9,2018,545737158,58576244,false,false,779.0333333332821,797.0333333332821,9,7,6,179,23,7,3,10,45,42,3,10,3,0,0.06666666666666667,0.9333333333333333,18,2.25,167.7333333333248,0.21530957169141562,1,0,1,5,3,29,7,3,42,0,0,0,0,0,3,5,2,0
base,20260712,1,0.12,0.45,0.2,0.18,3,30,9,2019,2502068740,3936980901,false,false,776.2999999999513,794.2999999999513,9,7,6,179,12,3,2,0,26,20,6,0,6,0,0.23076923076923078,0.7692307692307693,9,1.125,167.7333333333248,0.21606767143286787,1,0,1,2,2,17,3,2,20,0,0,0,0,0,5,11,2,0
base,20260712,1,0.12,0.45,0.2,0.18,3,30,9,2020,3039456290,3274466269,false,false,759.8666666666329,777.8666666666329,9,7,6,179,29,9,3,18,61,56,5,18,5,0,0.08196721311475409,0.9180327868852459,26,3.25,167.7333333333248,0.2207404807861014,1,0,1,8,3,47,9,3,56,0,0,0,0,0,3,5,3,0
base,20260712,1,0.12,0.45,0.2,0.18,3,30,9,2021,1969965127,1835743282,true,false,764.7999999999618,782.7999999999618,9,7,6,180,21,7,3,4,40,34,6,4,6,0,0.15,0.85,19,2.375,167.7333333333248,0.2193165969316595,1,1,0,6,3,32,6,3,33,6,3,33,89.29999999991878,0.11676255230115487,6,11,3,0
base,20260712,1,0.12,0.45,0.2,0.18,3,30,9,2022,2914706235,3780314519,false,false,751.6666666666404,769.6666666666404,9,7,6,179,19,5,3,2,36,30,6,2,6,0,0.16666666666666666,0.8333333333333334,17,2.125,167.7333333333248,0.2231485587583113,1,0,1,5,3,28,5,3,30,0,0,0,0,0,3,4,3,0
base,20260712,1,0.12,0.45,0.2,0.18,3,30,9,2023,4290369282,1696172339,false,false,827.4666666665714,845.4666666665714,9,7,6,179,17,5,2,8,38,35,3,8,3,0,0.07894736842105263,0.9210526315789473,12,1.5,167.7333333333248,0.20270705768612324,1,0,1,3,2,24,5,2,34,0,0,0,0,0,5,5,3,0
base,20260712,1,0.12,0.45,0.2,0.18,3,30,9,2024,2696120072,1734846415,true,false,788.7666666666066,806.7666666666066,9,7,6,180,21,6,3,6,43,37,6,6,6,0,0.13953488372093023,0.8604651162790697,19,2.375,167.7333333333248,0.21265266449732184,1,1,0,6,3,31,6,3,34,6,3,36,101.19999999990796,0.128301567848433,5,13,2,0
base,20260712,1,0.12,0.45,0.2,0.18,3,30,9,2025,3173430762,2116564512,false,false,864.9666666665373,882.9666666665373,9,7,6,179,23,7,3,12,51,45,6,12,6,0,0.11764705882352941,0.8823529411764706,18,2.25,167.7333333333248,0.19391884080313293,1,0,1,5,3,34,7,3,42,0,0,0,0,0,6,14,2,0
base,20260712,1,0.12,0.45,0.2,0.18,3,30,9,2026,60891898,2169283741,true,false,784.8666666666102,802.8666666666102,9,7,6,180,16,4,3,7,39,33,6,7,6,0,0.15384615384615385,0.8461538461538461,13,1.625,167.7333333333248,0.2137093349188867,1,1,0,4,3,20,4,3,29,4,3,31,113.49999999989677,0.1446105495624373,5,10,2,0
base,20260712,1,0.12,0.45,0.2,0.18,3,30,9,2027,2497134501,2286431465,false,false,781.7999999999463,799.7999999999463,9,7,6,179,14,4,3,0,30,23,7,0,7,0,0.23333333333333334,0.7666666666666667,13,1.625,167.7333333333248,0.21454762513857292,1,0,1,4,3,21,4,3,23,0,0,0,0,0,3,5,2,0
base,20260712,1,0.12,0.45,0.2,0.18,3,30,9,2028,3222929580,308526568,true,false,800.6666666665958,818.6666666665958,9,7,6,180,21,7,3,7,41,37,4,7,4,0,0.0975609756097561,0.9024390243902439,17,2.125,167.7333333333248,0.20949208992507032,1,1,0,5,3,26,6,3,35,6,3,36,126.26666666655183,0.15770191507064488,5,8,2,0
base,20260712,1,0.12,0.45,0.2,0.18,3,30,9,2029,2748218574,643133102,true,false,835.999999999897,853.999999999897,9,7,6,180,24,7,3,7,45,41,4,7,4,0,0.08888888888888889,0.9111111111111111,20,2.5,167.7333333333248,0.20063795853270988,1,1,0,6,3,32,7,3,39,7,3,40,156.03333333319142,0.18664274322154384,5,6,2,0
base,20260712,1,0.12,0.45,0.2,0.18,3,30,9,2030,3774474773,828836067,false,false,770.1666666666235,788.1666666666235,9,7,6,179,22,6,3,9,47,40,7,9,7,0,0.14893617021276595,0.851063829787234,18,2.25,167.7333333333248,0.21778835749837808,1,0,1,5,3,30,6,3,39,0,0,0,0,0,4,5,2,0
base,20260712,1,0.12,0.45,0.2,0.18,3,30,9,2031,2967073620,4029187524,false,false,756.133333333303,774.133333333303,9,7,6,179,23,7,3,5,43,38,5,5,5,0,0.11627906976744186,0.8837209302325582,20,2.5,167.7333333333248,0.22183036501498615,1,0,1,6,3,29,7,3,38,0,0,0,0,0,3,5,2,0
base,20260712,1,0.12,0.45,0.2,0.18,3,30,9,2032,2422668774,2015389913,false,false,781.3666666666134,799.3666666666134,9,7,6,179,15,4,3,3,30,28,2,3,2,0,0.06666666666666667,0.9333333333333333,14,1.75,167.7333333333248,0.21466660978627564,1,0,1,4,3,25,4,3,28,0,0,0,0,0,5,11,2,0
base,20260712,1,0.12,0.45,0.2,0.18,3,30,9,2033,4281730206,3954570052,false,false,797.0333333332658,815.0333333332658,9,7,6,179,31,9,3,14,64,55,9,14,9,0,0.140625,0.859375,26,3.25,167.7333333333248,0.2104470745681975,1,0,1,8,3,46,9,3,55,0,0,0,0,0,4,5,2,0
base,20260712,1,0.12,0.45,0.2,0.18,3,30,9,2034,16340516,1499808331,false,false,835.3666666665642,853.3666666665642,9,7,6,179,23,7,3,7,44,39,5,7,5,0,0.11363636363636363,0.8863636363636364,17,2.125,167.7333333333248,0.2007900722237884,1,0,1,5,3,30,7,3,37,0,0,0,0,0,6,13,2,0
base,20260712,1,0.12,0.45,0.2,0.18,3,30,9,2035,2784986610,2657799575,false,false,832.7333333332333,850.7333333332333,9,7,6,179,18,5,3,6,38,34,4,6,4,0,0.10526315789473684,0.8947368421052632,17,2.125,167.7333333333248,0.20142502601874743,1,0,1,5,3,25,5,3,34,0,0,0,0,0,5,11,2,0
base,20260712,1,0.12,0.45,0.2,0.18,3,30,9,2036,3007314067,3150395677,true,false,806.5333333332571,824.5333333332571,9,7,6,180,22,7,3,10,47,41,6,10,6,0,0.1276595744680851,0.8723404255319149,21,2.625,167.7333333333248,0.20796825921640846,1,1,0,6,3,37,6,3,40,6,3,40,148.1999999998652,0.18374938006267055,2,5,2,0
base,20260712,1,0.12,0.45,0.2,0.18,3,30,9,2037,2405475277,2462676017,false,false,775.6333333332852,793.6333333332852,9,7,6,179,24,7,3,3,39,35,4,3,4,0,0.10256410256410256,0.8974358974358975,18,2.25,167.7333333333248,0.21625338433108668,1,0,1,5,3,27,7,3,35,0,0,0,0,0,3,5,3,0
base,20260712,1,0.12,0.45,0.2,0.18,3,30,9,2038,3067613862,2857586257,false,false,829.9999999999025,847.9999999999025,9,7,6,179,25,8,3,11,50,44,6,11,6,0,0.12,0.88,18,2.25,167.7333333333248,0.20208835341366807,1,0,1,5,3,31,8,3,43,0,0,0,0,0,5,5,2,0
base,20260712,1,0.12,0.45,0.2,0.18,3,30,9,2039,2284160155,3892362964,false,false,835.6333333332307,853.6333333332307,9,7,6,179,22,7,3,6,40,38,2,6,2,0,0.05,0.95,22,2.75,167.7333333333248,0.20072599625036347,1,0,1,7,3,33,7,3,38,0,0,0,0,0,6,13,2,0
base,20260712,1,0.12,0.45,0.2,0.18,3,30,9,2040,3557924123,235122884,false,false,781.1999999999468,799.1999999999468,9,7,6,179,20,5,3,4,35,34,1,4,1,0,0.02857142857142857,0.9714285714285714,13,1.625,167.7333333333248,0.21471240826079904,1,0,1,3,3,22,5,3,34,0,0,0,0,0,2,5,2,0
base,20260712,1,0.12,0.45,0.2,0.18,3,30,9,2041,2618706556,605004392,true,false,798.7333333332642,816.7333333332642,9,7,6,180,25,8,3,4,44,37,7,4,7,0,0.1590909090909091,0.8409090909090909,19,2.375,167.7333333333248,0.20999916534513727,1,1,0,6,3,28,8,3,37,8,3,37,122.33333333322207,0.15315916868362323,5,8,3,0
base,20260712,1,0.12,0.45,0.2,0.18,3,30,9,2042,983868296,2012825854,true,false,802.6999999999273,820.6999999999273,9,7,6,180,20,7,3,5,43,34,9,5,9,0,0.20930232558139536,0.7906976744186046,14,1.75,167.7333333333248,0.20896142186787092,1,1,0,4,3,24,6,3,30,6,3,33,121.39999999988959,0.15123956646306289,5,9,3,0
base,20260712,1,0.12,0.45,0.2,0.18,3,30,9,2043,3878109917,2319245414,false,false,767.9333333332922,785.9333333332922,9,7,6,179,20,6,3,1,38,30,8,1,8,0,0.21052631578947367,0.7894736842105263,19,2.375,167.7333333333248,0.21842173799809067,1,0,1,6,3,28,6,3,30,0,0,0,0,0,6,8,2,0
base,20260712,1,0.12,0.45,0.2,0.18,3,30,9,2044,1054430949,559248569,false,false,829.5666666665695,847.5666666665695,9,7,6,179,17,5,3,1,36,28,8,1,8,0,0.2222222222222222,0.7777777777777778,14,1.75,167.7333333333248,0.2021939165026051,1,0,1,4,3,23,5,3,28,0,0,0,0,0,2,5,2,0
base,20260712,1,0.12,0.45,0.2,0.18,3,30,9,2045,2004967706,470874868,false,false,807.5333333332562,825.5333333332562,9,7,6,179,18,5,3,2,32,29,3,2,3,0,0.09375,0.90625,16,2,167.7333333333248,0.20771072401552979,1,0,1,4,3,27,5,3,29,0,0,0,0,0,2,7,2,0
base,20260712,1,0.12,0.45,0.2,0.18,3,30,9,2046,2636764596,3952640028,false,false,766.6666666666267,784.6666666666267,9,7,6,179,17,5,3,1,31,27,4,1,4,0,0.12903225806451613,0.8709677419354839,16,2,167.7333333333248,0.21878260869565244,1,0,1,5,3,25,5,3,27,0,0,0,0,0,4,8,2,0
base,20260712,1,0.12,0.45,0.2,0.18,3,30,9,2047,1913407800,2439224506,false,false,812.1666666665853,830.1666666665853,9,7,6,179,24,7,3,3,38,37,1,3,1,0,0.02631578947368421,0.9736842105263158,20,2.5,167.7333333333248,0.20652575415556115,1,0,1,6,3,30,7,3,37,0,0,0,0,0,3,5,2,0
base,20260712,1,0.12,0.45,0.2,0.18,3,30,9,2048,2073786469,319454053,false,false,769.0999999999578,787.0999999999578,9,7,6,179,24,7,3,9,49,43,6,9,6,0,0.12244897959183673,0.8775510204081632,18,2.25,167.7333333333248,0.21809040870281365,1,0,1,5,3,33,7,3,42,0,0,0,0,0,7,11,2,0
base,20260712,1,0.12,0.45,0.2,0.18,3,30,9,2049,3090516991,57940965,true,false,815.2333333332492,833.2333333332492,9,7,6,180,28,9,3,5,46,42,4,5,4,0,0.08695652173913043,0.9130434782608695,18,2.25,167.7333333333248,0.2057488653555327,1,1,0,5,3,30,7,3,39,7,3,39,130.2333333332149,0.1597497648933577,6,11,2,0
base,20260712,1,0.12,0.45,0.2,0.18,3,30,9,2050,3183767468,1337802704,false,false,804.7666666665921,822.7666666665921,9,7,6,179,26,8,3,13,53,48,5,13,5,0,0.09433962264150944,0.9056603773584906,18,2.25,167.7333333333248,0.20842480222011392,1,0,1,5,2,34,7,3,43,0,0,0,0,0,6,8,2,0
base,20260712,1,0.12,0.45,0.2,0.18,3,30,9,2051,1595305992,1804948864,false,false,770.9333333332895,788.9333333332895,9,7,6,179,23,7,3,8,48,41,7,8,7,0,0.14583333333333334,0.8541666666666666,20,2.5,167.7333333333248,0.21757177447250214,1,0,1,6,3,31,7,3,41,0,0,0,0,0,5,6,3,0
base,20260712,1,0.12,0.45,0.2,0.18,3,30,9,2052,347291362,3065734741,false,false,822.9999999999088,840.9999999999088,9,7,6,179,18,5,3,10,40,36,4,10,4,0,0.1,0.9,16,2,167.7333333333248,0.20380720939652902,1,0,1,4,3,31,5,3,36,0,0,0,0,0,3,5,2,0
base,20260712,1,0.12,0.45,0.2,0.18,3,30,9,2053,2949301150,1452146709,true,false,801.4666666665951,819.4666666665951,9,7,6,180,21,6,3,4,39,35,4,4,4,0,0.10256410256410256,0.8974358974358975,19,2.375,167.7333333333248,0.2092829812011393,1,1,0,5,3,31,6,3,35,6,3,35,110.13333333323317,0.13741473964387332,5,13,2,0
base,20260712,1,0.12,0.45,0.2,0.18,3,30,9,2054,583007787,1944286481,true,false,764.5999999999619,782.5999999999619,9,7,6,180,22,6,3,8,47,40,7,8,7,0,0.14893617021276595,0.851063829787234,19,2.375,167.7333333333248,0.21937396460022646,1,1,0,5,3,33,6,3,39,6,3,39,85.23333333325581,0.11147440927708613,4,11,2,0
base,20260712,1,0.12,0.45,0.2,0.18,3,30,9,2055,291571353,3954947061,false,false,767.0666666666264,785.0666666666264,9,7,6,179,23,7,3,7,46,40,6,7,6,0,0.13043478260869565,0.8695652173913043,22,2.75,167.7333333333248,0.2186685207717716,1,0,1,7,3,34,7,3,40,0,0,0,0,0,6,7,3,0
base,20260712,1,0.12,0.45,0.2,0.18,3,30,9,2056,4258214375,3687288573,false,false,826.5333333332389,844.5333333332389,9,7,6,179,24,7,3,6,42,39,3,6,3,0,0.07142857142857142,0.9285714285714286,20,2.5,167.7333333333248,0.20293595741249873,1,0,1,6,3,33,7,3,38,0,0,0,0,0,5,8,2,0
base,20260712,1,0.12,0.45,0.2,0.18,3,30,9,2057,3842635503,2063444653,false,false,826.7333333332388,844.7333333332388,9,7,6,179,18,5,3,2,36,29,7,2,7,0,0.19444444444444445,0.8055555555555556,16,2,167.7333333333248,0.20288686396259653,1,0,1,4,3,25,5,3,29,0,0,0,0,0,5,8,2,0
base,20260712,1,0.12,0.45,0.2,0.18,3,30,9,2058,3510633248,1512756213,false,false,818.9333333332459,836.9333333332459,9,7,6,179,20,6,2,3,35,32,3,3,3,0,0.08571428571428572,0.9142857142857143,15,1.875,167.7333333333248,0.2048192771084452,1,0,1,4,2,24,6,2,31,0,0,0,0,0,6,10,2,0
base,20260712,1,0.12,0.45,0.2,0.18,3,30,9,2059,3980542805,2329889497,false,false,768.8333333332914,786.8333333332914,9,7,6,179,24,7,3,16,56,50,6,16,6,0,0.10714285714285714,0.8928571428571429,21,2.625,167.7333333333248,0.2181660524604387,1,0,1,6,3,39,7,3,50,0,0,0,0,0,6,13,2,0
base,20260712,1,0.12,0.45,0.2,0.18,3,30,9,2060,1909887231,1639445412,false,false,827.199999999905,845.199999999905,9,7,6,179,24,7,3,12,56,45,11,12,11,0,0.19642857142857142,0.8035714285714286,20,2.5,167.7333333333248,0.20277240490007745,1,0,1,6,2,38,7,3,45,0,0,0,0,0,5,7,3,0
base,20260712,1,0.12,0.45,0.2,0.18,3,30,9,2061,956707251,4110974093,false,false,823.9333333332413,841.9333333332413,9,7,6,179,20,6,3,3,36,32,4,3,4,0,0.1111111111111111,0.8888888888888888,18,2.25,167.7333333333248,0.20357634112793535,1,0,1,5,3,27,6,3,31,0,0,0,0,0,5,14,2,0
base,20260712,1,0.12,0.45,0.2,0.18,3,30,9,2062,206401623,583709162,true,false,796.4333333332663,814.4333333332663,9,7,6,180,19,5,2,5,39,34,5,5,5,0,0.1282051282051282,0.8717948717948718,17,2.125,167.7333333333248,0.21060561670782937,1,1,0,4,2,29,5,2,33,5,2,33,124.13333333322043,0.1558615494076477,5,8,2,0
base,20260712,1,0.12,0.45,0.2,0.18,3,30,9,2063,2886303242,3446357389,true,false,753.9666666666383,771.9666666666383,9,7,6,180,18,6,3,6,34,34,0,6,0,0,0,1,14,1.75,167.7333333333248,0.22246783677439025,1,1,0,4,3,26,6,3,32,6,3,33,76.1999999999307,0.10106547592722963,5,11,2,0
base,20260712,1,0.12,0.45,0.2,0.18,3,30,9,2064,4090260079,3573582143,true,false,764.4666666666287,782.4666666666287,9,7,6,180,24,7,2,19,56,53,3,19,3,0,0.05357142857142857,0.9464285714285714,23,2.875,167.7333333333248,0.21941222638876748,1,1,0,7,2,47,7,2,51,7,2,52,81.26666666659276,0.10630504927173208,5,11,3,0
base,20260712,1,0.12,0.45,0.2,0.18,3,30,9,2065,127184978,2805860144,false,false,827.7999999999045,845.7999999999045,9,7,6,179,13,3,2,3,34,25,9,3,9,0,0.2647058823529412,0.7352941176470589,11,1.375,167.7333333333248,0.20262543287429832,1,0,1,2,2,20,3,2,25,0,0,0,0,0,6,14,3,0
base,20260712,1,0.12,0.45,0.2,0.18,3,30,9,2066,3950661402,3284908791,false,false,773.2666666666207,791.2666666666207,9,7,6,179,25,7,3,16,59,51,8,16,8,0,0.13559322033898305,0.864406779661017,21,2.625,167.7333333333248,0.21691525131477035,1,0,1,6,3,38,7,3,50,0,0,0,0,0,5,14,2,0
base,20260712,1,0.12,0.45,0.2,0.18,3,30,9,2067,2828615733,4003788518,true,false,799.2333333332638,817.2333333332638,9,7,6,180,27,8,3,17,60,53,7,17,7,0,0.11666666666666667,0.8833333333333333,24,3,167.7333333333248,0.20986778996539107,1,1,0,7,3,44,7,3,51,7,3,52,118.66666666655874,0.1484756224714131,5,6,2,0
base,20260712,1,0.12,0.45,0.2,0.18,3,30,9,2068,1623362145,1172484070,false,false,833.3333333332328,851.3333333332328,9,7,6,179,22,6,3,9,50,41,9,9,9,0,0.18,0.82,19,2.375,167.7333333333248,0.20128000000001403,1,0,1,5,3,31,6,3,41,0,0,0,0,0,4,5,2,0
base,20260712,1,0.12,0.45,0.2,0.18,3,30,9,2069,3256952573,1193552417,false,false,840.9999999998925,858.9999999998925,9,7,6,179,19,6,3,5,35,32,3,5,3,0,0.08571428571428572,0.9142857142857143,14,1.75,167.7333333333248,0.1994451050337054,1,0,1,4,3,24,6,3,32,0,0,0,0,0,5,5,1,0
base,20260712,1,0.12,0.45,0.2,0.18,3,30,9,2070,88875112,3798476052,false,false,834.6333333332316,852.6333333332316,9,7,6,179,26,8,3,12,55,48,7,12,7,0,0.12727272727272726,0.8727272727272727,22,2.75,167.7333333333248,0.20096649227206986,1,0,1,6,2,42,8,3,48,0,0,0,0,0,5,9,2,0
base,20260712,1,0.12,0.45,0.2,0.18,3,30,9,2071,2838655708,965996700,false,false,783.633333333278,801.633333333278,9,7,6,179,21,6,3,4,42,35,7,4,7,0,0.16666666666666666,0.8333333333333334,16,2,167.7333333333248,0.21404568463142198,1,0,1,4,3,26,6,3,35,0,0,0,0,0,3,5,2,0
base,20260712,1,0.12,0.45,0.2,0.18,3,30,9,2072,504097489,1511190671,false,false,777.1999999999505,795.1999999999505,9,7,6,179,21,6,3,12,48,43,5,12,5,0,0.10416666666666667,0.8958333333333334,19,2.375,167.7333333333248,0.21581746440213007,1,0,1,6,3,34,6,3,43,0,0,0,0,0,6,8,2,0
base,20260712,1,0.12,0.45,0.2,0.18,3,30,9,2073,542730609,3319973547,true,false,808.499999999922,826.499999999922,9,7,6,180,26,8,3,11,50,46,4,11,4,0,0.08,0.92,25,3.125,167.7333333333248,0.20746237889095978,1,1,0,7,3,40,7,3,44,7,3,45,137.76666666654137,0.17039785611200328,5,8,3,0
base,20260712,1,0.12,0.45,0.2,0.18,3,30,9,2074,3131448293,1472224370,false,false,802.7666666665939,820.7666666665939,9,7,6,179,23,6,2,12,50,45,5,12,5,0,0.1,0.9,22,2.75,167.7333333333248,0.20894406843002117,1,0,1,6,2,35,6,2,44,0,0,0,0,0,5,14,3,0
base,20260712,1,0.12,0.45,0.2,0.18,3,30,9,2075,2438408818,4118780815,false,false,805.0999999999251,823.0999999999251,9,7,6,179,20,6,2,7,40,37,3,7,3,0,0.075,0.925,16,2,167.7333333333248,0.2083385086738795,1,0,1,5,2,27,6,2,37,0,0,0,0,0,2,4,3,0
base,20260712,1,0.12,0.45,0.2,0.18,3,30,9,2076,3508048409,1764408619,false,false,800.4999999999293,818.4999999999293,9,7,6,179,25,7,3,14,50,48,2,14,2,0,0.04,0.96,22,2.75,167.7333333333248,0.20953570684989334,1,0,1,6,3,43,7,3,48,0,0,0,0,0,2,5,2,0
base,20260712,1,0.12,0.45,0.2,0.18,3,30,9,2077,3514336570,75792372,false,false,817.7666666665802,835.7666666665802,9,7,6,179,19,5,2,3,36,31,5,3,5,0,0.1388888888888889,0.8611111111111112,16,2,167.7333333333248,0.2051114824929799,1,0,1,5,2,25,5,2,31,0,0,0,0,0,5,5,2,0
base,20260712,1,0.12,0.45,0.2,0.18,3,30,9,2078,3064481876,2519573618,false,false,799.3999999999303,817.3999999999303,9,7,6,179,20,6,2,2,31,29,2,2,2,0,0.06451612903225806,0.9354838709677419,15,1.875,167.7333333333248,0.20982403469269378,1,0,1,4,2,23,4,2,25,0,0,0,0,0,6,11,2,0
base,20260712,1,0.12,0.45,0.2,0.18,3,30,9,2079,1309321002,3154222224,true,false,800.3999999999294,818.3999999999294,9,7,6,180,25,8,3,6,41,40,1,6,1,0,0.024390243902439025,0.975609756097561,20,2.5,167.7333333333248,0.2095618857238126,1,1,0,6,3,31,7,3,39,7,3,39,123.66666666655419,0.15450608029305984,5,8,2,0
base,20260712,1,0.12,0.45,0.2,0.18,3,30,9,2080,1320473245,2677930679,false,false,822.6666666665758,840.6666666665758,9,7,6,179,21,6,3,5,42,35,7,5,7,0,0.16666666666666666,0.8333333333333334,17,2.125,167.7333333333248,0.20388978930309157,1,0,1,5,3,26,6,3,35,0,0,0,0,0,6,10,2,0
base,20260712,1,0.12,0.45,0.2,0.18,3,30,9,2081,29673420,2409502977,true,false,762.7666666666303,780.7666666666303,9,7,6,180,19,5,3,2,37,31,6,2,6,0,0.16216216216216217,0.8378378378378378,19,2.375,167.7333333333248,0.21990123672595305,1,1,0,5,3,28,5,3,30,5,3,30,86.29999999992151,0.11314075951570025,7,11,2,0
base,20260712,1,0.12,0.45,0.2,0.18,3,30,9,2082,943855593,1831956810,false,false,828.9666666665701,846.9666666665701,9,7,6,179,26,8,3,7,45,42,3,7,3,0,0.06666666666666667,0.9333333333333333,23,2.875,167.7333333333248,0.20234026297801802,1,0,1,7,3,36,8,3,42,0,0,0,0,0,5,11,2,0
base,20260712,1,0.12,0.45,0.2,0.18,3,30,9,2083,2225781766,1791653808,true,false,788.6666666666067,806.6666666666067,9,7,6,180,20,6,3,4,36,33,3,4,3,0,0.08333333333333333,0.9166666666666666,16,2,167.7333333333248,0.21267962806424878,1,1,0,4,3,26,5,3,31,5,3,32,118.06666666655929,0.14970414201170953,4,11,2,0
base,20260712,1,0.12,0.45,0.2,0.18,3,30,9,2084,1076433887,2898912481,false,false,797.9999999999316,815.9999999999316,9,7,6,179,19,5,3,3,38,32,6,3,6,0,0.15789473684210525,0.8421052631578947,15,1.875,167.7333333333248,0.21019214703425962,1,0,1,4,3,25,5,3,31,0,0,0,0,0,5,8,2,0
base,20260712,1,0.12,0.45,0.2,0.18,3,30,9,2085,1463621746,935513348,false,false,818.2666666665798,836.2666666665798,9,7,6,179,21,6,3,8,44,39,5,8,5,0,0.11363636363636363,0.8863636363636364,19,2.375,167.7333333333248,0.20498614958449887,1,0,1,6,3,32,6,3,39,0,0,0,0,0,5,5,2,0
base,20260712,1,0.12,0.45,0.2,0.18,3,30,9,2086,1663424032,2757393220,false,false,848.6333333332188,866.6333333332188,9,7,6,179,24,7,2,19,61,53,8,19,8,0,0.13114754098360656,0.8688524590163934,19,2.375,167.7333333333248,0.1976511253387966,1,0,1,5,2,44,7,2,53,0,0,0,0,0,5,6,3,0
base,20260712,1,0.12,0.45,0.2,0.18,3,30,9,2087,642057636,3721215512,false,false,764.0666666666291,782.0666666666291,9,7,6,179,22,6,3,11,51,43,8,11,8,0,0.1568627450980392,0.8431372549019608,18,2.25,167.7333333333248,0.2195270918767992,1,0,1,5,3,31,6,3,42,0,0,0,0,0,4,5,3,0
base,20260712,1,0.12,0.45,0.2,0.18,3,30,9,2088,3870657387,2881757030,false,false,771.3333333332891,789.3333333332891,9,7,6,179,26,8,3,8,54,44,10,8,10,0,0.18518518518518517,0.8148148148148148,23,2.875,167.7333333333248,0.21745894554883458,1,0,1,7,3,37,8,3,43,0,0,0,0,0,4,5,2,0
base,20260712,1,0.12,0.45,0.2,0.18,3,30,9,2089,3346658007,97952584,false,false,814.1333333332502,832.1333333332502,9,7,6,179,26,7,3,6,47,42,5,6,5,0,0.10638297872340426,0.8936170212765957,25,3.125,167.7333333333248,0.20602685882739344,1,0,1,7,3,39,7,3,41,0,0,0,0,0,3,4,2,0
base,20260712,1,0.12,0.45,0.2,0.18,3,30,9,2090,330051304,598245759,true,false,777.0999999999506,795.0999999999506,9,7,6,180,22,7,3,4,41,35,6,4,6,0,0.14634146341463414,0.8536585365853658,18,2.25,167.7333333333248,0.2158452365632936,1,1,0,5,3,28,6,3,33,6,3,34,81.59999999992579,0.10500579076043105,5,11,2,0
base,20260712,1,0.12,0.45,0.2,0.18,3,30,9,2091,1808000344,1657648438,true,false,790.6333333332716,808.6333333332716,9,7,6,180,20,6,3,3,35,32,3,3,3,0,0.08571428571428572,0.9142857142857143,14,1.75,167.7333333333248,0.21215059656815788,1,1,0,4,3,22,6,3,31,6,3,31,120.26666666655728,0.15211433871567098,5,10,3,0
base,20260712,1,0.12,0.45,0.2,0.18,3,30,9,2092,2893427103,3550467876,false,false,831.3333333332346,849.3333333332346,9,7,6,179,26,8,3,13,56,49,7,13,7,0,0.125,0.875,25,3.125,167.7333333333248,0.20176423416200248,1,0,1,8,3,42,8,3,49,0,0,0,0,0,6,8,3,0
base,20260712,1,0.12,0.45,0.2,0.18,3,30,9,2093,3710805973,1590252397,false,false,767.9666666666255,785.9666666666255,9,7,6,179,22,7,3,6,44,38,6,6,6,0,0.13636363636363635,0.8636363636363636,20,2.5,167.7333333333248,0.21841225747645354,1,0,1,6,3,32,7,3,38,0,0,0,0,0,3,5,2,0
base,20260712,1,0.12,0.45,0.2,0.18,3,30,9,2094,456234437,4092266522,false,false,778.7666666666157,796.7666666666157,9,7,6,179,23,7,3,9,48,42,6,9,6,0,0.125,0.875,19,2.375,167.7333333333248,0.21538329837777995,1,0,1,5,3,36,7,3,41,0,0,0,0,0,4,5,2,0
base,20260712,1,0.12,0.45,0.2,0.18,3,30,9,2095,1629032125,120342748,true,false,788.6666666666067,806.6666666666067,9,7,6,180,23,7,3,11,47,43,4,11,4,0,0.0851063829787234,0.9148936170212766,19,2.375,167.7333333333248,0.21267962806424878,1,1,0,5,3,36,6,3,41,6,3,42,109.73333333323353,0.13913778529151546,4,11,2,0
base,20260712,1,0.12,0.45,0.2,0.18,3,30,9,2096,1266766779,39135601,false,false,818.1999999999132,836.1999999999132,9,7,6,179,15,4,1,5,32,30,2,5,2,0,0.0625,0.9375,13,1.625,167.7333333333248,0.2050028517884901,1,0,1,3,1,25,4,1,30,0,0,0,0,0,6,9,1,0
base,20260712,1,0.12,0.45,0.2,0.18,3,30,9,2097,4234065569,4198974975,false,false,796.399999999933,814.399999999933,9,7,6,179,15,4,3,3,35,28,7,3,7,0,0.2,0.8,14,1.75,167.7333333333248,0.21061443160891374,1,0,1,4,3,23,4,3,27,0,0,0,0,0,6,8,2,0
base,20260712,1,0.12,0.45,0.2,0.18,3,30,9,2098,4234263033,922835026,false,false,791.3666666666043,809.3666666666043,9,7,6,179,25,7,3,13,55,47,8,13,8,0,0.14545454545454545,0.8545454545454545,23,2.875,167.7333333333248,0.21195400362243128,1,0,1,6,3,42,6,3,45,0,0,0,0,0,6,9,2,0
base,20260712,1,0.12,0.45,0.2,0.18,3,30,9,2099,3964904990,1137859038,false,false,824.5999999999074,842.5999999999074,9,7,6,179,14,4,3,2,32,26,6,2,6,0,0.1875,0.8125,12,1.5,167.7333333333248,0.2034117551944502,1,0,1,3,2,22,4,3,25,0,0,0,0,0,6,10,2,0
base,20260712,1,0.12,0.45,0.2,0.18,3,30,9,2100,1622120474,2797977735,false,false,827.5999999999046,845.5999999999046,9,7,6,179,28,9,3,10,53,47,6,10,6,0,0.11320754716981132,0.8867924528301887,22,2.75,167.7333333333248,0.2026743998711263,1,0,1,7,3,39,9,3,47,0,0,0,0,0,4,5,2,0
base,20260712,1,0.12,0.45,0.2,0.18,3,30,9,2101,2551632369,3307647967,false,false,818.2666666665798,836.2666666665798,9,7,6,179,27,8,3,24,66,61,5,24,5,0,0.07575757575757576,0.9242424242424242,27,3.375,167.7333333333248,0.20498614958449887,1,0,1,8,3,48,8,3,61,0,0,0,0,0,4,8,2,0
base,20260712,1,0.12,0.45,0.2,0.18,3,30,9,2102,2998414448,2479273140,false,false,834.1666666665653,852.1666666665653,9,7,6,179,25,7,3,9,47,42,5,9,5,0,0.10638297872340426,0.8936170212765957,20,2.5,167.7333333333248,0.20107892107893527,1,0,1,5,3,34,6,3,40,0,0,0,0,0,6,11,2,0
base,20260712,1,0.12,0.45,0.2,0.18,3,30,9,2103,2859720443,2264743420,false,false,830.166666666569,848.166666666569,9,7,6,179,20,5,3,6,42,36,6,6,6,0,0.14285714285714285,0.8571428571428571,16,2,167.7333333333248,0.20204778156997935,1,0,1,4,3,27,5,3,36,0,0,0,0,0,5,6,3,0
base,20260712,1,0.12,0.45,0.2,0.18,3,30,9,2104,1733103611,411029153,false,false,813.4999999999175,831.4999999999175,9,7,6,179,24,7,2,18,64,52,12,18,12,0,0.1875,0.8125,21,2.625,167.7333333333248,0.20618725670970106,1,0,1,6,2,38,7,2,50,0,0,0,0,0,3,3,3,0
base,20260712,1,0.12,0.45,0.2,0.18,3,30,9,2105,888541293,3884401304,false,false,753.6666666666385,771.6666666666385,9,7,6,179,19,5,3,7,46,36,10,7,10,0,0.21739130434782608,0.782608695652174,15,1.875,167.7333333333248,0.2225563909774406,1,0,1,4,2,25,5,3,35,0,0,0,0,0,3,4,2,0
base,20260712,1,0.12,0.45,0.2,0.18,3,30,9,2106,3632787383,1556511987,true,false,801.3999999999285,819.3999999999285,9,7,6,180,18,5,3,4,36,32,4,4,4,0,0.1111111111111111,0.8888888888888888,15,1.875,167.7333333333248,0.2093003909824554,1,1,0,4,3,25,5,3,31,5,3,31,119.06666666655838,0.14857333000570128,5,6,2,0
base,20260712,1,0.12,0.45,0.2,0.18,3,30,9,2107,1960230327,1908516676,true,false,807.9333333332559,825.9333333332559,9,7,6,180,26,8,3,9,48,44,4,9,4,0,0.08333333333333333,0.9166666666666666,20,2.5,167.7333333333248,0.20760788843964958,1,1,0,6,3,36,7,3,43,7,3,43,155.09999999985894,0.1919712847593124,2,5,3,0
base,20260712,1,0.12,0.45,0.2,0.18,3,30,9,2108,363815624,4241040595,false,false,838.2999999998949,856.2999999998949,9,7,6,179,17,5,3,0,33,27,6,0,6,0,0.18181818181818182,0.8181818181818182,13,1.625,167.7333333333248,0.2000874786273957,1,0,1,4,3,21,5,3,26,0,0,0,0,0,5,8,2,0
base,20260712,1,0.12,0.45,0.2,0.18,3,30,9,2109,2886117615,3627081806,false,false,845.7333333332215,863.7333333332215,9,7,6,179,20,6,3,2,36,32,4,2,4,0,0.1111111111111111,0.8888888888888888,16,2,167.7333333333248,0.1983288664669876,1,0,1,5,2,24,6,3,30,0,0,0,0,0,6,8,2,0
base,20260712,1,0.12,0.45,0.2,0.18,3,30,9,2110,2005598560,3753717153,false,false,820.5333333332444,838.5333333332444,9,7,6,179,29,9,3,18,61,57,4,18,4,0,0.06557377049180328,0.9344262295081968,24,3,167.7333333333248,0.20441988950277418,1,0,1,7,3,47,9,3,57,0,0,0,0,0,6,14,3,0
base,20260712,1,0.12,0.45,0.2,0.18,3,30,9,2111,2557538637,4061119325,false,false,804.7999999999254,822.7999999999254,9,7,6,179,27,8,3,9,54,45,9,9,9,0,0.16666666666666666,0.8333333333333334,24,3,167.7333333333248,0.20841616964878273,1,0,1,7,3,38,8,3,45,0,0,0,0,0,3,7,2,0
base,20260712,1,0.12,0.45,0.2,0.18,3,30,9,2112,3141936573,731118145,true,false,764.8333333332951,782.8333333332951,9,7,6,180,15,4,3,0,30,25,5,0,5,0,0.16666666666666666,0.8333333333333334,10,1.25,167.7333333333248,0.21930703857049447,1,1,0,2,2,19,4,3,24,4,3,24,99.79999999990923,0.13048594465013846,5,11,2,0
base,20260712,1,0.12,0.45,0.2,0.18,3,30,9,2113,1563997438,3173973779,false,false,748.1333333333102,766.1333333333102,9,7,6,179,27,8,3,22,66,59,7,22,7,0,0.10606060606060606,0.8939393939393939,23,2.875,167.7333333333248,0.22420245945463818,1,0,1,7,3,44,8,3,59,0,0,0,0,0,3,5,3,0
base,20260712,1,0.12,0.45,0.2,0.18,3,30,9,2114,1340996967,375837880,false,false,842.6999999998909,860.6999999998909,9,7,6,179,21,6,3,7,46,38,8,7,8,0,0.17391304347826086,0.8260869565217391,19,2.375,167.7333333333248,0.19904275938453364,1,0,1,6,3,29,6,3,38,0,0,0,0,0,5,11,2,0
base,20260712,1,0.12,0.45,0.2,0.18,3,30,9,2115,339269723,905315404,false,false,806.8666666665902,824.8666666665902,9,7,6,179,22,6,3,10,50,42,8,10,8,0,0.16,0.84,16,2,167.7333333333248,0.2078823432206982,1,0,1,4,3,28,6,3,42,0,0,0,0,0,2,3,3,0
base,20260712,1,0.12,0.45,0.2,0.18,3,30,9,2116,3157202117,125668372,false,false,764.5666666666286,782.5666666666286,9,7,6,179,24,7,3,5,49,39,10,5,10,0,0.20408163265306123,0.7959183673469388,19,2.375,167.7333333333248,0.21938352879626777,1,0,1,6,3,29,7,3,37,0,0,0,0,0,6,8,2,0
base,20260712,1,0.12,0.45,0.2,0.18,3,30,9,2117,561052248,1471155989,false,false,764.0999999999624,782.0999999999624,9,7,6,179,25,8,3,7,56,42,14,7,14,0,0.25,0.75,20,2.5,167.7333333333248,0.21951751515944648,1,0,1,6,3,34,8,3,40,0,0,0,0,0,5,8,3,0
base,20260712,1,0.12,0.45,0.2,0.18,3,30,9,2118,3872293327,1111967926,false,false,812.6999999999182,830.6999999999182,9,7,6,179,20,6,2,6,40,35,5,6,5,0,0.125,0.875,18,2.25,167.7333333333248,0.20639022189410813,1,0,1,5,2,32,6,2,35,0,0,0,0,0,5,5,2,0
base,20260712,1,0.12,0.45,0.2,0.18,3,30,9,2119,2345909574,522668961,false,false,810.6333333332534,828.6333333332534,9,7,6,179,28,9,3,9,53,47,6,9,6,0,0.11320754716981132,0.8867924528301887,24,3,167.7333333333248,0.20691640281262552,1,0,1,7,3,37,9,3,46,0,0,0,0,0,4,5,3,0
base,20260712,1,0.12,0.45,0.2,0.18,3,30,9,2120,2789255849,2558245183,false,false,840.2666666665598,858.2666666665598,9,7,6,179,21,6,2,12,52,41,11,12,11,0,0.21153846153846154,0.7884615384615384,18,2.25,167.7333333333248,0.19961916851794603,1,0,1,5,2,31,5,2,40,0,0,0,0,0,5,9,2,0
base,20260712,1,0.12,0.45,0.2,0.18,3,30,9,2121,4145236384,3483964509,true,false,794.2666666666016,812.2666666666016,9,7,6,180,17,5,3,2,31,28,3,2,3,0,0.0967741935483871,0.9032258064516129,11,1.375,167.7333333333248,0.21118012422360902,1,1,0,2,2,22,4,3,25,5,3,27,126.23333333321852,0.15893066980010348,6,8,1,0
base,20260712,1,0.12,0.45,0.2,0.18,3,30,9,2122,3564641045,3554244168,false,false,791.6999999999373,809.6999999999373,9,7,6,179,30,9,3,12,55,51,4,12,4,0,0.07272727272727272,0.9272727272727272,26,3.25,167.7333333333248,0.21186476358890752,1,0,1,8,3,41,9,3,50,0,0,0,0,0,3,7,2,0
base,20260712,1,0.12,0.45,0.2,0.18,3,30,9,2123,1133446601,2230259196,false,false,829.4666666665696,847.4666666665696,9,7,6,179,34,10,3,23,71,67,4,23,4,0,0.056338028169014086,0.9436619718309859,32,4,167.7333333333248,0.20221829287897172,1,0,1,10,3,53,10,3,67,0,0,0,0,0,6,8,4,0
base,20260712,1,0.12,0.45,0.2,0.18,3,30,9,2124,3248533293,2912247949,false,false,828.5666666665704,846.5666666665704,9,7,6,179,26,8,3,8,51,44,7,8,7,0,0.13725490196078433,0.8627450980392157,22,2.75,167.7333333333248,0.2024379450456744,1,0,1,7,3,32,8,3,43,0,0,0,0,0,5,10,2,0
base,20260712,1,0.12,0.45,0.2,0.18,3,30,9,2125,3464728629,1460588567,false,false,830.166666666569,848.166666666569,9,7,6,179,19,6,3,2,35,30,5,2,5,0,0.14285714285714285,0.8571428571428571,16,2,167.7333333333248,0.20204778156997935,1,0,1,5,3,25,6,3,29,0,0,0,0,0,5,11,1,0
base,20260712,1,0.12,0.45,0.2,0.18,3,30,9,2126,572265198,3463933528,false,false,819.1999999999123,837.1999999999123,9,7,6,179,24,7,3,6,46,40,6,6,6,0,0.13043478260869565,0.8695652173913043,21,2.625,167.7333333333248,0.20475260416667818,1,0,1,7,3,34,7,3,39,0,0,0,0,0,5,7,2,0
base,20260712,1,0.12,0.45,0.2,0.18,3,30,9,2127,600852846,1369888517,false,false,817.3999999999139,835.3999999999139,9,7,6,179,28,8,3,11,57,49,8,11,8,0,0.14035087719298245,0.8596491228070176,21,2.625,167.7333333333248,0.20520349074301744,1,0,1,6,3,34,8,3,47,0,0,0,0,0,5,8,2,0
base,20260712,1,0.12,0.45,0.2,0.18,3,30,9,2128,1948052602,3235844933,false,false,759.4999999999666,777.4999999999666,9,7,6,179,25,7,3,5,42,40,2,5,2,0,0.047619047619047616,0.9523809523809523,22,2.75,167.7333333333248,0.22084704849681655,1,0,1,6,3,34,7,3,38,0,0,0,0,0,4,5,2,0
base,20260712,1,0.12,0.45,0.2,0.18,3,30,9,2129,2847923962,3343389619,true,false,812.6333333332516,830.6333333332516,9,7,6,180,19,6,2,0,35,28,7,0,7,0,0.2,0.8,15,1.875,167.7333333333248,0.20640715369786497,1,1,0,4,2,22,5,2,26,6,2,27,140.99999999987176,0.17350998810437582,5,10,2,0
base,20260712,1,0.12,0.45,0.2,0.18,3,30,9,2130,157993229,3007378582,false,false,795.0999999999342,813.0999999999342,9,7,6,179,28,9,3,9,49,47,2,9,2,0,0.04081632653061224,0.9591836734693877,23,2.875,167.7333333333248,0.2109587892508347,1,0,1,7,3,36,9,3,46,0,0,0,0,0,4,5,2,0
base,20260712,1,0.12,0.45,0.2,0.18,3,30,9,2131,4192459605,2902091076,false,false,811.2999999999195,829.2999999999195,9,7,6,179,25,7,2,12,53,47,6,12,6,0,0.11320754716981132,0.8867924528301887,24,3,167.7333333333248,0.20674637413206143,1,0,1,7,2,44,7,2,47,0,0,0,0,0,2,3,4,0
base,20260712,1,0.12,0.45,0.2,0.18,3,30,9,2132,3634367615,1067847577,false,false,772.6666666666213,790.6666666666213,9,7,6,179,24,7,3,14,48,48,0,14,0,0,0,1,23,2.875,167.7333333333248,0.21708369283865572,1,0,1,7,3,44,7,3,48,0,0,0,0,0,3,5,3,0
base,20260712,1,0.12,0.45,0.2,0.18,3,30,9,2133,2578505909,967295762,false,false,839.4666666665605,857.4666666665605,9,7,6,179,22,7,3,7,45,38,7,7,7,0,0.15555555555555556,0.8444444444444444,17,2.125,167.7333333333248,0.19980940279544077,1,0,1,5,3,28,7,3,37,0,0,0,0,0,5,13,2,0
base,20260712,1,0.12,0.45,0.2,0.18,3,30,9,2134,20639332,1522143128,false,false,770.0333333332903,788.0333333332903,9,7,6,179,18,5,3,2,32,29,3,2,3,0,0.09375,0.90625,15,1.875,167.7333333333248,0.21782606813557961,1,0,1,4,3,25,5,3,29,0,0,0,0,0,3,5,2,0
base,20260712,1,0.12,0.45,0.2,0.18,3,30,9,2135,95804372,3798761424,false,false,822.0666666665763,840.0666666665763,9,7,6,179,21,6,3,6,41,37,4,6,4,0,0.0975609756097561,0.9024390243902439,17,2.125,167.7333333333248,0.20403860189766834,1,0,1,5,3,30,6,3,34,0,0,0,0,0,6,8,2,0
base,20260712,1,0.12,0.45,0.2,0.18,3,30,9,2136,3327110207,3575680048,true,false,802.0666666665945,820.0666666665945,9,7,6,180,23,7,3,8,44,41,3,8,3,0,0.06818181818181818,0.9318181818181818,19,2.375,167.7333333333248,0.20912642340620882,1,1,0,5,3,35,7,3,40,7,3,40,121.5333333332228,0.15152522649808878,5,8,2,0
base,20260712,1,0.12,0.45,0.2,0.18,3,30,9,2137,2831740207,3066734434,false,false,815.8333333332487,833.8333333332487,9,7,6,179,18,5,3,6,40,34,6,6,6,0,0.15,0.85,14,1.75,167.7333333333248,0.2055975485189077,1,0,1,4,3,23,5,3,32,0,0,0,0,0,5,11,2,0
base,20260712,1,0.12,0.45,0.2,0.18,3,30,9,2138,2119554907,3223911483,false,false,831.3333333332346,849.3333333332346,9,7,6,179,24,7,3,13,53,47,6,13,6,0,0.11320754716981132,0.8867924528301887,21,2.625,167.7333333333248,0.20176423416200248,1,0,1,6,3,38,7,3,47,0,0,0,0,0,6,11,2,0
base,20260712,1,0.12,0.45,0.2,0.18,3,30,9,2139,2790241505,1949488697,false,false,813.6333333332507,831.6333333332507,9,7,6,179,18,5,2,3,36,31,5,3,5,0,0.1388888888888889,0.8611111111111112,17,2.125,167.7333333333248,0.20615346798313142,1,0,1,5,2,25,5,2,31,0,0,0,0,0,5,7,2,0
base,20260712,1,0.12,0.45,0.2,0.18,3,30,9,2140,2891559488,3443548265,false,false,754.8333333333042,772.8333333333042,9,7,6,179,27,8,3,22,68,59,9,22,9,0,0.1323529411764706,0.8676470588235294,26,3.25,167.7333333333248,0.22221240892028873,1,0,1,8,3,50,8,3,58,0,0,0,0,0,4,5,2,0
base,20260712,1,0.12,0.45,0.2,0.18,3,30,9,2141,819421873,957753860,false,false,787.2333333332747,805.2333333332747,9,7,6,179,25,7,2,13,50,48,2,13,2,0,0.04,0.96,23,2.875,167.7333333333248,0.21306685861879657,1,0,1,7,2,41,7,2,48,0,0,0,0,0,6,11,2,0
base,20260712,1,0.12,0.45,0.2,0.18,3,30,9,2142,2323009037,2782765860,false,false,787.7333333332742,805.7333333332742,9,7,6,179,21,6,3,6,43,37,6,6,6,0,0.13953488372093023,0.8604651162790697,16,2,167.7333333333248,0.21293161814489342,1,0,1,5,3,28,6,3,35,0,0,0,0,0,4,5,2,0
base,20260712,1,0.12,0.45,0.2,0.18,3,30,9,2143,1590421762,2683361875,false,false,849.2999999998849,867.2999999998849,9,7,6,179,23,7,3,9,47,42,5,9,5,0,0.10638297872340426,0.8936170212765957,22,2.75,167.7333333333248,0.19749597707917993,1,0,1,7,3,36,7,3,40,0,0,0,0,0,6,9,2,0
base,20260712,1,0.12,0.45,0.2,0.18,3,30,9,2144,946956178,652041593,false,false,825.0999999999069,843.0999999999069,9,7,6,179,23,7,3,4,42,36,6,4,6,0,0.14285714285714285,0.8571428571428571,21,2.625,167.7333333333248,0.20328849028401857,1,0,1,7,3,29,7,3,36,0,0,0,0,0,5,10,2,0
base,20260712,1,0.12,0.45,0.2,0.18,3,30,9,2145,2050428293,3856948571,true,false,794.199999999935,812.199999999935,9,7,6,180,20,5,3,15,49,44,5,15,5,0,0.10204081632653061,0.8979591836734694,16,2,167.7333333333248,0.2111978510870543,1,1,0,4,3,30,5,3,39,5,3,40,121.73333333322262,0.1532779316711566,6,8,2,0
base,20260712,1,0.12,0.45,0.2,0.18,3,30,9,2146,4261176638,3593274647,false,false,754.4666666666378,772.4666666666378,9,7,6,179,22,7,3,2,39,32,7,2,7,0,0.1794871794871795,0.8205128205128205,20,2.5,167.7333333333248,0.22232040293363683,1,0,1,6,3,29,7,3,32,0,0,0,0,0,3,5,2,0
base,20260712,1,0.12,0.45,0.2,0.18,3,30,9,2147,3915353161,2436058269,false,false,767.4333333332927,785.4333333332927,9,7,6,179,24,7,3,18,61,52,9,18,9,0,0.14754098360655737,0.8524590163934426,22,2.75,167.7333333333248,0.21856404465100163,1,0,1,7,3,44,7,3,52,0,0,0,0,0,3,4,3,0
base,20260712,1,0.12,0.45,0.2,0.18,3,30,9,2148,3389495939,2936924011,false,false,758.1666666666345,776.1666666666345,9,7,6,179,23,7,3,16,57,49,8,16,8,0,0.14035087719298245,0.8596491228070176,20,2.5,167.7333333333248,0.2212354363596376,1,0,1,6,3,38,7,3,48,0,0,0,0,0,2,4,2,0
base,20260712,1,0.12,0.45,0.2,0.18,3,30,9,2149,1949963189,2451533682,false,false,759.5666666666332,777.5666666666332,9,7,6,179,21,6,2,12,45,43,2,12,2,0,0.044444444444444446,0.9555555555555556,18,2.25,167.7333333333248,0.2208276648966501,1,0,1,5,2,29,6,2,42,0,0,0,0,0,3,5,3,0
base,20260712,1,0.12,0.45,0.2,0.18,3,30,9,2150,786013643,4103134425,false,false,848.8333333332187,866.8333333332187,9,7,6,179,19,6,3,7,39,36,3,7,3,0,0.07692307692307693,0.9230769230769231,17,2.125,167.7333333333248,0.19760455527195853,1,0,1,5,3,30,6,3,36,0,0,0,0,0,6,11,2,0
base,20260712,1,0.12,0.45,0.2,0.18,3,30,9,2151,689203113,512460554,false,false,791.5333333332708,809.5333333332708,9,7,6,179,26,7,3,22,67,58,9,22,9,0,0.13432835820895522,0.8656716417910447,26,3.25,167.7333333333248,0.2119093742103993,1,0,1,7,3,47,7,3,57,0,0,0,0,0,3,4,2,0
base,20260712,1,0.12,0.45,0.2,0.18,3,30,9,2152,2949584134,3058270107,false,false,820.5666666665777,838.5666666665777,9,7,6,179,20,6,3,5,40,35,5,5,5,0,0.125,0.875,19,2.375,167.7333333333248,0.204411585489714,1,0,1,6,3,28,6,3,35,0,0,0,0,0,3,5,2,0
base,20260712,1,0.12,0.45,0.2,0.18,3,30,9,2153,1163486067,723154654,false,false,771.1999999999559,789.1999999999559,9,7,6,179,28,8,3,8,54,46,8,8,8,0,0.14814814814814814,0.8518518518518519,27,3.375,167.7333333333248,0.21749654218534023,1,0,1,8,3,40,8,3,46,0,0,0,0,0,6,5,2,0
base,20260712,1,0.12,0.45,0.2,0.18,3,30,9,2154,2466045006,3751671028,true,false,767.3666666666261,785.3666666666261,9,7,6,180,23,7,3,4,40,37,3,4,3,0,0.075,0.925,19,2.375,167.7333333333248,0.21858303288302028,1,1,0,5,3,29,7,3,37,7,3,37,80.53333333326009,0.10494765648746494,5,13,2,0
base,20260712,1,0.12,0.45,0.2,0.18,3,30,9,2155,2106603399,3430670983,false,false,810.4666666665869,828.4666666665869,9,7,6,179,24,7,3,9,51,43,8,9,8,0,0.1568627450980392,0.8431372549019608,20,2.5,167.7333333333248,0.2069589536892424,1,0,1,6,3,33,7,3,43,0,0,0,0,0,5,7,3,0
base,20260712,1,0.12,0.45,0.2,0.18,3,30,9,2156,3259513666,3812887602,true,false,748.5999999999765,766.5999999999765,9,7,6,180,21,6,3,4,40,34,6,4,6,0,0.15,0.85,18,2.25,167.7333333333248,0.22406269480808183,1,1,0,5,3,28,5,3,32,6,3,33,76.2999999999306,0.10192359070255544,5,11,2,0
base,20260712,1,0.12,0.45,0.2,0.18,3,30,9,2157,929743779,1675120562,false,false,778.9333333332822,796.9333333332822,9,7,6,179,27,8,3,8,53,45,8,8,8,0,0.1509433962264151,0.8490566037735849,23,2.875,167.7333333333248,0.21533721328312538,1,0,1,7,3,36,8,3,45,0,0,0,0,0,7,9,3,0
base,20260712,1,0.12,0.45,0.2,0.18,3,30,9,2158,137404675,2953234225,false,false,766.4333333332936,784.4333333332936,9,7,6,179,22,6,3,9,41,41,0,9,0,0,0,1,17,2.125,167.7333333333248,0.2188492149784719,1,0,1,4,3,30,6,3,40,0,0,0,0,0,5,11,2,0
base,20260712,1,0.12,0.45,0.2,0.18,3,30,9,2159,1313664204,3061042099,true,false,804.533333333259,822.533333333259,9,7,6,180,16,4,3,1,33,26,7,1,7,0,0.21212121212121213,0.7878787878787878,14,1.75,167.7333333333248,0.20848525024859998,1,1,0,3,2,24,4,3,26,4,3,26,120.69999999989022,0.1500248591314651,5,13,2,0
base,20260712,1,0.12,0.45,0.2,0.18,3,30,9,2160,2163201979,1798738584,false,false,765.9666666666274,783.9666666666274,9,7,6,179,20,6,3,4,42,33,9,4,9,0,0.21428571428571427,0.7857142857142857,16,2,167.7333333333248,0.21898254928412908,1,0,1,5,3,28,6,3,33,0,0,0,0,0,4,11,2,0
base,20260712,1,0.12,0.45,0.2,0.18,3,30,9,2161,3836369886,2904858519,true,false,794.1333333332684,812.1333333332684,9,7,6,180,15,5,3,0,27,21,6,0,6,0,0.2222222222222222,0.7777777777777778,10,1.25,167.7333333333248,0.211215580926803,1,1,0,3,3,16,4,3,19,4,3,20,126.9999999998845,0.15992276695755736,5,8,2,0
base,20260712,1,0.12,0.45,0.2,0.18,3,30,9,2162,1122802648,2776368710,false,false,816.1333333332484,834.1333333332484,9,7,6,179,26,8,3,4,46,38,8,4,8,0,0.17391304347826086,0.8260869565217391,19,2.375,167.7333333333248,0.20552197353374724,1,0,1,5,3,31,7,3,37,0,0,0,0,0,6,11,3,0
base,20260712,1,0.12,0.45,0.2,0.18,3,30,9,2163,1422201613,2727668168,false,false,812.9666666665846,830.9666666665846,9,7,6,179,30,9,3,10,60,50,10,10,10,0,0.16666666666666666,0.8333333333333334,25,3.125,167.7333333333248,0.2063225224486552,1,0,1,7,3,40,9,3,50,0,0,0,0,0,4,5,2,0
base,20260712,1,0.12,0.45,0.2,0.18,3,30,9,2164,3106842267,4258909971,false,false,807.1999999999232,825.1999999999232,9,7,6,179,20,5,2,8,46,38,8,8,8,0,0.17391304347826086,0.8260869565217391,18,2.25,167.7333333333248,0.20779649818302867,1,0,1,5,2,27,5,2,38,0,0,0,0,0,3,4,2,0
base,20260712,1,0.12,0.45,0.2,0.18,3,30,9,2165,3908144564,1264519782,false,false,833.1666666665662,851.1666666665662,9,7,6,179,23,7,3,14,54,47,7,14,7,0,0.12962962962962962,0.8703703703703703,23,2.875,167.7333333333248,0.20132026405282458,1,0,1,7,3,41,7,3,45,0,0,0,0,0,5,11,2,0
base,20260712,1,0.12,0.45,0.2,0.18,3,30,9,2166,179398960,4206099280,true,false,796.3666666665997,814.3666666665997,9,7,6,180,21,6,3,2,37,33,4,2,4,0,0.10810810810810811,0.8918918918918919,20,2.5,167.7333333333248,0.2106232472479246,1,1,0,6,3,29,6,3,32,6,3,32,117.59999999989304,0.14767067096383943,5,11,3,0
base,20260712,1,0.12,0.45,0.2,0.18,3,30,9,2167,3724557155,3617710698,false,false,820.4333333332445,838.4333333332445,9,7,6,179,22,6,2,10,47,42,5,10,5,0,0.10638297872340426,0.8936170212765957,20,2.5,167.7333333333248,0.2044448055905533,1,0,1,6,2,37,6,2,41,0,0,0,0,0,7,5,2,0
base,20260712,1,0.12,0.45,0.2,0.18,3,30,9,2168,1489381201,2283675427,false,false,819.2666666665789,837.2666666665789,9,7,6,179,27,8,3,8,50,45,5,8,5,0,0.1,0.9,19,2.375,167.7333333333248,0.20473594271300688,1,0,1,5,2,32,8,3,42,0,0,0,0,0,5,7,3,0
base,20260712,1,0.12,0.45,0.2,0.18,3,30,9,2169,3360845659,2602918329,false,false,814.1333333332502,832.1333333332502,9,7,6,179,25,8,3,8,43,41,2,8,2,0,0.046511627906976744,0.9534883720930233,20,2.5,167.7333333333248,0.20602685882739344,1,0,1,6,3,28,7,3,40,0,0,0,0,0,5,14,3,0
base,20260712,1,0.12,0.45,0.2,0.18,3,30,9,2170,108383616,2530697710,false,false,780.0666666666145,798.0666666666145,9,7,6,179,25,7,3,17,57,52,5,17,5,0,0.08771929824561403,0.9122807017543859,22,2.75,167.7333333333248,0.2150243568925767,1,0,1,6,3,45,7,3,52,0,0,0,0,0,5,14,2,0
base,20260712,1,0.12,0.45,0.2,0.18,3,30,9,2171,719902299,3714532408,false,false,818.6666666665794,836.6666666665794,9,7,6,179,14,4,3,0,25,21,4,0,4,0,0.16,0.84,10,1.25,167.7333333333248,0.2048859934853534,1,0,1,3,2,17,4,3,21,0,0,0,0,0,3,5,1,0
base,20260712,1,0.12,0.45,0.2,0.18,3,30,9,2172,4193598250,3723782471,true,false,806.6666666665903,824.6666666665903,9,7,6,180,16,5,3,1,31,27,4,1,4,0,0.12903225806451613,0.8709677419354839,16,2,167.7333333333248,0.20793388429752974,1,1,0,5,3,24,5,3,26,5,3,26,123.16666666655465,0.1526859504130987,5,8,2,0
base,20260712,1,0.12,0.45,0.2,0.18,3,30,9,2173,1242948103,125994331,true,false,800.3333333332628,818.3333333332628,9,7,6,180,25,8,3,4,42,39,3,4,3,0,0.07142857142857142,0.9285714285714286,22,2.75,167.7333333333248,0.20957934194086578,1,1,0,7,3,34,8,3,38,8,3,38,120.66666666655692,0.15077051228642344,4,11,2,0
base,20260712,1,0.12,0.45,0.2,0.18,3,30,9,2174,26082106,4112855178,false,false,774.5999999999528,792.5999999999528,9,7,6,179,22,7,3,12,52,44,8,12,8,0,0.15384615384615385,0.8461538461538461,18,2.25,167.7333333333248,0.21654187107324427,1,0,1,5,2,35,7,3,43,0,0,0,0,0,6,8,2,0
base,20260712,1,0.12,0.45,0.2,0.18,3,30,9,2175,856960811,3427388132,false,false,768.6333333332916,786.6333333332916,9,7,6,179,19,5,3,11,50,40,10,11,10,0,0.2,0.8,18,2.25,167.7333333333248,0.2182228197233192,1,0,1,5,3,30,5,3,39,0,0,0,0,0,3,4,3,0
base,20260712,1,0.12,0.45,0.2,0.18,3,30,9,2176,3426546989,2821251002,false,false,744.366666666647,762.366666666647,9,7,6,179,21,6,3,13,46,43,3,13,3,0,0.06521739130434782,0.9347826086956522,18,2.25,167.7333333333248,0.22533697550489798,1,0,1,5,3,35,6,3,42,0,0,0,0,0,2,4,2,0
base,20260712,1,0.12,0.45,0.2,0.18,3,30,9,2177,569401455,262460169,false,false,777.8666666666165,795.8666666666165,9,7,6,179,25,7,3,11,51,46,5,11,5,0,0.09803921568627451,0.9019607843137255,24,3,167.7333333333248,0.215632499142958,1,0,1,7,3,40,7,3,46,0,0,0,0,0,6,8,2,0
base,20260712,1,0.12,0.45,0.2,0.18,3,30,9,2178,3036737634,1594483000,false,false,826.3333333332391,844.3333333332391,9,7,6,179,24,7,3,17,53,50,3,17,3,0,0.05660377358490566,0.9433962264150944,19,2.375,167.7333333333248,0.20298507462687848,1,0,1,6,3,38,6,3,45,0,0,0,0,0,5,6,3,0
base,20260712,1,0.12,0.45,0.2,0.18,3,30,9,2179,42483717,1733355348,true,false,785.1999999999432,803.1999999999432,9,7,6,180,22,7,3,4,40,35,5,4,5,0,0.125,0.875,17,2.125,167.7333333333248,0.21361861096960894,1,1,0,5,3,25,6,3,34,6,3,34,95.79999999991287,0.12200713194080463,5,14,3,0
base,20260712,1,0.12,0.45,0.2,0.18,3,30,9,2180,98661686,1565424159,false,false,815.1999999999159,833.1999999999159,9,7,6,179,27,8,3,22,61,57,4,22,4,0,0.06557377049180328,0.9344262295081968,24,3,167.7333333333248,0.20575727837750502,1,0,1,7,3,47,7,3,56,0,0,0,0,0,5,5,2,0
base,20260712,1,0.12,0.45,0.2,0.18,3,30,9,2181,2067246372,2016747405,false,false,813.0666666665845,831.0666666665845,9,7,6,179,25,7,2,33,71,68,3,33,3,0,0.04225352112676056,0.9577464788732394,25,3.125,167.7333333333248,0.20629714660545476,1,0,1,7,2,59,7,2,68,0,0,0,0,0,4,4,2,0
base,20260712,1,0.12,0.45,0.2,0.18,3,30,9,2182,626824110,498967195,false,false,744.1666666666472,762.1666666666472,9,7,6,179,26,8,3,6,51,41,10,6,10,0,0.19607843137254902,0.803921568627451,25,3.125,167.7333333333248,0.22539753639417134,1,0,1,8,3,38,8,3,41,0,0,0,0,0,2,4,3,0
base,20260712,1,0.12,0.45,0.2,0.18,3,30,9,2183,3285447346,295770840,true,false,788.1666666666072,806.1666666666072,9,7,6,180,16,5,3,0,28,26,2,0,2,0,0.07142857142857142,0.9285714285714286,13,1.625,167.7333333333248,0.21281454853034992,1,1,0,4,3,21,5,3,24,5,3,25,107.63333333323544,0.13656164093877382,6,9,1,0
base,20260712,1,0.12,0.45,0.2,0.18,3,30,9,2184,1263040528,1709681725,true,false,785.7999999999427,803.7999999999427,9,7,6,180,16,5,3,1,31,26,5,1,5,0,0.16129032258064516,0.8387096774193549,13,1.625,167.7333333333248,0.21345550182404815,1,1,0,4,3,19,4,3,25,4,3,25,116.16666666656101,0.1478323576820686,5,6,2,0
base,20260712,1,0.12,0.45,0.2,0.18,3,30,9,2185,3907884150,2009856576,true,false,770.5333333332899,788.5333333332899,9,7,6,180,16,5,3,0,28,25,3,0,3,0,0.10714285714285714,0.8928571428571429,14,1.75,167.7333333333248,0.217684720539887,1,1,0,4,3,23,4,3,24,4,3,24,91.7666666665832,0.1190949991346968,5,14,1,0
base,20260712,1,0.12,0.45,0.2,0.18,3,30,9,2186,1627024028,2760213647,false,false,852.2999999998822,870.2999999998822,9,7,6,179,21,6,3,13,49,42,7,13,7,0,0.14285714285714285,0.8571428571428571,17,2.125,167.7333333333248,0.1968008134850968,1,0,1,5,3,32,5,3,41,0,0,0,0,0,7,11,2,0
base,20260712,1,0.12,0.45,0.2,0.18,3,30,9,2187,2719842617,1667089576,false,false,797.499999999932,815.499999999932,9,7,6,179,19,5,2,4,39,32,7,4,7,0,0.1794871794871795,0.8205128205128205,16,2,167.7333333333248,0.21032392894462582,1,0,1,4,2,25,5,2,32,0,0,0,0,0,3,5,2,0
base,20260712,1,0.12,0.45,0.2,0.18,3,30,9,2188,1591185723,3156256189,false,false,756.2333333333029,774.2333333333029,9,7,6,179,28,8,3,22,66,60,6,22,6,0,0.09090909090909091,0.9090909090909091,25,3.125,167.7333333333248,0.2218010314276875,1,0,1,7,3,46,8,3,59,0,0,0,0,0,4,7,3,0
base,20260712,1,0.12,0.45,0.2,0.18,3,30,9,2189,646576355,1646446661,false,false,753.9666666666383,771.9666666666383,9,7,6,179,18,5,3,1,31,28,3,1,3,0,0.0967741935483871,0.9032258064516129,12,1.5,167.7333333333248,0.22246783677439025,1,0,1,3,3,20,5,3,28,0,0,0,0,0,3,5,1,0
base,20260712,1,0.12,0.45,0.2,0.18,3,30,9,2190,2942088000,3119853159,false,false,829.6666666665694,847.6666666665694,9,7,6,179,19,5,3,3,35,32,3,3,3,0,0.08571428571428572,0.9142857142857143,17,2.125,167.7333333333248,0.202169546002424,1,0,1,5,3,29,5,3,32,0,0,0,0,0,5,11,1,0
base,20260712,1,0.12,0.45,0.2,0.18,3,30,9,2191,4108515711,4132359878,false,false,808.5999999999219,826.5999999999219,9,7,6,179,15,4,2,1,27,24,3,1,3,0,0.1111111111111111,0.8888888888888888,8,1,167.7333333333248,0.20743672190618476,1,0,1,2,2,14,4,2,24,0,0,0,0,0,3,5,2,0
base,20260712,1,0.12,0.45,0.2,0.18,3,30,9,2192,89370677,589459143,false,false,807.8999999999226,825.8999999999226,9,7,6,179,25,8,3,4,40,37,3,4,3,0,0.075,0.925,20,2.5,167.7333333333248,0.20761645418163246,1,0,1,6,3,29,7,3,36,0,0,0,0,0,5,8,3,0
base,20260712,1,0.12,0.45,0.2,0.18,3,30,9,2193,2203251038,3458133202,true,false,811.1999999999196,829.1999999999196,9,7,6,180,21,6,3,8,47,39,8,8,8,0,0.1702127659574468,0.8297872340425532,20,2.5,167.7333333333248,0.20677186061802444,1,1,0,6,3,34,6,3,37,6,3,38,143.46666666653618,0.17685733070334123,4,9,2,0
base,20260712,1,0.12,0.45,0.2,0.18,3,30,9,2194,3745497936,2605232938,true,false,817.6666666665803,835.6666666665803,9,7,6,180,19,6,3,3,36,30,6,3,6,0,0.16666666666666666,0.8333333333333334,13,1.625,167.7333333333248,0.20513656746841724,1,1,0,4,3,20,5,3,26,5,3,27,157.49999999985675,0.1926212800650714,3,7,2,0
base,20260712,1,0.12,0.45,0.2,0.18,3,30,9,2195,2273448484,1596155091,false,false,841.499999999892,859.499999999892,9,7,6,179,23,7,3,16,54,48,6,16,6,0,0.1111111111111111,0.8888888888888888,20,2.5,167.7333333333248,0.19932659932661476,1,0,1,6,3,35,6,3,44,0,0,0,0,0,6,10,2,0
base,20260712,1,0.12,0.45,0.2,0.18,3,30,9,2196,3947648799,1870871225,false,false,806.1999999999241,824.1999999999241,9,7,6,179,18,5,3,5,36,31,5,5,5,0,0.1388888888888889,0.8611111111111112,13,1.625,167.7333333333248,0.20805424625817487,1,0,1,3,3,24,5,3,31,0,0,0,0,0,3,5,2,0
base,20260712,1,0.12,0.45,0.2,0.18,3,30,9,2197,2986497021,2854427063,false,false,838.1666666665617,856.1666666665617,9,7,6,179,18,5,3,0,33,28,5,0,5,0,0.15151515151515152,0.8484848484848485,15,1.875,167.7333333333248,0.20011930801353645,1,0,1,4,3,23,5,3,26,0,0,0,0,0,6,11,2,0
base,20260712,1,0.12,0.45,0.2,0.18,3,30,9,2198,2899534119,3611893605,true,false,800.0999999999297,818.0999999999297,9,7,6,180,24,8,3,4,42,37,5,4,5,0,0.11904761904761904,0.8809523809523809,17,2.125,167.7333333333248,0.20964046160897332,1,1,0,5,3,28,7,3,36,7,3,36,123.46666666655437,0.15431404407769683,6,8,3,0
base,20260712,1,0.12,0.45,0.2,0.18,3,30,9,2199,2799969123,454595138,false,false,820.3666666665779,838.3666666665779,9,7,6,179,19,5,3,3,36,31,5,3,5,0,0.1388888888888889,0.8611111111111112,16,2,167.7333333333248,0.20446141969039408,1,0,1,4,3,24,5,3,31,0,0,0,0,0,2,7,2,0
base,20260712,1,0.12,0.45,0.2,0.18,3,30,9,2200,1380290162,1421544296,false,false,819.7999999999117,837.7999999999117,9,7,6,179,20,6,2,4,42,34,8,4,8,0,0.19047619047619047,0.8095238095238095,15,1.875,167.7333333333248,0.20460274863789077,1,0,1,4,1,27,6,2,34,0,0,0,0,0,3,5,2,0
base,20260712,1,0.12,0.45,0.2,0.18,3,30,9,2201,3341422917,1717542376,false,false,835.9666666665637,853.9666666665637,9,7,6,179,19,5,3,7,40,35,5,7,5,0,0.125,0.875,14,1.75,167.7333333333248,0.2006459587703004,1,0,1,4,3,30,5,3,35,0,0,0,0,0,5,11,2,0
base,20260712,1,0.12,0.45,0.2,0.18,3,30,9,2202,3490848939,98342381,true,false,773.5666666666204,791.5666666666204,9,7,6,180,16,5,3,0,31,25,6,0,6,0,0.1935483870967742,0.8064516129032258,14,1.75,167.7333333333248,0.21683112853880487,1,1,0,4,3,21,4,3,24,4,3,24,101.36666666657447,0.1310380488644554,5,11,2,0
base,20260712,1,0.12,0.45,0.2,0.18,3,30,9,2203,976360527,1823281994,false,false,801.7666666665948,819.7666666665948,9,7,6,179,26,7,3,10,52,46,6,10,6,0,0.11538461538461539,0.8846153846153846,23,2.875,167.7333333333248,0.20920467301376938,1,0,1,6,3,39,7,3,46,0,0,0,0,0,3,5,2,0
base,20260712,1,0.12,0.45,0.2,0.18,3,30,9,2204,1286565870,1234460227,false,false,774.7666666666194,792.7666666666194,9,7,6,179,27,9,3,13,60,49,11,13,11,0,0.18333333333333332,0.8166666666666667,24,3,167.7333333333248,0.2164952889041884,1,0,1,8,3,41,9,3,48,0,0,0,0,0,6,8,2,0
base,20260712,1,0.12,0.45,0.2,0.18,3,30,9,2205,77862637,453542371,false,false,834.566666666565,852.566666666565,9,7,6,179,24,7,3,16,54,50,4,16,4,0,0.07407407407407407,0.9259259259259259,23,2.875,167.7333333333248,0.20098254583218264,1,0,1,7,3,40,7,3,50,0,0,0,0,0,6,11,2,0
base,20260712,1,0.12,0.45,0.2,0.18,3,30,9,2206,4210403214,741317617,false,false,839.7999999998935,857.7999999998935,9,7,6,179,18,5,3,2,42,29,13,2,13,0,0.30952380952380953,0.6904761904761905,16,2,167.7333333333248,0.19973009446695172,1,0,1,5,3,24,5,3,29,0,0,0,0,0,6,13,4,0
base,20260712,1,0.12,0.45,0.2,0.18,3,30,9,2207,1133405621,1634721492,false,false,796.9666666665992,814.9666666665992,9,7,6,179,25,8,3,4,41,39,2,4,2,0,0.04878048780487805,0.9512195121951219,24,3,167.7333333333248,0.21046467857292944,1,0,1,8,3,34,8,3,36,0,0,0,0,0,6,10,2,0
base,20260712,1,0.12,0.45,0.2,0.18,3,30,9,2208,3247766767,2394851164,false,false,818.8666666665792,836.8666666665792,9,7,6,179,23,7,3,13,50,46,4,13,4,0,0.08,0.92,21,2.625,167.7333333333248,0.20483595212897016,1,0,1,6,3,37,7,3,44,0,0,0,0,0,5,10,2,0
base,20260712,1,0.12,0.45,0.2,0.18,3,30,9,2209,1746261379,752164020,false,false,843.9666666665564,861.9666666665564,9,7,6,179,24,7,3,8,48,41,7,8,7,0,0.14583333333333334,0.8541666666666666,19,2.375,167.7333333333248,0.1987440262253802,1,0,1,5,3,32,7,3,41,0,0,0,0,0,6,10,2,0
base,20260712,1,0.12,0.45,0.2,0.18,3,30,9,2210,1987701461,3661394405,false,false,809.1666666665881,827.1666666665881,9,7,6,179,28,8,3,11,57,48,9,11,9,0,0.15789473684210525,0.8421052631578947,24,3,167.7333333333248,0.20729145211123512,1,0,1,7,3,39,8,3,48,0,0,0,0,0,5,8,2,0
base,20260712,1,0.12,0.45,0.2,0.18,3,30,9,2211,787891571,129724333,false,false,808.0666666665891,826.0666666665891,9,7,6,179,22,7,3,4,40,35,5,4,5,0,0.125,0.875,19,2.375,167.7333333333248,0.2075736325385788,1,0,1,6,3,27,7,3,35,0,0,0,0,0,3,7,3,0
base,20260712,1,0.12,0.45,0.2,0.18,3,30,9,2212,949392966,1138451317,false,false,790.9333333332713,808.9333333332713,9,7,6,179,15,4,3,6,35,31,4,6,4,0,0.11428571428571428,0.8857142857142857,15,1.875,167.7333333333248,0.2120701281186842,1,0,1,4,3,25,4,3,30,0,0,0,0,0,4,4,1,0
base,20260712,1,0.12,0.45,0.2,0.18,3,30,9,2213,283355847,2508852839,false,false,767.0999999999597,785.0999999999597,9,7,6,179,18,5,3,10,41,38,3,10,3,0,0.07317073170731707,0.926829268292683,17,2.125,167.7333333333248,0.2186590188154525,1,0,1,5,3,31,5,3,38,0,0,0,0,0,5,5,2,0
base,20260712,1,0.12,0.45,0.2,0.18,3,30,9,2214,2492016214,1785744466,false,false,789.9999999999388,807.9999999999388,9,7,6,179,19,5,3,6,41,35,6,6,6,0,0.14634146341463414,0.8536585365853658,18,2.25,167.7333333333248,0.21232067510549085,1,0,1,5,3,30,5,3,34,0,0,0,0,0,5,9,2,0
base,20260712,1,0.12,0.45,0.2,0.18,3,30,9,2215,3883991814,1292537639,false,false,760.9999999999652,778.9999999999652,9,7,6,179,22,6,3,2,38,34,4,2,4,0,0.10526315789473684,0.8947368421052632,17,2.125,167.7333333333248,0.22041173893999008,1,0,1,5,3,27,6,3,34,0,0,0,0,0,4,5,3,0
base,20260712,1,0.12,0.45,0.2,0.18,3,30,9,2216,1285146286,2694181501,true,false,795.7999999999336,813.7999999999336,9,7,6,180,26,8,3,4,43,39,4,4,4,0,0.09302325581395349,0.9069767441860465,16,2,167.7333333333248,0.21077322610371801,1,1,0,4,3,27,6,3,35,7,3,38,120.79999999989013,0.1517969339028653,5,10,3,0
base,20260712,1,0.12,0.45,0.2,0.18,3,30,9,2217,1151903568,1057129058,false,false,774.5333333332862,792.5333333332862,9,7,6,179,21,6,3,3,37,33,4,3,4,0,0.10810810810810811,0.8918918918918919,17,2.125,167.7333333333248,0.21656050955414227,1,0,1,5,3,26,6,3,32,0,0,0,0,0,5,11,2,0
base,20260712,1,0.12,0.45,0.2,0.18,3,30,9,2218,255000466,95992864,true,false,806.299999999924,824.299999999924,9,7,6,180,18,5,3,5,40,33,7,5,7,0,0.175,0.825,15,1.875,167.7333333333248,0.2080284426805663,1,1,0,4,3,27,5,3,31,5,3,32,127.0333333332178,0.15755095291235244,6,8,2,0
base,20260712,1,0.12,0.45,0.2,0.18,3,30,9,2219,3076071,2571907882,false,false,817.9333333332468,835.9333333332468,9,7,6,179,22,7,3,1,39,32,7,1,7,0,0.1794871794871795,0.8205128205128205,17,2.125,167.7333333333248,0.20506968783113033,1,0,1,5,3,26,7,3,32,0,0,0,0,0,2,5,2,0
base,20260712,1,0.12,0.45,0.2,0.18,3,30,9,2220,856051668,1781397719,true,false,792.5999999999365,810.5999999999365,9,7,6,180,16,5,3,2,37,28,9,2,9,0,0.24324324324324326,0.7567567567567568,15,1.875,167.7333333333248,0.21162419042813302,1,1,0,5,3,23,5,3,26,5,3,27,121.16666666655647,0.15287240306152686,4,9,2,0
base,20260712,1,0.12,0.45,0.2,0.18,3,30,9,2221,1723564383,318131145,false,false,814.8333333332496,832.8333333332496,9,7,6,179,24,7,3,18,60,52,8,18,8,0,0.13333333333333333,0.8666666666666667,22,2.75,167.7333333333248,0.20584986704848685,1,0,1,7,3,41,7,3,52,0,0,0,0,0,3,5,2,0
base,20260712,1,0.12,0.45,0.2,0.18,3,30,9,2222,3007726819,2088392111,false,false,832.1999999999005,850.1999999999005,9,7,6,179,23,6,3,10,48,43,5,10,5,0,0.10416666666666667,0.8958333333333334,20,2.5,167.7333333333248,0.20155411359450234,1,0,1,6,3,35,6,3,42,0,0,0,0,0,5,14,2,0
base,20260712,1,0.12,0.45,0.2,0.18,3,30,9,2223,762117959,2495316337,false,false,825.2333333332401,843.2333333332401,9,7,6,179,20,6,3,5,40,35,5,5,5,0,0.125,0.875,20,2.5,167.7333333333248,0.20325564486813072,1,0,1,6,3,31,6,3,35,0,0,0,0,0,5,11,2,0
base,20260712,1,0.12,0.45,0.2,0.18,3,30,9,2224,2496062757,3645138588,false,false,828.5999999999037,846.5999999999037,9,7,6,179,24,7,3,7,49,41,8,7,8,0,0.16326530612244897,0.8367346938775511,17,2.125,167.7333333333248,0.20242980127123375,1,0,1,5,3,26,7,3,41,0,0,0,0,0,5,7,3,0
base,20260712,1,0.12,0.45,0.2,0.18,3,30,9,2225,2168401735,1447127531,false,false,797.0333333332658,815.0333333332658,9,7,6,179,21,6,3,11,52,42,10,11,10,0,0.19230769230769232,0.8076923076923077,18,2.25,167.7333333333248,0.2104470745681975,1,0,1,5,3,34,6,3,42,0,0,0,0,0,5,8,3,0
base,20260712,1,0.12,0.45,0.2,0.18,3,30,9,2226,2773084045,45142028,false,false,814.0666666665836,832.0666666665836,9,7,6,179,19,5,3,4,35,33,2,4,2,0,0.05714285714285714,0.9428571428571428,18,2.25,167.7333333333248,0.2060437310621676,1,0,1,5,3,30,5,3,33,0,0,0,0,0,3,4,2,0
base,20260712,1,0.12,0.45,0.2,0.18,3,30,9,2227,2573758714,1137452587,false,false,834.2333333332319,852.2333333332319,9,7,6,179,27,8,3,11,49,48,1,11,1,0,0.02040816326530612,0.9795918367346939,21,2.625,167.7333333333248,0.2010628521197249,1,0,1,6,3,38,8,3,48,0,0,0,0,0,5,8,3,0
base,20260712,1,0.12,0.45,0.2,0.18,3,30,9,2228,1404780959,1676799932,false,false,787.4666666666078,805.4666666666078,9,7,6,179,19,6,3,1,30,28,2,1,2,0,0.06666666666666667,0.9333333333333333,16,2,167.7333333333248,0.213003725025403,1,0,1,5,3,24,6,3,28,0,0,0,0,0,3,5,1,0
base,20260712,1,0.12,0.45,0.2,0.18,3,30,9,2229,3847309207,2852476777,false,false,827.8666666665711,845.8666666665711,9,7,6,179,23,7,3,12,50,45,5,12,5,0,0.1,0.9,19,2.375,167.7333333333248,0.20260911579965876,1,0,1,6,3,34,7,3,42,0,0,0,0,0,6,11,3,0
base,20260712,1,0.12,0.45,0.2,0.18,3,30,9,2230,1972595494,2013514479,false,false,834.899999999898,852.899999999898,9,7,6,179,23,7,3,12,56,45,11,12,11,0,0.19642857142857142,0.8035714285714286,19,2.375,167.7333333333248,0.2009023036691164,1,0,1,5,3,35,7,3,43,0,0,0,0,0,6,11,3,0
base,20260712,1,0.12,0.45,0.2,0.18,3,30,9,2231,3375298705,2826238928,false,false,761.8333333332978,779.8333333332978,9,7,6,179,23,7,3,5,45,37,8,5,8,0,0.17777777777777778,0.8222222222222222,16,2,167.7333333333248,0.2201706409975926,1,0,1,5,3,24,7,3,36,0,0,0,0,0,3,7,3,0
base,20260712,1,0.12,0.45,0.2,0.18,3,30,9,2232,2493925150,453955660,true,false,787.9666666666074,805.9666666666074,9,7,6,180,19,6,3,5,39,34,5,5,5,0,0.1282051282051282,0.8717948717948718,15,1.875,167.7333333333248,0.2128685646601008,1,1,0,4,3,25,6,3,32,6,3,33,103.96666666657211,0.13194297559107399,6,10,3,0
base,20260712,1,0.12,0.45,0.2,0.18,3,30,9,2233,1918894608,1043985773,true,false,756.9999999999688,774.9999999999688,9,7,6,180,21,6,3,5,38,35,3,5,3,0,0.07894736842105263,0.9210526315789473,19,2.375,167.7333333333248,0.22157639806252535,1,1,0,5,3,31,6,3,34,6,3,34,85.43333333325563,0.11285777190655105,5,11,2,0
base,20260712,1,0.12,0.45,0.2,0.18,3,30,9,2234,685864755,3034343912,true,false,762.4333333332972,780.4333333332972,9,7,6,180,21,6,3,8,46,37,9,8,9,0,0.1956521739130435,0.8043478260869565,14,1.75,167.7333333333248,0.21999737681983045,1,1,0,4,3,23,5,3,33,5,3,34,74.66666666659876,0.09793205963354473,4,11,2,0
base,20260712,1,0.12,0.45,0.2,0.18,3,30,9,2235,2298885096,1898246007,false,false,780.1666666666144,798.1666666666144,9,7,6,179,27,8,3,16,55,51,4,16,4,0,0.07272727272727272,0.9272727272727272,24,3,167.7333333333248,0.21499679555650847,1,0,1,7,3,41,8,3,51,0,0,0,0,0,4,5,2,0
base,20260712,1,0.12,0.45,0.2,0.18,3,30,9,2236,2180771871,885292718,false,false,782.9666666666119,800.9666666666119,9,7,6,179,21,6,3,5,41,35,6,5,6,0,0.14634146341463414,0.8536585365853658,17,2.125,167.7333333333248,0.21422793648091004,1,0,1,5,3,29,6,3,34,0,0,0,0,0,4,7,3,0
base,20260712,1,0.12,0.45,0.2,0.18,3,30,9,2237,3834157460,1387833407,false,false,764.8666666666284,782.8666666666284,9,7,6,179,18,5,3,6,38,32,6,6,6,0,0.15789473684210525,0.8421052631578947,16,2,167.7333333333248,0.2192974810424473,1,0,1,4,3,26,4,3,31,0,0,0,0,0,5,10,2,0
base,20260712,1,0.12,0.45,0.2,0.18,3,30,9,2238,1920062697,3323254076,true,false,818.5999999999128,836.5999999999128,9,7,6,180,26,8,3,5,44,40,4,5,4,0,0.09090909090909091,0.9090909090909091,19,2.375,167.7333333333248,0.2049026793712957,1,1,0,6,3,29,6,3,35,7,3,39,133.33333333321207,0.16287971333157375,5,11,2,0
base,20260712,1,0.12,0.45,0.2,0.18,3,30,9,2239,605641095,798574280,false,false,799.2999999999304,817.2999999999304,9,7,6,179,24,7,3,8,48,42,6,8,6,0,0.125,0.875,19,2.375,167.7333333333248,0.20985028566663255,1,0,1,5,3,32,7,3,41,0,0,0,0,0,5,5,2,0
base,20260712,1,0.12,0.45,0.2,0.18,3,30,9,2240,2914322216,1816605604,false,false,824.0666666665745,842.0666666665745,9,7,6,179,23,7,2,15,58,46,12,15,12,0,0.20689655172413793,0.7931034482758621,17,2.125,167.7333333333248,0.20354340263733947,1,0,1,5,2,36,7,2,46,0,0,0,0,0,6,8,3,0
base,20260712,1,0.12,0.45,0.2,0.18,3,30,9,2241,2368700498,2833135876,false,false,807.733333333256,825.733333333256,9,7,6,179,30,9,3,20,67,60,7,20,7,0,0.1044776119402985,0.8955223880597015,26,3.25,167.7333333333248,0.20765929349621268,1,0,1,8,3,47,9,3,60,0,0,0,0,0,3,4,3,0
base,20260712,1,0.12,0.45,0.2,0.18,3,30,9,2242,286200471,1513520063,false,false,840.1999999998932,858.1999999998932,9,7,6,179,28,9,3,17,58,55,3,17,3,0,0.05172413793103448,0.9482758620689655,23,2.875,167.7333333333248,0.19963500753790303,1,0,1,7,3,42,9,3,55,0,0,0,0,0,6,8,3,0
base,20260712,1,0.12,0.45,0.2,0.18,3,30,9,2243,3405684843,28505355,true,false,813.333333333251,831.333333333251,9,7,6,180,20,6,3,5,38,35,3,5,3,0,0.07894736842105263,0.9210526315789473,18,2.25,167.7333333333248,0.2062295081967317,1,1,0,5,3,30,6,3,34,6,3,34,122.86666666655492,0.15106557377036972,5,8,2,0
base,20260712,1,0.12,0.45,0.2,0.18,3,30,9,2244,1808218155,1884111721,false,false,795.6999999999337,813.6999999999337,9,7,6,179,30,8,3,12,60,52,8,12,8,0,0.13333333333333333,0.8666666666666667,23,2.875,167.7333333333248,0.21079971513552692,1,0,1,6,3,41,8,3,51,0,0,0,0,0,5,9,2,0
base,20260712,1,0.12,0.45,0.2,0.18,3,30,9,2245,2309325339,3718029639,false,false,815.8333333332487,833.8333333332487,9,7,6,179,29,9,3,15,60,53,7,15,7,0,0.11666666666666667,0.8833333333333333,26,3.25,167.7333333333248,0.2055975485189077,1,0,1,8,3,44,9,3,53,0,0,0,0,0,2,5,2,0
base,20260712,1,0.12,0.45,0.2,0.18,3,30,9,2246,2790006438,4289953302,false,false,774.4333333332863,792.4333333332863,9,7,6,179,25,8,3,4,48,38,10,4,10,0,0.20833333333333334,0.7916666666666666,15,1.875,167.7333333333248,0.21658847329230185,1,0,1,4,3,26,7,3,36,0,0,0,0,0,6,10,2,0
base,20260712,1,0.12,0.45,0.2,0.18,3,30,9,2247,2123031547,59015085,false,false,848.2333333332192,866.2333333332192,9,7,6,179,28,8,3,22,66,59,7,22,7,0,0.10606060606060606,0.8939393939393939,22,2.75,167.7333333333248,0.19774433135538258,1,0,1,7,3,46,8,3,58,0,0,0,0,0,6,7,3,0
base,20260712,1,0.12,0.45,0.2,0.18,3,30,9,2248,3287359993,1917613446,false,false,829.0333333332367,847.0333333332367,9,7,6,179,27,8,3,12,58,49,9,12,9,0,0.15517241379310345,0.8448275862068966,26,3.25,167.7333333333248,0.20232399179768928,1,0,1,8,3,41,8,3,48,0,0,0,0,0,5,14,2,0
base,20260712,1,0.12,0.45,0.2,0.18,3,30,9,2249,3999773344,334379616,false,false,834.4666666665651,852.4666666665651,9,7,6,179,27,8,3,13,54,48,6,13,6,0,0.1111111111111111,0.8888888888888888,25,3.125,167.7333333333248,0.2010066309818789,1,0,1,7,3,41,7,3,46,0,0,0,0,0,5,11,2,0
base,20260712,1,0.12,0.45,0.2,0.18,3,30,9,2250,782822411,2520930729,true,false,775.7666666666184,793.7666666666184,9,7,6,180,22,7,3,6,41,37,4,6,4,0,0.0975609756097561,0.9024390243902439,18,2.25,167.7333333333248,0.21621621621621864,1,1,0,5,3,29,6,3,36,6,3,36,98.86666666657675,0.1274438190176379,5,13,3,0
base,20260712,1,0.12,0.45,0.2,0.18,3,30,9,2251,4143932939,1605409358,false,false,838.6999999998945,856.6999999998945,9,7,6,179,19,5,3,1,35,29,6,1,6,0,0.17142857142857143,0.8285714285714286,16,2,167.7333333333248,0.1999920511903492,1,0,1,5,3,23,5,3,28,0,0,0,0,0,5,7,2,0
base,20260712,1,0.12,0.45,0.2,0.18,3,30,9,2252,2232050580,3338675466,false,false,751.5333333333072,769.5333333333072,9,7,6,179,25,8,3,5,42,39,3,5,3,0,0.07142857142857142,0.9285714285714286,20,2.5,167.7333333333248,0.2231881486738188,1,0,1,6,3,31,8,3,39,0,0,0,0,0,3,4,2,0
base,20260712,1,0.12,0.45,0.2,0.18,3,30,9,2253,2313933862,2138784883,true,false,788.6333333332734,806.6333333332734,9,7,6,180,21,6,3,3,41,34,7,3,7,0,0.17073170731707318,0.8292682926829268,17,2.125,167.7333333333248,0.21268861743945755,1,1,0,5,3,27,6,3,33,6,3,33,111.69999999989841,0.14163743184400046,5,11,3,0
base,20260712,1,0.12,0.45,0.2,0.18,3,30,9,2254,423287361,588602601,false,false,827.8666666665711,845.8666666665711,9,7,6,179,24,7,3,10,51,43,8,10,8,0,0.1568627450980392,0.8431372549019608,18,2.25,167.7333333333248,0.20260911579965876,1,0,1,5,3,34,7,3,42,0,0,0,0,0,4,5,2,0
base,20260712,1,0.12,0.45,0.2,0.18,3,30,9,2255,2147951166,1572069286,false,false,744.8999999999799,762.8999999999799,9,7,6,179,23,7,3,12,53,45,8,12,8,0,0.1509433962264151,0.8490566037735849,19,2.375,167.7333333333248,0.22517563878819885,1,0,1,5,3,35,7,3,45,0,0,0,0,0,3,5,2,0
base,20260712,1,0.12,0.45,0.2,0.18,3,30,9,2256,3984677179,539697361,false,false,809.2333333332547,827.2333333332547,9,7,6,179,23,6,3,8,45,40,5,8,5,0,0.1111111111111111,0.8888888888888888,22,2.75,167.7333333333248,0.207274374922776,1,0,1,6,3,32,6,3,40,0,0,0,0,0,2,4,3,0
base,20260712,1,0.12,0.45,0.2,0.18,3,30,9,2257,690857827,510851659,false,false,762.6333333332971,780.6333333332971,9,7,6,179,23,7,3,9,47,42,5,9,5,0,0.10638297872340426,0.8936170212765957,19,2.375,167.7333333333248,0.219939682678438,1,0,1,5,3,36,7,3,41,0,0,0,0,0,3,5,2,0
base,20260712,1,0.12,0.45,0.2,0.18,3,30,9,2258,1640083981,495665630,false,false,808.5666666665886,826.5666666665886,9,7,6,179,19,5,3,7,41,35,6,7,6,0,0.14634146341463414,0.8536585365853658,15,1.875,167.7333333333248,0.20744527352929998,1,0,1,4,3,24,5,3,35,0,0,0,0,0,2,5,2,0
base,20260712,1,0.12,0.45,0.2,0.18,3,30,9,2259,127989567,2066409048,true,false,809.2333333332547,827.2333333332547,9,7,6,180,21,6,3,3,39,34,5,3,5,0,0.1282051282051282,0.8717948717948718,17,2.125,167.7333333333248,0.207274374922776,1,1,0,5,3,25,6,3,32,6,3,33,119.09999999989168,0.14717633974531852,5,10,2,0
base,20260712,1,0.12,0.45,0.2,0.18,3,30,9,2260,507001253,4013639355,false,false,825.43333333324,843.43333333324,9,7,6,179,24,7,3,6,41,38,3,6,3,0,0.07317073170731707,0.926829268292683,15,1.875,167.7333333333248,0.20320639664016124,1,0,1,4,3,26,6,3,36,0,0,0,0,0,5,8,2,0
base,20260712,1,0.12,0.45,0.2,0.18,3,30,9,2261,3473588553,1934679956,false,false,850.299999999884,868.299999999884,9,7,6,179,21,6,3,1,36,31,5,1,5,0,0.1388888888888889,0.8611111111111112,13,1.625,167.7333333333248,0.19726371084716884,1,0,1,4,3,21,5,3,29,0,0,0,0,0,6,10,2,0
base,20260712,1,0.12,0.45,0.2,0.18,3,30,9,2262,1630346514,4108548601,true,false,753.6666666666385,771.6666666666385,9,7,6,180,18,5,3,2,32,29,3,2,3,0,0.09375,0.90625,15,1.875,167.7333333333248,0.2225563909774406,1,1,0,4,3,23,4,3,28,4,3,28,86.83333333325436,0.11521450685527324,5,10,1,0
base,20260712,1,0.12,0.45,0.2,0.18,3,30,9,2263,4120123403,1675013952,false,false,802.2666666665943,820.2666666665943,9,7,6,179,28,9,3,10,56,48,8,10,8,0,0.14285714285714285,0.8571428571428571,24,3,167.7333333333248,0.20907428951305457,1,0,1,7,3,42,9,3,48,0,0,0,0,0,6,10,2,0
base,20260712,1,0.12,0.45,0.2,0.18,3,30,9,2264,3335446216,1073641349,true,false,821.1666666665772,839.1666666665772,9,7,6,180,24,7,3,10,47,43,4,10,4,0,0.0851063829787234,0.9148936170212766,22,2.75,167.7333333333248,0.20426222853664674,1,1,0,6,3,37,6,3,41,6,3,42,143.29999999986967,0.1745078140855108,5,10,3,0
base,20260712,1,0.12,0.45,0.2,0.18,3,30,9,2265,1522981858,2584412900,false,false,855.2666666665461,873.2666666665461,9,7,6,179,28,8,3,19,63,57,6,19,6,0,0.09523809523809523,0.9047619047619048,27,3.375,167.7333333333248,0.19611816977162885,1,0,1,8,3,47,8,3,57,0,0,0,0,0,6,8,2,0
base,20260712,1,0.12,0.45,0.2,0.18,3,30,9,2266,2736414740,570894580,true,false,807.3666666665897,825.3666666665897,9,7,6,180,22,7,3,4,43,36,7,4,7,0,0.16279069767441862,0.8372093023255814,16,2,167.7333333333248,0.20775360224599412,1,1,0,4,3,27,7,3,35,7,3,35,132.06666666654655,0.16357706122772694,5,11,3,0
base,20260712,1,0.12,0.45,0.2,0.18,3,30,9,2267,2628907987,845474448,false,false,839.0333333332276,857.0333333332276,9,7,6,179,22,6,3,4,44,36,8,4,8,0,0.18181818181818182,0.8181818181818182,18,2.25,167.7333333333248,0.1999125978308521,1,0,1,5,3,30,6,3,35,0,0,0,0,0,5,8,2,0
base,20260712,1,0.12,0.45,0.2,0.18,3,30,9,2268,537210261,3357067451,false,false,802.2999999999276,820.2999999999276,9,7,6,179,22,7,3,2,37,34,3,2,3,0,0.08108108108108109,0.918918918918919,21,2.625,167.7333333333248,0.2090656030578835,1,0,1,7,3,31,7,3,34,0,0,0,0,0,2,5,2,0
base,20260712,1,0.12,0.45,0.2,0.18,3,30,9,2269,1983327874,390623026,false,false,757.0333333333022,775.0333333333022,9,7,6,179,19,6,3,3,35,32,3,3,3,0,0.08571428571428572,0.9142857142857143,18,2.25,167.7333333333248,0.2215666417154661,1,0,1,6,3,27,6,3,32,0,0,0,0,0,4,5,2,0
base,20260712,1,0.12,0.45,0.2,0.18,3,30,9,2270,3086806668,1235764177,false,false,870.6666666665321,888.6666666665321,9,7,6,179,20,6,3,4,40,34,6,4,6,0,0.15,0.85,18,2.25,167.7333333333248,0.1926493108729143,1,0,1,6,3,29,6,3,33,0,0,0,0,0,6,10,2,0
base,20260712,1,0.12,0.45,0.2,0.18,3,30,9,2271,2068928284,37923734,false,false,769.1999999999578,787.1999999999578,9,7,6,179,25,7,3,12,52,45,7,12,7,0,0.1346153846153846,0.8653846153846154,21,2.625,167.7333333333248,0.21806205581556684,1,0,1,6,3,36,7,3,45,0,0,0,0,0,5,7,2,0
base,20260712,1,0.12,0.45,0.2,0.18,3,30,9,2272,3425193234,114004857,false,false,843.3333333332237,861.3333333332237,9,7,6,179,22,7,2,11,51,41,10,11,10,0,0.19607843137254902,0.803921568627451,17,2.125,167.7333333333248,0.1988932806324268,1,0,1,5,2,32,6,2,38,0,0,0,0,0,4,9,3,0
base,20260712,1,0.12,0.45,0.2,0.18,3,30,9,2273,1524395095,517967885,false,false,817.1666666665808,835.1666666665808,9,7,6,179,23,7,3,18,56,49,7,18,7,0,0.125,0.875,20,2.5,167.7333333333248,0.20526208443811025,1,0,1,6,3,36,6,3,43,0,0,0,0,0,4,13,3,0
base,20260712,1,0.12,0.45,0.2,0.18,3,30,9,2274,703625495,788678903,false,false,822.4333333332427,840.4333333332427,9,7,6,179,20,6,3,6,40,34,6,6,6,0,0.15,0.85,12,1.5,167.7333333333248,0.20394763506668417,1,0,1,3,3,20,6,3,34,0,0,0,0,0,3,7,2,0
base,20260712,1,0.12,0.45,0.2,0.18,3,30,9,2275,3995234506,800012446,false,false,822.3333333332428,840.3333333332428,9,7,6,179,27,8,3,15,57,50,7,15,7,0,0.12280701754385964,0.8771929824561403,22,2.75,167.7333333333248,0.20397243615728813,1,0,1,6,3,39,8,3,50,0,0,0,0,0,4,5,2,0
base,20260712,1,0.12,0.45,0.2,0.18,3,30,9,2276,1693252357,871136928,false,false,763.2999999999631,781.2999999999631,9,7,6,179,26,8,3,11,51,47,4,11,4,0,0.0784313725490196,0.9215686274509803,22,2.75,167.7333333333248,0.21974758723088286,1,0,1,7,3,36,8,3,47,0,0,0,0,0,3,5,2,0
base,20260712,1,0.12,0.45,0.2,0.18,3,30,9,2277,1224327404,2159658843,false,false,770.33333333329,788.33333333329,9,7,6,179,26,8,3,12,53,47,6,12,6,0,0.11320754716981132,0.8867924528301887,22,2.75,167.7333333333248,0.2177412375594992,1,0,1,7,3,38,8,3,47,0,0,0,0,0,2,4,3,0
base,20260712,1,0.12,0.45,0.2,0.18,3,30,9,2278,3709197462,2702817538,false,false,819.7999999999117,837.7999999999117,9,7,6,179,22,6,2,9,43,41,2,9,2,0,0.046511627906976744,0.9534883720930233,20,2.5,167.7333333333248,0.20460274863789077,1,0,1,6,2,35,6,2,41,0,0,0,0,0,4,5,2,0
base,20260712,1,0.12,0.45,0.2,0.18,3,30,9,2279,2219040988,535684474,false,false,858.8666666665429,876.8666666665429,9,7,6,179,24,7,3,5,46,37,9,5,9,0,0.1956521739130435,0.8043478260869565,20,2.5,167.7333333333248,0.19529612667858687,1,0,1,6,3,33,7,3,37,0,0,0,0,0,5,10,2,0
base,20260712,1,0.12,0.45,0.2,0.18,3,30,9,2280,3229550339,1582644560,true,false,762.299999999964,780.299999999964,9,7,6,180,20,6,3,3,37,33,4,3,4,0,0.10810810810810811,0.8918918918918919,16,2,167.7333333333248,0.22003585639949194,1,1,0,5,3,23,6,3,32,6,3,32,85.93333333325518,0.1127290218198337,4,11,1,0
base,20260712,1,0.12,0.45,0.2,0.18,3,30,9,2281,332334475,1813517725,false,false,762.7666666666303,780.7666666666303,9,7,6,179,15,4,3,1,29,25,4,1,4,0,0.13793103448275862,0.8620689655172413,9,1.125,167.7333333333248,0.21990123672595305,1,0,1,2,2,18,4,3,25,0,0,0,0,0,3,5,1,0
base,20260712,1,0.12,0.45,0.2,0.18,3,30,9,2282,754611750,1209243662,false,false,815.1666666665826,833.1666666665826,9,7,6,179,29,9,3,12,57,51,6,12,6,0,0.10526315789473684,0.8947368421052632,24,3,167.7333333333248,0.2057656920875184,1,0,1,7,3,40,9,3,50,0,0,0,0,0,3,5,2,0
base,20260712,1,0.12,0.45,0.2,0.18,3,30,9,2283,1227526887,2990332944,true,false,751.6666666666404,769.6666666666404,9,7,6,180,23,7,3,10,49,43,6,10,6,0,0.12244897959183673,0.8775510204081632,18,2.25,167.7333333333248,0.2231485587583113,1,1,0,5,3,29,7,3,40,7,3,41,79.73333333326082,0.10607538802651477,5,14,2,0
base,20260712,1,0.12,0.45,0.2,0.18,3,30,9,2284,710265690,2363248135,false,false,834.4666666665651,852.4666666665651,9,7,6,179,22,6,3,11,50,43,7,11,7,0,0.14,0.86,19,2.375,167.7333333333248,0.2010066309818789,1,0,1,5,3,36,6,3,42,0,0,0,0,0,6,8,2,0
base,20260712,1,0.12,0.45,0.2,0.18,3,30,9,2285,1583339468,1321319301,false,false,804.8999999999253,822.8999999999253,9,7,6,179,27,9,3,6,47,42,5,6,5,0,0.10638297872340426,0.8936170212765957,22,2.75,167.7333333333248,0.20839027622479855,1,0,1,7,3,33,9,3,42,0,0,0,0,0,3,6,2,0
base,20260712,1,0.12,0.45,0.2,0.18,3,30,9,2286,3034197232,4047720857,false,false,833.466666666566,851.466666666566,9,7,6,179,18,6,3,0,31,27,4,0,4,0,0.12903225806451613,0.8709677419354839,11,1.375,167.7333333333248,0.20124780035195775,1,0,1,3,2,20,5,3,25,0,0,0,0,0,5,10,2,0
base,20260712,1,0.12,0.45,0.2,0.18,3,30,9,2287,656888840,1518115104,true,false,794.199999999935,812.199999999935,9,7,6,180,23,7,3,7,44,39,5,7,5,0,0.11363636363636363,0.8863636363636364,17,2.125,167.7333333333248,0.2111978510870543,1,1,0,5,3,27,7,3,38,7,3,39,110.06666666656656,0.1385880970367358,5,13,2,0
base,20260712,1,0.12,0.45,0.2,0.18,3,30,9,2288,3850729807,3095676841,false,false,802.4666666665942,820.4666666665942,9,7,6,179,25,7,3,13,50,46,4,13,4,0,0.08,0.92,21,2.625,167.7333333333248,0.20902218160672087,1,0,1,6,3,34,6,3,45,0,0,0,0,0,3,4,2,0
base,20260712,1,0.12,0.45,0.2,0.18,3,30,9,2289,2308337334,106267478,false,false,783.9999999999443,801.9999999999443,9,7,6,179,22,7,3,3,40,33,7,3,7,0,0.175,0.825,16,2,167.7333333333248,0.2139455782312968,1,0,1,5,3,24,6,3,31,0,0,0,0,0,6,9,3,0
base,20260712,1,0.12,0.45,0.2,0.18,3,30,9,2290,4277024891,2973920461,true,false,758.1999999999678,776.1999999999678,9,7,6,180,19,6,3,2,34,30,4,2,4,0,0.11764705882352941,0.8823529411764706,16,2,167.7333333333248,0.22122571001494581,1,1,0,5,3,25,6,3,30,6,3,30,76.09999999993079,0.1003692957002559,5,10,2,0
base,20260712,1,0.12,0.45,0.2,0.18,3,30,9,2291,1608938461,494915165,false,false,783.3999999999448,801.3999999999448,9,7,6,179,27,8,3,9,51,46,5,9,5,0,0.09803921568627451,0.9019607843137255,25,3.125,167.7333333333248,0.21410943749468547,1,0,1,8,3,39,8,3,45,0,0,0,0,0,3,4,2,0
base,20260712,1,0.12,0.45,0.2,0.18,3,30,9,2292,3356046508,3528634733,true,false,809.1666666665881,827.1666666665881,9,7,6,180,24,7,3,4,39,38,1,4,1,0,0.02564102564102564,0.9743589743589743,21,2.625,167.7333333333248,0.20729145211123512,1,1,0,6,3,30,7,3,37,7,3,37,148.1999999998652,0.1831513903191097,3,5,1,0
base,20260712,1,0.12,0.45,0.2,0.18,3,30,9,2293,2466710217,3379455512,false,false,744.69999999998,762.69999999998,9,7,6,179,15,4,2,0,30,25,5,0,5,0,0.16666666666666666,0.8333333333333334,15,1.875,167.7333333333248,0.22523611297613708,1,0,1,4,2,23,4,2,25,0,0,0,0,0,2,5,1,0
base,20260712,1,0.12,0.45,0.2,0.18,3,30,9,2294,4212921455,3792649513,false,false,817.4333333332472,835.4333333332472,9,7,6,179,21,6,3,12,46,41,5,12,5,0,0.10869565217391304,0.8913043478260869,16,2,167.7333333333248,0.20519512294581715,1,0,1,4,3,32,6,3,41,0,0,0,0,0,4,5,2,0
base,20260712,1,0.12,0.45,0.2,0.18,3,30,9,2295,3385675698,2266514797,false,false,803.8999999999262,821.8999999999262,9,7,6,179,23,7,3,9,45,41,4,9,4,0,0.08888888888888889,0.9111111111111111,18,2.25,167.7333333333248,0.20864950035245702,1,0,1,5,3,29,7,3,41,0,0,0,0,0,5,14,2,0
base,20260712,1,0.12,0.45,0.2,0.18,3,30,9,2296,2875030215,2902839816,true,false,807.3666666665897,825.3666666665897,9,7,6,180,19,6,3,4,36,32,4,4,4,0,0.1111111111111111,0.8888888888888888,13,1.625,167.7333333333248,0.20775360224599412,1,1,0,4,3,23,5,3,31,5,3,31,124.7999999998865,0.15457660707637802,5,9,2,0
base,20260712,1,0.12,0.45,0.2,0.18,3,30,9,2297,3575961988,1782102851,false,false,825.9333333332395,843.9333333332395,9,7,6,179,22,6,3,6,41,37,4,6,4,0,0.0975609756097561,0.9024390243902439,17,2.125,167.7333333333248,0.20308338041812557,1,0,1,5,3,29,6,3,36,0,0,0,0,0,5,8,2,0
base,20260712,1,0.12,0.45,0.2,0.18,3,30,9,2298,3981834964,214474218,false,false,767.3333333332928,785.3333333332928,9,7,6,179,29,9,3,10,51,48,3,10,3,0,0.058823529411764705,0.9411764705882353,25,3.125,167.7333333333248,0.21859252823631667,1,0,1,7,3,42,9,3,47,0,0,0,0,0,3,4,2,0
base,20260712,1,0.12,0.45,0.2,0.18,3,30,9,2299,3031334227,2217076712,false,false,830.3666666665688,848.3666666665688,9,7,6,179,19,5,2,10,44,39,5,10,5,0,0.11363636363636363,0.8863636363636364,18,2.25,167.7333333333248,0.2019991168560209,1,0,1,5,2,31,5,2,39,0,0,0,0,0,6,7,2,0
base,20260712,1,0.12,0.45,0.2,0.18,3,30,9,2300,1675415375,2990332959,false,false,777.1666666666172,795.1666666666172,9,7,6,179,18,5,2,4,36,32,4,4,4,0,0.1111111111111111,0.8888888888888888,14,1.75,167.7333333333248,0.2158267209950703,1,0,1,4,2,23,5,2,29,0,0,0,0,0,6,9,2,0
base,20260712,1,0.12,0.45,0.2,0.18,3,30,9,2301,1845538975,890096866,false,false,782.8999999999453,800.8999999999453,9,7,6,179,29,8,3,23,69,62,7,23,7,0,0.10144927536231885,0.8985507246376812,25,3.125,167.7333333333248,0.21424617873717783,1,0,1,7,3,52,8,3,60,0,0,0,0,0,5,8,2,0
base,20260712,1,0.12,0.45,0.2,0.18,3,30,9,2302,945368597,1730954495,true,false,817.9333333332468,835.9333333332468,9,7,6,180,26,8,3,8,50,44,6,8,6,0,0.12,0.88,20,2.5,167.7333333333248,0.20506968783113033,1,1,0,6,3,30,8,3,44,8,3,44,143.7333333332026,0.1757274431492597,5,9,3,0
base,20260712,1,0.12,0.45,0.2,0.18,3,30,9,2303,2184745684,2233531719,false,false,808.2999999999222,826.2999999999222,9,7,6,179,26,8,3,10,54,46,8,10,8,0,0.14814814814814814,0.8518518518518519,25,3.125,167.7333333333248,0.207513711905655,1,0,1,8,3,37,8,3,44,0,0,0,0,0,3,5,3,0
base,20260712,1,0.12,0.45,0.2,0.18,3,30,9,2304,3037371137,3077776993,false,false,839.633333333227,857.633333333227,9,7,6,179,28,9,3,16,60,54,6,16,6,0,0.1,0.9,26,3.25,167.7333333333248,0.1997697407598706,1,0,1,8,3,40,9,3,53,0,0,0,0,0,6,10,2,0
base,20260712,1,0.12,0.45,0.2,0.18,3,30,9,2305,839660457,809907421,false,false,775.5999999999519,793.5999999999519,9,7,6,179,20,6,3,0,35,30,5,0,5,0,0.14285714285714285,0.8571428571428571,14,1.75,167.7333333333248,0.21626267835654356,1,0,1,4,3,23,6,3,29,0,0,0,0,0,5,11,2,0
base,20260712,1,0.12,0.45,0.2,0.18,3,30,9,2306,1540087504,2957450925,false,false,819.7666666665784,837.7666666665784,9,7,6,179,17,4,3,7,43,34,9,7,9,0,0.20930232558139536,0.7906976744186046,16,2,167.7333333333248,0.20461106819014702,1,0,1,4,3,28,4,3,34,0,0,0,0,0,3,7,3,0
base,20260712,1,0.12,0.45,0.2,0.18,3,30,9,2307,3297254908,3213047664,false,false,828.2333333332374,846.2333333332374,9,7,6,179,24,7,3,11,49,45,4,11,4,0,0.08163265306122448,0.9183673469387755,22,2.75,167.7333333333248,0.20251941884333427,1,0,1,7,3,35,7,3,43,0,0,0,0,0,6,9,2,0
base,20260712,1,0.12,0.45,0.2,0.18,3,30,9,2308,2215122545,1961924526,false,false,835.4333333332308,853.4333333332308,9,7,6,179,23,7,3,11,48,43,5,11,5,0,0.10416666666666667,0.8958333333333334,16,2,167.7333333333248,0.2007740493955377,1,0,1,4,3,35,6,3,41,0,0,0,0,0,6,14,2,0
base,20260712,1,0.12,0.45,0.2,0.18,3,30,9,2309,1631555211,1554642804,true,false,801.899999999928,819.899999999928,9,7,6,180,18,5,3,8,41,36,5,8,5,0,0.12195121951219512,0.8780487804878049,16,2,167.7333333333248,0.209169888182242,1,1,0,4,3,29,5,3,32,5,3,32,113.09999999989714,0.1410400299288032,5,13,2,0
base,20260712,1,0.12,0.45,0.2,0.18,3,30,9,2310,1141368688,1499082869,false,false,805.966666666591,823.966666666591,9,7,6,179,23,7,3,6,43,38,5,6,5,0,0.11627906976744186,0.8837209302325582,18,2.25,167.7333333333248,0.20811447950701917,1,0,1,5,3,32,7,3,38,0,0,0,0,0,6,11,2,0
base,20260712,1,0.12,0.45,0.2,0.18,3,30,9,2311,4108646172,851351872,true,false,794.4666666666014,812.4666666666014,9,7,6,180,15,4,3,5,35,30,5,5,5,0,0.14285714285714285,0.8571428571428571,15,1.875,167.7333333333248,0.21112696148360144,1,1,0,4,3,24,4,3,29,4,3,29,111.96666666656483,0.14093312075175046,5,13,2,0
base,20260712,1,0.12,0.45,0.2,0.18,3,30,9,2312,3366652421,515954210,false,false,843.2666666665571,861.2666666665571,9,7,6,179,23,7,3,6,41,39,2,6,2,0,0.04878048780487805,0.9512195121951219,18,2.25,167.7333333333248,0.19890900466441608,1,0,1,5,3,32,7,3,37,0,0,0,0,0,5,11,2,0
base,20260712,1,0.12,0.45,0.2,0.18,3,30,9,2313,2415432728,3352018184,false,false,823.4999999999084,841.4999999999084,9,7,6,179,29,8,3,11,51,49,2,11,2,0,0.0392156862745098,0.9607843137254902,26,3.25,167.7333333333248,0.20368346488566297,1,0,1,7,3,42,8,3,49,0,0,0,0,0,6,8,2,0
base,20260712,1,0.12,0.45,0.2,0.18,3,30,9,2314,2663915473,2875036567,false,false,760.099999999966,778.099999999966,9,7,6,179,23,7,3,4,39,37,2,4,2,0,0.05128205128205128,0.9487179487179487,19,2.375,167.7333333333248,0.22067271850195014,1,0,1,6,3,30,7,3,37,0,0,0,0,0,3,4,2,0
base,20260712,1,0.12,0.45,0.2,0.18,3,30,9,2315,707736957,3639400833,false,false,830.5333333332353,848.5333333332353,9,7,6,179,30,9,3,11,58,50,8,11,8,0,0.13793103448275862,0.8620689655172413,25,3.125,167.7333333333248,0.2019585808316077,1,0,1,7,3,41,9,3,50,0,0,0,0,0,5,9,2,0
base,20260712,1,0.12,0.45,0.2,0.18,3,30,9,2316,111556336,192426273,true,false,789.133333333273,807.133333333273,9,7,6,180,22,6,3,10,46,41,5,10,5,0,0.10869565217391304,0.8913043478260869,19,2.375,167.7333333333248,0.21255385655149653,1,1,0,6,3,29,6,3,38,6,3,39,119.2999999998915,0.15117850806779667,6,13,2,0
base,20260712,1,0.12,0.45,0.2,0.18,3,30,9,2317,849837268,241569602,false,false,791.1333333332711,809.1333333332711,9,7,6,179,20,6,3,11,47,39,8,11,8,0,0.1702127659574468,0.8297872340425532,15,1.875,167.7333333333248,0.2120165163899949,1,0,1,4,3,32,5,3,38,0,0,0,0,0,5,14,2,0
base,20260712,1,0.12,0.45,0.2,0.18,3,30,9,2318,4123025793,3405180496,false,false,833.3333333332328,851.3333333332328,9,7,6,179,24,7,3,9,45,43,2,9,2,0,0.044444444444444446,0.9555555555555556,20,2.5,167.7333333333248,0.20128000000001403,1,0,1,6,3,33,7,3,41,0,0,0,0,0,5,11,2,0
base,20260712,1,0.12,0.45,0.2,0.18,3,30,9,2319,1872879785,2453966623,false,false,829.4333333332363,847.4333333332363,9,7,6,179,19,6,3,0,31,27,4,0,4,0,0.12903225806451613,0.8709677419354839,15,1.875,167.7333333333248,0.20222641964394697,1,0,1,4,2,24,6,3,27,0,0,0,0,0,5,14,2,0
base,20260712,1,0.12,0.45,0.2,0.18,3,30,9,2320,390473149,1482056190,false,false,779.7666666666148,797.7666666666148,9,7,6,179,22,7,3,16,56,48,8,16,8,0,0.14285714285714285,0.8571428571428571,18,2.25,167.7333333333248,0.21510708331552508,1,0,1,5,2,39,7,3,48,0,0,0,0,0,5,9,2,0
base,20260712,1,0.12,0.45,0.2,0.18,3,30,9,2321,2473601568,259133457,true,false,819.8666666665783,837.8666666665783,9,7,6,180,21,6,2,9,47,40,7,9,7,0,0.14893617021276595,0.851063829787234,17,2.125,167.7333333333248,0.20458611156286738,1,1,0,5,2,27,6,2,39,6,2,39,141.99999999987085,0.1731988941289878,5,9,3,0
base,20260712,1,0.12,0.45,0.2,0.18,3,30,9,2322,2536314919,146145460,false,false,761.8999999999644,779.8999999999644,9,7,6,179,27,8,2,10,52,46,6,10,6,0,0.11538461538461539,0.8846153846153846,24,3,167.7333333333248,0.22015137594609874,1,0,1,7,2,40,8,2,45,0,0,0,0,0,4,5,2,0
base,20260712,1,0.12,0.45,0.2,0.18,3,30,9,2323,3364315117,1904352183,false,false,827.4333333332381,845.4333333332381,9,7,6,179,14,4,2,0,24,21,3,0,3,0,0.125,0.875,12,1.5,167.7333333333248,0.2027152237844065,1,0,1,3,2,19,4,2,21,0,0,0,0,0,5,14,1,0
base,20260712,1,0.12,0.45,0.2,0.18,3,30,9,2324,4254877397,2265773069,false,false,840.2999999998931,858.2999999998931,9,7,6,179,17,5,3,0,31,26,5,0,5,0,0.16129032258064516,0.8387096774193549,16,2,167.7333333333248,0.19961124995042978,1,0,1,5,3,24,5,3,26,0,0,0,0,0,5,13,2,0
base,20260712,1,0.12,0.45,0.2,0.18,3,30,9,2325,552266449,3446524298,false,false,837.8999999998953,855.8999999998953,9,7,6,179,22,6,2,15,52,47,5,15,5,0,0.09615384615384616,0.9038461538461539,21,2.625,167.7333333333248,0.2001829971754932,1,0,1,6,2,38,6,2,47,0,0,0,0,0,6,11,2,0
base,20260712,1,0.12,0.45,0.2,0.18,3,30,9,2326,3917355728,2303427409,false,false,787.6666666666076,805.6666666666076,9,7,6,179,20,6,3,8,46,38,8,8,8,0,0.17391304347826086,0.8260869565217391,16,2,167.7333333333248,0.2129496402877749,1,0,1,4,3,30,6,3,38,0,0,0,0,0,6,10,3,0
base,20260712,1,0.12,0.45,0.2,0.18,3,30,9,2327,1919157075,2708542169,true,false,807.6999999999227,825.6999999999227,9,7,6,180,20,6,2,11,42,40,2,11,2,0,0.047619047619047616,0.9523809523809523,15,1.875,167.7333333333248,0.20766786348067456,1,1,0,4,2,27,5,2,36,5,2,39,126.96666666655119,0.15719532829833271,5,6,1,0
base,20260712,1,0.12,0.45,0.2,0.18,3,30,9,2328,2465107347,2887765623,false,false,791.666666666604,809.666666666604,9,7,6,179,14,4,3,0,27,23,4,0,4,0,0.14814814814814814,0.8518518518518519,10,1.25,167.7333333333248,0.2118736842105323,1,0,1,3,3,17,4,3,23,0,0,0,0,0,5,7,2,0
base,20260712,1,0.12,0.45,0.2,0.18,3,30,9,2329,3363709823,1945803323,false,false,748.7333333333097,766.7333333333097,9,7,6,179,26,8,3,14,57,49,8,14,8,0,0.14035087719298245,0.8596491228070176,21,2.625,167.7333333333248,0.22402279405217268,1,0,1,6,3,42,8,3,48,0,0,0,0,0,4,5,3,0
base,20260712,1,0.12,0.45,0.2,0.18,3,30,9,2330,3887971854,620170390,false,false,776.266666666618,794.266666666618,9,7,6,179,20,6,3,8,46,38,8,8,8,0,0.17391304347826086,0.8260869565217391,20,2.5,167.7333333333248,0.21607694950189194,1,0,1,6,3,32,6,3,38,0,0,0,0,0,6,10,2,0
base,20260712,1,0.12,0.45,0.2,0.18,3,30,9,2331,1887975168,3260534546,false,false,828.8999999999035,846.8999999999035,9,7,6,179,26,8,3,14,56,50,6,14,6,0,0.10714285714285714,0.8928571428571429,20,2.5,167.7333333333248,0.2023565367756597,1,0,1,6,3,33,8,3,50,0,0,0,0,0,4,5,2,0
base,20260712,1,0.12,0.45,0.2,0.18,3,30,9,2332,3420646693,4112801102,true,false,785.1999999999432,803.1999999999432,9,7,6,180,22,7,2,3,41,34,7,3,7,0,0.17073170731707318,0.8292682926829268,18,2.25,167.7333333333248,0.21361861096960894,1,1,0,5,2,26,6,2,33,6,2,33,114.63333333322907,0.14599252844273736,5,11,2,0
base,20260712,1,0.12,0.45,0.2,0.18,3,30,9,2333,1836979210,2528323920,false,false,842.1333333332248,860.1333333332248,9,7,6,179,12,3,2,0,29,20,9,0,9,0,0.3103448275862069,0.6896551724137931,11,1.375,167.7333333333248,0.19917669411021185,1,0,1,3,2,17,3,2,20,0,0,0,0,0,5,10,2,0
base,20260712,1,0.12,0.45,0.2,0.18,3,30,9,2334,3116980917,2622703087,false,false,796.5999999999328,814.5999999999328,9,7,6,179,21,6,3,3,39,34,5,3,5,0,0.1282051282051282,0.8717948717948718,19,2.375,167.7333333333248,0.21056155326806295,1,0,1,5,3,31,6,3,34,0,0,0,0,0,5,8,3,0
base,20260712,1,0.12,0.45,0.2,0.18,3,30,9,2335,1175644101,3015189911,true,false,812.899999999918,830.899999999918,9,7,6,180,23,7,3,15,53,47,6,15,6,0,0.11320754716981132,0.8867924528301887,20,2.5,167.7333333333248,0.2063394431459487,1,1,0,6,3,32,6,3,46,6,3,46,131.93333333321334,0.16229958584478613,5,11,4,0
base,20260712,1,0.12,0.45,0.2,0.18,3,30,9,2336,1133332922,4240820480,false,false,769.9333333332904,787.9333333332904,9,7,6,179,25,7,3,7,50,42,8,7,8,0,0.16,0.84,24,3,167.7333333333248,0.21785435968482225,1,0,1,7,3,36,7,3,42,0,0,0,0,0,5,5,2,0
base,20260712,1,0.12,0.45,0.2,0.18,3,30,9,2337,1819455648,382151163,false,false,785.1333333332766,803.1333333332766,9,7,6,179,24,7,3,12,50,46,4,12,4,0,0.08,0.92,23,2.875,167.7333333333248,0.21363674959667603,1,0,1,7,3,37,7,3,45,0,0,0,0,0,5,5,2,0
base,20260712,1,0.12,0.45,0.2,0.18,3,30,9,2338,2898595559,1476672442,false,false,852.3333333332155,870.3333333332155,9,7,6,179,21,6,3,8,45,38,7,8,7,0,0.15555555555555556,0.8444444444444444,17,2.125,167.7333333333248,0.19679311693392412,1,0,1,5,3,32,6,3,37,0,0,0,0,0,6,10,2,0
base,20260712,1,0.12,0.45,0.2,0.18,3,30,9,2339,1898411055,3029212994,false,false,838.7333333332278,856.7333333332278,9,7,6,179,18,5,3,5,41,31,10,5,10,0,0.24390243902439024,0.7560975609756098,13,1.625,167.7333333333248,0.1999841030124941,1,0,1,4,3,20,5,3,31,0,0,0,0,0,5,11,2,0
base,20260712,1,0.12,0.45,0.2,0.18,3,30,9,2340,345579009,3387715623,false,false,801.3999999999285,819.3999999999285,9,7,6,179,27,8,3,8,52,45,7,8,7,0,0.1346153846153846,0.8653846153846154,20,2.5,167.7333333333248,0.2093003909824554,1,0,1,6,3,32,8,3,44,0,0,0,0,0,4,8,4,0
base,20260712,1,0.12,0.45,0.2,0.18,3,30,9,2341,2034315018,1246161691,false,false,802.2666666665943,820.2666666665943,9,7,6,179,26,7,2,20,62,56,6,20,6,0,0.0967741935483871,0.9032258064516129,25,3.125,167.7333333333248,0.20907428951305457,1,0,1,7,2,50,7,2,55,0,0,0,0,0,5,8,2,0
base,20260712,1,0.12,0.45,0.2,0.18,3,30,9,2342,2389723764,2077573091,false,false,834.4333333332318,852.4333333332318,9,7,6,179,20,6,3,3,34,31,3,3,3,0,0.08823529411764706,0.9117647058823529,14,1.75,167.7333333333248,0.20101466064795895,1,0,1,4,2,23,6,3,31,0,0,0,0,0,5,11,2,0
base,20260712,1,0.12,0.45,0.2,0.18,3,30,9,2343,4287492221,3049853502,false,false,816.8999999999144,834.8999999999144,9,7,6,179,25,7,3,9,48,43,5,9,5,0,0.10416666666666667,0.8958333333333334,20,2.5,167.7333333333248,0.20532908964786678,1,0,1,6,3,33,7,3,42,0,0,0,0,0,6,8,3,0
base,20260712,1,0.12,0.45,0.2,0.18,3,30,9,2344,150598101,1938696984,false,false,828.0999999999042,846.0999999999042,9,7,6,179,20,5,3,6,40,36,4,6,4,0,0.1,0.9,16,2,167.7333333333248,0.20255202672786402,1,0,1,5,3,27,5,3,35,0,0,0,0,0,6,11,2,0
base,20260712,1,0.12,0.45,0.2,0.18,3,30,9,2345,4266081720,1263459206,false,false,827.2666666665716,845.2666666665716,9,7,6,179,18,5,3,8,38,35,3,8,3,0,0.07894736842105263,0.9210526315789473,15,1.875,167.7333333333248,0.20275606414700306,1,0,1,4,3,30,5,3,35,0,0,0,0,0,3,5,2,0
base,20260712,1,0.12,0.45,0.2,0.18,3,30,9,2346,3070345825,144205301,true,false,764.3333333332955,782.3333333332955,9,7,6,180,15,4,2,4,35,29,6,4,6,0,0.17142857142857143,0.8285714285714286,15,1.875,167.7333333333248,0.21945050152638435,1,1,0,4,2,24,4,2,28,4,2,28,86.36666666658812,0.11299607501080557,4,11,2,0
base,20260712,1,0.12,0.45,0.2,0.18,3,30,9,2347,3119384094,383821382,false,false,759.4999999999666,777.4999999999666,9,7,6,179,22,6,3,3,41,35,6,3,6,0,0.14634146341463414,0.8536585365853658,18,2.25,167.7333333333248,0.22084704849681655,1,0,1,5,3,27,6,3,35,0,0,0,0,0,3,5,2,0
base,20260712,1,0.12,0.45,0.2,0.18,3,30,9,2348,3020212197,4097075520,false,false,791.1999999999377,809.1999999999377,9,7,6,179,24,7,3,14,57,48,9,14,9,0,0.15789473684210525,0.8421052631578947,24,3,167.7333333333248,0.21199865183687816,1,0,1,7,3,39,7,3,48,0,0,0,0,0,4,5,2,0
base,20260712,1,0.12,0.45,0.2,0.18,3,30,9,2349,1819794174,3273310221,false,false,779.3999999999485,797.3999999999485,9,7,6,179,29,9,3,12,60,51,9,12,9,0,0.15,0.85,23,2.875,167.7333333333248,0.21520827987341015,1,0,1,7,3,37,9,3,50,0,0,0,0,0,5,10,4,0
base,20260712,1,0.12,0.45,0.2,0.18,3,30,9,2350,2155076588,3707916323,false,false,851.2333333332165,869.2333333332165,9,7,6,179,22,7,3,6,44,37,7,6,7,0,0.1590909090909091,0.8409090909090909,15,1.875,167.7333333333248,0.19704742138859047,1,0,1,4,2,27,7,3,35,0,0,0,0,0,6,9,3,0
base,20260712,1,0.12,0.45,0.2,0.18,3,30,9,2351,2290421003,211308527,false,false,856.5333333332117,874.5333333332117,9,7,6,179,25,7,3,11,50,45,5,11,5,0,0.1,0.9,20,2.5,167.7333333333248,0.1958281444582993,1,0,1,6,3,34,7,3,44,0,0,0,0,0,5,8,1,0
base,20260712,1,0.12,0.45,0.2,0.18,3,30,9,2352,317603453,2330635243,true,false,780.666666666614,798.666666666614,9,7,6,180,24,8,3,8,46,40,6,8,6,0,0.13043478260869565,0.8695652173913043,17,2.125,167.7333333333248,0.21485909479078066,1,1,0,5,3,30,7,3,39,7,3,39,109.19999999990068,0.139880444064784,6,13,2,0
base,20260712,1,0.12,0.45,0.2,0.18,3,30,9,2353,4086565008,1108502329,false,false,787.7666666666075,805.7666666666075,9,7,6,179,20,6,2,6,37,35,2,6,2,0,0.05405405405405406,0.9459459459459459,17,2.125,167.7333333333248,0.21292260821732836,1,0,1,5,2,29,5,2,33,0,0,0,0,0,9,5,2,0
base,20260712,1,0.12,0.45,0.2,0.18,3,30,9,2354,3799922110,2179368975,true,false,773.633333333287,791.633333333287,9,7,6,180,21,6,3,2,36,33,3,2,3,0,0.08333333333333333,0.9166666666666666,19,2.375,167.7333333333248,0.2168124434486641,1,1,0,5,3,28,6,3,32,6,3,32,109.03333333323417,0.1409367055882296,5,14,2,0
base,20260712,1,0.12,0.45,0.2,0.18,3,30,9,2355,4215056794,2146028667,true,false,813.1999999999177,831.1999999999177,9,7,6,180,23,7,3,8,45,41,4,8,4,0,0.08888888888888889,0.9111111111111111,19,2.375,167.7333333333248,0.20626332185605234,1,1,0,5,3,30,6,3,37,7,3,40,154.09999999985985,0.18949827840614294,2,5,3,0
base,20260712,1,0.12,0.45,0.2,0.18,3,30,9,2356,2030467430,3999497787,false,false,813.9666666665837,831.9666666665837,9,7,6,179,20,5,3,5,40,35,5,5,5,0,0.125,0.875,17,2.125,167.7333333333248,0.20606904459643133,1,0,1,5,3,29,5,3,34,0,0,0,0,0,5,5,2,0
base,20260712,1,0.12,0.45,0.2,0.18,3,30,9,2357,808212263,3568557592,false,false,834.1666666665653,852.1666666665653,9,7,6,179,24,7,3,3,43,36,7,3,7,0,0.16279069767441862,0.8372093023255814,17,2.125,167.7333333333248,0.20107892107893527,1,0,1,5,3,26,7,3,34,0,0,0,0,0,5,11,2,0
base,20260712,1,0.12,0.45,0.2,0.18,3,30,9,2358,2070303940,1131234519,false,false,754.9333333333041,772.9333333333041,9,7,6,179,27,8,3,16,62,53,9,16,9,0,0.14516129032258066,0.8548387096774194,25,3.125,167.7333333333248,0.22218297421405594,1,0,1,8,3,47,8,3,53,0,0,0,0,0,3,5,2,0
base,20260712,1,0.12,0.45,0.2,0.18,3,30,9,2359,2599376985,1288706973,false,false,834.0333333332321,852.0333333332321,9,7,6,179,19,5,2,4,36,32,4,4,4,0,0.1111111111111111,0.8888888888888888,16,2,167.7333333333248,0.20111106670398282,1,0,1,4,2,26,5,2,32,0,0,0,0,0,6,9,2,0
base,20260712,1,0.12,0.45,0.2,0.18,3,30,9,2360,2333843428,38993743,false,false,799.9666666665964,817.9666666665964,9,7,6,179,27,8,3,6,51,43,8,6,8,0,0.1568627450980392,0.8431372549019608,23,2.875,167.7333333333248,0.2096754031418053,1,0,1,7,3,33,8,3,43,0,0,0,0,0,3,4,2,0
base,20260712,1,0.12,0.45,0.2,0.18,3,30,9,2361,2618401905,1387180517,true,false,792.9333333332695,810.9333333332695,9,7,6,180,15,4,3,3,33,28,5,3,5,0,0.15151515151515152,0.8484848484848485,15,1.875,167.7333333333248,0.21153522784597903,1,1,0,4,3,23,4,3,27,4,3,27,123.19999999988795,0.15537245670072877,4,8,2,0
base,20260712,1,0.12,0.45,0.2,0.18,3,30,9,2362,2391656880,537134083,false,false,830.1999999999023,848.1999999999023,9,7,6,179,24,8,3,6,43,37,6,6,6,0,0.13953488372093023,0.8604651162790697,20,2.5,167.7333333333248,0.20203966915604016,1,0,1,6,3,31,8,3,37,0,0,0,0,0,5,10,3,0
base,20260712,1,0.12,0.45,0.2,0.18,3,30,9,2363,2888200290,505772187,false,false,766.9666666666265,784.9666666666265,9,7,6,179,27,7,3,15,59,52,7,15,7,0,0.11864406779661017,0.8813559322033898,22,2.75,167.7333333333248,0.2186970315963322,1,0,1,6,3,33,7,3,49,0,0,0,0,0,6,11,3,0
base,20260712,1,0.12,0.45,0.2,0.18,3,30,9,2364,3890005373,2897124015,false,false,768.899999999958,786.899999999958,9,7,6,179,24,7,3,12,54,46,8,12,8,0,0.14814814814814814,0.8518518518518519,21,2.625,167.7333333333248,0.21814713660207302,1,0,1,6,3,38,7,3,44,0,0,0,0,0,6,10,3,0
base,20260712,1,0.12,0.45,0.2,0.18,3,30,9,2365,3112951042,411141155,true,false,795.4999999999338,813.4999999999338,9,7,6,180,27,8,3,10,54,47,7,10,7,0,0.12962962962962962,0.8703703703703703,21,2.625,167.7333333333248,0.21085271317830137,1,1,0,6,3,33,8,3,44,8,3,46,116.93333333322698,0.14699350513291856,4,9,3,0
base,20260712,1,0.12,0.45,0.2,0.18,3,30,9,2366,2540651679,2270174902,false,false,765.9999999999607,783.9999999999607,9,7,6,179,23,7,3,13,49,44,5,13,5,0,0.10204081632653061,0.8979591836734694,20,2.5,167.7333333333248,0.21897302001740654,1,0,1,6,3,34,6,3,43,0,0,0,0,0,4,5,3,0
base,20260712,1,0.12,0.45,0.2,0.18,3,30,9,2367,3559696313,2162406238,false,false,763.06666666663,781.06666666663,9,7,6,179,18,5,3,1,30,27,3,1,3,0,0.1,0.9,13,1.625,167.7333333333248,0.21981478245675282,1,0,1,3,2,23,5,3,27,0,0,0,0,0,3,5,2,0
base,20260712,1,0.12,0.45,0.2,0.18,3,30,9,2368,504827642,2760609543,true,false,785.9999999999425,803.9999999999425,9,7,6,180,19,6,3,2,34,30,4,2,4,0,0.11764705882352941,0.8823529411764706,15,1.875,167.7333333333248,0.21340118744699374,1,1,0,4,3,26,6,3,28,6,3,29,112.39999999989777,0.1430025445291425,4,13,2,0
base,20260712,1,0.12,0.45,0.2,0.18,3,30,9,2369,4019439866,270927545,false,false,813.9333333332504,831.9333333332504,9,7,6,179,14,4,3,1,27,25,2,1,2,0,0.07407407407407407,0.9259259259259259,12,1.5,167.7333333333248,0.20607748382341948,1,0,1,4,3,19,4,3,25,0,0,0,0,0,3,5,2,0
base,20260712,1,0.12,0.45,0.2,0.18,3,30,9,2370,1504901045,3493329262,false,false,830.3999999999021,848.3999999999021,9,7,6,179,28,8,3,14,54,52,2,14,2,0,0.037037037037037035,0.9629629629629629,25,3.125,167.7333333333248,0.2019910083494034,1,0,1,7,3,41,8,3,50,0,0,0,0,0,5,11,2,0
base,20260712,1,0.12,0.45,0.2,0.18,3,30,9,2371,1121681778,1288986073,false,false,827.7333333332379,845.7333333332379,9,7,6,179,20,6,3,10,47,40,7,10,7,0,0.14893617021276595,0.851063829787234,17,2.125,167.7333333333248,0.20264175257733263,1,0,1,5,3,31,6,3,37,0,0,0,0,0,6,8,2,0
base,20260712,1,0.12,0.45,0.2,0.18,3,30,9,2372,600236298,1830827250,false,false,762.8333333332969,780.8333333332969,9,7,6,179,16,5,2,0,30,25,5,0,5,0,0.16666666666666666,0.8333333333333334,12,1.5,167.7333333333248,0.21988201878959948,1,0,1,3,2,21,5,2,24,0,0,0,0,0,5,13,2,0
base,20260712,1,0.12,0.45,0.2,0.18,3,30,9,2373,2145177234,3287728622,false,false,850.8333333332168,868.8333333332168,9,7,6,179,25,7,3,13,55,48,7,13,7,0,0.12727272727272726,0.8727272727272727,25,3.125,167.7333333333248,0.1971400587659327,1,0,1,7,3,44,7,3,48,0,0,0,0,0,5,11,2,0
base,20260712,1,0.12,0.45,0.2,0.18,3,30,9,2374,1928340309,233603033,false,false,780.9333333332804,798.9333333332804,9,7,6,179,23,7,3,3,40,36,4,3,4,0,0.1,0.9,19,2.375,167.7333333333248,0.2147857264811373,1,0,1,6,3,28,7,3,36,0,0,0,0,0,2,6,1,0
base,20260712,1,0.12,0.45,0.2,0.18,3,30,9,2375,2321223607,1271623010,false,false,815.6333333332489,833.6333333332489,9,7,6,179,22,6,3,4,41,36,5,4,5,0,0.12195121951219512,0.8780487804878049,19,2.375,167.7333333333248,0.205647962728361,1,0,1,6,3,29,6,3,36,0,0,0,0,0,5,4,2,0
base,20260712,1,0.12,0.45,0.2,0.18,3,30,9,2376,3732502805,1958453356,false,false,802.5666666665941,820.5666666665941,9,7,6,179,21,6,3,9,50,40,10,9,10,0,0.2,0.8,20,2.5,167.7333333333248,0.20899613739254055,1,0,1,6,3,32,6,3,40,0,0,0,0,0,5,7,2,0
base,20260712,1,0.12,0.45,0.2,0.18,3,30,9,2377,209634586,3871535593,false,false,768.6666666666249,786.6666666666249,9,7,6,179,22,7,3,4,39,35,4,4,4,0,0.10256410256410256,0.8974358974358975,16,2,167.7333333333248,0.21821335646140577,1,0,1,4,2,28,7,3,35,0,0,0,0,0,3,5,2,0
base,20260712,1,0.12,0.45,0.2,0.18,3,30,9,2378,1510802123,803672123,false,false,797.9666666665983,815.9666666665983,9,7,6,179,21,6,2,14,50,45,5,14,5,0,0.1,0.9,21,2.625,167.7333333333248,0.21020092735703977,1,0,1,6,2,42,6,2,45,0,0,0,0,0,4,4,2,0
base,20260712,1,0.12,0.45,0.2,0.18,3,30,9,2379,2218259735,427929475,false,false,773.5999999999538,791.5999999999538,9,7,6,179,23,7,3,10,48,43,5,10,5,0,0.10416666666666667,0.8958333333333334,18,2.25,167.7333333333248,0.21682178559117737,1,0,1,5,2,31,7,3,43,0,0,0,0,0,5,10,2,0
base,20260712,1,0.12,0.45,0.2,0.18,3,30,9,2380,2351427337,3494934321,false,false,764.7666666666285,782.7666666666285,9,7,6,179,22,6,3,5,39,37,2,5,2,0,0.05128205128205128,0.9487179487179487,17,2.125,167.7333333333248,0.2193261561260513,1,0,1,5,3,28,6,3,37,0,0,0,0,0,3,4,2,0
base,20260712,1,0.12,0.45,0.2,0.18,3,30,9,2381,3457748275,896472523,false,false,826.5999999999055,844.5999999999055,9,7,6,179,15,4,3,2,32,25,7,2,7,0,0.21875,0.78125,12,1.5,167.7333333333248,0.20291959028955234,1,0,1,3,3,20,4,3,25,0,0,0,0,0,5,11,4,0
base,20260712,1,0.12,0.45,0.2,0.18,3,30,9,2382,1472441424,3289731850,false,false,805.6999999999246,823.6999999999246,9,7,6,179,26,8,3,19,64,55,9,19,9,0,0.140625,0.859375,22,2.75,167.7333333333248,0.20818336022507197,1,0,1,7,3,44,8,3,54,0,0,0,0,0,6,11,3,0
base,20260712,1,0.12,0.45,0.2,0.18,3,30,9,2383,10371439,3562103931,false,false,806.5333333332571,824.5333333332571,9,7,6,179,30,9,3,15,60,55,5,15,5,0,0.08333333333333333,0.9166666666666666,26,3.25,167.7333333333248,0.20796825921640846,1,0,1,8,3,40,9,3,55,0,0,0,0,0,3,5,3,0
base,20260712,1,0.12,0.45,0.2,0.18,3,30,9,2384,1268779590,1062597140,true,false,811.6999999999191,829.6999999999191,9,7,6,180,22,7,3,8,43,39,4,8,4,0,0.09302325581395349,0.9069767441860465,19,2.375,167.7333333333248,0.20664449098600654,1,1,0,5,3,34,6,3,36,6,3,38,130.466666666548,0.16073261878349268,5,11,2,0
base,20260712,1,0.12,0.45,0.2,0.18,3,30,9,2385,3583003116,923441809,true,false,794.1666666666017,812.1666666666017,9,7,6,180,19,5,3,1,35,29,6,1,6,0,0.17142857142857143,0.8285714285714286,14,1.75,167.7333333333248,0.2112067156348439,1,1,0,4,3,23,5,3,28,5,3,28,114.63333333322907,0.144344176285295,5,14,2,0
base,20260712,1,0.12,0.45,0.2,0.18,3,30,9,2386,2865384294,47618480,false,false,791.4333333332709,809.4333333332709,9,7,6,179,24,7,2,11,48,44,4,11,4,0,0.08333333333333333,0.9166666666666666,20,2.5,167.7333333333248,0.2119361496019939,1,0,1,6,2,35,7,2,43,0,0,0,0,0,5,7,2,0
base,20260712,1,0.12,0.45,0.2,0.18,3,30,9,2387,532693018,2173547026,false,false,773.3666666666206,791.3666666666206,9,7,6,179,21,6,2,13,46,42,4,13,4,0,0.08695652173913043,0.9130434782608695,18,2.25,167.7333333333248,0.21688720313779766,1,0,1,5,2,35,5,2,41,0,0,0,0,0,3,5,2,0
base,20260712,1,0.12,0.45,0.2,0.18,3,30,9,2388,30918588,141234253,false,false,811.2999999999195,829.2999999999195,9,7,6,179,19,6,3,1,36,28,8,1,8,0,0.2222222222222222,0.7777777777777778,14,1.75,167.7333333333248,0.20674637413206143,1,0,1,4,2,23,6,3,28,0,0,0,0,0,2,5,2,0
base,20260712,1,0.12,0.45,0.2,0.18,3,30,9,2389,1384821148,3455051639,false,false,831.7666666665675,849.7666666665675,9,7,6,179,25,8,3,15,55,48,7,15,7,0,0.12727272727272726,0.8727272727272727,20,2.5,167.7333333333248,0.20165911914400447,1,0,1,6,3,40,7,3,47,0,0,0,0,0,6,11,2,0
base,20260712,1,0.12,0.45,0.2,0.18,3,30,9,2390,2429112563,2859572126,false,false,830.1999999999023,848.1999999999023,9,7,6,179,23,7,3,6,44,39,5,6,5,0,0.11363636363636363,0.8863636363636364,20,2.5,167.7333333333248,0.20203966915604016,1,0,1,6,3,34,7,3,37,0,0,0,0,0,5,11,2,0
base,20260712,1,0.12,0.45,0.2,0.18,3,30,9,2391,67140452,4239663690,false,false,761.9333333332977,779.9333333332977,9,7,6,179,19,6,2,3,32,30,2,3,2,0,0.0625,0.9375,15,1.875,167.7333333333248,0.22014174468457343,1,0,1,4,2,25,6,2,30,0,0,0,0,0,6,10,1,0
base,20260712,1,0.12,0.45,0.2,0.18,3,30,9,2392,3523912050,33293859,false,false,824.666666666574,842.666666666574,9,7,6,179,25,7,3,15,57,50,7,15,7,0,0.12280701754385964,0.8771929824561403,21,2.625,167.7333333333248,0.20339531123687588,1,0,1,6,3,37,7,3,50,0,0,0,0,0,6,7,2,0
base,20260712,1,0.12,0.45,0.2,0.18,3,30,9,2393,3941778780,637651149,true,false,779.3333333332819,797.3333333332819,9,7,6,180,21,6,3,4,39,34,5,4,5,0,0.1282051282051282,0.8717948717948718,17,2.125,167.7333333333248,0.21522668947818974,1,1,0,5,3,27,6,3,34,6,3,34,102.7333333332399,0.13182207014531225,5,13,2,0
base,20260712,1,0.12,0.45,0.2,0.18,3,30,9,2394,1411593298,4285125051,false,false,802.1666666665944,820.1666666665944,9,7,6,179,23,7,3,10,45,43,2,10,2,0,0.044444444444444446,0.9555555555555556,21,2.625,167.7333333333248,0.2091003532100643,1,0,1,6,3,37,7,3,41,0,0,0,0,0,6,8,3,0
base,20260712,1,0.12,0.45,0.2,0.18,3,30,9,2395,3541407129,2229902593,false,false,778.3666666666161,796.3666666666161,9,7,6,179,23,6,3,14,57,47,10,14,10,0,0.17543859649122806,0.8245614035087719,21,2.625,167.7333333333248,0.21549398312706397,1,0,1,6,3,37,6,3,45,0,0,0,0,0,2,4,3,0
base,20260712,1,0.12,0.45,0.2,0.18,3,30,9,2396,1780569555,3410940605,false,false,774.6333333332861,792.6333333332861,9,7,6,179,12,3,1,3,29,24,5,3,5,0,0.1724137931034483,0.8275862068965517,10,1.25,167.7333333333248,0.2165325530358471,1,0,1,2,1,22,3,1,24,0,0,0,0,0,3,5,2,0
base,20260712,1,0.12,0.45,0.2,0.18,3,30,9,2397,3719637430,2249856301,false,false,816.5666666665813,834.5666666665813,9,7,6,179,25,8,3,8,49,43,6,8,6,0,0.12244897959183673,0.8775510204081632,20,2.5,167.7333333333248,0.20541290770299506,1,0,1,6,3,32,8,3,41,0,0,0,0,0,5,8,2,0
base,20260712,1,0.12,0.45,0.2,0.18,3,30,9,2398,1774346189,4233075339,false,false,766.2999999999604,784.2999999999604,9,7,6,179,26,7,3,11,56,46,10,11,10,0,0.17857142857142858,0.8214285714285714,20,2.5,167.7333333333248,0.21888729392318082,1,0,1,5,3,35,7,3,46,0,0,0,0,0,5,6,4,0
base,20260712,1,0.12,0.45,0.2,0.18,3,30,9,2399,4069497630,3077228086,false,false,827.8333333332378,845.8333333332378,9,7,6,179,22,7,3,10,50,41,9,10,9,0,0.18,0.82,19,2.375,167.7333333333248,0.20261727400846888,1,0,1,6,3,36,7,3,41,0,0,0,0,0,3,5,3,0
base,20260712,1,0.12,0.45,0.2,0.18,3,30,9,2400,469967649,2704642969,false,false,814.766666666583,832.766666666583,9,7,6,179,25,8,3,17,57,52,5,17,5,0,0.08771929824561403,0.9122807017543859,22,2.75,167.7333333333248,0.20586671030561962,1,0,1,7,3,35,8,3,51,0,0,0,0,0,6,10,2,0
base,20260712,1,0.12,0.45,0.2,0.18,3,30,9,2401,3141074115,3375341906,false,false,793.9666666666019,811.9666666666019,9,7,6,179,30,9,3,22,64,60,4,22,4,0,0.0625,0.9375,24,3,167.7333333333248,0.21125991855242263,1,0,1,7,3,48,9,3,60,0,0,0,0,0,3,7,3,0
base,20260712,1,0.12,0.45,0.2,0.18,3,30,9,2402,4221126715,3455925408,false,false,841.2999999998922,859.2999999998922,9,7,6,179,21,6,3,3,38,33,5,3,5,0,0.13157894736842105,0.868421052631579,18,2.25,167.7333333333248,0.19937398470622406,1,0,1,5,3,28,6,3,33,0,0,0,0,0,6,13,2,0
base,20260712,1,0.12,0.45,0.2,0.18,3,30,9,2403,1051803465,3302949298,false,false,812.4999999999184,830.4999999999184,9,7,6,179,26,8,3,11,51,47,4,11,4,0,0.0784313725490196,0.9215686274509803,23,2.875,167.7333333333248,0.20644102564103586,1,0,1,7,3,38,8,3,47,0,0,0,0,0,4,5,2,0
base,20260712,1,0.12,0.45,0.2,0.18,3,30,9,2404,3138825369,85766934,false,false,825.8666666665729,843.8666666665729,9,7,6,179,23,7,3,17,55,50,5,17,5,0,0.09090909090909091,0.9090909090909091,18,2.25,167.7333333333248,0.20309977397482706,1,0,1,5,3,32,7,3,50,0,0,0,0,0,5,11,3,0
base,20260712,1,0.12,0.45,0.2,0.18,3,30,9,2405,585799114,2682390779,false,false,811.0666666665863,829.0666666665863,9,7,6,179,22,7,3,9,49,38,11,9,11,0,0.22448979591836735,0.7755102040816326,16,2,167.7333333333248,0.20680585237548257,1,0,1,4,3,31,6,3,37,0,0,0,0,0,3,5,2,0
base,20260712,1,0.12,0.45,0.2,0.18,3,30,9,2406,1775226621,2093382041,true,false,785.833333333276,803.833333333276,9,7,6,180,21,7,3,0,34,30,4,0,4,0,0.11764705882352941,0.8823529411764706,17,2.125,167.7333333333248,0.21344644750795805,1,1,0,5,3,25,6,3,29,6,3,29,108.36666666656811,0.13790031813350076,5,14,2,0
base,20260712,1,0.12,0.45,0.2,0.18,3,30,9,2407,2003392663,1270742799,false,false,807.2333333332565,825.2333333332565,9,7,6,179,21,7,3,0,35,30,5,0,5,0,0.14285714285714285,0.8571428571428571,17,2.125,167.7333333333248,0.2077879175785697,1,0,1,5,3,26,7,3,30,0,0,0,0,0,3,5,2,0
base,20260712,1,0.12,0.45,0.2,0.18,3,30,9,2408,1721249173,438628739,false,false,827.3666666665715,845.3666666665715,9,7,6,179,22,6,3,3,37,34,3,3,3,0,0.08108108108108109,0.918918918918919,16,2,167.7333333333248,0.2027315579549705,1,0,1,4,3,27,6,3,34,0,0,0,0,0,3,4,2,0
base,20260712,1,0.12,0.45,0.2,0.18,3,30,9,2409,3750351047,4125081176,false,false,811.0999999999196,829.0999999999196,9,7,6,179,18,5,3,7,44,35,9,7,9,0,0.20454545454545456,0.7954545454545454,14,1.75,167.7333333333248,0.20679735338841254,1,0,1,4,3,25,5,3,34,0,0,0,0,0,5,8,3,0
base,20260712,1,0.12,0.45,0.2,0.18,3,30,9,2410,278405934,348353616,false,false,817.0666666665809,835.0666666665809,9,7,6,179,23,7,3,8,50,41,9,8,9,0,0.18,0.82,21,2.625,167.7333333333248,0.20528720626632962,1,0,1,6,3,35,7,3,41,0,0,0,0,0,3,5,2,0
base,20260712,1,0.12,0.45,0.2,0.18,3,30,9,2411,3036039854,830763872,false,false,818.5999999999128,836.5999999999128,9,7,6,179,18,5,3,0,30,28,2,0,2,0,0.06666666666666667,0.9333333333333333,14,1.75,167.7333333333248,0.2049026793712957,1,0,1,4,2,21,5,3,28,0,0,0,0,0,3,5,1,0
base,20260712,1,0.12,0.45,0.2,0.18,3,30,9,2412,2659265057,376518653,false,false,740.1999999999841,758.1999999999841,9,7,6,179,23,7,3,10,46,42,4,10,4,0,0.08695652173913043,0.9130434782608695,19,2.375,167.7333333333248,0.2266054219580227,1,0,1,6,3,31,7,3,42,0,0,0,0,0,2,7,2,0
base,20260712,1,0.12,0.45,0.2,0.18,3,30,9,2413,2604885285,1099513912,false,false,832.0666666665672,850.0666666665672,9,7,6,179,20,6,2,3,37,33,4,3,4,0,0.10810810810810811,0.8918918918918919,18,2.25,167.7333333333248,0.2015864113452586,1,0,1,5,2,28,6,2,32,0,0,0,0,0,5,11,2,0
base,20260712,1,0.12,0.45,0.2,0.18,3,30,9,2414,3301768502,1087776622,true,false,810.3333333332537,828.3333333332537,9,7,6,180,17,5,2,5,36,31,5,5,5,0,0.1388888888888889,0.8611111111111112,15,1.875,167.7333333333248,0.20699300699301681,1,1,0,4,2,26,4,2,30,4,2,30,120.33333333322389,0.14849856026314567,6,11,2,0
base,20260712,1,0.12,0.45,0.2,0.18,3,30,9,2415,1882495509,337633809,false,false,828.0999999999042,846.0999999999042,9,7,6,179,23,7,3,19,55,52,3,19,3,0,0.05454545454545454,0.9454545454545454,23,2.875,167.7333333333248,0.20255202672786402,1,0,1,7,3,45,7,3,51,0,0,0,0,0,6,8,3,0
base,20260712,1,0.12,0.45,0.2,0.18,3,30,9,2416,66361557,546983807,false,false,765.8999999999608,783.8999999999608,9,7,6,179,21,6,3,3,35,32,3,3,3,0,0.08571428571428572,0.9142857142857143,17,2.125,167.7333333333248,0.21900161030595822,1,0,1,5,3,25,5,3,31,0,0,0,0,0,3,7,2,0
base,20260712,1,0.12,0.45,0.2,0.18,3,30,9,2417,565353784,1234220841,true,false,765.266666666628,783.266666666628,9,7,6,180,19,6,3,3,34,31,3,3,3,0,0.08823529411764706,0.9117647058823529,17,2.125,167.7333333333248,0.21918285564944673,1,1,0,5,3,25,5,3,30,5,3,30,93.36666666658175,0.12200540116724427,5,11,2,0
base,20260712,1,0.12,0.45,0.2,0.18,3,30,9,2418,1701655958,270364275,false,false,790.233333333272,808.233333333272,9,7,6,179,22,6,3,17,55,49,6,17,6,0,0.10909090909090909,0.8909090909090909,21,2.625,167.7333333333248,0.21225798287426223,1,0,1,6,3,41,6,3,49,0,0,0,0,0,3,5,3,0
base,20260712,1,0.12,0.45,0.2,0.18,3,30,9,2419,2267009450,667031632,false,false,786.166666666609,804.166666666609,9,7,6,179,29,9,3,17,61,56,5,17,5,0,0.08196721311475409,0.9180327868852459,24,3,167.7333333333248,0.21335594657621848,1,0,1,7,3,40,9,3,54,0,0,0,0,0,4,5,5,0
base,20260712,1,0.12,0.45,0.2,0.18,3,30,9,2420,967312102,2116824764,false,false,780.7999999999472,798.7999999999472,9,7,6,179,28,8,3,17,63,55,8,17,8,0,0.12698412698412698,0.873015873015873,23,2.875,167.7333333333248,0.21482240437158828,1,0,1,6,3,44,8,3,53,0,0,0,0,0,4,7,2,0
base,20260712,1,0.12,0.45,0.2,0.18,3,30,9,2421,3999721237,1225436140,false,false,764.6666666666285,782.6666666666285,9,7,6,179,25,7,3,14,54,49,5,14,5,0,0.09259259259259259,0.9074074074074074,23,2.875,167.7333333333248,0.21935483870967717,1,0,1,6,3,42,7,3,49,0,0,0,0,0,4,5,2,0
base,20260712,1,0.12,0.45,0.2,0.18,3,30,9,2422,3563898536,3656715277,false,false,825.9999999999061,843.9999999999061,9,7,6,179,25,7,3,10,54,44,10,10,10,0,0.18518518518518517,0.8148148148148148,21,2.625,167.7333333333248,0.20306698950768023,1,0,1,6,3,37,7,3,43,0,0,0,0,0,5,8,3,0
base,20260712,1,0.12,0.45,0.2,0.18,3,30,9,2423,335152022,413218047,false,false,826.6666666665722,844.6666666665722,9,7,6,179,18,5,2,2,30,30,0,2,0,0,0,1,15,1.875,167.7333333333248,0.20290322580646447,1,0,1,4,2,23,5,2,30,0,0,0,0,0,3,5,1,0
base,20260712,1,0.12,0.45,0.2,0.18,3,30,9,2424,3582881344,4248523254,false,false,751.6333333333071,769.6333333333071,9,7,6,179,26,8,3,25,66,61,5,25,5,0,0.07575757575757576,0.9242424242424242,26,3.25,167.7333333333248,0.22315845492039202,1,0,1,8,3,52,8,3,61,0,0,0,0,0,3,5,2,0
base,20260712,1,0.12,0.45,0.2,0.18,3,30,9,2425,3511770312,1127804173,false,false,773.733333333287,791.733333333287,9,7,6,179,18,5,3,8,39,35,4,8,4,0,0.10256410256410256,0.8974358974358975,15,1.875,167.7333333333248,0.2167844218507688,1,0,1,4,3,25,5,3,34,0,0,0,0,0,6,9,2,0
base,20260712,1,0.12,0.45,0.2,0.18,3,30,9,2426,813307651,3239614907,false,false,804.2333333332592,822.2333333332592,9,7,6,179,22,7,3,2,36,34,2,2,2,0,0.05555555555555555,0.9444444444444444,16,2,167.7333333333248,0.20856302068223184,1,0,1,5,3,25,7,3,34,0,0,0,0,0,3,5,2,0
base,20260712,1,0.12,0.45,0.2,0.18,3,30,9,2427,3272413945,4141049023,false,false,815.4666666665823,833.4666666665823,9,7,6,179,22,6,2,14,52,46,6,14,6,0,0.11538461538461539,0.8846153846153846,19,2.375,167.7333333333248,0.20568999345978842,1,0,1,5,2,36,6,2,45,0,0,0,0,0,6,13,2,0
base,20260712,1,0.12,0.45,0.2,0.18,3,30,9,2428,1025773335,668923566,false,false,821.0666666665772,839.0666666665772,9,7,6,179,26,8,3,18,59,53,6,18,6,0,0.1016949152542373,0.8983050847457628,24,3,167.7333333333248,0.2042871062033246,1,0,1,7,3,46,8,3,52,0,0,0,0,0,4,7,3,0
base,20260712,1,0.12,0.45,0.2,0.18,3,30,9,2429,3468898785,1942276515,false,false,792.1666666666035,810.1666666666035,9,7,6,179,20,6,3,1,34,30,4,1,4,0,0.11764705882352941,0.8823529411764706,16,2,167.7333333333248,0.21173995371345022,1,0,1,5,3,25,6,3,30,0,0,0,0,0,3,5,2,0
base,20260712,1,0.12,0.45,0.2,0.18,3,30,9,2430,1047022669,2289235772,false,false,783.0666666666118,801.0666666666118,9,7,6,179,14,4,3,0,26,21,5,0,5,0,0.19230769230769232,0.8076923076923077,11,1.375,167.7333333333248,0.21420057892048766,1,0,1,3,3,18,3,3,20,0,0,0,0,0,3,5,2,0
base,20260712,1,0.12,0.45,0.2,0.18,3,30,9,2431,425994904,357342750,false,false,793.9333333332686,811.9333333332686,9,7,6,179,24,7,3,13,53,47,6,13,6,0,0.11320754716981132,0.8867924528301887,23,2.875,167.7333333333248,0.21126878831136764,1,0,1,7,3,37,7,3,47,0,0,0,0,0,6,8,2,0
base,20260712,1,0.12,0.45,0.2,0.18,3,30,9,2432,945259621,2001362368,false,false,827.4666666665714,845.4666666665714,9,7,6,179,21,6,3,8,46,39,7,8,7,0,0.15217391304347827,0.8478260869565217,18,2.25,167.7333333333248,0.20270705768612324,1,0,1,5,3,33,6,3,38,0,0,0,0,0,5,10,2,0
base,20260712,1,0.12,0.45,0.2,0.18,3,30,9,2433,166212782,985777059,true,false,798.8333333332641,816.8333333332641,9,7,6,180,20,6,3,3,37,32,5,3,5,0,0.13513513513513514,0.8648648648648649,13,1.625,167.7333333333248,0.20997287711246315,1,1,0,4,2,22,5,3,29,6,3,31,125.03333333321962,0.15651992489033648,6,8,2,0
base,20260712,1,0.12,0.45,0.2,0.18,3,30,9,2434,2171988040,2936793034,false,false,821.9999999999097,839.9999999999097,9,7,6,179,20,6,3,3,38,32,6,3,6,0,0.15789473684210525,0.8421052631578947,15,1.875,167.7333333333248,0.20405515004056352,1,0,1,4,3,24,6,3,32,0,0,0,0,0,2,5,3,0
base,20260712,1,0.12,0.45,0.2,0.18,3,30,9,2435,142446457,4247514717,true,false,827.9333333332377,845.9333333332377,9,7,6,180,15,4,3,1,31,26,5,1,5,0,0.16129032258064516,0.8387096774193549,13,1.625,167.7333333333248,0.20259280135277902,1,1,0,4,3,20,4,3,26,4,3,26,133.23333333321216,0.16092277961175724,5,10,2,0
base,20260712,1,0.12,0.45,0.2,0.18,3,30,9,2436,2525698608,1650485560,false,false,775.8999999999517,793.8999999999517,9,7,6,179,20,6,3,2,35,30,5,2,5,0,0.14285714285714285,0.8571428571428571,17,2.125,167.7333333333248,0.21617906087554484,1,0,1,5,3,28,6,3,30,0,0,0,0,0,3,7,2,0
base,20260712,1,0.12,0.45,0.2,0.18,3,30,9,2437,3338376528,3176745315,false,false,826.1333333332393,844.1333333332393,9,7,6,179,22,7,3,3,44,35,9,3,9,0,0.20454545454545456,0.7954545454545454,18,2.25,167.7333333333248,0.20303421562299534,1,0,1,6,3,26,7,3,34,0,0,0,0,0,5,7,3,0
base,20260712,1,0.12,0.45,0.2,0.18,3,30,9,2438,1076258951,1587916739,true,false,759.1999999999668,777.1999999999668,9,7,6,180,15,5,3,3,33,27,6,3,6,0,0.18181818181818182,0.8181818181818182,11,1.375,167.7333333333248,0.2209343168247262,1,1,0,3,3,22,4,3,25,4,3,26,85.73333333325536,0.11292588689839186,5,11,2,0
base,20260712,1,0.12,0.45,0.2,0.18,3,30,9,2439,2225608953,567488578,false,false,828.3999999999039,846.3999999999039,9,7,6,179,26,8,3,12,52,48,4,12,4,0,0.07692307692307693,0.9230769230769231,24,3,167.7333333333248,0.20247867374860484,1,0,1,7,3,39,8,3,48,0,0,0,0,0,5,10,2,0
base,20260712,1,0.12,0.45,0.2,0.18,3,30,9,2440,1039426125,3877371360,false,false,777.033333333284,795.033333333284,9,7,6,179,18,5,3,0,31,28,3,0,3,0,0.0967741935483871,0.9032258064516129,17,2.125,167.7333333333248,0.2158637553086553,1,0,1,5,3,26,5,3,28,0,0,0,0,0,6,11,1,0
base,20260712,1,0.12,0.45,0.2,0.18,3,30,9,2441,267037887,1551024498,true,false,808.7666666665884,826.7666666665884,9,7,6,180,14,5,3,0,29,22,7,0,7,0,0.2413793103448276,0.7586206896551724,13,1.625,167.7333333333248,0.20739397436426785,1,1,0,4,3,19,4,3,21,4,3,21,118.73333333322535,0.14680789679747372,6,10,2,0
base,20260712,1,0.12,0.45,0.2,0.18,3,30,9,2442,3736263109,1152406732,false,false,792.2666666666034,810.2666666666034,9,7,6,179,25,7,2,19,62,54,8,19,8,0,0.12903225806451613,0.8709677419354839,22,2.75,167.7333333333248,0.21171322786941035,1,0,1,6,2,47,7,2,52,0,0,0,0,0,4,5,3,0
base,20260712,1,0.12,0.45,0.2,0.18,3,30,9,2443,330511504,1000982184,false,false,768.3666666666252,786.3666666666252,9,7,6,179,23,7,3,2,46,35,11,2,11,0,0.2391304347826087,0.7608695652173914,19,2.375,167.7333333333248,0.21829855537720774,1,0,1,6,3,29,7,3,34,0,0,0,0,0,5,11,2,0
base,20260712,1,0.12,0.45,0.2,0.18,3,30,9,2444,3935744221,755274748,false,false,768.899999999958,786.899999999958,9,7,6,179,25,7,3,11,51,46,5,11,5,0,0.09803921568627451,0.9019607843137255,22,2.75,167.7333333333248,0.21814713660207302,1,0,1,6,3,39,7,3,46,0,0,0,0,0,5,5,2,0
base,20260712,1,0.12,0.45,0.2,0.18,3,30,9,2445,2927293560,1600838103,false,false,754.3666666666379,772.3666666666379,9,7,6,179,24,7,3,13,51,45,6,13,6,0,0.11764705882352941,0.8823529411764706,21,2.625,167.7333333333248,0.22234987406654305,1,0,1,6,3,35,7,3,45,0,0,0,0,0,3,5,2,0
base,20260712,1,0.12,0.45,0.2,0.18,3,30,9,2446,1199370575,1781420636,false,false,800.033333333263,818.033333333263,9,7,6,179,19,5,3,3,37,31,6,3,6,0,0.16216216216216217,0.8378378378378378,14,1.75,167.7333333333248,0.20965793091955276,1,0,1,4,2,24,5,3,31,0,0,0,0,0,3,5,2,0
base,20260712,1,0.12,0.45,0.2,0.18,3,30,9,2447,4093350229,4272749573,false,false,776.599999999951,794.599999999951,9,7,6,179,23,7,2,3,36,35,1,3,1,0,0.027777777777777776,0.9722222222222222,17,2.125,167.7333333333248,0.21598420465276252,1,0,1,5,2,26,7,2,34,0,0,0,0,0,5,11,3,0
base,20260712,1,0.12,0.45,0.2,0.18,3,30,9,2448,3155552546,1655322329,false,false,767.1666666666263,785.1666666666263,9,7,6,179,26,8,3,10,51,44,7,10,7,0,0.13725490196078433,0.8627450980392157,22,2.75,167.7333333333248,0.21864001737996996,1,0,1,6,3,36,8,3,43,0,0,0,0,0,5,11,2,0
base,20260712,1,0.12,0.45,0.2,0.18,3,30,9,2449,3682796744,103541075,true,false,808.166666666589,826.166666666589,9,7,6,180,23,7,3,5,39,37,2,5,2,0,0.05128205128205128,0.9487179487179487,20,2.5,167.7333333333248,0.20754794803053114,1,1,0,6,3,30,7,3,36,7,3,36,122.23333333322216,0.151247679933884,5,9,2,0
base,20260712,1,0.12,0.45,0.2,0.18,3,30,9,2450,2583877567,332810957,false,false,813.8999999999171,831.8999999999171,9,7,6,179,27,7,3,15,56,52,4,15,4,0,0.07142857142857142,0.9285714285714286,24,3,167.7333333333248,0.2060859237416659,1,0,1,7,3,43,7,3,52,0,0,0,0,0,5,7,2,0
base,20260712,1,0.12,0.45,0.2,0.18,3,30,9,2451,145781751,3349317435,false,false,828.4333333332372,846.4333333332372,9,7,6,179,22,6,2,15,55,47,8,15,8,0,0.14545454545454545,0.8545454545454545,20,2.5,167.7333333333248,0.20247052669699142,1,0,1,5,2,38,6,2,47,0,0,0,0,0,5,11,3,0
base,20260712,1,0.12,0.45,0.2,0.18,3,30,9,2452,1895175068,849948306,false,false,831.8999999999007,849.8999999999007,9,7,6,179,22,7,3,12,50,44,6,12,6,0,0.12,0.88,20,2.5,167.7333333333248,0.20162679809273326,1,0,1,6,3,35,7,3,44,0,0,0,0,0,5,11,2,0
base,20260712,1,0.12,0.45,0.2,0.18,3,30,9,2453,1754388817,1490551323,false,false,805.9333333332577,823.9333333332577,9,7,6,179,19,6,3,1,36,30,6,1,6,0,0.16666666666666666,0.8333333333333334,16,2,167.7333333333248,0.20812308710398778,1,0,1,5,3,24,6,3,30,0,0,0,0,0,3,5,2,0
base,20260712,1,0.12,0.45,0.2,0.18,3,30,9,2454,21030318,374499561,false,false,849.0333333332185,867.0333333332185,9,7,6,179,24,7,3,6,45,39,6,6,6,0,0.13333333333333333,0.8666666666666667,19,2.375,167.7333333333248,0.1975580071453977,1,0,1,6,3,30,7,3,39,0,0,0,0,0,5,9,2,0
base,20260712,1,0.12,0.45,0.2,0.18,3,30,9,2455,2374253499,251620846,false,false,837.8999999998953,855.8999999998953,9,7,6,179,12,3,3,0,25,21,4,0,4,0,0.16,0.84,10,1.25,167.7333333333248,0.2001829971754932,1,0,1,3,3,15,3,3,21,0,0,0,0,0,6,11,2,0
base,20260712,1,0.12,0.45,0.2,0.18,3,30,9,2456,2859278564,964716408,false,false,813.0999999999178,831.0999999999178,9,7,6,179,27,8,3,6,47,42,5,6,5,0,0.10638297872340426,0.8936170212765957,21,2.625,167.7333333333248,0.20628868937811062,1,0,1,6,3,33,8,3,42,0,0,0,0,0,3,3,2,0
base,20260712,1,0.12,0.45,0.2,0.18,3,30,9,2457,30629468,4189746373,false,false,826.7666666665721,844.7666666665721,9,7,6,179,25,8,3,8,51,43,8,8,8,0,0.1568627450980392,0.8431372549019608,24,3,167.7333333333248,0.20287868403017054,1,0,1,8,3,38,8,3,43,0,0,0,0,0,5,5,2,0
base,20260712,1,0.12,0.45,0.2,0.18,3,30,9,2458,3721073564,277507269,false,false,795.5666666666004,813.5666666666004,9,7,6,179,24,7,3,11,50,45,5,11,5,0,0.1,0.9,21,2.625,167.7333333333248,0.21083504420330007,1,0,1,6,3,38,7,3,44,0,0,0,0,0,5,8,2,0
base,20260712,1,0.12,0.45,0.2,0.18,3,30,9,2459,875700906,1834965579,false,false,821.9333333332431,839.9333333332431,9,7,6,179,24,7,3,6,46,40,6,6,6,0,0.13043478260869565,0.8695652173913043,24,3,167.7333333333248,0.2040717008678845,1,0,1,7,3,36,7,3,38,0,0,0,0,0,5,6,2,0
base,20260712,1,0.12,0.45,0.2,0.18,3,30,9,2460,390924168,3209818631,false,false,819.1999999999123,837.1999999999123,9,7,6,179,26,8,3,12,52,47,5,12,5,0,0.09615384615384616,0.9038461538461539,24,3,167.7333333333248,0.20475260416667818,1,0,1,7,3,42,8,3,46,0,0,0,0,0,7,10,2,0
base,20260712,1,0.12,0.45,0.2,0.18,3,30,9,2461,32195757,2625837072,false,false,804.2999999999258,822.2999999999258,9,7,6,179,20,6,3,1,35,30,5,1,5,0,0.14285714285714285,0.8571428571428571,14,1.75,167.7333333333248,0.20854573334991952,1,0,1,4,2,22,6,3,29,0,0,0,0,0,5,11,2,0
base,20260712,1,0.12,0.45,0.2,0.18,3,30,9,2462,662314577,1716507970,false,false,853.9999999998806,871.9999999998806,9,7,6,179,23,7,3,10,45,41,4,10,4,0,0.08888888888888889,0.9111111111111111,18,2.25,167.7333333333248,0.19640905542546633,1,0,1,5,3,34,7,3,40,0,0,0,0,0,6,8,2,0
base,20260712,1,0.12,0.45,0.2,0.18,3,30,9,2463,279508189,3788787161,false,false,789.6666666666058,807.6666666666058,9,7,6,179,19,6,3,4,37,33,4,4,4,0,0.10810810810810811,0.8918918918918919,17,2.125,167.7333333333248,0.21241029970452224,1,0,1,5,3,29,6,3,32,0,0,0,0,0,3,7,2,0
base,20260712,1,0.12,0.45,0.2,0.18,3,30,9,2464,3610281289,4096089926,false,false,772.199999999955,790.199999999955,9,7,6,179,18,5,3,11,42,38,4,11,4,0,0.09523809523809523,0.9047619047619048,15,1.875,167.7333333333248,0.21721488388155213,1,0,1,4,3,27,4,3,36,0,0,0,0,0,3,7,2,0
base,20260712,1,0.12,0.45,0.2,0.18,3,30,9,2465,1928422013,4193160925,false,false,827.4666666665714,845.4666666665714,9,7,6,179,21,6,3,12,53,43,10,12,10,0,0.18867924528301888,0.8113207547169812,20,2.5,167.7333333333248,0.20270705768612324,1,0,1,6,3,36,6,3,42,0,0,0,0,0,6,8,4,0
base,20260712,1,0.12,0.45,0.2,0.18,3,30,9,2466,2182817165,2414337898,false,false,832.8666666665665,850.8666666665665,9,7,6,179,26,8,3,4,49,40,9,4,9,0,0.1836734693877551,0.8163265306122449,22,2.75,167.7333333333248,0.20139277995678975,1,0,1,6,3,33,8,3,40,0,0,0,0,0,5,11,3,0
base,20260712,1,0.12,0.45,0.2,0.18,3,30,9,2467,3987260958,84377011,true,false,784.4666666666105,802.4666666666105,9,7,6,180,20,6,3,5,37,34,3,5,3,0,0.08108108108108109,0.918918918918919,18,2.25,167.7333333333248,0.21381830543044547,1,1,0,5,3,28,5,3,32,5,3,33,111.29999999989877,0.14187983343236177,6,11,2,0
base,20260712,1,0.12,0.45,0.2,0.18,3,30,9,2468,3657416023,3485834394,false,false,823.3666666665752,841.3666666665752,9,7,6,179,22,7,3,2,41,34,7,2,7,0,0.17073170731707318,0.8292682926829268,16,2,167.7333333333248,0.20371644872678446,1,0,1,5,2,22,7,3,32,0,0,0,0,0,7,6,2,0
base,20260712,1,0.12,0.45,0.2,0.18,3,30,9,2469,896336851,2428383605,false,false,774.6333333332861,792.6333333332861,9,7,6,179,22,6,3,7,43,39,4,7,4,0,0.09302325581395349,0.9069767441860465,20,2.5,167.7333333333248,0.2165325530358471,1,0,1,6,3,33,6,3,38,0,0,0,0,0,5,10,3,0
base,20260712,1,0.12,0.45,0.2,0.18,3,30,9,2470,2780808373,2370665885,false,false,817.3999999999139,835.3999999999139,9,7,6,179,20,6,3,5,37,35,2,5,2,0,0.05405405405405406,0.9459459459459459,15,1.875,167.7333333333248,0.20520349074301744,1,0,1,4,3,29,6,3,35,0,0,0,0,0,5,11,1,0
base,20260712,1,0.12,0.45,0.2,0.18,3,30,9,2471,221783777,711617301,true,false,791.7666666666039,809.7666666666039,9,7,6,180,24,8,3,7,43,41,2,7,2,0,0.046511627906976744,0.9534883720930233,22,2.75,167.7333333333248,0.21184692459900403,1,1,0,7,3,35,7,3,39,7,3,39,115.63333333322817,0.14604471014175557,6,11,2,0
base,20260712,1,0.12,0.45,0.2,0.18,3,30,9,2472,1081186840,2730001637,false,false,820.8333333332441,838.8333333332441,9,7,6,179,22,6,3,13,51,44,7,13,7,0,0.13725490196078433,0.8627450980392157,19,2.375,167.7333333333248,0.20434517766498642,1,0,1,5,3,38,6,3,44,0,0,0,0,0,3,4,2,0
base,20260712,1,0.12,0.45,0.2,0.18,3,30,9,2473,386284963,2543175807,false,false,744.9333333333132,762.9333333333132,9,7,6,179,25,7,3,9,54,44,10,9,10,0,0.18518518518518517,0.8148148148148148,20,2.5,167.7333333333248,0.2251655629139019,1,0,1,5,3,35,7,3,44,0,0,0,0,0,2,5,3,0
base,20260712,1,0.12,0.45,0.2,0.18,3,30,9,2474,952555680,1881639412,false,false,794.5999999999347,812.5999999999347,9,7,6,179,27,8,3,8,55,45,10,8,10,0,0.18181818181818182,0.8181818181818182,20,2.5,167.7333333333248,0.21109153452471507,1,0,1,6,3,30,8,3,43,0,0,0,0,0,6,8,2,0
base,20260712,1,0.12,0.45,0.2,0.18,3,30,9,2475,1990372312,4029635771,false,false,836.6666666665631,854.6666666665631,9,7,6,179,19,5,3,4,39,33,6,4,6,0,0.15384615384615385,0.8461538461538461,14,1.75,167.7333333333248,0.20047808764941702,1,0,1,4,2,22,5,3,31,0,0,0,0,0,5,10,2,0
base,20260712,1,0.12,0.45,0.2,0.18,3,30,9,2476,2068089271,1753636525,true,false,795.3333333332673,813.3333333332673,9,7,6,180,21,6,3,4,39,34,5,4,5,0,0.1282051282051282,0.8717948717948718,18,2.25,167.7333333333248,0.21089689857502772,1,1,0,5,3,30,5,3,32,6,3,33,106.73333333323626,0.1341994970661087,5,11,2,0
base,20260712,1,0.12,0.45,0.2,0.18,3,30,9,2477,749734602,4248838923,false,false,816.0333333332485,834.0333333332485,9,7,6,179,22,7,3,9,52,41,11,9,11,0,0.21153846153846154,0.7884615384615384,18,2.25,167.7333333333248,0.20554715902129272,1,0,1,5,3,31,7,3,38,0,0,0,0,0,4,5,3,0
base,20260712,1,0.12,0.45,0.2,0.18,3,30,9,2478,2223013441,3527112178,false,false,762.0666666666309,780.0666666666309,9,7,6,179,24,7,3,4,41,36,5,4,5,0,0.12195121951219512,0.8780487804878049,18,2.25,167.7333333333248,0.2201032280640355,1,0,1,5,3,29,7,3,35,0,0,0,0,0,6,9,2,0
base,20260712,1,0.12,0.45,0.2,0.18,3,30,9,2479,2551409010,301425818,false,false,783.7333333332779,801.7333333332779,9,7,6,179,22,6,3,22,61,54,7,22,7,0,0.11475409836065574,0.8852459016393442,19,2.375,167.7333333333248,0.21401837359646564,1,0,1,5,3,38,6,3,53,0,0,0,0,0,3,5,2,0
base,20260712,1,0.12,0.45,0.2,0.18,3,30,9,2480,1265527698,1305377740,false,false,802.4999999999275,820.4999999999275,9,7,6,179,19,5,3,5,39,34,5,5,5,0,0.1282051282051282,0.8717948717948718,18,2.25,167.7333333333248,0.20901349948079745,1,0,1,5,3,31,5,3,34,0,0,0,0,0,3,5,2,0
base,20260712,1,0.12,0.45,0.2,0.18,3,30,9,2481,98355268,467118485,false,false,771.866666666622,789.866666666622,9,7,6,179,21,6,3,13,52,44,8,13,8,0,0.15384615384615385,0.8461538461538461,20,2.5,167.7333333333248,0.2173086888927291,1,0,1,6,3,32,6,3,43,0,0,0,0,0,5,11,2,0
base,20260712,1,0.12,0.45,0.2,0.18,3,30,9,2482,3155717458,2332302820,false,false,783.4333333332781,801.4333333332781,9,7,6,179,20,6,3,12,46,42,4,12,4,0,0.08695652173913043,0.9130434782608695,18,2.25,167.7333333333248,0.2141003276177551,1,0,1,5,2,35,6,3,41,0,0,0,0,0,6,8,2,0
base,20260712,1,0.12,0.45,0.2,0.18,3,30,9,2483,681566507,528767052,false,false,826.7333333332388,844.7333333332388,9,7,6,179,27,8,3,12,55,49,6,12,6,0,0.10909090909090909,0.8909090909090909,23,2.875,167.7333333333248,0.20288686396259653,1,0,1,7,3,39,8,3,47,0,0,0,0,0,5,14,2,0
base,20260712,1,0.12,0.45,0.2,0.18,3,30,9,2484,3974530504,625238190,false,false,795.3999999999339,813.3999999999339,9,7,6,179,18,5,2,15,50,43,7,15,7,0,0.14,0.86,18,2.25,167.7333333333248,0.2108792221942906,1,0,1,5,2,37,5,2,42,0,0,0,0,0,5,11,2,0
base,20260712,1,0.12,0.45,0.2,0.18,3,30,9,2485,4147268286,976135222,false,false,764.3333333332955,782.3333333332955,9,7,6,179,15,4,3,0,30,24,6,0,6,0,0.2,0.8,11,1.375,167.7333333333248,0.21945050152638435,1,0,1,3,3,19,4,3,24,0,0,0,0,0,3,5,2,0
base,20260712,1,0.12,0.45,0.2,0.18,3,30,9,2486,510326457,1901382406,false,false,796.6666666665994,814.6666666665994,9,7,6,179,23,7,3,9,46,40,6,9,6,0,0.13043478260869565,0.8695652173913043,18,2.25,167.7333333333248,0.21054393305440036,1,0,1,5,3,28,6,3,39,0,0,0,0,0,5,7,2,0
base,20260712,1,0.12,0.45,0.2,0.18,3,30,9,2487,1735479014,2612440372,false,false,761.7666666666312,779.7666666666312,9,7,6,179,24,7,3,23,63,56,7,23,7,0,0.1111111111111111,0.8888888888888888,19,2.375,167.7333333333248,0.22018990942108163,1,0,1,6,3,42,7,3,54,0,0,0,0,0,6,7,2,0
base,20260712,1,0.12,0.45,0.2,0.18,3,30,9,2488,916882114,2631954835,false,false,821.033333333244,839.033333333244,9,7,6,179,20,6,3,7,36,35,1,7,1,0,0.027777777777777776,0.9722222222222222,16,2,167.7333333333248,0.20429540010556987,1,0,1,4,3,29,6,3,35,0,0,0,0,0,5,13,2,0
base,20260712,1,0.12,0.45,0.2,0.18,3,30,9,2489,2892532539,3320747365,false,false,816.0999999999151,834.0999999999151,9,7,6,179,23,6,3,7,45,39,6,7,6,0,0.13333333333333333,0.8666666666666667,15,1.875,167.7333333333248,0.20553036801046715,1,0,1,4,3,23,6,3,39,0,0,0,0,0,3,7,2,0
base,20260712,1,0.12,0.45,0.2,0.18,3,30,9,2490,327680376,178648864,false,false,828.0666666665709,846.0666666665709,9,7,6,179,29,8,3,12,58,51,7,12,7,0,0.1206896551724138,0.8793103448275862,24,3,167.7333333333248,0.2025601803397603,1,0,1,7,3,41,8,3,50,0,0,0,0,0,6,11,3,0
base,20260712,1,0.12,0.45,0.2,0.18,3,30,9,2491,1308584195,1246862562,false,false,827.1666666665717,845.1666666665717,9,7,6,179,19,5,3,5,40,34,6,5,6,0,0.15,0.85,15,1.875,167.7333333333248,0.20278057626436918,1,0,1,4,3,27,5,3,34,0,0,0,0,0,3,7,2,0
base,20260712,1,0.12,0.45,0.2,0.18,3,30,9,2492,3220011254,2466262811,false,false,775.3666666666188,793.3666666666188,9,7,6,179,23,7,3,9,48,40,8,9,8,0,0.16666666666666666,0.8333333333333334,20,2.5,167.7333333333248,0.21632775890976547,1,0,1,6,3,33,7,3,40,0,0,0,0,0,4,5,2,0
base,20260712,1,0.12,0.45,0.2,0.18,3,30,9,2493,3475837978,2847235824,false,false,746.1666666666454,764.1666666666454,9,7,6,179,16,4,3,3,34,29,5,3,5,0,0.14705882352941177,0.8529411764705882,15,1.875,167.7333333333248,0.22479338842974703,1,0,1,4,3,24,4,3,29,0,0,0,0,0,3,4,2,0
base,20260712,1,0.12,0.45,0.2,0.18,3,30,9,2494,661228626,890330189,false,false,836.0666666665636,854.0666666665636,9,7,6,179,23,7,3,8,50,40,10,8,10,0,0.2,0.8,16,2,167.7333333333248,0.20062195997130866,1,0,1,5,3,27,7,3,40,0,0,0,0,0,5,5,2,0
base,20260712,1,0.12,0.45,0.2,0.18,3,30,9,2495,2710725784,3659180003,false,false,787.0999999999415,805.0999999999415,9,7,6,179,18,5,3,4,36,32,4,4,4,0,0.1111111111111111,0.8888888888888888,13,1.625,167.7333333333248,0.21310295176386387,1,0,1,4,3,21,5,3,31,0,0,0,0,0,5,11,2,0
base,20260712,1,0.12,0.45,0.2,0.18,3,30,9,2496,2613763704,656449871,false,false,741.5333333333162,759.5333333333162,9,7,6,179,12,3,3,0,24,20,4,0,4,0,0.16666666666666666,0.8333333333333334,12,1.5,167.7333333333248,0.22619796817404747,1,0,1,3,3,20,3,3,20,0,0,0,0,0,3,5,2,0
base,20260712,1,0.12,0.45,0.2,0.18,3,30,9,2497,1571194644,4076327323,false,false,817.8333333332469,835.8333333332469,9,7,6,179,22,6,3,16,52,48,4,16,4,0,0.07692307692307693,0.9230769230769231,20,2.5,167.7333333333248,0.20509476258407483,1,0,1,6,3,37,6,3,48,0,0,0,0,0,5,10,2,0
base,20260712,1,0.12,0.45,0.2,0.18,3,30,9,2498,2768046349,915836509,false,false,816.9333333332477,834.9333333332477,9,7,6,179,16,4,3,1,29,26,3,1,3,0,0.10344827586206896,0.896551724137931,11,1.375,167.7333333333248,0.20532071160438517,1,0,1,3,3,19,4,3,25,0,0,0,0,0,3,5,2,0
base,20260712,1,0.12,0.45,0.2,0.18,3,30,9,2499,3360153192,2160059237,false,false,803.2999999999267,821.2999999999267,9,7,6,179,20,6,3,6,41,35,6,6,6,0,0.14634146341463414,0.8536585365853658,17,2.125,167.7333333333248,0.20880534462011713,1,0,1,5,3,27,6,3,35,0,0,0,0,0,2,7,2,0
base,20260712,1,0.12,0.45,0.2,0.18,3,30,9,2500,1270335331,2855624573,false,false,810.366666666587,828.366666666587,9,7,6,179,19,5,3,4,36,33,3,4,3,0,0.08333333333333333,0.9166666666666666,14,1.75,167.7333333333248,0.20698449261652085,1,0,1,4,3,25,5,3,31,0,0,0,0,0,3,5,2,0
base,20260712,1,0.12,0.45,0.2,0.18,3,30,9,2501,2420958683,3432604826,false,false,778.6999999999491,796.6999999999491,9,7,6,179,18,5,3,0,35,28,7,0,7,0,0.2,0.8,14,1.75,167.7333333333248,0.21540173793930364,1,0,1,4,3,23,5,3,28,0,0,0,0,0,5,11,2,0
base,20260712,1,0.12,0.45,0.2,0.18,3,30,9,2502,3700429688,2215787753,false,false,847.8333333332196,865.8333333332196,9,7,6,179,23,7,3,7,48,40,8,7,8,0,0.16666666666666666,0.8333333333333334,22,2.75,167.7333333333248,0.1978376253194582,1,0,1,7,3,35,7,3,40,0,0,0,0,0,6,11,2,0
base,20260712,1,0.12,0.45,0.2,0.18,3,30,9,2503,4059307661,2658639161,false,false,814.2333333332501,832.2333333332501,9,7,6,179,23,6,3,12,46,44,2,12,2,0,0.043478260869565216,0.9565217391304348,18,2.25,167.7333333333248,0.20600155565563752,1,0,1,5,3,34,6,3,42,0,0,0,0,0,6,14,2,0
base,20260712,1,0.12,0.45,0.2,0.18,3,30,9,2504,1201958805,4077409055,false,false,772.7333333332879,790.7333333332879,9,7,6,179,18,5,3,0,32,28,4,0,4,0,0.125,0.875,16,2,167.7333333333248,0.21706496419636095,1,0,1,5,3,25,5,3,28,0,0,0,0,0,3,5,2,0
base,20260712,1,0.12,0.45,0.2,0.18,3,30,9,2505,2280941461,2251160730,false,false,747.2333333333111,765.2333333333111,9,7,6,179,24,7,3,16,59,50,9,16,9,0,0.15254237288135594,0.847457627118644,20,2.5,167.7333333333248,0.22447249855020268,1,0,1,6,3,36,7,3,50,0,0,0,0,0,2,4,2,0
base,20260712,1,0.12,0.45,0.2,0.18,3,30,9,2506,2177825421,3250094118,false,false,830.2999999999022,848.2999999999022,9,7,6,179,20,6,2,10,47,40,7,10,7,0,0.14893617021276595,0.851063829787234,20,2.5,167.7333333333248,0.20201533582240702,1,0,1,6,2,34,6,2,38,0,0,0,0,0,5,8,2,0
base,20260712,1,0.12,0.45,0.2,0.18,3,30,9,2507,1023142951,1593842691,false,false,813.3999999999176,831.3999999999176,9,7,6,179,27,8,3,7,46,43,3,7,3,0,0.06521739130434782,0.9347826086956522,17,2.125,167.7333333333248,0.20621260552414777,1,0,1,4,3,28,7,3,41,0,0,0,0,0,3,4,2,0
base,20260712,1,0.12,0.45,0.2,0.18,3,30,9,2508,1113443278,2674344937,false,false,806.4666666665905,824.4666666665905,9,7,6,179,17,5,3,6,40,33,7,6,7,0,0.175,0.825,16,2,167.7333333333248,0.2079854509382582,1,0,1,5,3,26,5,3,33,0,0,0,0,0,2,5,2,0
base,20260712,1,0.12,0.45,0.2,0.18,3,30,9,2509,1170398327,3480926767,false,false,816.7999999999145,834.7999999999145,9,7,6,179,21,6,3,10,49,41,8,10,8,0,0.16326530612244897,0.8367346938775511,18,2.25,167.7333333333248,0.2053542278811733,1,0,1,5,3,33,6,3,41,0,0,0,0,0,5,5,2,0
base,20260712,1,0.12,0.45,0.2,0.18,3,30,9,2510,302376861,1932719815,false,false,782.5666666666123,800.5666666666123,9,7,6,179,18,5,3,1,34,29,5,1,5,0,0.14705882352941177,0.8529411764705882,16,2,167.7333333333248,0.21433743664011984,1,0,1,5,3,24,5,3,29,0,0,0,0,0,5,11,1,0
base,20260712,1,0.12,0.45,0.2,0.18,3,30,9,2511,4204179030,2512473561,false,false,795.3666666666006,813.3666666666006,9,7,6,179,25,7,3,15,60,50,10,15,10,0,0.16666666666666666,0.8333333333333334,24,3,167.7333333333248,0.21088806001425597,1,0,1,7,3,42,7,3,48,0,0,0,0,0,5,7,2,0
base,20260712,1,0.12,0.45,0.2,0.18,3,30,9,2512,2276036417,3378194526,false,false,834.0666666665654,852.0666666665654,9,7,6,179,22,6,3,11,51,43,8,11,8,0,0.1568627450980392,0.8431372549019608,22,2.75,167.7333333333248,0.2011030293342001,1,0,1,6,3,36,6,3,43,0,0,0,0,0,3,4,2,0
base,20260712,1,0.12,0.45,0.2,0.18,3,30,9,2513,478965805,763820333,false,false,839.0999999998942,857.0999999998942,9,7,6,179,17,5,3,2,33,28,5,2,5,0,0.15151515151515152,0.8484848484848485,12,1.5,167.7333333333248,0.19989671473405546,1,0,1,3,2,21,4,3,25,0,0,0,0,0,5,11,2,0
base,20260712,1,0.12,0.45,0.2,0.18,3,30,9,2514,1912082842,2079362172,false,false,806.9999999999234,824.9999999999234,9,7,6,179,24,7,3,12,50,45,5,12,5,0,0.1,0.9,23,2.875,167.7333333333248,0.20784799669558948,1,0,1,7,3,36,7,3,45,0,0,0,0,0,3,4,2,0
base,20260712,1,0.12,0.45,0.2,0.18,3,30,9,2515,1886242013,2084772951,false,false,763.2666666666298,781.2666666666298,9,7,6,179,13,4,2,0,25,21,4,0,4,0,0.16,0.84,9,1.125,167.7333333333248,0.21975718403353947,1,0,1,2,2,18,4,2,21,0,0,0,0,0,5,8,2,0
base,20260712,1,0.12,0.45,0.2,0.18,3,30,9,2516,759636684,853762351,false,false,765.599999999961,783.599999999961,9,7,6,179,16,4,3,6,39,32,7,6,7,0,0.1794871794871795,0.8205128205128205,15,1.875,167.7333333333248,0.2190874259839777,1,0,1,4,3,24,4,3,32,0,0,0,0,0,5,10,2,0
base,20260712,1,0.12,0.45,0.2,0.18,3,30,9,2517,651442987,3109971408,true,false,776.7666666666175,794.7666666666175,9,7,6,180,18,6,3,5,34,32,2,5,2,0,0.058823529411764705,0.9411764705882353,14,1.75,167.7333333333248,0.2159378620778467,1,1,0,4,3,23,5,3,26,5,3,26,92.89999999991551,0.11959833497822776,5,14,2,0
base,20260712,1,0.12,0.45,0.2,0.18,3,30,9,2518,1524651300,527658699,false,false,844.5666666665559,862.5666666665559,9,7,6,179,24,7,3,16,57,50,7,16,7,0,0.12280701754385964,0.8771929824561403,23,2.875,167.7333333333248,0.19860283380038693,1,0,1,7,3,40,7,3,48,0,0,0,0,0,5,9,2,0
base,20260712,1,0.12,0.45,0.2,0.18,3,30,9,2519,2522465019,626960571,true,false,762.0999999999642,780.0999999999642,9,7,6,180,24,7,3,16,55,50,5,16,5,0,0.09090909090909091,0.9090909090909091,24,3,167.7333333333248,0.2200936010147391,1,1,0,7,3,45,7,3,49,7,3,49,98.23333333324399,0.1288982198310571,6,14,3,0
base,20260712,1,0.12,0.45,0.2,0.18,3,30,9,2520,1452445198,2463100805,false,false,821.1999999999105,839.1999999999105,9,7,6,179,25,7,3,12,55,47,8,12,8,0,0.14545454545454545,0.8545454545454545,21,2.625,167.7333333333248,0.2042539373275001,1,0,1,6,3,36,7,3,46,0,0,0,0,0,6,11,3,0
base,20260712,1,0.12,0.45,0.2,0.18,3,30,9,2521,1742435724,2000976437,false,false,768.3333333332919,786.3333333332919,9,7,6,179,23,7,3,16,54,49,5,16,5,0,0.09259259259259259,0.9074074074074074,21,2.625,167.7333333333248,0.21830802603036942,1,0,1,6,3,38,7,3,49,0,0,0,0,0,5,8,1,0
base,20260712,1,0.12,0.45,0.2,0.18,3,30,9,2522,2133503713,924747407,false,false,823.2666666665752,841.2666666665752,9,7,6,179,27,8,3,12,55,48,7,12,7,0,0.12727272727272726,0.8727272727272727,24,3,167.7333333333248,0.20374119361892876,1,0,1,7,3,39,7,3,46,0,0,0,0,0,4,5,3,0
base,20260712,1,0.12,0.45,0.2,0.18,3,30,9,2523,319925308,3201444662,false,false,788.4333333332736,806.4333333332736,9,7,6,179,18,5,3,2,37,30,7,2,7,0,0.1891891891891892,0.8108108108108109,15,1.875,167.7333333333248,0.21274256965290345,1,0,1,4,2,22,5,3,30,0,0,0,0,0,5,11,2,0
base,20260712,1,0.12,0.45,0.2,0.18,3,30,9,2524,3968887411,1051560786,false,false,799.0666666665973,817.0666666665973,9,7,6,179,22,6,2,12,49,44,5,12,5,0,0.10204081632653061,0.8979591836734694,22,2.75,167.7333333333248,0.20991156349074674,1,0,1,6,2,37,6,2,43,0,0,0,0,0,4,5,2,0
base,20260712,1,0.12,0.45,0.2,0.18,3,30,9,2525,2390431454,1512760482,false,false,817.0333333332476,835.0333333332476,9,7,6,179,20,6,3,2,37,30,7,2,7,0,0.1891891891891892,0.8108108108108109,16,2,167.7333333333248,0.20529558157563021,1,0,1,4,2,25,5,3,29,0,0,0,0,0,5,13,2,0
base,20260712,1,0.12,0.45,0.2,0.18,3,30,9,2526,3736030702,2515942099,true,false,792.8999999999362,810.8999999999362,9,7,6,180,19,6,3,3,39,31,8,3,8,0,0.20512820512820512,0.7948717948717948,15,1.875,167.7333333333248,0.2115441207382246,1,1,0,4,3,24,6,3,30,6,3,30,119.56666666655792,0.15079665363421307,5,10,2,0
base,20260712,1,0.12,0.45,0.2,0.18,3,30,9,2527,1795123252,1509450195,false,false,788.8999999999398,806.8999999999398,9,7,6,179,25,8,3,7,50,42,8,7,8,0,0.16,0.84,22,2.75,167.7333333333248,0.21261672370812218,1,0,1,7,3,35,8,3,40,0,0,0,0,0,3,5,2,0
base,20260712,1,0.12,0.45,0.2,0.18,3,30,9,2528,777968606,1966289302,true,false,806.3666666665906,824.3666666665906,9,7,6,180,23,8,3,2,39,33,6,2,6,0,0.15384615384615385,0.8461538461538461,13,1.625,167.7333333333248,0.208011243851028,1,1,0,4,3,20,7,3,32,7,3,32,129.56666666654883,0.16067959158351583,5,11,4,0
base,20260712,1,0.12,0.45,0.2,0.18,3,30,9,2529,1985904974,1796395709,false,false,822.6333333332425,840.6333333332425,9,7,6,179,23,6,3,13,54,46,8,13,8,0,0.14814814814814814,0.8518518518518519,19,2.375,167.7333333333248,0.20389805097452487,1,0,1,5,3,35,6,3,45,0,0,0,0,0,6,8,2,0
base,20260712,1,0.12,0.45,0.2,0.18,3,30,9,2530,603466638,420002774,false,false,815.7333333332488,833.7333333332488,9,7,6,179,25,7,3,9,50,44,6,9,6,0,0.12,0.88,22,2.75,167.7333333333248,0.20562275253351853,1,0,1,6,3,35,7,3,43,0,0,0,0,0,4,5,2,0
base,20260712,1,0.12,0.45,0.2,0.18,3,30,9,2531,746961670,1686073931,false,false,834.899999999898,852.899999999898,9,7,6,179,24,7,3,7,45,41,4,7,4,0,0.08888888888888889,0.9111111111111111,20,2.5,167.7333333333248,0.2009023036691164,1,0,1,6,3,33,7,3,39,0,0,0,0,0,6,11,2,0
base,20260712,1,0.12,0.45,0.2,0.18,3,30,9,2532,2934152290,3967588600,false,false,767.2999999999595,785.2999999999595,9,7,6,179,25,7,3,16,59,51,8,16,8,0,0.13559322033898305,0.864406779661017,25,3.125,167.7333333333248,0.21860202441461443,1,0,1,7,3,46,7,3,51,0,0,0,0,0,2,4,2,0
base,20260712,1,0.12,0.45,0.2,0.18,3,30,9,2533,1469029702,301354528,true,false,842.1333333332248,860.1333333332248,9,7,6,180,25,7,3,8,51,43,8,8,8,0,0.1568627450980392,0.8431372549019608,21,2.625,167.7333333333248,0.19917669411021185,1,1,0,6,3,36,7,3,43,7,3,43,157.23333333319033,0.1867083597211969,3,7,2,0
base,20260712,1,0.12,0.45,0.2,0.18,3,30,9,2534,1025546148,3588545281,true,false,809.3999999999212,827.3999999999212,9,7,6,180,21,7,3,1,35,30,5,1,5,0,0.14285714285714285,0.8571428571428571,14,1.75,167.7333333333248,0.2072316942591316,1,1,0,4,3,22,6,3,28,7,3,30,123.26666666655456,0.15229388024038368,6,10,2,0
base,20260712,1,0.12,0.45,0.2,0.18,3,30,9,2535,146836929,3961849435,false,false,744.79999999998,762.79999999998,9,7,6,179,16,4,3,2,38,28,10,2,10,0,0.2631578947368421,0.7368421052631579,11,1.375,167.7333333333248,0.22520587182240778,1,0,1,3,3,20,4,3,28,0,0,0,0,0,2,5,2,0
base,20260712,1,0.12,0.45,0.2,0.18,3,30,9,2536,2055634159,829095171,false,false,829.2999999999031,847.2999999999031,9,7,6,179,14,4,2,0,29,22,7,0,7,0,0.2413793103448276,0.7586206896551724,9,1.125,167.7333333333248,0.20225893323687977,1,0,1,2,1,17,4,2,21,0,0,0,0,0,6,10,2,0
base,20260712,1,0.12,0.45,0.2,0.18,3,30,9,2537,4013308865,579532314,false,false,760.9333333332986,778.9333333332986,9,7,6,179,17,5,3,2,35,28,7,2,7,0,0.2,0.8,13,1.625,167.7333333333248,0.22043104958822382,1,0,1,4,3,22,5,3,28,0,0,0,0,0,3,5,2,0
base,20260712,1,0.12,0.45,0.2,0.18,3,30,9,2538,2150576856,2975748291,false,false,768.9999999999579,786.9999999999579,9,7,6,179,24,7,2,13,56,46,10,13,10,0,0.17857142857142858,0.8214285714285714,20,2.5,167.7333333333248,0.21811876896402338,1,0,1,5,2,35,7,2,46,0,0,0,0,0,6,5,2,0
base,20260712,1,0.12,0.45,0.2,0.18,3,30,9,2539,3783335076,1836229128,false,false,829.0333333332367,847.0333333332367,9,7,6,179,21,6,3,2,35,32,3,2,3,0,0.08571428571428572,0.9142857142857143,18,2.25,167.7333333333248,0.20232399179768928,1,0,1,6,3,26,6,3,32,0,0,0,0,0,6,8,3,0
base,20260712,1,0.12,0.45,0.2,0.18,3,30,9,2540,2856001514,3796902761,true,false,803.7333333332597,821.7333333332597,9,7,6,180,17,5,3,0,32,26,6,0,6,0,0.1875,0.8125,14,1.75,167.7333333333248,0.20869276708693618,1,1,0,4,3,22,5,3,26,5,3,26,116.29999999989423,0.144699734571879,5,11,2,0
base,20260712,1,0.12,0.45,0.2,0.18,3,30,9,2541,287611788,1691726326,false,false,824.0999999999078,842.0999999999078,9,7,6,179,24,7,3,10,49,43,6,10,6,0,0.12244897959183673,0.8775510204081632,21,2.625,167.7333333333248,0.2035351696800674,1,0,1,6,3,31,7,3,41,0,0,0,0,0,5,11,2,0
base,20260712,1,0.12,0.45,0.2,0.18,3,30,9,2542,237107035,3528570752,false,false,819.3999999999121,837.3999999999121,9,7,6,179,25,7,3,12,53,47,6,12,6,0,0.11320754716981132,0.8867924528301887,24,3,167.7333333333248,0.204702627939154,1,0,1,7,3,42,7,3,47,0,0,0,0,0,3,5,2,0
base,20260712,1,0.12,0.45,0.2,0.18,3,30,9,2543,1014164204,2001602703,false,false,770.0333333332903,788.0333333332903,9,7,6,179,25,8,3,16,54,51,3,16,3,0,0.05555555555555555,0.9444444444444444,23,2.875,167.7333333333248,0.21782606813557961,1,0,1,7,3,43,8,3,50,0,0,0,0,0,4,6,2,0
base,20260712,1,0.12,0.45,0.2,0.18,3,30,9,2544,1811339596,2453441120,false,false,785.2999999999431,803.2999999999431,9,7,6,179,19,5,3,6,39,34,5,6,5,0,0.1282051282051282,0.8717948717948718,15,1.875,167.7333333333248,0.21359140880343427,1,0,1,4,3,24,5,3,33,0,0,0,0,0,6,11,3,0
base,20260712,1,0.12,0.45,0.2,0.18,3,30,9,2545,721888904,873259845,true,false,804.8333333332587,822.8333333332587,9,7,6,180,26,9,3,5,42,40,2,5,2,0,0.047619047619047616,0.9523809523809523,22,2.75,167.7333333333248,0.20840753779251234,1,1,0,7,3,33,8,3,38,8,3,39,130.2666666665482,0.16185545661614448,6,13,2,0
base,20260712,1,0.12,0.45,0.2,0.18,3,30,9,2546,3589114738,700223175,false,false,809.3666666665879,827.3666666665879,9,7,6,179,24,7,3,7,45,41,4,7,4,0,0.08888888888888889,0.9111111111111111,20,2.5,167.7333333333248,0.20724022898563624,1,0,1,6,3,35,7,3,41,0,0,0,0,0,3,4,2,0
base,20260712,1,0.12,0.45,0.2,0.18,3,30,9,2547,2111209049,1828673106,false,false,822.2333333332429,840.2333333332429,9,7,6,179,21,6,1,19,56,50,6,19,6,0,0.10714285714285714,0.8928571428571429,18,2.25,167.7333333333248,0.20399724328050828,1,0,1,5,1,37,6,1,50,0,0,0,0,0,5,10,2,0
base,20260712,1,0.12,0.45,0.2,0.18,3,30,9,2548,2912584603,2511695205,false,false,761.6999999999646,779.6999999999646,9,7,6,179,23,7,3,4,39,36,3,4,3,0,0.07692307692307693,0.9230769230769231,19,2.375,167.7333333333248,0.22020918121745123,1,0,1,6,3,31,7,3,36,0,0,0,0,0,6,10,1,0
base,20260712,1,0.12,0.45,0.2,0.18,3,30,9,2549,1397559986,3809567994,false,false,844.6333333332225,862.6333333332225,9,7,6,179,23,7,3,9,48,42,6,9,6,0,0.125,0.875,22,2.75,167.7333333333248,0.19858715813569613,1,0,1,7,3,33,7,3,40,0,0,0,0,0,6,6,2,0
base,20260712,1,0.12,0.45,0.2,0.18,3,30,9,2550,3740294535,1567593727,false,false,809.6333333332543,827.6333333332543,9,7,6,179,26,8,3,11,51,47,4,11,4,0,0.0784313725490196,0.9215686274509803,23,2.875,167.7333333333248,0.2071719708510122,1,0,1,7,3,36,8,3,46,0,0,0,0,0,4,5,3,0
base,20260712,1,0.12,0.45,0.2,0.18,3,30,9,2551,1228675154,127303379,false,false,811.5666666665859,829.5666666665859,9,7,6,179,24,8,3,3,45,36,9,3,9,0,0.2,0.8,19,2.375,167.7333333333248,0.20667844087568263,1,0,1,6,3,27,8,3,36,0,0,0,0,0,3,5,3,0
base,20260712,1,0.12,0.45,0.2,0.18,3,30,9,2552,2295847309,3275569646,false,false,788.2666666666071,806.2666666666071,9,7,6,179,25,7,3,5,46,40,6,5,6,0,0.13043478260869565,0.8695652173913043,21,2.625,167.7333333333248,0.21278755074425423,1,0,1,6,3,30,7,3,40,0,0,0,0,0,6,8,2,0
base,20260712,1,0.12,0.45,0.2,0.18,3,30,9,2553,1465560113,1740372024,false,false,813.4666666665842,831.4666666665842,9,7,6,179,18,5,2,3,35,31,4,3,4,0,0.11428571428571428,0.8857142857142857,17,2.125,167.7333333333248,0.2061957056220396,1,0,1,5,2,26,5,2,31,0,0,0,0,0,5,5,2,0
base,20260712,1,0.12,0.45,0.2,0.18,3,30,9,2554,2085096546,4073133946,false,false,817.5999999999137,835.5999999999137,9,7,6,179,24,7,3,15,49,49,0,15,0,0,0,1,23,2.875,167.7333333333248,0.2051532941944013,1,0,1,7,3,42,7,3,49,0,0,0,0,0,3,4,1,0
base,20260712,1,0.12,0.45,0.2,0.18,3,30,9,2555,3892939221,2189505863,false,false,825.9666666665728,843.9666666665728,9,7,6,179,16,4,2,4,34,30,4,4,4,0,0.11764705882352941,0.8823529411764706,14,1.75,167.7333333333248,0.20307518463216093,1,0,1,3,2,23,4,2,28,0,0,0,0,0,5,11,1,0
base,20260712,1,0.12,0.45,0.2,0.18,3,30,9,2556,3278125022,356524513,false,false,830.0666666665691,848.0666666665691,9,7,6,179,25,7,3,10,53,44,9,10,9,0,0.16981132075471697,0.8301886792452831,20,2.5,167.7333333333248,0.20207212272108005,1,0,1,6,3,33,7,3,44,0,0,0,0,0,6,9,2,0
base,20260712,1,0.12,0.45,0.2,0.18,3,30,9,2557,683367723,256360729,false,false,799.1666666665972,817.1666666665972,9,7,6,179,25,7,3,9,50,43,7,9,7,0,0.14,0.86,20,2.5,167.7333333333248,0.20988529718457483,1,0,1,6,3,33,7,3,43,0,0,0,0,0,6,8,3,0
base,20260712,1,0.12,0.45,0.2,0.18,3,30,9,2558,3617482935,1974495183,false,false,767.2999999999595,785.2999999999595,9,7,6,179,20,6,3,7,39,34,5,7,5,0,0.1282051282051282,0.8717948717948718,15,1.875,167.7333333333248,0.21860202441461443,1,0,1,4,3,26,6,3,34,0,0,0,0,0,2,6,2,0
base,20260712,1,0.12,0.45,0.2,0.18,3,30,9,2559,614209330,1927492299,true,false,827.5999999999046,845.5999999999046,9,7,6,180,18,5,3,2,32,30,2,2,2,0,0.0625,0.9375,16,2,167.7333333333248,0.2026743998711263,1,1,0,5,3,25,5,3,28,5,3,29,139.93333333320606,0.16908329305609254,6,14,2,0
base,20260712,1,0.12,0.45,0.2,0.18,3,30,9,2560,3405636920,1481317083,false,false,751.9333333333068,769.9333333333068,9,7,6,179,16,5,3,0,37,26,11,0,11,0,0.2972972972972973,0.7027027027027027,13,1.625,167.7333333333248,0.22306942104796176,1,0,1,4,2,20,5,3,26,0,0,0,0,0,3,5,3,0
base,20260712,1,0.12,0.45,0.2,0.18,3,30,9,2561,3889146217,882747165,false,false,844.0666666665563,862.0666666665563,9,7,6,179,21,6,3,8,45,39,6,8,6,0,0.13333333333333333,0.8666666666666667,18,2.25,167.7333333333248,0.1987204802148488,1,0,1,5,3,30,6,3,38,0,0,0,0,0,4,5,3,0
base,20260712,1,0.12,0.45,0.2,0.18,3,30,9,2562,1146997939,3789206250,true,false,809.3999999999212,827.3999999999212,9,7,6,180,19,6,3,0,34,29,5,0,5,0,0.14705882352941177,0.8529411764705882,16,2,167.7333333333248,0.2072316942591316,1,1,0,5,3,25,6,3,28,6,3,28,148.1999999998652,0.18309859154914707,3,5,2,0
base,20260712,1,0.12,0.45,0.2,0.18,3,30,9,2563,3382142585,3551895201,false,false,811.3999999999194,829.3999999999194,9,7,6,179,20,6,3,3,36,31,5,3,5,0,0.1388888888888889,0.8611111111111112,13,1.625,167.7333333333248,0.20672089392819998,1,0,1,4,2,20,6,3,31,0,0,0,0,0,4,5,2,0
base,20260712,1,0.12,0.45,0.2,0.18,3,30,9,2564,4131177655,2210857882,false,false,774.833333333286,792.833333333286,9,7,6,179,26,8,3,8,52,44,8,8,8,0,0.15384615384615385,0.8461538461538461,21,2.625,167.7333333333248,0.21647666164766838,1,0,1,6,3,35,8,3,43,0,0,0,0,0,7,8,2,0
base,20260712,1,0.12,0.45,0.2,0.18,3,30,9,2565,3331064026,1746807915,false,false,807.6666666665894,825.6666666665894,9,7,6,179,25,8,3,6,48,41,7,6,7,0,0.14583333333333334,0.8541666666666666,23,2.875,167.7333333333248,0.2076764341725227,1,0,1,7,3,35,8,3,41,0,0,0,0,0,2,5,3,0
base,20260712,1,0.12,0.45,0.2,0.18,3,30,9,2566,2655437912,1670207731,true,false,820.2999999999113,838.2999999999113,9,7,6,180,18,6,3,1,31,29,2,1,2,0,0.06451612903225806,0.9354838709677419,16,2,167.7333333333248,0.2044780364907265,1,1,0,5,3,25,6,3,28,6,3,28,155.7333333331917,0.18984924214702978,2,5,2,0
base,20260712,1,0.12,0.45,0.2,0.18,3,30,9,2567,1092622521,3544849773,true,false,782.4999999999457,800.4999999999457,9,7,6,180,18,6,3,0,33,27,6,0,6,0,0.18181818181818182,0.8181818181818182,14,1.75,167.7333333333248,0.2143556975505897,1,1,0,4,2,22,6,3,26,6,3,26,115.13333333322862,0.14713525026611707,5,11,2,0
base,20260712,1,0.12,0.45,0.2,0.18,3,30,9,2568,1810543532,1257181018,false,false,748.1666666666436,766.1666666666436,9,7,6,179,21,6,3,8,44,38,6,8,6,0,0.13636363636363635,0.8636363636363636,17,2.125,167.7333333333248,0.22419247048339938,1,0,1,5,3,26,6,3,37,0,0,0,0,0,3,5,2,0
base,20260712,1,0.12,0.45,0.2,0.18,3,30,9,2569,964064906,3968392741,false,false,752.9333333333059,770.9333333333059,9,7,6,179,21,6,3,3,38,34,4,3,4,0,0.10526315789473684,0.8947368421052632,20,2.5,167.7333333333248,0.22277315388701643,1,0,1,6,3,30,6,3,34,0,0,0,0,0,5,7,2,0
base,20260712,1,0.12,0.45,0.2,0.18,3,30,9,2570,1241014342,755559800,false,false,812.566666666585,830.566666666585,9,7,6,179,22,6,3,9,46,40,6,9,6,0,0.13043478260869565,0.8695652173913043,17,2.125,167.7333333333248,0.20642408827994624,1,0,1,5,3,29,6,3,39,0,0,0,0,0,6,11,3,0
base,20260712,1,0.12,0.45,0.2,0.18,3,30,9,2571,3154841696,3630886631,false,false,821.1999999999105,839.1999999999105,9,7,6,179,24,7,3,5,46,39,7,5,7,0,0.15217391304347827,0.8478260869565217,19,2.375,167.7333333333248,0.2042539373275001,1,0,1,6,3,30,7,3,37,0,0,0,0,0,6,10,3,0
base,20260712,1,0.12,0.45,0.2,0.18,3,30,9,2572,542793544,1232606573,false,false,777.3333333332837,795.3333333332837,9,7,6,179,22,6,3,8,45,40,5,8,5,0,0.1111111111111111,0.8888888888888888,19,2.375,167.7333333333248,0.21578044596912802,1,0,1,6,3,29,6,3,37,0,0,0,0,0,5,8,2,0
base,20260712,1,0.12,0.45,0.2,0.18,3,30,9,2573,515003004,3458609451,false,false,814.33333333325,832.33333333325,9,7,6,179,22,6,2,11,49,43,6,11,6,0,0.12244897959183673,0.8775510204081632,18,2.25,167.7333333333248,0.2059762586983323,1,0,1,5,2,30,6,2,39,0,0,0,0,0,5,10,2,0
base,20260712,1,0.12,0.45,0.2,0.18,3,30,9,2574,3938146241,3164471894,false,false,809.4333333332545,827.4333333332545,9,7,6,179,21,7,3,0,34,29,5,0,5,0,0.14705882352941177,0.8529411764705882,14,1.75,167.7333333333248,0.20722316023556536,1,0,1,4,2,23,6,3,28,0,0,0,0,0,5,11,2,0
base,20260712,1,0.12,0.45,0.2,0.18,3,30,9,2575,3859000842,1409608147,true,false,816.3999999999148,834.3999999999148,9,7,6,180,18,5,3,1,34,29,5,1,5,0,0.14705882352941177,0.8529411764705882,15,1.875,167.7333333333248,0.20545484239752854,1,1,0,4,3,23,5,3,28,5,3,28,159.69999999985475,0.19561489465932314,3,7,2,0
base,20260712,1,0.12,0.45,0.2,0.18,3,30,9,2576,752282308,3163660704,false,false,809.5333333332544,827.5333333332544,9,7,6,179,26,8,3,17,60,53,7,17,7,0,0.11666666666666667,0.8833333333333333,24,3,167.7333333333248,0.2071975623816287,1,0,1,7,3,45,8,3,52,0,0,0,0,0,4,7,2,0
base,20260712,1,0.12,0.45,0.2,0.18,3,30,9,2577,3480698058,1547542659,false,false,825.1333333332402,843.1333333332402,9,7,6,179,28,8,3,12,54,50,4,12,4,0,0.07407407407407407,0.9259259259259259,24,3,167.7333333333248,0.2032802779348918,1,0,1,7,3,40,8,3,48,0,0,0,0,0,3,6,2,0
base,20260712,1,0.12,0.45,0.2,0.18,3,30,9,2578,3142101864,2076506258,false,false,777.5666666666168,795.5666666666168,9,7,6,179,18,5,3,2,34,28,6,2,6,0,0.17647058823529413,0.8235294117647058,15,1.875,167.7333333333248,0.2157156942598734,1,0,1,4,3,24,5,3,28,0,0,0,0,0,6,8,2,0
base,20260712,1,0.12,0.45,0.2,0.18,3,30,9,2579,1013105328,3256655554,false,false,842.2999999998913,860.2999999998913,9,7,6,179,22,6,3,17,59,49,10,17,10,0,0.1694915254237288,0.8305084745762712,21,2.625,167.7333333333248,0.1991372828366929,1,0,1,6,3,37,6,3,47,0,0,0,0,0,5,7,2,0
base,20260712,1,0.12,0.45,0.2,0.18,3,30,9,2580,2833093181,2608222593,false,false,838.1333333332284,856.1333333332284,9,7,6,179,23,7,3,23,60,56,4,23,4,0,0.06666666666666667,0.9333333333333333,21,2.625,167.7333333333248,0.20012726694242658,1,0,1,6,3,45,7,3,56,0,0,0,0,0,5,7,3,0
base,20260712,1,0.12,0.45,0.2,0.18,3,30,9,2581,3947590133,3145575318,true,false,808.7666666665884,826.7666666665884,9,7,6,180,29,8,2,15,60,53,7,15,7,0,0.11666666666666667,0.8833333333333333,23,2.875,167.7333333333248,0.20739397436426785,1,1,0,6,2,45,8,2,51,8,2,53,122.5666666665552,0.15154762395404572,5,10,3,0
base,20260712,1,0.12,0.45,0.2,0.18,3,30,9,2582,3672107227,2978285008,true,false,807.2666666665898,825.2666666665898,9,7,6,180,19,6,3,0,33,28,5,0,5,0,0.15151515151515152,0.8484848484848485,17,2.125,167.7333333333248,0.20777933768272455,1,1,0,5,3,25,5,3,27,5,3,27,149.166666666531,0.1847799157649829,3,5,2,0
base,20260712,1,0.12,0.45,0.2,0.18,3,30,9,2583,373365212,3803114913,true,false,807.5333333332562,825.5333333332562,9,7,6,180,20,6,3,4,41,34,7,4,7,0,0.17073170731707318,0.8292682926829268,17,2.125,167.7333333333248,0.20771072401552979,1,1,0,5,3,26,6,3,33,6,3,33,127.79999999988377,0.15825972096082222,6,8,3,0
base,20260712,1,0.12,0.45,0.2,0.18,3,30,9,2584,2013252514,2468562529,false,false,836.766666666563,854.766666666563,9,7,6,179,12,3,2,0,26,22,4,0,4,0,0.15384615384615385,0.8461538461538461,10,1.25,167.7333333333248,0.20045412898858173,1,0,1,3,2,16,3,2,22,0,0,0,0,0,6,11,2,0
base,20260712,1,0.12,0.45,0.2,0.18,3,30,9,2585,3870364319,3357852511,true,false,799.3999999999303,817.3999999999303,9,7,6,180,20,6,3,12,43,42,1,12,1,0,0.023255813953488372,0.9767441860465116,20,2.5,167.7333333333248,0.20982403469269378,1,1,0,6,3,36,6,3,40,6,3,40,122.16666666655556,0.15282295054611736,5,10,1,0
base,20260712,1,0.12,0.45,0.2,0.18,3,30,9,2586,2064108184,3229319737,false,false,804.4999999999256,822.4999999999256,9,7,6,179,15,4,3,2,28,27,1,2,1,0,0.03571428571428571,0.9642857142857143,14,1.75,167.7333333333248,0.20849388854361753,1,0,1,4,3,22,4,3,27,0,0,0,0,0,3,5,2,0
base,20260712,1,0.12,0.45,0.2,0.18,3,30,9,2587,1866907721,2919177787,false,false,830.7999999999017,848.7999999999017,9,7,6,179,24,7,3,9,46,41,5,9,5,0,0.10869565217391304,0.8913043478260869,20,2.5,167.7333333333248,0.20189375702135848,1,0,1,5,3,34,7,3,41,0,0,0,0,0,7,10,3,0
base,20260712,1,0.12,0.45,0.2,0.18,3,30,9,2588,2576698719,3670580753,false,false,832.4666666665669,850.4666666665669,9,7,6,179,25,8,3,11,56,46,10,11,10,0,0.17857142857142858,0.8214285714285714,20,2.5,167.7333333333248,0.20148954913111022,1,0,1,6,3,37,8,3,46,0,0,0,0,0,5,8,2,0
base,20260712,1,0.12,0.45,0.2,0.18,3,30,9,2589,635820793,3556424176,false,false,809.4666666665878,827.4666666665878,9,7,6,179,30,9,3,11,54,51,3,11,3,0,0.05555555555555555,0.9444444444444444,28,3.5,167.7333333333248,0.20721462691485068,1,0,1,9,3,44,9,3,51,0,0,0,0,0,2,4,2,0
base,20260712,1,0.12,0.45,0.2,0.18,3,30,9,2590,2538051427,873460794,false,false,845.9333333332213,863.9333333332213,9,7,6,179,21,6,3,6,40,37,3,6,3,0,0.075,0.925,20,2.5,167.7333333333248,0.19828197651510798,1,0,1,6,3,34,6,3,37,0,0,0,0,0,5,11,2,0
base,20260712,1,0.12,0.45,0.2,0.18,3,30,9,2591,3103253333,461398330,false,false,823.6666666665749,841.6666666665749,9,7,6,179,19,5,3,7,39,36,3,7,3,0,0.07692307692307693,0.9230769230769231,18,2.25,167.7333333333248,0.20364225010118595,1,0,1,5,3,29,5,3,36,0,0,0,0,0,3,3,1,0
base,20260712,1,0.12,0.45,0.2,0.18,3,30,9,2592,2374469875,3743281720,false,false,812.8333333332514,830.8333333332514,9,7,6,179,24,7,3,4,40,37,3,4,3,0,0.075,0.925,19,2.375,167.7333333333248,0.20635636661883333,1,0,1,5,3,30,7,3,37,0,0,0,0,0,3,7,2,0
base,20260712,1,0.12,0.45,0.2,0.18,3,30,9,2593,1122612467,2703292198,false,false,839.1333333332275,857.1333333332275,9,7,6,179,28,8,3,13,59,51,8,13,8,0,0.13559322033898305,0.864406779661017,25,3.125,167.7333333333248,0.19988877413205602,1,0,1,7,3,40,8,3,50,0,0,0,0,0,3,5,2,0
base,20260712,1,0.12,0.45,0.2,0.18,3,30,9,2594,136442895,4253547826,false,false,833.7333333332324,851.7333333332324,9,7,6,179,27,8,3,8,51,45,6,8,6,0,0.11764705882352941,0.8823529411764706,24,3,167.7333333333248,0.20118343195267682,1,0,1,7,3,38,8,3,44,0,0,0,0,0,5,5,2,0
base,20260712,1,0.12,0.45,0.2,0.18,3,30,9,2595,1647983553,4084536736,false,false,844.3999999998894,862.3999999998894,9,7,6,179,26,8,3,6,45,42,3,6,3,0,0.06666666666666667,0.9333333333333333,20,2.5,167.7333333333248,0.19864203379126807,1,0,1,6,3,33,8,3,42,0,0,0,0,0,6,8,2,0
base,20260712,1,0.12,0.45,0.2,0.18,3,30,9,2596,2396023031,1565367782,true,false,817.3666666665806,835.3666666665806,9,7,6,180,24,7,3,7,44,41,3,7,3,0,0.06818181818181818,0.9318181818181818,18,2.25,167.7333333333248,0.20521185922271823,1,1,0,5,3,29,7,3,40,7,3,40,158.66666666652236,0.1941193262915938,3,7,3,0
base,20260712,1,0.12,0.45,0.2,0.18,3,30,9,2597,3953357032,3472505141,true,false,810.9666666665864,828.9666666665864,9,7,6,180,21,6,3,7,43,37,6,7,6,0,0.13953488372093023,0.8604651162790697,15,1.875,167.7333333333248,0.20683135352872054,1,1,0,4,2,26,5,3,32,5,3,32,120.4333333332238,0.14850589831053768,5,10,4,0
base,20260712,1,0.12,0.45,0.2,0.18,3,30,9,2598,165088147,1663668297,false,false,796.6999999999327,814.6999999999327,9,7,6,179,18,5,3,1,32,28,4,1,4,0,0.125,0.875,16,2,167.7333333333248,0.21053512405339395,1,0,1,5,3,24,5,3,28,0,0,0,0,0,3,5,1,0
base,20260712,1,0.12,0.45,0.2,0.18,3,30,9,2599,601177311,51988696,true,false,790.899999999938,808.899999999938,9,7,6,180,23,7,3,4,40,35,5,4,5,0,0.125,0.875,18,2.25,167.7333333333248,0.21207906604291052,1,1,0,5,3,28,6,3,34,6,3,34,119.06666666655838,0.15054579171395588,5,6,2,0
base,20260712,1,0.12,0.45,0.2,0.18,3,30,9,2600,1437926941,1038785077,false,false,831.1666666665681,849.1666666665681,9,7,6,179,22,6,3,14,59,46,13,14,13,0,0.22033898305084745,0.7796610169491526,21,2.625,167.7333333333248,0.20180469219973293,1,0,1,6,3,37,6,3,45,0,0,0,0,0,6,11,2,0
base,20260712,1,0.12,0.45,0.2,0.18,3,30,9,2601,1964502815,4052954905,false,false,855.5666666665459,873.5666666665459,9,7,6,179,25,7,3,8,49,43,6,8,6,0,0.12244897959183673,0.8775510204081632,21,2.625,167.7333333333248,0.19604940195583645,1,0,1,6,3,35,7,3,40,0,0,0,0,0,5,5,2,0
base,20260712,1,0.12,0.45,0.2,0.18,3,30,9,2602,2959597271,3200338261,false,false,823.6666666665749,841.6666666665749,9,7,6,179,13,3,3,0,27,22,5,0,5,0,0.18518518518518517,0.8148148148148148,12,1.5,167.7333333333248,0.20364225010118595,1,0,1,3,3,19,3,3,22,0,0,0,0,0,5,14,2,0
base,20260712,1,0.12,0.45,0.2,0.18,3,30,9,2603,924953590,3270593447,false,false,833.1333333332329,851.1333333332329,9,7,6,179,29,9,3,10,53,49,4,10,4,0,0.07547169811320754,0.9245283018867925,23,2.875,167.7333333333248,0.20132831879652519,1,0,1,7,3,37,9,3,49,0,0,0,0,0,6,8,3,0
base,20260712,1,0.12,0.45,0.2,0.18,3,30,9,2604,3409085759,2516926210,false,false,814.1999999999168,832.1999999999168,9,7,6,179,27,8,3,21,61,58,3,21,3,0,0.04918032786885246,0.9508196721311475,25,3.125,167.7333333333248,0.20600998935561524,1,0,1,7,3,48,8,3,57,0,0,0,0,0,3,5,4,0
base,20260712,1,0.12,0.45,0.2,0.18,3,30,9,2605,1790746515,2260967388,false,false,827.2333333332383,845.2333333332383,9,7,6,179,19,5,3,4,39,33,6,4,6,0,0.15384615384615385,0.8461538461538461,19,2.375,167.7333333333248,0.20276423419431527,1,0,1,5,3,31,5,3,33,0,0,0,0,0,4,6,2,0
base,20260712,1,0.12,0.45,0.2,0.18,3,30,9,2606,2441426585,2092532447,false,false,783.3999999999448,801.3999999999448,9,7,6,179,25,7,3,14,53,48,5,14,5,0,0.09433962264150944,0.9056603773584906,19,2.375,167.7333333333248,0.21410943749468547,1,0,1,5,3,35,7,3,46,0,0,0,0,0,4,5,2,0
base,20260712,1,0.12,0.45,0.2,0.18,3,30,9,2607,934153384,3875011684,true,false,793.8333333332687,811.8333333332687,9,7,6,180,22,7,3,11,46,43,3,11,3,0,0.06521739130434782,0.9347826086956522,18,2.25,167.7333333333248,0.21129540205753322,1,1,0,5,2,33,7,3,42,7,3,42,115.13333333322862,0.14503464203221247,5,10,2,0
base,20260712,1,0.12,0.45,0.2,0.18,3,30,9,2608,3120954150,755821321,true,false,782.3999999999457,800.3999999999457,9,7,6,180,22,7,3,4,44,35,9,4,9,0,0.20454545454545456,0.7954545454545454,14,1.75,167.7333333333248,0.21438309475119685,1,1,0,4,3,22,6,3,34,6,3,34,107.0999999999026,0.13688650306736966,5,10,2,0
base,20260712,1,0.12,0.45,0.2,0.18,3,30,9,2609,4078318549,4170444504,true,false,802.1666666665944,820.1666666665944,9,7,6,180,22,7,3,8,45,40,5,8,5,0,0.1111111111111111,0.8888888888888888,17,2.125,167.7333333333248,0.2091003532100643,1,1,0,5,2,27,6,2,34,6,2,34,121.03333333322325,0.15088302514012153,5,7,3,0
base,20260712,1,0.12,0.45,0.2,0.18,3,30,9,2610,2530504688,430504190,true,false,802.333333333261,820.333333333261,9,7,6,180,20,6,3,4,39,33,6,4,6,0,0.15384615384615385,0.8461538461538461,16,2,167.7333333333248,0.2090569173244785,1,1,0,4,3,27,6,3,32,6,3,32,127.23333333321762,0.15857914416272842,5,14,2,0
base,20260712,1,0.12,0.45,0.2,0.18,3,30,9,2611,2644079501,771767224,false,false,824.3666666665742,842.3666666665742,9,7,6,179,26,8,3,13,55,49,6,13,6,0,0.10909090909090909,0.8909090909090909,24,3,167.7333333333248,0.20346932999071238,1,0,1,7,3,43,8,3,49,0,0,0,0,0,4,5,2,0
base,20260712,1,0.12,0.45,0.2,0.18,3,30,9,2612,268154068,634512411,false,false,832.5666666665668,850.5666666665668,9,7,6,179,19,6,3,2,35,29,6,2,6,0,0.17142857142857143,0.8285714285714286,12,1.5,167.7333333333248,0.20146534812028455,1,0,1,3,2,21,6,3,29,0,0,0,0,0,5,11,3,0
base,20260712,1,0.12,0.45,0.2,0.18,3,30,9,2613,431082292,1060651887,true,false,801.8333333332614,819.8333333332614,9,7,6,180,16,5,3,1,32,26,6,1,6,0,0.1875,0.8125,14,1.75,167.7333333333248,0.20918727915195157,1,1,0,4,3,23,4,3,25,4,3,25,119.89999999989095,0.14953232176250472,5,8,2,0
base,20260712,1,0.12,0.45,0.2,0.18,3,30,9,2614,2343133753,1271926334,false,false,826.9666666665719,844.9666666665719,9,7,6,179,18,5,3,3,37,31,6,3,6,0,0.16216216216216217,0.8378378378378378,11,1.375,167.7333333333248,0.2028296182837003,1,0,1,3,3,19,5,3,30,0,0,0,0,0,6,6,2,0
base,20260712,1,0.12,0.45,0.2,0.18,3,30,9,2615,3203871767,2372744654,true,false,779.7333333332815,797.7333333332815,9,7,6,180,21,7,3,4,35,33,2,4,2,0,0.05714285714285714,0.9428571428571428,16,2,167.7333333333248,0.2151162790697708,1,1,0,4,3,27,6,3,32,6,3,32,108.63333333323453,0.1393211354307991,5,10,2,0
base,20260712,1,0.12,0.45,0.2,0.18,3,30,9,2616,2011638318,306367677,false,false,797.3333333332655,815.3333333332655,9,7,6,179,24,7,3,11,52,45,7,11,7,0,0.1346153846153846,0.8653846153846154,23,2.875,167.7333333333248,0.2103678929765958,1,0,1,7,3,38,7,3,44,0,0,0,0,0,5,11,2,0
base,20260712,1,0.12,0.45,0.2,0.18,3,30,9,2617,3080884106,1994054931,false,false,806.9333333332568,824.9333333332568,9,7,6,179,18,5,3,6,37,34,3,6,3,0,0.08108108108108109,0.918918918918919,17,2.125,167.7333333333248,0.20786516853933498,1,0,1,5,3,28,5,3,34,0,0,0,0,0,2,5,2,0
base,20260712,1,0.12,0.45,0.2,0.18,3,30,9,2618,4077933799,3199139982,true,false,802.7999999999272,820.7999999999272,9,7,6,180,25,8,3,6,43,41,2,6,2,0,0.046511627906976744,0.9534883720930233,19,2.375,167.7333333333248,0.20893539279190335,1,1,0,6,3,29,7,3,35,8,3,40,124.43333333322016,0.1549991695730337,5,8,3,0
base,20260712,1,0.12,0.45,0.2,0.18,3,30,9,2619,182988757,1000439307,false,false,804.1333333332593,822.1333333332593,9,7,6,179,23,7,3,5,42,37,5,5,5,0,0.11904761904761904,0.8809523809523809,20,2.5,167.7333333333248,0.20858895705522332,1,0,1,6,3,31,7,3,37,0,0,0,0,0,2,5,2,0
base,20260712,1,0.12,0.45,0.2,0.18,3,30,9,2620,232638007,260734779,false,false,814.5666666665832,832.5666666665832,9,7,6,179,27,8,3,11,56,48,8,11,8,0,0.14285714285714285,0.8571428571428571,20,2.5,167.7333333333248,0.2059172566190719,1,0,1,6,3,32,8,3,48,0,0,0,0,0,3,3,3,0
base,20260712,1,0.12,0.45,0.2,0.18,3,30,9,2621,2444651848,1888268554,true,false,809.0666666665882,827.0666666665882,9,7,6,180,23,7,3,4,42,36,6,4,6,0,0.14285714285714285,0.8571428571428571,16,2,167.7333333333248,0.20731707317074127,1,1,0,4,3,26,7,3,35,7,3,35,148.1999999998652,0.183174027686074,3,5,2,0
base,20260712,1,0.12,0.45,0.2,0.18,3,30,9,2622,2954153933,434183877,false,false,808.9999999999216,826.9999999999216,9,7,6,179,18,5,3,2,34,28,6,2,6,0,0.17647058823529413,0.8235294117647058,15,1.875,167.7333333333248,0.20733415739597164,1,0,1,4,3,22,5,3,28,0,0,0,0,0,3,7,1,0
base,20260712,1,0.12,0.45,0.2,0.18,3,30,9,2623,1855999675,2720692596,true,false,797.8666666665983,815.8666666665983,9,7,6,180,17,5,3,0,34,26,8,0,8,0,0.23529411764705882,0.7647058823529411,12,1.5,167.7333333333248,0.21022727272728003,1,1,0,3,2,21,5,3,25,5,3,25,119.3999999998914,0.1496490641709997,5,8,3,0
base,20260712,1,0.12,0.45,0.2,0.18,3,30,9,2624,3947031486,4283637828,true,false,800.2333333332629,818.2333333332629,9,7,6,180,18,6,3,1,29,29,0,1,0,0,0,1,15,1.875,167.7333333333248,0.2096055317199228,1,1,0,4,2,23,5,3,27,5,3,27,121.06666666655656,0.15128920731440898,6,11,1,0
base,20260712,1,0.12,0.45,0.2,0.18,3,30,9,2625,3080090364,1702007681,true,false,801.8333333332614,819.8333333332614,9,7,6,180,27,8,3,8,51,45,6,8,6,0,0.11764705882352941,0.8823529411764706,21,2.625,167.7333333333248,0.20918727915195157,1,1,0,6,3,33,8,3,43,8,3,44,123.89999999988731,0.1545208896278093,5,8,3,0
base,20260712,1,0.12,0.45,0.2,0.18,3,30,9,2626,1595901776,4216464204,false,false,816.966666666581,834.966666666581,9,7,6,179,22,6,2,11,49,42,7,11,7,0,0.14285714285714285,0.8571428571428571,21,2.625,167.7333333333248,0.2053123342445743,1,0,1,6,2,33,6,2,40,0,0,0,0,0,3,5,2,0
base,20260712,1,0.12,0.45,0.2,0.18,3,30,9,2627,3410374698,29104184,true,false,810.69999999992,828.69999999992,9,7,6,180,22,6,3,11,48,43,5,11,5,0,0.10416666666666667,0.8958333333333334,22,2.75,167.7333333333248,0.20689938736072697,1,1,0,6,3,38,6,3,42,6,3,42,135.26666666654364,0.16685169195332059,6,14,2,0
base,20260712,1,0.12,0.45,0.2,0.18,3,30,9,2628,1887054874,983620770,false,false,797.8999999999317,815.8999999999317,9,7,6,179,28,8,3,15,58,53,5,15,5,0,0.08620689655172414,0.9137931034482759,22,2.75,167.7333333333248,0.21021849020345804,1,0,1,6,3,41,8,3,53,0,0,0,0,0,6,8,2,0
base,20260712,1,0.12,0.45,0.2,0.18,3,30,9,2629,2702435487,650651212,true,false,761.633333333298,779.633333333298,9,7,6,180,16,5,3,0,31,25,6,0,6,0,0.1935483870967742,0.8064516129032258,8,1,167.7333333333248,0.2202284563875871,1,1,0,2,1,16,4,3,22,4,3,24,94.73333333324717,0.1243818110200686,5,11,2,0
base,20260712,1,0.12,0.45,0.2,0.18,3,30,9,2630,325115324,4112210715,false,false,769.1333333332911,787.1333333332911,9,7,6,179,28,8,3,27,73,65,8,27,8,0,0.1095890410958904,0.8904109589041096,23,2.875,167.7333333333248,0.21808095692121088,1,0,1,7,3,49,8,3,64,0,0,0,0,0,5,7,2,0
base,20260712,1,0.12,0.45,0.2,0.18,3,30,9,2631,554518256,933578425,false,false,829.6666666665694,847.6666666665694,9,7,6,179,27,9,3,7,56,44,12,7,12,0,0.21428571428571427,0.7857142857142857,21,2.625,167.7333333333248,0.202169546002424,1,0,1,6,3,34,9,3,43,0,0,0,0,0,5,11,3,0
base,20260712,1,0.12,0.45,0.2,0.18,3,30,9,2632,4192458309,2458673631,true,false,804.099999999926,822.099999999926,9,7,6,180,25,8,3,4,41,38,3,4,3,0,0.07317073170731707,0.926829268292683,18,2.25,167.7333333333248,0.20859760394644972,1,1,0,5,3,27,7,3,36,7,3,37,121.93333333322244,0.15163951415649005,5,10,2,0
base,20260712,1,0.12,0.45,0.2,0.18,3,30,9,2633,3117919580,2366390154,false,false,777.69999999995,795.69999999995,9,7,6,179,21,6,3,3,38,34,4,3,4,0,0.10526315789473684,0.8947368421052632,20,2.5,167.7333333333248,0.21567871072821856,1,0,1,6,3,28,6,3,34,0,0,0,0,0,5,8,2,0
base,20260712,1,0.12,0.45,0.2,0.18,3,30,9,2634,228731077,1456032090,false,false,757.9666666666346,775.9666666666346,9,7,6,179,22,7,3,10,52,42,10,10,10,0,0.19230769230769232,0.8076923076923077,20,2.5,167.7333333333248,0.2212938123928034,1,0,1,6,3,36,7,3,42,0,0,0,0,0,6,5,2,0
base,20260712,1,0.12,0.45,0.2,0.18,3,30,9,2635,3984032855,3701134543,false,false,753.499999999972,771.499999999972,9,7,6,179,24,7,2,12,50,45,5,12,5,0,0.1,0.9,20,2.5,167.7333333333248,0.2226056182260531,1,0,1,6,2,35,6,2,43,0,0,0,0,0,3,4,2,0
base,20260712,1,0.12,0.45,0.2,0.18,3,30,9,2636,1872327048,1728896475,true,false,794.2333333332683,812.2333333332683,9,7,6,180,17,5,2,8,43,35,8,8,8,0,0.18604651162790697,0.813953488372093,15,1.875,167.7333333333248,0.21118898728334057,1,1,0,4,2,25,5,2,34,5,2,34,120.06666666655747,0.1511730389892567,4,8,3,0
base,20260712,1,0.12,0.45,0.2,0.18,3,30,9,2637,4266130951,2670480612,false,false,823.7666666665748,841.7666666665748,9,7,6,179,16,4,3,2,34,28,6,2,6,0,0.17647058823529413,0.8235294117647058,15,1.875,167.7333333333248,0.2036175292356373,1,0,1,4,3,26,4,3,28,0,0,0,0,0,5,14,2,0
base,20260712,1,0.12,0.45,0.2,0.18,3,30,9,2638,2197031490,1839462232,false,false,813.7333333332506,831.7333333332506,9,7,6,179,25,7,3,10,53,44,9,10,9,0,0.16981132075471697,0.8301886792452831,21,2.625,167.7333333333248,0.20612813370474584,1,0,1,6,3,37,7,3,44,0,0,0,0,0,3,7,2,0
base,20260712,1,0.12,0.45,0.2,0.18,3,30,9,2639,4089025443,311428071,false,false,821.2333333332438,839.2333333332438,9,7,6,179,25,8,3,8,47,43,4,8,4,0,0.0851063829787234,0.9148936170212766,20,2.5,167.7333333333248,0.20424564679142318,1,0,1,6,3,33,8,3,41,0,0,0,0,0,5,8,2,0
base,20260712,1,0.12,0.45,0.2,0.18,3,30,9,2640,4112572727,1763623706,false,false,824.4333333332409,842.4333333332409,9,7,6,179,20,5,3,3,38,33,5,3,5,0,0.13157894736842105,0.868421052631579,18,2.25,167.7333333333248,0.20345287672341844,1,0,1,5,3,27,5,3,31,0,0,0,0,0,5,14,3,0
base,20260712,1,0.12,0.45,0.2,0.18,3,30,9,2641,3170647571,599827950,false,false,816.4666666665814,834.4666666665814,9,7,6,179,24,8,3,1,40,34,6,1,6,0,0.15,0.85,20,2.5,167.7333333333248,0.20543806646526777,1,0,1,6,3,30,8,3,34,0,0,0,0,0,6,13,2,0
base,20260712,1,0.12,0.45,0.2,0.18,3,30,9,2642,4189562314,837127910,false,false,834.4999999998984,852.4999999998984,9,7,6,179,25,8,3,5,46,39,7,5,7,0,0.15217391304347827,0.8478260869565217,19,2.375,167.7333333333248,0.2009986019572741,1,0,1,6,3,30,7,3,36,0,0,0,0,0,6,8,2,0
base,20260712,1,0.12,0.45,0.2,0.18,3,30,9,2643,1738709220,3263790536,false,false,824.3666666665742,842.3666666665742,9,7,6,179,28,8,3,21,71,59,12,21,12,0,0.16901408450704225,0.8309859154929577,26,3.25,167.7333333333248,0.20346932999071238,1,0,1,7,3,51,8,3,59,0,0,0,0,0,7,13,2,0
base,20260712,1,0.12,0.45,0.2,0.18,3,30,9,2644,1505775085,3122827153,false,false,801.6333333332616,819.6333333332616,9,7,6,179,20,6,3,9,42,37,5,9,5,0,0.11904761904761904,0.8809523809523809,17,2.125,167.7333333333248,0.20923946941661584,1,0,1,5,3,31,6,3,37,0,0,0,0,0,4,5,1,0
base,20260712,1,0.12,0.45,0.2,0.18,3,30,9,2645,3979362318,3341510157,false,false,811.9666666665855,829.9666666665855,9,7,6,179,24,7,3,18,58,52,6,18,6,0,0.10344827586206896,0.896551724137931,23,2.875,167.7333333333248,0.2065766246561947,1,0,1,7,3,43,7,3,51,0,0,0,0,0,3,7,2,0
base,20260712,1,0.12,0.45,0.2,0.18,3,30,9,2646,880680033,3127141907,false,false,821.8333333332432,839.8333333332432,9,7,6,179,21,6,3,8,44,39,5,8,5,0,0.11363636363636363,0.8863636363636364,20,2.5,167.7333333333248,0.2040965321435934,1,0,1,6,3,35,6,3,39,0,0,0,0,0,4,5,2,0
base,20260712,1,0.12,0.45,0.2,0.18,3,30,9,2647,3303689988,4099118480,true,false,802.6999999999273,820.6999999999273,9,7,6,180,15,5,3,0,31,24,7,0,7,0,0.22580645161290322,0.7741935483870968,14,1.75,167.7333333333248,0.20896142186787092,1,1,0,4,3,21,4,3,23,4,3,23,121.63333333322271,0.15153025206582002,6,8,2,0
base,20260712,1,0.12,0.45,0.2,0.18,3,30,9,2648,3861835826,1843779689,false,false,771.3666666666225,789.3666666666225,9,7,6,179,25,7,3,11,53,46,7,11,7,0,0.1320754716981132,0.8679245283018868,21,2.625,167.7333333333248,0.21744954842055367,1,0,1,6,3,33,7,3,46,0,0,0,0,0,5,7,2,0
base,20260712,1,0.12,0.45,0.2,0.18,3,30,9,2649,1741223264,1586513397,true,false,770.5666666666232,788.5666666666232,9,7,6,180,22,6,3,12,50,44,6,12,6,0,0.12,0.88,21,2.625,167.7333333333248,0.21767530388891412,1,1,0,6,3,39,6,3,43,6,3,43,88.83333333325254,0.11528312497286528,5,11,2,0
base,20260712,1,0.12,0.45,0.2,0.18,3,30,9,2650,135034168,597791154,true,false,836.8666666665629,854.8666666665629,9,7,6,180,18,5,2,2,34,30,4,2,4,0,0.11764705882352941,0.8823529411764706,14,1.75,167.7333333333248,0.20043017605354768,1,1,0,4,2,22,5,2,29,5,2,29,161.3999999998532,0.1928622640004858,5,10,1,0
base,20260712,1,0.12,0.45,0.2,0.18,3,30,9,2651,1525916360,1348116277,true,false,753.8333333333051,771.8333333333051,9,7,6,180,21,7,3,5,37,34,3,5,3,0,0.08108108108108109,0.918918918918919,16,2,167.7333333333248,0.22250718549634899,1,1,0,4,3,28,5,3,32,6,3,33,86.96666666658757,0.11536590758336171,5,11,2,0
base,20260712,1,0.12,0.45,0.2,0.18,3,30,9,2652,1939298593,1789069471,false,false,785.4999999999429,803.4999999999429,9,7,6,179,19,5,3,0,31,28,3,0,3,0,0.0967741935483871,0.9032258064516129,14,1.75,167.7333333333248,0.21353702524931506,1,0,1,4,3,23,5,3,27,0,0,0,0,0,5,8,2,0
base,20260712,1,0.12,0.45,0.2,0.18,3,30,9,2653,3442122504,361008566,false,false,810.8999999999198,828.8999999999198,9,7,6,179,22,6,3,6,43,37,6,6,6,0,0.13953488372093023,0.8604651162790697,20,2.5,167.7333333333248,0.20684835779176394,1,0,1,6,3,32,6,3,37,0,0,0,0,0,3,5,2,0
base,20260712,1,0.12,0.45,0.2,0.18,3,30,9,2654,1694764886,572855732,false,false,783.2999999999449,801.2999999999449,9,7,6,179,19,6,3,5,42,33,9,5,9,0,0.21428571428571427,0.7857142857142857,14,1.75,167.7333333333248,0.2141367717775266,1,0,1,4,3,25,6,3,33,0,0,0,0,0,4,11,2,0
base,20260712,1,0.12,0.45,0.2,0.18,3,30,9,2655,1560061753,2254347893,true,false,813.1333333332511,831.1333333332511,9,7,6,180,23,7,3,6,47,38,9,6,9,0,0.19148936170212766,0.8085106382978723,17,2.125,167.7333333333248,0.20628023284415237,1,1,0,5,3,27,6,3,37,6,3,37,135.7666666665432,0.1669672870376612,6,13,3,0
base,20260712,1,0.12,0.45,0.2,0.18,3,30,9,2656,3795507768,345653849,false,false,793.3333333332691,811.3333333332691,9,7,6,179,23,7,3,9,48,41,7,9,7,0,0.14583333333333334,0.8541666666666666,21,2.625,167.7333333333248,0.21142857142857777,1,0,1,6,3,36,7,3,40,0,0,0,0,0,6,14,3,0
base,20260712,1,0.12,0.45,0.2,0.18,3,30,9,2657,2049165146,1320636980,false,false,820.1999999999114,838.1999999999114,9,7,6,179,24,7,3,9,45,42,3,9,3,0,0.06666666666666667,0.9333333333333333,22,2.75,167.7333333333248,0.20450296675608745,1,0,1,6,3,39,7,3,42,0,0,0,0,0,6,11,2,0
base,20260712,1,0.12,0.45,0.2,0.18,3,30,9,2658,534044182,338303864,false,false,787.9666666666074,805.9666666666074,9,7,6,179,21,6,2,8,46,39,7,8,7,0,0.15217391304347827,0.8478260869565217,19,2.375,167.7333333333248,0.2128685646601008,1,0,1,6,2,31,6,2,38,0,0,0,0,0,6,11,3,0
base,20260712,1,0.12,0.45,0.2,0.18,3,30,9,2659,3877542647,1018869612,false,false,768.7666666666248,786.7666666666248,9,7,6,179,13,3,2,0,26,21,5,0,5,0,0.19230769230769232,0.8076923076923077,11,1.375,167.7333333333248,0.21818497159953248,1,0,1,3,2,17,3,2,20,0,0,0,0,0,3,5,2,0
base,20260712,1,0.12,0.45,0.2,0.18,3,30,9,2660,4153352849,4129838134,true,false,807.1999999999232,825.1999999999232,9,7,6,180,17,5,3,3,35,29,6,3,6,0,0.17142857142857143,0.8285714285714286,13,1.625,167.7333333333248,0.20779649818302867,1,1,0,3,3,23,4,3,26,4,3,28,113.16666666656374,0.14019656425492383,5,11,2,0
base,20260712,1,0.12,0.45,0.2,0.18,3,30,9,2661,2060733925,3072290549,true,false,796.3666666665997,814.3666666665997,9,7,6,180,19,5,3,13,47,42,5,13,5,0,0.10638297872340426,0.8936170212765957,16,2,167.7333333333248,0.2106232472479246,1,1,0,4,3,35,5,3,40,5,3,42,111.99999999989814,0.14063873425127565,5,14,3,0
base,20260712,1,0.12,0.45,0.2,0.18,3,30,9,2662,3326939572,4270470601,false,false,801.233333333262,819.233333333262,9,7,6,179,28,8,3,16,56,54,2,16,2,0,0.03571428571428571,0.9642857142857143,26,3.25,167.7333333333248,0.20934392811083713,1,0,1,8,3,46,8,3,54,0,0,0,0,0,2,5,1,0
base,20260712,1,0.12,0.45,0.2,0.18,3,30,9,2663,17139197,2322447204,false,false,833.5333333332326,851.5333333332326,9,7,6,179,29,8,3,17,61,56,5,17,5,0,0.08196721311475409,0.9180327868852459,25,3.125,167.7333333333248,0.20123170439096025,1,0,1,7,3,44,8,3,55,0,0,0,0,0,6,5,2,0
base,20260712,1,0.12,0.45,0.2,0.18,3,30,9,2664,2179131089,2402273517,false,false,809.3333333332546,827.3333333332546,9,7,6,179,27,8,3,16,60,53,7,16,7,0,0.11666666666666667,0.8833333333333333,23,2.875,167.7333333333248,0.20724876441516613,1,0,1,7,3,36,8,3,53,0,0,0,0,0,2,4,3,0
base,20260712,1,0.12,0.45,0.2,0.18,3,30,9,2665,2314308382,1549224610,false,false,818.9333333332459,836.9333333332459,9,7,6,179,24,7,3,8,49,42,7,8,7,0,0.14285714285714285,0.8571428571428571,21,2.625,167.7333333333248,0.2048192771084452,1,0,1,6,3,35,7,3,42,0,0,0,0,0,5,5,3,0
base,20260712,1,0.12,0.45,0.2,0.18,3,30,9,2666,4120515464,3578989575,false,false,771.8333333332887,789.8333333332887,9,7,6,179,18,5,3,2,34,29,5,2,5,0,0.14705882352941177,0.8529411764705882,15,1.875,167.7333333333248,0.21731807385014187,1,0,1,5,3,23,5,3,29,0,0,0,0,0,5,6,2,0
base,20260712,1,0.12,0.45,0.2,0.18,3,30,9,2667,1499501907,1415680566,true,false,818.2999999999131,836.2999999999131,9,7,6,180,22,7,3,2,34,33,1,2,1,0,0.029411764705882353,0.9705882352941176,16,2,167.7333333333248,0.20497779950304607,1,1,0,5,3,25,5,3,27,5,3,28,138.73333333320716,0.16953847407212744,5,10,3,0
base,20260712,1,0.12,0.45,0.2,0.18,3,30,9,2668,3355567197,1805847074,false,false,750.0333333333085,768.0333333333085,9,7,6,179,17,5,3,3,31,29,2,3,2,0,0.06451612903225806,0.9354838709677419,15,1.875,167.7333333333248,0.2236345051331012,1,0,1,4,3,25,5,3,29,0,0,0,0,0,3,5,2,0
base,20260712,1,0.12,0.45,0.2,0.18,3,30,9,2669,2235266365,3477861376,false,false,807.399999999923,825.399999999923,9,7,6,179,23,7,3,2,36,34,2,2,2,0,0.05555555555555555,0.9444444444444444,16,2,167.7333333333248,0.2077450251837265,1,0,1,5,3,24,7,3,34,0,0,0,0,0,3,5,2,0
base,20260712,1,0.12,0.45,0.2,0.18,3,30,9,2670,1507557710,1442264445,true,false,820.3666666665779,838.3666666665779,9,7,6,180,22,7,3,7,42,39,3,7,3,0,0.07142857142857142,0.9285714285714286,20,2.5,167.7333333333248,0.20446141969039408,1,1,0,6,3,34,7,3,38,7,3,38,136.79999999987558,0.1667547031813706,5,14,2,0
base,20260712,1,0.12,0.45,0.2,0.18,3,30,9,2671,1990515326,1828211957,false,false,827.8333333332378,845.8333333332378,9,7,6,179,18,5,3,0,32,27,5,0,5,0,0.15625,0.84375,13,1.625,167.7333333333248,0.20261727400846888,1,0,1,4,3,18,5,3,25,0,0,0,0,0,6,14,2,0
base,20260712,1,0.12,0.45,0.2,0.18,3,30,9,2672,3828316250,1144137425,false,false,818.9666666665792,836.9666666665792,9,7,6,179,22,6,3,5,46,37,9,5,9,0,0.1956521739130435,0.8043478260869565,17,2.125,167.7333333333248,0.20481094061623514,1,0,1,5,3,28,6,3,35,0,0,0,0,0,7,14,3,0
base,20260712,1,0.12,0.45,0.2,0.18,3,30,9,2673,3170919371,3364110781,false,false,832.0333333332339,850.0333333332339,9,7,6,179,17,4,3,7,46,34,12,7,12,0,0.2608695652173913,0.7391304347826086,16,2,167.7333333333248,0.20159448740035835,1,0,1,4,3,28,4,3,34,0,0,0,0,0,4,5,3,0
base,20260712,1,0.12,0.45,0.2,0.18,3,30,9,2674,3758362486,1560503398,false,false,794.7333333332679,812.7333333332679,9,7,6,179,30,9,3,8,55,47,8,8,8,0,0.14545454545454545,0.8545454545454545,26,3.25,167.7333333333248,0.21105611945307265,1,0,1,8,3,40,9,3,47,0,0,0,0,0,6,8,2,0
base,20260712,1,0.12,0.45,0.2,0.18,3,30,9,2675,3194454765,2381987417,false,false,768.9999999999579,786.9999999999579,9,7,6,179,21,6,3,1,40,31,9,1,9,0,0.225,0.775,17,2.125,167.7333333333248,0.21811876896402338,1,0,1,5,3,26,6,3,31,0,0,0,0,0,2,3,2,0
base,20260712,1,0.12,0.45,0.2,0.18,3,30,9,2676,3955012075,2418270128,false,false,836.766666666563,854.766666666563,9,7,6,179,27,8,3,9,53,44,9,9,9,0,0.16981132075471697,0.8301886792452831,21,2.625,167.7333333333248,0.20045412898858173,1,0,1,6,3,32,8,3,44,0,0,0,0,0,5,7,3,0
base,20260712,1,0.12,0.45,0.2,0.18,3,30,9,2677,3536866435,2973253047,false,false,847.0333333332203,865.0333333332203,9,7,6,179,19,5,2,13,47,42,5,13,5,0,0.10638297872340426,0.8936170212765957,16,2,167.7333333333248,0.19802447758846228,1,0,1,4,2,31,5,2,41,0,0,0,0,0,5,7,2,0
base,20260712,1,0.12,0.45,0.2,0.18,3,30,9,2678,3168558955,4096801261,false,false,806.5333333332571,824.5333333332571,9,7,6,179,23,7,3,9,53,42,11,9,11,0,0.20754716981132076,0.7924528301886793,23,2.875,167.7333333333248,0.20796825921640846,1,0,1,7,3,36,7,3,41,0,0,0,0,0,4,5,2,0
base,20260712,1,0.12,0.45,0.2,0.18,3,30,9,2679,3654787054,1072403878,false,false,799.9666666665964,817.9666666665964,9,7,6,179,25,7,3,13,52,48,4,13,4,0,0.07692307692307693,0.9230769230769231,25,3.125,167.7333333333248,0.2096754031418053,1,0,1,7,3,41,7,3,48,0,0,0,0,0,3,4,3,0
base,20260712,1,0.12,0.45,0.2,0.18,3,30,9,2680,2865576057,1731498178,true,false,800.8333333332623,818.8333333332623,9,7,6,180,17,5,3,3,33,30,3,3,3,0,0.09090909090909091,0.9090909090909091,14,1.75,167.7333333333248,0.20944849115505473,1,1,0,4,3,24,5,3,28,5,3,29,124.66666666655328,0.15567117585835297,4,6,2,0
base,20260712,1,0.12,0.45,0.2,0.18,3,30,9,2681,97507920,2294293652,true,false,809.6333333332543,827.6333333332543,9,7,6,180,25,8,3,14,54,48,6,14,6,0,0.1111111111111111,0.8888888888888888,19,2.375,167.7333333333248,0.2071719708510122,1,1,0,5,3,37,7,3,46,7,3,47,136.9999999998754,0.16921240067506538,5,6,2,0
base,20260712,1,0.12,0.45,0.2,0.18,3,30,9,2682,1477064272,1256716968,false,false,807.9999999999225,825.9999999999225,9,7,6,179,26,8,3,16,57,52,5,16,5,0,0.08771929824561403,0.9122807017543859,23,2.875,167.7333333333248,0.20759075907591695,1,0,1,7,3,46,8,3,52,0,0,0,0,0,3,4,2,0
base,20260712,1,0.12,0.45,0.2,0.18,3,30,9,2683,503781053,407585602,false,false,808.7999999999217,826.7999999999217,9,7,6,179,26,7,2,12,54,48,6,12,6,0,0.1111111111111111,0.8888888888888888,22,2.75,167.7333333333248,0.2073854269700062,1,0,1,6,2,34,7,2,47,0,0,0,0,0,6,9,2,0
base,20260712,1,0.12,0.45,0.2,0.18,3,30,9,2684,3550736458,1095694361,true,false,785.9999999999425,803.9999999999425,9,7,6,180,21,7,3,2,33,32,1,2,1,0,0.030303030303030304,0.9696969696969697,15,1.875,167.7333333333248,0.21340118744699374,1,1,0,5,3,23,6,3,30,6,3,31,110.93333333323244,0.14113655640361394,5,10,2,0
base,20260712,1,0.12,0.45,0.2,0.18,3,30,9,2685,2637477292,3435331163,false,false,832.7999999998999,850.7999999998999,9,7,6,179,22,6,3,13,54,44,10,13,10,0,0.18518518518518517,0.8148148148148148,18,2.25,167.7333333333248,0.20140890169710007,1,0,1,5,3,32,6,3,41,0,0,0,0,0,5,5,2,0
base,20260712,1,0.12,0.45,0.2,0.18,3,30,9,2686,2984422766,2735837797,false,false,829.8666666665692,847.8666666665692,9,7,6,179,23,7,3,7,44,39,5,7,5,0,0.11363636363636363,0.8863636363636364,20,2.5,167.7333333333248,0.20212082262212142,1,0,1,6,3,32,7,3,37,0,0,0,0,0,5,8,3,0
base,20260712,1,0.12,0.45,0.2,0.18,3,30,9,2687,1997896190,4186399420,false,false,841.2333333332256,859.2333333332256,9,7,6,179,19,5,3,3,33,32,1,3,1,0,0.030303030303030304,0.9696969696969697,16,2,167.7333333333248,0.19938978483973485,1,0,1,5,3,24,5,3,30,0,0,0,0,0,5,10,2,0
base,20260712,1,0.12,0.45,0.2,0.18,3,30,9,2688,776548645,2627313019,false,false,794.633333333268,812.633333333268,9,7,6,179,26,8,3,8,47,44,3,8,3,0,0.06382978723404255,0.9361702127659575,25,3.125,167.7333333333248,0.21108267964260907,1,0,1,8,3,39,8,3,44,0,0,0,0,0,2,7,1,0
base,20260712,1,0.12,0.45,0.2,0.18,3,30,9,2689,759506606,1899301641,true,false,791.2666666666044,809.2666666666044,9,7,6,180,26,8,3,17,59,53,6,17,6,0,0.1016949152542373,0.8983050847457628,25,3.125,167.7333333333248,0.2119807902940492,1,1,0,7,3,44,7,3,50,7,3,51,121.69999999988931,0.15380402729787543,5,8,4,0
base,20260712,1,0.12,0.45,0.2,0.18,3,30,9,2690,619111035,472115770,false,false,765.0333333332949,783.0333333332949,9,7,6,179,20,6,2,9,42,39,3,9,3,0,0.07142857142857142,0.9285714285714286,19,2.375,167.7333333333248,0.21924970589516782,1,0,1,6,2,31,6,2,38,0,0,0,0,0,6,7,2,0
base,20260712,1,0.12,0.45,0.2,0.18,3,30,9,2691,2981116530,313917162,true,false,804.6333333332589,822.6333333332589,9,7,6,180,19,6,3,7,38,35,3,7,3,0,0.07894736842105263,0.9210526315789473,15,1.875,167.7333333333248,0.20845933965782384,1,1,0,4,2,27,5,3,33,6,3,34,121.83333333322253,0.15141472306214068,5,8,2,0
base,20260712,1,0.12,0.45,0.2,0.18,3,30,9,2692,3933295441,128532903,false,false,833.3999999998994,851.3999999998994,9,7,6,179,15,4,2,6,35,30,5,6,5,0,0.14285714285714285,0.8571428571428571,14,1.75,167.7333333333248,0.201263898888103,1,0,1,4,2,25,4,2,30,0,0,0,0,0,6,14,2,0
base,20260712,1,0.12,0.45,0.2,0.18,3,30,9,2693,819877158,2639229008,true,false,779.9666666666146,797.9666666666146,9,7,6,180,16,5,3,0,30,25,5,0,5,0,0.16666666666666666,0.8333333333333334,13,1.625,167.7333333333248,0.2150519252959562,1,1,0,3,2,21,4,3,23,4,3,24,103.99999999990541,0.13333903158243388,6,11,1,0
base,20260712,1,0.12,0.45,0.2,0.18,3,30,9,2694,1385146110,4053690305,false,false,777.8666666666165,795.8666666666165,9,7,6,179,24,7,3,8,46,41,5,8,5,0,0.10869565217391304,0.8913043478260869,18,2.25,167.7333333333248,0.215632499142958,1,0,1,5,3,29,6,3,39,0,0,0,0,0,6,8,2,0
base,20260712,1,0.12,0.45,0.2,0.18,3,30,9,2695,1030873501,40876964,false,false,834.4333333332318,852.4333333332318,9,7,6,179,22,7,3,8,44,40,4,8,4,0,0.09090909090909091,0.9090909090909091,22,2.75,167.7333333333248,0.20101466064795895,1,0,1,7,3,36,7,3,40,0,0,0,0,0,5,11,2,0
base,20260712,1,0.12,0.45,0.2,0.18,3,30,9,2696,731343659,3203683584,true,false,803.8999999999262,821.8999999999262,9,7,6,180,23,7,3,11,52,44,8,11,8,0,0.15384615384615385,0.8461538461538461,22,2.75,167.7333333333248,0.20864950035245702,1,1,0,7,3,32,7,3,43,7,3,43,116.99999999989359,0.14554049011059128,5,6,4,0
base,20260712,1,0.12,0.45,0.2,0.18,3,30,9,2697,2417665246,3739751712,false,false,842.4666666665578,860.4666666665578,9,7,6,179,30,9,3,14,58,53,5,14,5,0,0.08620689655172414,0.9137931034482759,24,3,167.7333333333248,0.19909788715677748,1,0,1,7,3,42,9,3,52,0,0,0,0,0,5,10,2,0
base,20260712,1,0.12,0.45,0.2,0.18,3,30,9,2698,3490238019,2073020932,true,false,819.6666666665785,837.6666666665785,9,7,6,180,18,5,2,6,38,33,5,6,5,0,0.13157894736842105,0.868421052631579,15,1.875,167.7333333333248,0.2046360309068843,1,1,0,4,2,27,5,2,32,5,2,32,133.8333333332116,0.16327775518490362,4,11,2,0
base,20260712,1,0.12,0.45,0.2,0.18,3,30,9,2699,4032836474,382787401,false,false,779.8333333332814,797.8333333332814,9,7,6,179,23,7,3,8,44,41,3,8,3,0,0.06818181818181818,0.9318181818181818,22,2.75,167.7333333333248,0.21508869416542334,1,0,1,7,3,36,7,3,41,0,0,0,0,0,6,13,2,0
base,20260712,1,0.12,0.45,0.2,0.18,3,30,9,2700,4229137568,3254405636,false,false,834.1999999998986,852.1999999998986,9,7,6,179,24,7,3,6,50,40,10,6,10,0,0.2,0.8,20,2.5,167.7333333333248,0.2010708862782848,1,0,1,6,3,30,6,3,37,0,0,0,0,0,6,7,2,0
base,20260712,1,0.12,0.45,0.2,0.18,3,30,9,2701,731996228,611070885,false,false,813.7333333332506,831.7333333332506,9,7,6,179,17,5,3,4,33,31,2,4,2,0,0.06060606060606061,0.9393939393939394,15,1.875,167.7333333333248,0.20612813370474584,1,0,1,4,3,25,5,3,31,0,0,0,0,0,5,5,2,0
base,20260712,1,0.12,0.45,0.2,0.18,3,30,9,2702,478920631,4117145433,false,false,833.0999999998996,851.0999999998996,9,7,6,179,22,6,3,10,47,42,5,10,5,0,0.10638297872340426,0.8936170212765957,20,2.5,167.7333333333248,0.20133637418478573,1,0,1,6,3,35,6,3,42,0,0,0,0,0,5,11,2,0
base,20260712,1,0.12,0.45,0.2,0.18,3,30,9,2703,3638029367,2526834487,false,false,805.2333333332583,823.2333333332583,9,7,6,179,25,7,3,9,48,42,6,9,6,0,0.125,0.875,23,2.875,167.7333333333248,0.2083040112596851,1,0,1,6,3,37,7,3,42,0,0,0,0,0,5,5,2,0
base,20260712,1,0.12,0.45,0.2,0.18,3,30,9,2704,2077682144,3822975164,false,false,781.5333333332799,799.5333333332799,9,7,6,179,25,7,3,12,51,47,4,12,4,0,0.0784313725490196,0.9215686274509803,20,2.5,167.7333333333248,0.2146208308453505,1,0,1,6,3,35,7,3,45,0,0,0,0,0,4,5,2,0
base,20260712,1,0.12,0.45,0.2,0.18,3,30,9,2705,736050776,2221497021,false,false,756.3666666666361,774.3666666666361,9,7,6,179,19,6,3,5,37,33,4,5,4,0,0.10810810810810811,0.8918918918918919,16,2,167.7333333333248,0.22176193204353917,1,0,1,5,3,27,6,3,33,0,0,0,0,0,3,7,2,0
base,20260712,1,0.12,0.45,0.2,0.18,3,30,9,2706,3629930511,865622738,false,false,845.4333333332218,863.4333333332218,9,7,6,179,24,7,2,12,51,45,6,12,6,0,0.11764705882352941,0.8823529411764706,21,2.625,167.7333333333248,0.19839924299177572,1,0,1,6,2,36,7,2,45,0,0,0,0,0,5,8,3,0
base,20260712,1,0.12,0.45,0.2,0.18,3,30,9,2707,2243268079,1677609133,false,false,822.0666666665763,840.0666666665763,9,7,6,179,19,5,3,4,36,32,4,4,4,0,0.1111111111111111,0.8888888888888888,17,2.125,167.7333333333248,0.20403860189766834,1,0,1,5,3,26,5,3,32,0,0,0,0,0,2,5,2,0
base,20260712,1,0.12,0.45,0.2,0.18,3,30,9,2708,595390150,3403213128,false,false,830.9333333332349,848.9333333332349,9,7,6,179,24,7,3,11,49,45,4,11,4,0,0.08163265306122448,0.9183673469387755,23,2.875,167.7333333333248,0.20186136071888397,1,0,1,7,3,37,7,3,45,0,0,0,0,0,5,8,2,0
base,20260712,1,0.12,0.45,0.2,0.18,3,30,9,2709,4120230020,3400587948,false,false,846.5333333332208,864.5333333332208,9,7,6,179,24,7,3,9,45,43,2,9,2,0,0.044444444444444446,0.9555555555555556,20,2.5,167.7333333333248,0.19814143959680316,1,0,1,6,3,34,7,3,42,0,0,0,0,0,6,11,2,0
base,20260712,1,0.12,0.45,0.2,0.18,3,30,9,2710,3328624344,4253020131,false,false,763.399999999963,781.399999999963,9,7,6,179,15,4,1,5,34,30,4,5,4,0,0.11764705882352941,0.8823529411764706,12,1.5,167.7333333333248,0.21971880185136614,1,0,1,3,1,22,4,1,29,0,0,0,0,0,4,5,1,0
base,20260712,1,0.12,0.45,0.2,0.18,3,30,9,2711,1905785713,4081063918,false,false,815.3666666665824,833.3666666665824,9,7,6,179,23,7,3,4,41,37,4,4,4,0,0.0975609756097561,0.9024390243902439,23,2.875,167.7333333333248,0.2057152201463662,1,0,1,7,3,34,7,3,37,0,0,0,0,0,5,5,1,0
base,20260712,1,0.12,0.45,0.2,0.18,3,30,9,2712,1038134393,2418141948,true,false,816.199999999915,834.199999999915,9,7,6,180,21,6,3,3,36,34,2,3,2,0,0.05555555555555555,0.9444444444444444,16,2,167.7333333333248,0.20550518663727305,1,1,0,5,3,26,6,3,33,6,3,33,139.86666666653946,0.17136322796686354,6,10,2,0
base,20260712,1,0.12,0.45,0.2,0.18,3,30,9,2713,3427376121,31905144,false,false,801.9333333332613,819.9333333332613,9,7,6,179,22,7,3,9,48,41,7,9,7,0,0.14583333333333334,0.8541666666666666,17,2.125,167.7333333333248,0.20916119378170236,1,0,1,5,3,29,7,3,39,0,0,0,0,0,4,5,3,0
base,20260712,1,0.12,0.45,0.2,0.18,3,30,9,2714,2178112394,1018157060,false,false,845.2333333332219,863.2333333332219,9,7,6,179,16,5,3,1,29,25,4,1,4,0,0.13793103448275862,0.8620689655172413,12,1.5,167.7333333333248,0.19844618842924663,1,0,1,3,3,21,5,3,25,0,0,0,0,0,5,11,2,0
base,20260712,1,0.12,0.45,0.2,0.18,3,30,9,2715,27950962,2929809291,false,false,807.3333333332564,825.3333333332564,9,7,6,179,25,8,3,12,49,44,5,12,5,0,0.10204081632653061,0.8979591836734694,21,2.625,167.7333333333248,0.2077621800165245,1,0,1,6,3,42,8,3,44,0,0,0,0,0,6,8,2,0
base,20260712,1,0.12,0.45,0.2,0.18,3,30,9,2716,1585556688,950210573,false,false,806.3999999999239,824.3999999999239,9,7,6,179,23,7,3,11,50,44,6,11,6,0,0.12,0.88,16,2,167.7333333333248,0.20800264550265454,1,0,1,5,3,30,7,3,43,0,0,0,0,0,3,7,3,0
base,20260712,1,0.12,0.45,0.2,0.18,3,30,9,2717,2974683213,897093263,false,false,823.5999999999083,841.5999999999083,9,7,6,179,27,8,3,6,51,43,8,6,8,0,0.1568627450980392,0.8431372549019608,20,2.5,167.7333333333248,0.20365873401328735,1,0,1,6,3,32,8,3,42,0,0,0,0,0,5,5,2,0
base,20260712,1,0.12,0.45,0.2,0.18,3,30,9,2718,218639418,1713384870,false,false,820.0666666665782,838.0666666665782,9,7,6,179,30,9,2,9,52,47,5,9,5,0,0.09615384615384616,0.9038461538461539,23,2.875,167.7333333333248,0.20453621656777038,1,0,1,7,2,33,7,2,39,0,0,0,0,0,5,8,4,0
base,20260712,1,0.12,0.45,0.2,0.18,3,30,9,2719,2266882547,79733647,false,false,813.8666666665838,831.8666666665838,9,7,6,179,27,8,3,4,49,41,8,4,8,0,0.16326530612244897,0.8367346938775511,18,2.25,167.7333333333248,0.20609436435125558,1,0,1,5,3,29,8,3,41,0,0,0,0,0,5,5,2,0
base,20260712,1,0.12,0.45,0.2,0.18,3,30,9,2720,2611829698,3309980468,true,false,786.0999999999424,804.0999999999424,9,7,6,180,20,6,3,2,38,31,7,2,7,0,0.18421052631578946,0.8157894736842105,11,1.375,167.7333333333248,0.21337404062248708,1,1,0,2,2,20,5,3,29,5,3,30,121.99999999988904,0.15519653988029256,5,8,2,0
base,20260712,1,0.12,0.45,0.2,0.18,3,30,9,2721,4032327976,684998715,false,false,828.633333333237,846.633333333237,9,7,6,179,21,6,3,8,44,38,6,8,6,0,0.13636363636363635,0.8636363636363636,16,2,167.7333333333248,0.20242165815199037,1,0,1,5,3,30,6,3,36,0,0,0,0,0,5,10,3,0
base,20260712,1,0.12,0.45,0.2,0.18,3,30,9,2722,2008124854,1377389211,false,false,844.8999999998889,862.8999999998889,9,7,6,179,21,6,2,7,45,38,7,7,7,0,0.15555555555555556,0.8444444444444444,16,2,167.7333333333248,0.19852448021463706,1,0,1,4,2,27,6,2,37,0,0,0,0,0,6,11,2,0
base,20260712,1,0.12,0.45,0.2,0.18,3,30,9,2723,402259106,3606034732,false,false,832.3333333332337,850.3333333332337,9,7,6,179,19,5,3,2,36,31,5,2,5,0,0.1388888888888889,0.8611111111111112,15,1.875,167.7333333333248,0.2015218261914436,1,0,1,4,3,24,5,3,31,0,0,0,0,0,3,5,2,0
base,20260712,1,0.12,0.45,0.2,0.18,3,30,9,2724,4152001918,3406653624,true,false,761.966666666631,779.966666666631,9,7,6,180,19,6,3,4,34,31,3,4,3,0,0.08823529411764706,0.9117647058823529,15,1.875,167.7333333333248,0.220132114265715,1,1,0,4,3,24,4,3,28,4,3,29,83.33333333325754,0.10936611400314289,5,11,2,0
base,20260712,1,0.12,0.45,0.2,0.18,3,30,9,2725,1021529761,2758013664,false,false,814.9333333332495,832.9333333332495,9,7,6,179,21,6,3,8,46,39,7,8,7,0,0.15217391304347827,0.8478260869565217,19,2.375,167.7333333333248,0.20582460732985364,1,0,1,6,3,33,6,3,39,0,0,0,0,0,3,7,2,0
base,20260712,1,0.12,0.45,0.2,0.18,3,30,9,2726,2351894541,4158615681,false,false,820.599999999911,838.599999999911,9,7,6,179,22,6,3,18,54,50,4,18,4,0,0.07407407407407407,0.9259259259259259,22,2.75,167.7333333333248,0.2044032821512832,1,0,1,6,3,42,6,3,50,0,0,0,0,0,4,6,3,0
base,20260712,1,0.12,0.45,0.2,0.18,3,30,9,2727,3369428327,3035996740,false,false,796.2333333332665,814.2333333332665,9,7,6,179,24,7,3,10,51,43,8,10,8,0,0.1568627450980392,0.8431372549019608,21,2.625,167.7333333333248,0.2106585171850867,1,0,1,6,3,33,7,3,43,0,0,0,0,0,3,5,2,0
base,20260712,1,0.12,0.45,0.2,0.18,3,30,9,2728,2483151655,4158156914,false,false,809.7999999999208,827.7999999999208,9,7,6,179,21,6,3,10,43,40,3,10,3,0,0.06976744186046512,0.9302325581395349,17,2.125,167.7333333333248,0.20712933234544478,1,0,1,4,3,31,6,3,39,0,0,0,0,0,3,5,2,0
base,20260712,1,0.12,0.45,0.2,0.18,3,30,9,2729,2519812881,696319948,true,false,807.5999999999228,825.5999999999228,9,7,6,180,24,8,3,5,43,38,5,5,5,0,0.11627906976744186,0.8837209302325582,20,2.5,167.7333333333248,0.20769357767872812,1,1,0,6,3,31,6,3,33,6,3,33,120.96666666655665,0.14978537229639452,5,7,4,0
base,20260712,1,0.12,0.45,0.2,0.18,3,30,9,2730,2415799580,629167769,false,false,840.4999999998929,858.4999999998929,9,7,6,179,12,3,2,0,22,20,2,0,2,0,0.09090909090909091,0.9090909090909091,12,1.5,167.7333333333248,0.19956375173509358,1,0,1,3,2,19,3,2,20,0,0,0,0,0,5,10,1,0
base,20260712,1,0.12,0.45,0.2,0.18,3,30,9,2731,3665706483,595085739,true,false,765.8666666666275,783.8666666666275,9,7,6,180,25,8,3,10,46,44,2,10,2,0,0.043478260869565216,0.9565217391304348,17,2.125,167.7333333333248,0.2190111420612814,1,1,0,5,3,27,7,3,42,8,3,43,79.83333333326073,0.10423920612804424,5,10,4,0
base,20260712,1,0.12,0.45,0.2,0.18,3,30,9,2732,1513230912,2048884746,false,false,808.3999999999221,826.3999999999221,9,7,6,179,24,7,3,16,55,50,5,16,5,0,0.09090909090909091,0.9090909090909091,20,2.5,167.7333333333248,0.20748804222333123,1,0,1,5,3,36,7,3,50,0,0,0,0,0,3,5,2,0
base,20260712,1,0.12,0.45,0.2,0.18,3,30,9,2733,1757532089,4051343672,false,false,749.5999999999756,767.5999999999756,9,7,6,179,24,7,3,13,50,47,3,13,3,0,0.06,0.94,21,2.625,167.7333333333248,0.22376378512984293,1,0,1,6,3,35,7,3,45,0,0,0,0,0,6,7,2,0
base,20260712,1,0.12,0.45,0.2,0.18,3,30,9,2734,2413887565,3808898650,false,false,802.333333333261,820.333333333261,9,7,6,179,24,7,3,14,56,48,8,14,8,0,0.14285714285714285,0.8571428571428571,23,2.875,167.7333333333248,0.2090569173244785,1,0,1,7,3,36,7,3,45,0,0,0,0,0,6,11,3,0
base,20260712,1,0.12,0.45,0.2,0.18,3,30,9,2735,2615265509,2189159483,false,false,754.8999999999708,772.8999999999708,9,7,6,179,26,8,3,6,50,42,8,6,8,0,0.16,0.84,24,3,167.7333333333248,0.22219278491632174,1,0,1,7,3,36,8,3,41,0,0,0,0,0,2,5,2,0
base,20260712,1,0.12,0.45,0.2,0.18,3,30,9,2736,4065187052,3959203400,false,false,841.5333333332253,859.5333333332253,9,7,6,179,18,6,3,1,33,27,6,1,6,0,0.18181818181818182,0.8181818181818182,16,2,167.7333333333248,0.19931870395311693,1,0,1,5,3,25,6,3,27,0,0,0,0,0,5,11,2,0
base,20260712,1,0.12,0.45,0.2,0.18,3,30,9,2737,4171860146,3185019868,false,false,830.5333333332353,848.5333333332353,9,7,6,179,24,7,3,16,55,50,5,16,5,0,0.09090909090909091,0.9090909090909091,21,2.625,167.7333333333248,0.2019585808316077,1,0,1,6,3,40,7,3,50,0,0,0,0,0,6,10,2,0
base,20260712,1,0.12,0.45,0.2,0.18,3,30,9,2738,3105633456,2365497894,false,false,834.133333333232,852.133333333232,9,7,6,179,16,4,2,1,31,27,4,1,4,0,0.12903225806451613,0.8709677419354839,16,2,167.7333333333248,0.20108695652175332,1,0,1,4,2,27,4,2,27,0,0,0,0,0,5,11,2,0
base,20260712,1,0.12,0.45,0.2,0.18,3,30,9,2739,1935259506,1180806665,false,false,820.3999999999112,838.3999999999112,9,7,6,179,23,7,3,11,49,43,6,11,6,0,0.12244897959183673,0.8775510204081632,19,2.375,167.7333333333248,0.20445311230295338,1,0,1,5,3,34,7,3,43,0,0,0,0,0,6,8,2,0
base,20260712,1,0.12,0.45,0.2,0.18,3,30,9,2740,2816064664,1301632649,false,false,780.233333333281,798.233333333281,9,7,6,179,29,9,3,19,61,56,5,19,5,0,0.08196721311475409,0.9180327868852459,23,2.875,167.7333333333248,0.2149784252574051,1,0,1,7,3,43,9,3,56,0,0,0,0,0,5,6,2,0
base,20260712,1,0.12,0.45,0.2,0.18,3,30,9,2741,3451110826,171900221,false,false,743.699999999981,761.699999999981,9,7,6,179,21,6,3,13,45,42,3,13,3,0,0.06666666666666667,0.9333333333333333,19,2.375,167.7333333333248,0.2255389718076228,1,0,1,5,3,33,6,3,42,0,0,0,0,0,2,7,3,0
base,20260712,1,0.12,0.45,0.2,0.18,3,30,9,2742,1251278813,929585260,true,false,810.0999999999206,828.0999999999206,9,7,6,180,18,5,2,3,36,29,7,3,7,0,0.19444444444444445,0.8055555555555556,12,1.5,167.7333333333248,0.20705262724767465,1,1,0,3,2,21,4,2,28,5,2,29,130.3999999998814,0.16096778175520823,5,11,2,0
base,20260712,1,0.12,0.45,0.2,0.18,3,30,9,2743,1987959558,962942371,false,false,827.0666666665718,845.0666666665718,9,7,6,179,22,6,3,9,43,40,3,9,3,0,0.06976744186046512,0.9302325581395349,19,2.375,167.7333333333248,0.20280509430921817,1,0,1,5,3,32,6,3,39,0,0,0,0,0,5,13,2,0
base,20260712,1,0.12,0.45,0.2,0.18,3,30,9,2744,690343446,3976966206,false,false,837.8333333332287,855.8333333332287,9,7,6,179,27,8,3,6,47,43,4,6,4,0,0.0851063829787234,0.9148936170212766,23,2.875,167.7333333333248,0.20019892580069115,1,0,1,7,3,34,8,3,42,0,0,0,0,0,6,11,3,0
base,20260712,1,0.12,0.45,0.2,0.18,3,30,9,2745,3768873433,2755959845,false,false,814.0999999999169,832.0999999999169,9,7,6,179,20,6,3,1,37,31,6,1,6,0,0.16216216216216217,0.8378378378378378,19,2.375,167.7333333333248,0.2060352945993636,1,0,1,6,3,27,6,3,31,0,0,0,0,0,3,7,2,0
base,20260712,1,0.12,0.45,0.2,0.18,3,30,9,2746,3168750359,2625441328,false,false,835.8666666665638,853.8666666665638,9,7,6,179,27,8,3,9,52,45,7,9,7,0,0.1346153846153846,0.8653846153846154,22,2.75,167.7333333333248,0.20066996331154743,1,0,1,6,3,34,8,3,44,0,0,0,0,0,6,14,2,0
base,20260712,1,0.12,0.45,0.2,0.18,3,30,9,2747,499049041,474173955,false,false,857.1666666665444,875.1666666665444,9,7,6,179,29,9,3,10,51,49,2,10,2,0,0.0392156862745098,0.9607843137254902,25,3.125,167.7333333333248,0.19568345323742803,1,0,1,8,3,40,9,3,47,0,0,0,0,0,5,10,2,0
base,20260712,1,0.12,0.45,0.2,0.18,3,30,9,2748,3657169409,3540409547,true,false,807.9333333332559,825.9333333332559,9,7,6,180,19,6,2,0,31,27,4,0,4,0,0.12903225806451613,0.8709677419354839,14,1.75,167.7333333333248,0.20760788843964958,1,1,0,4,2,21,5,2,26,5,2,26,133.766666666545,0.1655664658798884,5,6,2,0
base,20260712,1,0.12,0.45,0.2,0.18,3,30,9,2749,1774409043,4025016279,false,false,765.9999999999607,783.9999999999607,9,7,6,179,17,5,3,0,36,25,11,0,11,0,0.3055555555555556,0.6944444444444444,14,1.75,167.7333333333248,0.21897302001740654,1,0,1,4,3,21,5,3,24,0,0,0,0,0,5,11,3,0
base,20260712,1,0.12,0.45,0.2,0.18,3,30,9,2750,1653307781,3816018033,false,false,842.4333333332245,860.4333333332245,9,7,6,179,26,8,3,14,62,49,13,14,13,0,0.20967741935483872,0.7903225806451613,21,2.625,167.7333333333248,0.19910576504571653,1,0,1,6,3,39,7,3,46,0,0,0,0,0,5,8,3,0
base,20260712,1,0.12,0.45,0.2,0.18,3,30,9,2751,2690925620,1485190967,false,false,824.666666666574,842.666666666574,9,7,6,179,15,4,3,1,30,26,4,1,4,0,0.13333333333333333,0.8666666666666667,12,1.5,167.7333333333248,0.20339531123687588,1,0,1,3,3,19,4,3,26,0,0,0,0,0,3,5,2,0
base,20260712,1,0.12,0.45,0.2,0.18,3,30,9,2752,554942620,2888270141,true,false,775.8999999999517,793.8999999999517,9,7,6,180,15,5,3,0,26,22,4,0,4,0,0.15384615384615385,0.8461538461538461,10,1.25,167.7333333333248,0.21617906087554484,1,1,0,2,1,16,4,3,21,4,3,21,98.99999999990996,0.12759376208263454,5,11,2,0
base,20260712,1,0.12,0.45,0.2,0.18,3,30,9,2753,1236361254,2079776391,false,false,838.4333333332281,856.4333333332281,9,7,6,179,31,10,3,12,60,53,7,12,7,0,0.11666666666666667,0.8833333333333333,25,3.125,167.7333333333248,0.20005565936470301,1,0,1,8,3,40,10,3,52,0,0,0,0,0,4,5,3,0
base,20260712,1,0.12,0.45,0.2,0.18,3,30,9,2754,369564673,3988096793,false,false,788.5333333332735,806.5333333332735,9,7,6,179,27,8,3,10,50,47,3,10,3,0,0.06,0.94,25,3.125,167.7333333333248,0.21271559012513214,1,0,1,8,3,38,8,3,47,0,0,0,0,0,5,7,2,0
base,20260712,1,0.12,0.45,0.2,0.18,3,30,9,2755,4103033821,2728508923,false,false,848.2333333332192,866.2333333332192,9,7,6,179,24,7,3,21,61,55,6,21,6,0,0.09836065573770492,0.9016393442622951,21,2.625,167.7333333333248,0.19774433135538258,1,0,1,6,3,45,7,3,55,0,0,0,0,0,5,7,2,0
base,20260712,1,0.12,0.45,0.2,0.18,3,30,9,2756,2422490878,4036646795,false,false,807.733333333256,825.733333333256,9,7,6,179,26,8,3,10,47,44,3,10,3,0,0.06382978723404255,0.9361702127659575,20,2.5,167.7333333333248,0.20765929349621268,1,0,1,6,3,33,7,3,43,0,0,0,0,0,5,5,2,0
base,20260712,1,0.12,0.45,0.2,0.18,3,30,9,2757,1779530372,152000803,false,false,777.0666666666173,795.0666666666173,9,7,6,179,21,6,3,7,42,38,4,7,4,0,0.09523809523809523,0.9047619047619048,16,2,167.7333333333248,0.21585449553878105,1,0,1,4,3,26,6,3,38,0,0,0,0,0,5,14,3,0
base,20260712,1,0.12,0.45,0.2,0.18,3,30,9,2758,3876985154,2236159759,false,false,810.366666666587,828.366666666587,9,7,6,179,19,5,3,3,38,32,6,3,6,0,0.15789473684210525,0.8421052631578947,17,2.125,167.7333333333248,0.20698449261652085,1,0,1,5,3,26,5,3,32,0,0,0,0,0,6,10,2,0
base,20260712,1,0.12,0.45,0.2,0.18,3,30,9,2759,2810159094,194203532,false,false,810.1666666665872,828.1666666665872,9,7,6,179,25,8,3,3,50,38,12,3,12,0,0.24,0.76,21,2.625,167.7333333333248,0.20703558938491,1,0,1,6,3,30,8,3,37,0,0,0,0,0,2,4,2,0
base,20260712,1,0.12,0.45,0.2,0.18,3,30,9,2760,970494186,1622227577,false,false,848.0666666665527,866.0666666665527,9,7,6,179,20,6,2,9,40,38,2,9,2,0,0.05,0.95,18,2.25,167.7333333333248,0.1977831931452095,1,0,1,5,2,33,6,2,38,0,0,0,0,0,4,8,2,0
base,20260712,1,0.12,0.45,0.2,0.18,3,30,9,2761,3411775858,1500541115,true,false,826.8999999999053,844.8999999999053,9,7,6,180,18,5,2,5,34,32,2,5,2,0,0.058823529411764705,0.9411764705882353,15,1.875,167.7333333333248,0.20284597089532472,1,1,0,4,2,22,5,2,31,5,2,31,142.36666666653718,0.1721691458054825,5,11,2,0
base,20260712,1,0.12,0.45,0.2,0.18,3,30,9,2762,1076763953,1264326672,false,false,832.1999999999005,850.1999999999005,9,7,6,179,26,7,3,12,55,48,7,12,7,0,0.12727272727272726,0.8727272727272727,25,3.125,167.7333333333248,0.20155411359450234,1,0,1,7,3,44,7,3,48,0,0,0,0,0,5,8,2,0
base,20260712,1,0.12,0.45,0.2,0.18,3,30,9,2763,3428672564,2455769995,false,false,763.7333333332961,781.7333333332961,9,7,6,179,20,6,3,1,39,30,9,1,9,0,0.23076923076923078,0.7692307692307693,15,1.875,167.7333333333248,0.2196229050279325,1,0,1,4,3,23,6,3,30,0,0,0,0,0,4,11,2,0
base,20260712,1,0.12,0.45,0.2,0.18,3,30,9,2764,3960223387,2474799960,true,false,834.1999999998986,852.1999999998986,9,7,6,180,22,7,2,6,42,38,4,6,4,0,0.09523809523809523,0.9047619047619048,17,2.125,167.7333333333248,0.2010708862782848,1,1,0,5,2,29,5,2,34,5,2,34,145.19999999986794,0.17405897866205416,5,11,3,0
base,20260712,1,0.12,0.45,0.2,0.18,3,30,9,2765,879748375,595190413,false,false,747.5333333333108,765.5333333333108,9,7,6,179,20,6,3,3,34,33,1,3,1,0,0.029411764705882353,0.9705882352941176,19,2.375,167.7333333333248,0.22438241327030659,1,0,1,6,3,31,6,3,33,0,0,0,0,0,3,5,1,0
base,20260712,1,0.12,0.45,0.2,0.18,3,30,9,2766,2745056265,1131386889,false,false,822.8333333332423,840.8333333332423,9,7,6,179,21,6,3,7,39,36,3,7,3,0,0.07692307692307693,0.9230769230769231,19,2.375,167.7333333333248,0.20384849098644117,1,0,1,5,3,31,6,3,36,0,0,0,0,0,5,11,3,0
base,20260712,1,0.12,0.45,0.2,0.18,3,30,9,2767,243552388,3081985215,false,false,835.999999999897,853.999999999897,9,7,6,179,23,6,2,11,53,44,9,11,9,0,0.16981132075471697,0.8301886792452831,22,2.75,167.7333333333248,0.20063795853270988,1,0,1,6,2,38,6,2,44,0,0,0,0,0,5,14,3,0
base,20260712,1,0.12,0.45,0.2,0.18,3,30,9,2768,854771971,3437981784,false,false,766.8666666666265,784.8666666666265,9,7,6,179,13,4,2,1,27,23,4,1,4,0,0.14814814814814814,0.8518518518518519,11,1.375,167.7333333333248,0.21872554985655945,1,0,1,3,2,20,4,2,23,0,0,0,0,0,3,7,2,0
base,20260712,1,0.12,0.45,0.2,0.18,3,30,9,2769,1413795930,1714884151,false,false,825.6999999999064,843.6999999999064,9,7,6,179,27,9,3,22,66,57,9,22,9,0,0.13636363636363635,0.8636363636363636,22,2.75,167.7333333333248,0.2031407694481577,1,0,1,7,3,45,8,3,55,0,0,0,0,0,5,8,5,0
base,20260712,1,0.12,0.45,0.2,0.18,3,30,9,2770,2989653358,2370655850,false,false,801.7333333332615,819.7333333332615,9,7,6,179,18,5,3,0,28,27,1,0,1,0,0.03571428571428571,0.9642857142857143,15,1.875,167.7333333333248,0.20921337102944432,1,0,1,4,3,23,5,3,27,0,0,0,0,0,3,5,2,0
base,20260712,1,0.12,0.45,0.2,0.18,3,30,9,2771,1128003727,534853344,false,false,827.2999999999049,845.2999999999049,9,7,6,179,27,8,3,8,50,45,5,8,5,0,0.1,0.9,24,3,167.7333333333248,0.20274789475806124,1,0,1,7,3,38,8,3,45,0,0,0,0,0,7,8,2,0
base,20260712,1,0.12,0.45,0.2,0.18,3,30,9,2772,2085168637,3629041915,false,false,755.3333333333037,773.3333333333037,9,7,6,179,24,7,3,23,60,57,3,23,3,0,0.05,0.95,21,2.625,167.7333333333248,0.22206531332744667,1,0,1,6,3,45,7,3,56,0,0,0,0,0,6,6,2,0
base,20260712,1,0.12,0.45,0.2,0.18,3,30,9,2773,1967252721,212495151,false,false,812.233333333252,830.233333333252,9,7,6,179,26,8,3,10,54,46,8,10,8,0,0.14814814814814814,0.8518518518518519,21,2.625,167.7333333333248,0.20650880288916354,1,0,1,6,3,38,8,3,46,0,0,0,0,0,3,4,2,0
base,20260712,1,0.12,0.45,0.2,0.18,3,30,9,2774,1518657738,1161734509,false,false,824.1999999999077,842.1999999999077,9,7,6,179,24,7,3,11,48,45,3,11,3,0,0.0625,0.9375,24,3,167.7333333333248,0.2035104748038626,1,0,1,7,3,42,7,3,44,0,0,0,0,0,5,5,2,0
base,20260712,1,0.12,0.45,0.2,0.18,3,30,9,2775,3523801145,1148544868,true,false,768.9333333332913,786.9333333332913,9,7,6,180,24,7,3,9,46,41,5,9,5,0,0.10869565217391304,0.8913043478260869,19,2.375,167.7333333333248,0.2181376799028966,1,1,0,5,3,35,7,3,40,7,3,40,81.33333333325936,0.10577423270322152,5,14,2,0
base,20260712,1,0.12,0.45,0.2,0.18,3,30,9,2776,3852508258,2947049677,false,false,824.1333333332411,842.1333333332411,9,7,6,179,24,7,3,12,57,46,11,12,11,0,0.19298245614035087,0.8070175438596491,24,3,167.7333333333248,0.20352693738878444,1,0,1,7,3,42,7,3,46,0,0,0,0,0,5,8,2,0
base,20260712,1,0.12,0.45,0.2,0.18,3,30,9,2777,3802670486,1145112356,false,false,805.633333333258,823.633333333258,9,7,6,179,19,5,3,9,44,38,6,9,6,0,0.13636363636363635,0.8636363636363636,18,2.25,167.7333333333248,0.2082005875294888,1,0,1,5,3,28,5,3,38,0,0,0,0,0,5,11,2,0
base,20260712,1,0.12,0.45,0.2,0.18,3,30,9,2778,1171839706,1542375395,false,false,812.1666666665853,830.1666666665853,9,7,6,179,23,7,3,5,43,38,5,5,5,0,0.11627906976744186,0.8837209302325582,21,2.625,167.7333333333248,0.20652575415556115,1,0,1,7,3,31,7,3,37,0,0,0,0,0,6,9,2,0
base,20260712,1,0.12,0.45,0.2,0.18,3,30,9,2779,1652292704,4267470327,false,false,760.3999999999658,778.3999999999658,9,7,6,179,22,6,3,17,56,48,8,17,8,0,0.14285714285714285,0.8571428571428571,18,2.25,167.7333333333248,0.22058565667192576,1,0,1,5,3,39,5,3,45,0,0,0,0,0,7,14,3,0
base,20260712,1,0.12,0.45,0.2,0.18,3,30,9,2780,1340362265,1305710756,true,false,802.4333333332609,820.4333333332609,9,7,6,180,19,5,3,6,38,35,3,6,3,0,0.07894736842105263,0.9210526315789473,18,2.25,167.7333333333248,0.2090308644539608,1,1,0,5,3,31,5,3,33,5,3,34,121.4999999998895,0.1514144477213897,5,11,2,0
base,20260712,1,0.12,0.45,0.2,0.18,3,30,9,2781,3798678443,917028908,false,false,759.4999999999666,777.4999999999666,9,7,6,179,27,7,3,12,56,49,7,12,7,0,0.125,0.875,24,3,167.7333333333248,0.22084704849681655,1,0,1,7,3,39,7,3,49,0,0,0,0,0,2,4,2,0
base,20260712,1,0.12,0.45,0.2,0.18,3,30,9,2782,2583842723,3365799862,false,false,842.4333333332245,860.4333333332245,9,7,6,179,27,7,3,16,58,52,6,16,6,0,0.10344827586206896,0.896551724137931,25,3.125,167.7333333333248,0.19910576504571653,1,0,1,7,3,47,7,3,52,0,0,0,0,0,5,11,2,0
base,20260712,1,0.12,0.45,0.2,0.18,3,30,9,2783,2345303789,3833483613,false,false,802.8666666665938,820.8666666665938,9,7,6,179,24,7,3,8,46,41,5,8,5,0,0.10869565217391304,0.8913043478260869,21,2.625,167.7333333333248,0.20891804367683303,1,0,1,6,3,34,7,3,41,0,0,0,0,0,5,8,2,0
base,20260712,1,0.12,0.45,0.2,0.18,3,30,9,2784,1184868556,1665796607,false,false,788.9333333332731,806.9333333332731,9,7,6,179,23,7,3,6,41,38,3,6,3,0,0.07317073170731707,0.926829268292683,20,2.5,167.7333333333248,0.21260774040899644,1,0,1,6,3,31,7,3,37,0,0,0,0,0,5,8,3,0
base,20260712,1,0.12,0.45,0.2,0.18,3,30,9,2785,44969970,1634259932,false,false,770.766666666623,788.766666666623,9,7,6,179,30,9,3,16,59,56,3,16,3,0,0.05084745762711865,0.9491525423728814,27,3.375,167.7333333333248,0.2176188210872304,1,0,1,8,3,46,9,3,55,0,0,0,0,0,5,5,2,0
base,20260712,1,0.12,0.45,0.2,0.18,3,30,9,2786,3547184103,3464909742,false,false,840.3666666665597,858.3666666665597,9,7,6,179,18,5,3,8,37,34,3,8,3,0,0.08108108108108109,0.918918918918919,17,2.125,167.7333333333248,0.19959541469994782,1,0,1,5,3,33,5,3,34,0,0,0,0,0,5,14,1,0
base,20260712,1,0.12,0.45,0.2,0.18,3,30,9,2787,1699901364,1554363000,false,false,783.9333333332777,801.9333333332777,9,7,6,179,26,8,3,14,56,50,6,14,6,0,0.10714285714285714,0.8928571428571429,24,3,167.7333333333248,0.21396377242963266,1,0,1,7,3,44,8,3,50,0,0,0,0,0,5,10,2,0
base,20260712,1,0.12,0.45,0.2,0.18,3,30,9,2788,724134885,3739252547,true,false,798.4333333332645,816.4333333332645,9,7,6,180,18,6,3,0,32,27,5,0,5,0,0.15625,0.84375,15,1.875,167.7333333333248,0.2100780695528818,1,1,0,5,3,23,5,3,26,5,3,26,113.99999999989632,0.14277961006960233,5,10,2,0
base,20260712,1,0.12,0.45,0.2,0.18,3,30,9,2789,3767892949,1819564763,false,false,766.0666666666273,784.0666666666273,9,7,6,179,20,6,2,4,35,33,2,4,2,0,0.05714285714285714,0.9428571428571428,15,1.875,167.7333333333248,0.21895396397180414,1,0,1,4,2,24,5,2,31,0,0,0,0,0,6,10,1,0
base,20260712,1,0.12,0.45,0.2,0.18,3,30,9,2790,1121229109,3953930399,false,false,837.4999999998956,855.4999999998956,9,7,6,179,15,4,3,1,32,25,7,1,7,0,0.21875,0.78125,12,1.5,167.7333333333248,0.2002786069651889,1,0,1,3,3,20,4,3,24,0,0,0,0,0,5,14,2,0
base,20260712,1,0.12,0.45,0.2,0.18,3,30,9,2791,3275200854,501334478,false,false,801.1666666665953,819.1666666665953,9,7,6,179,24,6,2,17,53,51,2,17,2,0,0.03773584905660377,0.9622641509433962,24,3,167.7333333333248,0.2093613480341249,1,0,1,6,2,46,6,2,50,0,0,0,0,0,5,4,2,0
base,20260712,1,0.12,0.45,0.2,0.18,3,30,9,2792,3985475808,3027163139,false,false,827.533333333238,845.533333333238,9,7,6,179,29,9,3,8,49,47,2,8,2,0,0.04081632653061224,0.9591836734693877,21,2.625,167.7333333333248,0.2026907274631565,1,0,1,6,3,33,8,3,42,0,0,0,0,0,4,7,3,0
base,20260712,1,0.12,0.45,0.2,0.18,3,30,9,2793,834398132,810778026,false,false,789.6333333332725,807.6333333332725,9,7,6,179,22,6,3,12,49,44,5,12,5,0,0.10204081632653061,0.8979591836734694,16,2,167.7333333333248,0.2124192663261485,1,0,1,4,3,33,6,3,43,0,0,0,0,0,5,11,2,0
base,20260712,1,0.12,0.45,0.2,0.18,3,30,9,2794,367822341,2519514097,false,false,818.1999999999132,836.1999999999132,9,7,6,179,27,8,3,15,58,51,7,15,7,0,0.1206896551724138,0.8793103448275862,24,3,167.7333333333248,0.2050028517884901,1,0,1,7,3,44,8,3,51,0,0,0,0,0,4,7,2,0
base,20260712,1,0.12,0.45,0.2,0.18,3,30,9,2795,1110090291,215945819,false,false,808.4333333332554,826.4333333332554,9,7,6,179,18,5,3,4,36,31,5,4,5,0,0.1388888888888889,0.8611111111111112,14,1.75,167.7333333333248,0.2074794870737735,1,0,1,4,3,23,4,3,28,0,0,0,0,0,4,7,2,0
base,20260712,1,0.12,0.45,0.2,0.18,3,30,9,2796,1559314464,2853402427,false,false,808.2999999999222,826.2999999999222,9,7,6,179,21,6,3,2,38,33,5,2,5,0,0.13157894736842105,0.868421052631579,18,2.25,167.7333333333248,0.207513711905655,1,0,1,5,3,27,6,3,32,0,0,0,0,0,5,5,2,0
base,20260712,1,0.12,0.45,0.2,0.18,3,30,9,2797,4038694622,3066763551,true,false,749.099999999976,767.099999999976,9,7,6,180,24,7,3,10,50,43,7,10,7,0,0.14,0.86,22,2.75,167.7333333333248,0.22391314021269546,1,1,0,6,3,35,7,3,42,7,3,43,79.29999999992788,0.10586036577216715,5,14,2,0
base,20260712,1,0.12,0.45,0.2,0.18,3,30,9,2798,3039183538,3630886907,false,false,832.4666666665669,850.4666666665669,9,7,6,179,24,7,2,14,54,48,6,14,6,0,0.1111111111111111,0.8888888888888888,23,2.875,167.7333333333248,0.20148954913111022,1,0,1,7,2,40,7,2,48,0,0,0,0,0,5,8,3,0
base,20260712,1,0.12,0.45,0.2,0.18,3,30,9,2799,710959395,586836307,false,false,830.3999999999021,848.3999999999021,9,7,6,179,21,6,3,13,47,42,5,13,5,0,0.10638297872340426,0.8936170212765957,17,2.125,167.7333333333248,0.2019910083494034,1,0,1,4,3,31,5,3,41,0,0,0,0,0,4,7,2,0
base,20260712,1,0.12,0.45,0.2,0.18,3,30,9,2800,3643587639,3074647789,false,false,780.333333333281,798.333333333281,9,7,6,179,21,6,3,2,36,33,3,2,3,0,0.08333333333333333,0.9166666666666666,14,1.75,167.7333333333248,0.21495087569415128,1,0,1,4,3,22,6,3,32,0,0,0,0,0,6,7,1,0
base,20260712,1,0.12,0.45,0.2,0.18,3,30,9,2801,3693170207,2053155519,true,false,801.3333333332619,819.3333333332619,9,7,6,180,22,6,3,10,44,41,3,10,3,0,0.06818181818181818,0.9318181818181818,19,2.375,167.7333333333248,0.20931780366057373,1,1,0,5,3,34,6,3,40,6,3,41,119.09999999989168,0.14862728785345544,5,8,2,0
base,20260712,1,0.12,0.45,0.2,0.18,3,30,9,2802,2755298439,3765478029,false,false,797.833333333265,815.833333333265,9,7,6,179,24,8,3,13,51,46,5,13,5,0,0.09803921568627451,0.9019607843137255,22,2.75,167.7333333333248,0.21023605598496656,1,0,1,7,3,34,8,3,46,0,0,0,0,0,3,4,2,0
base,20260712,1,0.12,0.45,0.2,0.18,3,30,9,2803,1782352687,1772577135,false,false,834.9666666665646,852.9666666665646,9,7,6,179,21,6,3,7,42,38,4,7,4,0,0.09523809523809523,0.9047619047619048,19,2.375,167.7333333333248,0.20088626292468198,1,0,1,6,3,31,6,3,38,0,0,0,0,0,6,11,2,0
base,20260712,1,0.12,0.45,0.2,0.18,3,30,9,2804,2827730532,3926220501,false,false,813.7999999999172,831.7999999999172,9,7,6,179,22,6,3,8,45,40,5,8,5,0,0.1111111111111111,0.8888888888888888,21,2.625,167.7333333333248,0.20611124764480446,1,0,1,6,3,34,6,3,40,0,0,0,0,0,2,5,3,0
base,20260712,1,0.12,0.45,0.2,0.18,3,30,9,2805,3018921930,1801119133,false,false,837.4666666665623,855.4666666665623,9,7,6,179,24,7,3,7,52,40,12,7,12,0,0.23076923076923078,0.7692307692307693,20,2.5,167.7333333333248,0.2002865785703061,1,0,1,6,3,31,7,3,40,0,0,0,0,0,5,8,2,0
base,20260712,1,0.12,0.45,0.2,0.18,3,30,9,2806,3846078887,16917134,false,false,827.9333333332377,845.9333333332377,9,7,6,179,22,6,3,11,54,42,12,11,12,0,0.2222222222222222,0.7777777777777778,21,2.625,167.7333333333248,0.20259280135277902,1,0,1,6,3,36,6,3,41,0,0,0,0,0,5,10,3,0
base,20260712,1,0.12,0.45,0.2,0.18,3,30,9,2807,3551815627,2910197135,false,false,825.2333333332401,843.2333333332401,9,7,6,179,28,9,3,6,48,43,5,6,5,0,0.10416666666666667,0.8958333333333334,21,2.625,167.7333333333248,0.20325564486813072,1,0,1,7,3,30,9,3,42,0,0,0,0,0,3,4,2,0
base,20260712,1,0.12,0.45,0.2,0.18,3,30,9,2808,3297852539,696749625,false,false,820.3333333332446,838.3333333332446,9,7,6,179,30,9,3,14,58,53,5,14,5,0,0.08620689655172414,0.9137931034482759,24,3,167.7333333333248,0.20446972775295766,1,0,1,7,3,44,9,3,53,0,0,0,0,0,6,11,3,0
base,20260712,1,0.12,0.45,0.2,0.18,3,30,9,2809,3602105999,3297149265,true,false,788.1333333332739,806.1333333332739,9,7,6,180,25,7,3,5,41,38,3,5,3,0,0.07317073170731707,0.926829268292683,13,1.625,167.7333333333248,0.21282354931484196,1,1,0,4,3,21,6,3,31,6,3,33,117.03333333322689,0.148494332600113,5,11,3,0
base,20260712,1,0.12,0.45,0.2,0.18,3,30,9,2810,2277153910,3225827144,false,false,835.8333333332305,853.8333333332305,9,7,6,179,27,8,3,21,64,58,6,21,6,0,0.09375,0.90625,22,2.75,167.7333333333248,0.2006779661017094,1,0,1,6,3,45,8,3,57,0,0,0,0,0,6,10,2,0
base,20260712,1,0.12,0.45,0.2,0.18,3,30,9,2811,1039590506,1542853378,true,false,796.7666666665993,814.7666666665993,9,7,6,180,22,6,3,3,39,35,4,3,4,0,0.10256410256410256,0.8974358974358975,19,2.375,167.7333333333248,0.21051750826256826,1,1,0,5,3,31,6,3,33,6,3,34,114.63333333322907,0.14387315399728748,5,14,2,0
base,20260712,1,0.12,0.45,0.2,0.18,3,30,9,2812,4178283018,862995625,true,false,814.1666666665835,832.1666666665835,9,7,6,180,15,4,3,1,29,26,3,1,3,0,0.10344827586206896,0.896551724137931,11,1.375,167.7333333333248,0.20601842374617227,1,1,0,2,1,21,4,3,25,4,3,25,148.1999999998652,0.18202661207764217,3,5,2,0
base,20260712,1,0.12,0.45,0.2,0.18,3,30,9,2813,901533536,2273612137,false,false,822.3999999999094,840.3999999999094,9,7,6,179,22,7,3,12,49,43,6,12,6,0,0.12244897959183673,0.8775510204081632,18,2.25,167.7333333333248,0.20395590142673065,1,0,1,5,2,37,7,3,42,0,0,0,0,0,5,13,2,0
base,20260712,1,0.12,0.45,0.2,0.18,3,30,9,2814,3679871750,3463471839,false,false,841.5666666665586,859.5666666665586,9,7,6,179,18,5,2,10,41,37,4,10,4,0,0.0975609756097561,0.9024390243902439,15,1.875,167.7333333333248,0.19931080920506952,1,0,1,4,2,25,5,2,37,0,0,0,0,0,5,14,2,0
base,20260712,1,0.12,0.45,0.2,0.18,3,30,9,2815,2830749403,2244155972,false,false,853.9666666665473,871.9666666665473,9,7,6,179,17,5,3,0,29,26,3,0,3,0,0.10344827586206896,0.896551724137931,17,2.125,167.7333333333248,0.19641672196418467,1,0,1,5,3,24,5,3,26,0,0,0,0,0,6,11,2,0
base,20260712,1,0.12,0.45,0.2,0.18,3,30,9,2816,4044898969,2461704456,true,false,799.0999999999306,817.0999999999306,9,7,6,180,22,7,3,5,44,36,8,5,8,0,0.18181818181818182,0.8181818181818182,17,2.125,167.7333333333248,0.20990280732491473,1,1,0,5,3,29,6,3,35,6,3,35,120.66666666655692,0.15100321194664923,5,6,2,0
base,20260712,1,0.12,0.45,0.2,0.18,3,30,9,2817,3524958828,310564025,true,false,813.3666666665843,831.3666666665843,9,7,6,180,20,6,3,4,35,33,2,4,2,0,0.05714285714285714,0.9428571428571428,11,1.375,167.7333333333248,0.20622105651408768,1,1,0,3,2,20,5,3,31,5,3,31,126.36666666655174,0.15536248514392592,5,13,2,0
base,20260712,1,0.12,0.45,0.2,0.18,3,30,9,2818,1000266474,2229543015,false,false,804.2666666665925,822.2666666665925,9,7,6,179,15,4,2,0,30,25,5,0,5,0,0.16666666666666666,0.8333333333333334,12,1.5,167.7333333333248,0.20855437665783355,1,0,1,3,2,20,4,2,24,0,0,0,0,0,3,7,2,0
base,20260712,1,0.12,0.45,0.2,0.18,3,30,9,2819,3248645987,2981917625,false,false,807.2666666665898,825.2666666665898,9,7,6,179,21,6,3,5,41,35,6,5,6,0,0.14634146341463414,0.8536585365853658,19,2.375,167.7333333333248,0.20777933768272455,1,0,1,5,3,29,6,3,34,0,0,0,0,0,6,8,2,0
base,20260712,1,0.12,0.45,0.2,0.18,3,30,9,2820,2563762725,81179506,true,false,796.7666666665993,814.7666666665993,9,7,6,180,23,7,3,4,40,36,4,4,4,0,0.1,0.9,19,2.375,167.7333333333248,0.21051750826256826,1,1,0,5,3,30,7,3,35,7,3,35,120.76666666655683,0.15157093251880563,5,10,2,0
base,20260712,1,0.12,0.45,0.2,0.18,3,30,9,2821,2489665356,2547652943,false,false,812.0333333332521,830.0333333332521,9,7,6,179,15,4,2,0,27,25,2,0,2,0,0.07407407407407407,0.9259259259259259,12,1.5,167.7333333333248,0.20655966503839115,1,0,1,3,1,19,4,2,25,0,0,0,0,0,4,8,1,0
base,20260712,1,0.12,0.45,0.2,0.18,3,30,9,2822,3788986561,3435092656,false,false,812.6333333332516,830.6333333332516,9,7,6,179,25,7,3,21,61,55,6,21,6,0,0.09836065573770492,0.9016393442622951,23,2.875,167.7333333333248,0.20640715369786497,1,0,1,7,3,45,7,3,55,0,0,0,0,0,5,8,3,0
base,20260712,1,0.12,0.45,0.2,0.18,3,30,9,2823,154687350,1346200063,false,false,789.3999999999394,807.3999999999394,9,7,6,179,22,6,2,7,49,39,10,7,10,0,0.20408163265306123,0.7959183673469388,15,1.875,167.7333333333248,0.2124820538805899,1,0,1,4,2,26,6,2,38,0,0,0,0,0,7,9,2,0
base,20260712,1,0.12,0.45,0.2,0.18,3,30,9,2824,2833792355,2946586517,false,false,849.0333333332185,867.0333333332185,9,7,6,179,19,5,3,4,37,32,5,4,5,0,0.13513513513513514,0.8648648648648649,15,1.875,167.7333333333248,0.1975580071453977,1,0,1,4,3,26,5,3,31,0,0,0,0,0,5,11,2,0
base,20260712,1,0.12,0.45,0.2,0.18,3,30,9,2825,436860347,2364961185,false,false,784.299999999944,802.299999999944,9,7,6,179,29,8,3,22,69,61,8,22,8,0,0.11594202898550725,0.8840579710144928,22,2.75,167.7333333333248,0.21386374261550015,1,0,1,6,3,46,8,3,59,0,0,0,0,0,4,7,4,0
base,20260712,1,0.12,0.45,0.2,0.18,3,30,9,2826,2829791073,4061761491,false,false,845.4999999998884,863.4999999998884,9,7,6,179,25,7,3,16,55,51,4,16,4,0,0.07272727272727272,0.9272727272727272,22,2.75,167.7333333333248,0.19838359944807443,1,0,1,6,3,38,7,3,49,0,0,0,0,0,5,11,2,0
base,20260712,1,0.12,0.45,0.2,0.18,3,30,9,2827,1201725204,98733120,false,false,831.7333333332342,849.7333333332342,9,7,6,179,25,7,3,17,56,52,4,17,4,0,0.07142857142857142,0.9285714285714286,22,2.75,167.7333333333248,0.20166720102598362,1,0,1,6,3,41,7,3,52,0,0,0,0,0,6,7,2,0
base,20260712,1,0.12,0.45,0.2,0.18,3,30,9,2828,2220897329,3679040796,false,false,834.7666666665648,852.7666666665648,9,7,6,179,29,8,3,25,69,64,5,25,5,0,0.07246376811594203,0.927536231884058,27,3.375,167.7333333333248,0.20093439284432207,1,0,1,8,3,53,8,3,64,0,0,0,0,0,6,8,2,0
base,20260712,1,0.12,0.45,0.2,0.18,3,30,9,2829,687100164,90192094,false,false,827.8999999999044,845.8999999999044,9,7,6,179,29,9,3,16,59,52,7,16,7,0,0.11864406779661017,0.8813559322033898,25,3.125,167.7333333333248,0.2026009582477886,1,0,1,7,3,47,8,3,51,0,0,0,0,0,6,7,2,0
base,20260712,1,0.12,0.45,0.2,0.18,3,30,9,2830,407257528,3606174261,false,false,771.433333333289,789.433333333289,9,7,6,179,27,8,3,8,51,45,6,8,6,0,0.11764705882352941,0.8823529411764706,25,3.125,167.7333333333248,0.2174307566002693,1,0,1,8,3,36,8,3,43,0,0,0,0,0,5,8,2,0
base,20260712,1,0.12,0.45,0.2,0.18,3,30,9,2831,3842317487,1186816624,false,false,807.5333333332562,825.5333333332562,9,7,6,179,26,7,3,6,44,42,2,6,2,0,0.045454545454545456,0.9545454545454546,25,3.125,167.7333333333248,0.20771072401552979,1,0,1,7,3,37,7,3,40,0,0,0,0,0,5,5,2,0
base,20260712,1,0.12,0.45,0.2,0.18,3,30,9,2832,800969809,1162435889,false,false,771.3666666666225,789.3666666666225,9,7,6,179,19,6,3,11,44,40,4,11,4,0,0.09090909090909091,0.9090909090909091,17,2.125,167.7333333333248,0.21744954842055367,1,0,1,5,3,35,6,3,40,0,0,0,0,0,5,13,2,0
base,20260712,1,0.12,0.45,0.2,0.18,3,30,9,2833,909194270,2857288479,false,false,809.1666666665881,827.1666666665881,9,7,6,179,18,5,2,5,34,32,2,5,2,0,0.058823529411764705,0.9411764705882353,14,1.75,167.7333333333248,0.20729145211123512,1,0,1,4,2,26,5,2,31,0,0,0,0,0,3,5,2,0
base,20260712,1,0.12,0.45,0.2,0.18,3,30,9,2834,14005604,3365002335,true,false,825.43333333324,843.43333333324,9,7,6,180,22,7,3,7,40,38,2,7,2,0,0.05,0.95,20,2.5,167.7333333333248,0.20320639664016124,1,1,0,6,3,31,6,3,35,6,3,37,154.03333333319324,0.18660905383016274,5,14,2,0
base,20260712,1,0.12,0.45,0.2,0.18,3,30,9,2835,189735902,3594922616,true,false,761.2333333332983,779.2333333332983,9,7,6,180,13,4,3,0,24,21,3,0,3,0,0.125,0.875,8,1,167.7333333333248,0.22034417830713207,1,1,0,2,2,14,4,3,20,4,3,20,87.56666666658703,0.11503262249847754,5,13,1,0
base,20260712,1,0.12,0.45,0.2,0.18,3,30,9,2836,3281506882,1738642697,false,false,845.5333333332217,863.5333333332217,9,7,6,179,27,8,3,11,50,48,2,11,2,0,0.04,0.96,22,2.75,167.7333333333248,0.1983757786012934,1,0,1,6,3,40,8,3,47,0,0,0,0,0,5,9,2,0
base,20260712,1,0.12,0.45,0.2,0.18,3,30,9,2837,3695481226,2725791192,false,false,808.9999999999216,826.9999999999216,9,7,6,179,21,6,3,5,43,35,8,5,8,0,0.18604651162790697,0.813953488372093,18,2.25,167.7333333333248,0.20733415739597164,1,0,1,5,3,30,6,3,34,0,0,0,0,0,4,5,2,0
base,20260712,1,0.12,0.45,0.2,0.18,3,30,9,2838,3826339365,2363767256,false,false,867.4333333332017,885.4333333332017,9,7,6,179,26,7,3,17,58,53,5,17,5,0,0.08620689655172414,0.9137931034482759,22,2.75,167.7333333333248,0.19336740575646572,1,0,1,6,3,34,7,3,49,0,0,0,0,0,4,8,2,0
base,20260712,1,0.12,0.45,0.2,0.18,3,30,9,2839,577714514,932557684,false,false,829.1333333332366,847.1333333332366,9,7,6,179,26,8,3,12,50,48,2,12,2,0,0.04,0.96,23,2.875,167.7333333333248,0.20229958993327696,1,0,1,7,3,41,8,3,47,0,0,0,0,0,6,10,3,0
base,20260712,1,0.12,0.45,0.2,0.18,3,30,9,2840,2924646717,2790875212,false,false,847.3666666665533,865.3666666665533,9,7,6,179,18,5,3,3,38,29,9,3,9,0,0.23684210526315788,0.7631578947368421,16,2,167.7333333333248,0.19794657959956008,1,0,1,4,3,26,4,3,28,0,0,0,0,0,5,11,2,0
base,20260712,1,0.12,0.45,0.2,0.18,3,30,9,2841,1902721859,1279035668,true,false,824.0333333332412,842.0333333332412,9,7,6,180,20,6,3,4,40,34,6,4,6,0,0.15,0.85,15,1.875,167.7333333333248,0.20355163626068146,1,1,0,4,3,23,6,3,33,6,3,34,134.9333333332106,0.16374742122069377,5,11,2,0
base,20260712,1,0.12,0.45,0.2,0.18,3,30,9,2842,2483875248,1364258107,false,false,767.5999999999592,785.5999999999592,9,7,6,179,25,7,3,17,58,52,6,17,6,0,0.10344827586206896,0.896551724137931,25,3.125,167.7333333333248,0.21851658850095584,1,0,1,7,3,43,7,3,50,0,0,0,0,0,6,8,2,0
base,20260712,1,0.12,0.45,0.2,0.18,3,30,9,2843,122202428,2404153426,false,false,757.2999999999686,775.2999999999686,9,7,6,179,24,6,3,10,45,43,2,10,2,0,0.044444444444444446,0.9555555555555556,21,2.625,167.7333333333248,0.22148862185835436,1,0,1,6,3,36,6,3,43,0,0,0,0,0,3,5,2,0
base,20260712,1,0.12,0.45,0.2,0.18,3,30,9,2844,4083504959,1198427605,false,false,818.833333333246,836.833333333246,9,7,6,179,20,6,3,6,37,35,2,6,2,0,0.05405405405405406,0.9459459459459459,16,2,167.7333333333248,0.20484429065745088,1,0,1,5,3,27,6,3,34,0,0,0,0,0,6,8,1,0
base,20260712,1,0.12,0.45,0.2,0.18,3,30,9,2845,3230576950,3542278644,false,false,815.4999999999156,833.4999999999156,9,7,6,179,23,6,3,2,43,34,9,2,9,0,0.20930232558139536,0.7906976744186046,18,2.25,167.7333333333248,0.2056815859391075,1,0,1,5,3,26,6,3,34,0,0,0,0,0,2,4,2,0
base,20260712,1,0.12,0.45,0.2,0.18,3,30,9,2846,3052422526,1467079402,false,false,785.5999999999428,803.5999999999428,9,7,6,179,21,6,3,4,40,34,6,4,6,0,0.15,0.85,15,1.875,167.7333333333248,0.2135098438560807,1,0,1,4,3,26,6,3,34,0,0,0,0,0,4,7,2,0
base,20260712,1,0.12,0.45,0.2,0.18,3,30,9,2847,2869850910,1506917609,false,false,801.7666666665948,819.7666666665948,9,7,6,179,23,7,3,14,49,47,2,14,2,0,0.04081632653061224,0.9591836734693877,22,2.75,167.7333333333248,0.20920467301376938,1,0,1,7,3,36,7,3,47,0,0,0,0,0,5,10,2,0
base,20260712,1,0.12,0.45,0.2,0.18,3,30,9,2848,3895012506,3029949638,false,false,762.7999999999636,780.7999999999636,9,7,6,179,19,5,3,2,38,31,7,2,7,0,0.18421052631578946,0.8157894736842105,19,2.375,167.7333333333248,0.2198916273378773,1,0,1,5,3,30,5,3,31,0,0,0,0,0,5,7,2,0
base,20260712,1,0.12,0.45,0.2,0.18,3,30,9,2849,2829386306,3139268090,false,false,805.0666666665918,823.0666666665918,9,7,6,179,21,6,3,3,39,33,6,3,6,0,0.15384615384615385,0.8461538461538461,14,1.75,167.7333333333248,0.2083471348128607,1,0,1,4,2,23,5,3,31,0,0,0,0,0,5,11,2,0
base,20260712,1,0.12,0.45,0.2,0.18,3,30,9,2850,1882902161,3635716634,false,false,777.3999999999503,795.3999999999503,9,7,6,179,20,6,3,3,36,31,5,3,5,0,0.1388888888888889,0.8611111111111112,13,1.625,167.7333333333248,0.2157619415144527,1,0,1,3,2,24,5,2,29,0,0,0,0,0,5,14,2,0
base,20260712,1,0.12,0.45,0.2,0.18,3,30,9,2851,1151430065,3005304205,false,false,808.833333333255,826.833333333255,9,7,6,179,18,5,3,3,34,30,4,3,4,0,0.11764705882352941,0.8823529411764706,15,1.875,167.7333333333248,0.20737688028024853,1,0,1,5,3,21,5,3,29,0,0,0,0,0,3,3,1,0
base,20260712,1,0.12,0.45,0.2,0.18,3,30,9,2852,2906687835,763092424,false,false,745.133333333313,763.133333333313,9,7,6,179,16,4,2,5,32,30,2,5,2,0,0.0625,0.9375,12,1.5,167.7333333333248,0.22510512659926105,1,0,1,3,2,21,3,2,28,0,0,0,0,0,5,8,1,0
base,20260712,1,0.12,0.45,0.2,0.18,3,30,9,2853,1110811358,1226677148,false,false,765.0666666666282,783.0666666666282,9,7,6,179,26,8,3,5,43,40,3,5,3,0,0.06976744186046512,0.9302325581395349,20,2.5,167.7333333333248,0.21924015336354116,1,0,1,6,3,28,8,3,39,0,0,0,0,0,5,8,2,0
base,20260712,1,0.12,0.45,0.2,0.18,3,30,9,2854,1985651222,1751427452,true,false,759.7333333332997,777.7333333332997,9,7,6,180,12,4,2,0,23,18,5,0,5,0,0.21739130434782608,0.782608695652174,8,1,167.7333333333248,0.22077922077921933,1,1,0,2,2,14,2,2,16,3,2,17,75.36666666659812,0.09920147420138838,5,11,2,0
base,20260712,1,0.12,0.45,0.2,0.18,3,30,9,2855,3379405947,1892294719,false,false,831.8333333332341,849.8333333332341,9,7,6,179,22,7,2,5,46,36,10,5,10,0,0.21739130434782608,0.782608695652174,16,2,167.7333333333248,0.2016429573231955,1,0,1,4,2,29,6,2,34,0,0,0,0,0,6,8,2,0
base,20260712,1,0.12,0.45,0.2,0.18,3,30,9,2856,1319267054,4116020686,false,false,805.5666666665913,823.5666666665913,9,7,6,179,25,8,3,8,50,43,7,8,7,0,0.14,0.86,21,2.625,167.7333333333248,0.20821781768528216,1,0,1,6,3,34,8,3,43,0,0,0,0,0,3,5,3,0
base,20260712,1,0.12,0.45,0.2,0.18,3,30,9,2857,4130229939,3431137844,false,false,745.0999999999797,763.0999999999797,9,7,6,179,25,8,3,15,51,49,2,15,2,0,0.0392156862745098,0.9607843137254902,21,2.625,167.7333333333248,0.22511519706526556,1,0,1,6,3,38,8,3,49,0,0,0,0,0,3,4,2,0
base,20260712,1,0.12,0.45,0.2,0.18,3,30,9,2858,4176248271,392051216,false,false,765.0999999999615,783.0999999999615,9,7,6,179,23,7,3,6,46,39,7,6,7,0,0.15217391304347827,0.8478260869565217,20,2.5,167.7333333333248,0.21923060166427033,1,0,1,6,3,32,7,3,39,0,0,0,0,0,3,7,2,0
base,20260712,1,0.12,0.45,0.2,0.18,3,30,9,2859,2911255710,3042445206,true,false,763.0999999999633,781.0999999999633,9,7,6,180,23,6,3,11,50,44,6,11,6,0,0.12,0.88,22,2.75,167.7333333333248,0.2198051806228972,1,1,0,6,3,35,6,3,44,6,3,44,81.39999999992597,0.10667016118454971,6,10,3,0
base,20260712,1,0.12,0.45,0.2,0.18,3,30,9,2860,696631532,2073635051,false,false,828.5333333332371,846.5333333332371,9,7,6,179,23,7,3,12,47,43,4,12,4,0,0.0851063829787234,0.9148936170212766,19,2.375,167.7333333333248,0.2024460894753914,1,0,1,5,3,34,6,3,41,0,0,0,0,0,5,11,2,0
base,20260712,1,0.12,0.45,0.2,0.18,3,30,9,2861,589667950,2327482080,true,false,785.4333333332763,803.4333333332763,9,7,6,180,19,6,2,5,38,34,4,5,4,0,0.10526315789473684,0.8947368421052632,17,2.125,167.7333333333248,0.2135551500233463,1,1,0,5,2,31,6,2,33,6,2,33,119.59999999989122,0.15227263081937772,5,10,2,0
base,20260712,1,0.12,0.45,0.2,0.18,3,30,9,2862,3473755299,3898488991,true,false,766.2999999999604,784.2999999999604,9,7,6,180,23,7,3,5,42,38,4,5,4,0,0.09523809523809523,0.9047619047619048,18,2.25,167.7333333333248,0.21888729392318082,1,1,0,6,3,26,7,3,37,7,3,37,87.66666666658693,0.11440254034528444,5,11,2,0
base,20260712,1,0.12,0.45,0.2,0.18,3,30,9,2863,3093371003,2961852507,false,false,828.6666666665703,846.6666666665703,9,7,6,179,24,7,3,11,47,43,4,11,4,0,0.0851063829787234,0.9148936170212766,19,2.375,167.7333333333248,0.2024135156878652,1,0,1,5,3,35,6,3,42,0,0,0,0,0,5,10,1,0
base,20260712,1,0.12,0.45,0.2,0.18,3,30,9,2864,2431957365,2520319645,false,false,768.9333333332913,786.9333333332913,9,7,6,179,21,6,3,9,46,40,6,9,6,0,0.13043478260869565,0.8695652173913043,17,2.125,167.7333333333248,0.2181376799028966,1,0,1,5,3,29,6,3,40,0,0,0,0,0,4,7,2,0
base,20260712,1,0.12,0.45,0.2,0.18,3,30,9,2865,1822340507,2164034421,true,false,801.8333333332614,819.8333333332614,9,7,6,180,22,7,3,0,40,31,9,0,9,0,0.225,0.775,13,1.625,167.7333333333248,0.20918727915195157,1,1,0,4,3,20,7,3,30,7,3,31,116.23333333322762,0.14495946788597552,4,11,3,0
base,20260712,1,0.12,0.45,0.2,0.18,3,30,9,2866,657891451,389149425,false,false,794.2333333332683,812.2333333332683,9,7,6,179,25,8,3,10,58,45,13,10,13,0,0.22413793103448276,0.7758620689655172,23,2.875,167.7333333333248,0.21118898728334057,1,0,1,7,3,37,8,3,45,0,0,0,0,0,5,11,2,0
base,20260712,1,0.12,0.45,0.2,0.18,3,30,9,2867,1809825107,2339455668,false,false,764.933333333295,782.933333333295,9,7,6,179,26,8,3,10,46,44,2,10,2,0,0.043478260869565216,0.9565217391304348,21,2.625,167.7333333333248,0.21927836848527088,1,0,1,6,3,34,8,3,44,0,0,0,0,0,3,7,2,0
base,20260712,1,0.12,0.45,0.2,0.18,3,30,9,2868,298403759,869605480,false,false,770.9666666666228,788.9666666666228,9,7,6,179,20,6,3,5,45,35,10,5,10,0,0.2222222222222222,0.7777777777777778,17,2.125,167.7333333333248,0.21756236759047212,1,0,1,5,3,26,6,3,35,0,0,0,0,0,3,5,2,0
base,20260712,1,0.12,0.45,0.2,0.18,3,30,9,2869,1631881006,1851426816,true,false,797.4666666665987,815.4666666665987,9,7,6,180,24,7,3,10,48,44,4,10,4,0,0.08333333333333333,0.9166666666666666,20,2.5,167.7333333333248,0.2103327202808967,1,1,0,5,3,37,6,3,40,7,3,43,124.19999999988704,0.15574318675793883,5,8,2,0
base,20260712,1,0.12,0.45,0.2,0.18,3,30,9,2870,2984557073,317588060,true,false,796.2666666665998,814.2666666665998,9,7,6,180,23,7,3,4,39,36,3,4,3,0,0.07692307692307693,0.9230769230769231,17,2.125,167.7333333333248,0.21064969859344299,1,1,0,5,3,27,7,3,35,7,3,36,119.59999999989122,0.15020093770918613,5,8,3,0
base,20260712,1,0.12,0.45,0.2,0.18,3,30,9,2871,527467762,2468280500,false,false,769.5333333332908,787.5333333332908,9,7,6,179,27,8,3,9,51,46,5,9,5,0,0.09803921568627451,0.9019607843137255,21,2.625,167.7333333333248,0.21796759941089933,1,0,1,6,3,37,8,3,46,0,0,0,0,0,3,7,3,0
base,20260712,1,0.12,0.45,0.2,0.18,3,30,9,2872,3523641356,770754645,true,false,812.4333333332518,830.4333333332518,9,7,6,180,19,5,3,4,38,32,6,4,6,0,0.15789473684210525,0.8421052631578947,16,2,167.7333333333248,0.20645796578181796,1,1,0,4,3,26,5,3,31,5,3,32,125.03333333321962,0.15389980716354018,4,14,2,0
base,20260712,1,0.12,0.45,0.2,0.18,3,30,9,2873,2286009268,3252731659,false,false,818.5999999999128,836.5999999999128,9,7,6,179,24,7,3,6,48,40,8,6,8,0,0.16666666666666666,0.8333333333333334,19,2.375,167.7333333333248,0.2049026793712957,1,0,1,5,3,29,7,3,40,0,0,0,0,0,3,4,2,0
base,20260712,1,0.12,0.45,0.2,0.18,3,30,9,2874,1740713976,3695986928,true,false,813.333333333251,831.333333333251,9,7,6,180,21,6,2,8,46,38,8,8,8,0,0.17391304347826086,0.8260869565217391,18,2.25,167.7333333333248,0.2062295081967317,1,1,0,5,2,27,6,2,37,6,2,37,138.89999999987367,0.17077868852445213,5,10,5,0
base,20260712,1,0.12,0.45,0.2,0.18,3,30,9,2875,3477666317,3865566625,false,false,765.5333333332944,783.5333333332944,9,7,6,179,30,8,3,17,66,57,9,17,9,0,0.13636363636363635,0.8636363636363636,28,3.5,167.7333333333248,0.219106505268658,1,0,1,8,3,48,8,3,57,0,0,0,0,0,5,5,3,0
base,20260712,1,0.12,0.45,0.2,0.18,3,30,9,2876,2412462498,3343301741,false,false,755.7999999999699,773.7999999999699,9,7,6,179,21,6,3,3,37,34,3,3,3,0,0.08108108108108109,0.918918918918919,20,2.5,167.7333333333248,0.22192819970009456,1,0,1,6,3,31,6,3,34,0,0,0,0,0,3,5,2,0
base,20260712,1,0.12,0.45,0.2,0.18,3,30,9,2877,2437687237,1652114165,false,false,805.1666666665917,823.1666666665917,9,7,6,179,24,7,3,8,45,42,3,8,3,0,0.06666666666666667,0.9333333333333333,22,2.75,167.7333333333248,0.20832125853861364,1,0,1,6,3,34,7,3,41,0,0,0,0,0,4,7,2,0
base,20260712,1,0.12,0.45,0.2,0.18,3,30,9,2878,1287743151,2225897739,false,false,842.0999999998915,860.0999999998915,9,7,6,179,20,5,1,18,59,48,11,18,11,0,0.1864406779661017,0.8135593220338984,20,2.5,167.7333333333248,0.19918457823696284,1,0,1,5,1,40,5,1,47,0,0,0,0,0,6,10,3,0
base,20260712,1,0.12,0.45,0.2,0.18,3,30,9,2879,1290434984,975751822,false,false,813.0666666665845,831.0666666665845,9,7,6,179,26,8,3,7,49,43,6,7,6,0,0.12244897959183673,0.8775510204081632,22,2.75,167.7333333333248,0.20629714660545476,1,0,1,7,3,33,8,3,41,0,0,0,0,0,6,10,4,0
base,20260712,1,0.12,0.45,0.2,0.18,3,30,9,2880,997454812,59321519,true,false,801.8666666665947,819.8666666665947,9,7,6,180,24,7,3,15,55,49,6,15,6,0,0.10909090909090909,0.8909090909090909,23,2.875,167.7333333333248,0.20917858330562833,1,1,0,7,3,37,7,3,47,7,3,47,118.89999999989186,0.14827901563007465,5,6,2,0
base,20260712,1,0.12,0.45,0.2,0.18,3,30,9,2881,1915740602,645739931,false,false,813.3999999999176,831.3999999999176,9,7,6,179,23,7,3,7,44,40,4,7,4,0,0.09090909090909091,0.9090909090909091,18,2.25,167.7333333333248,0.20621260552414777,1,0,1,6,3,27,7,3,39,0,0,0,0,0,4,5,2,0
base,20260712,1,0.12,0.45,0.2,0.18,3,30,9,2882,3156209603,853562573,false,false,790.0999999999387,808.0999999999387,9,7,6,179,23,7,3,6,43,38,5,6,5,0,0.11627906976744186,0.8837209302325582,20,2.5,167.7333333333248,0.21229380247226654,1,0,1,6,3,30,7,3,38,0,0,0,0,0,5,14,2,0
base,20260712,1,0.12,0.45,0.2,0.18,3,30,9,2883,258032266,2412546151,false,false,830.0333333332358,848.0333333332358,9,7,6,179,20,6,3,3,37,32,5,3,5,0,0.13513513513513514,0.8648648648648649,16,2,167.7333333333248,0.20208023774146963,1,0,1,5,3,24,6,3,32,0,0,0,0,0,4,5,2,0
base,20260712,1,0.12,0.45,0.2,0.18,3,30,9,2884,3207124358,3407924899,false,false,751.4666666666405,769.4666666666405,9,7,6,179,27,8,3,15,60,51,9,15,9,0,0.15,0.85,25,3.125,167.7333333333248,0.22320794889992543,1,0,1,7,3,46,8,3,51,0,0,0,0,0,4,5,2,0
base,20260712,1,0.12,0.45,0.2,0.18,3,30,9,2885,2509925599,2093945767,false,false,769.9666666666237,787.9666666666237,9,7,6,179,13,4,3,0,23,20,3,0,3,0,0.13043478260869565,0.8695652173913043,11,1.375,167.7333333333248,0.21784492835187777,1,0,1,3,2,17,4,3,20,0,0,0,0,0,2,5,1,0
base,20260712,1,0.12,0.45,0.2,0.18,3,30,9,2886,3822820971,869396442,false,false,797.499999999932,815.499999999932,9,7,6,179,28,9,3,14,53,51,2,14,2,0,0.03773584905660377,0.9622641509433962,24,3,167.7333333333248,0.21032392894462582,1,0,1,7,3,42,9,3,50,0,0,0,0,0,6,11,2,0
base,20260712,1,0.12,0.45,0.2,0.18,3,30,9,2887,2789137795,3768925455,false,false,832.4666666665669,850.4666666665669,9,7,6,179,29,9,3,12,56,50,6,12,6,0,0.10714285714285714,0.8928571428571429,19,2.375,167.7333333333248,0.20148954913111022,1,0,1,5,3,36,9,3,49,0,0,0,0,0,7,10,2,0
base,20260712,1,0.12,0.45,0.2,0.18,3,30,9,2888,1621675041,2053223118,false,false,815.099999999916,833.099999999916,9,7,6,179,25,7,3,14,55,49,6,14,6,0,0.10909090909090909,0.8909090909090909,20,2.5,167.7333333333248,0.205782521572006,1,0,1,6,3,38,7,3,49,0,0,0,0,0,2,5,3,0
base,20260712,1,0.12,0.45,0.2,0.18,3,30,9,2889,3369168718,3809145534,false,false,847.6999999998864,865.6999999998864,9,7,6,179,22,6,3,12,47,43,4,12,4,0,0.0851063829787234,0.9148936170212766,16,2,167.7333333333248,0.19786874287288814,1,0,1,5,3,30,6,3,42,0,0,0,0,0,5,10,3,0
base,20260712,1,0.12,0.45,0.2,0.18,3,30,9,2890,3006302003,692260405,false,false,787.3333333332746,805.3333333332746,9,7,6,179,22,6,3,5,41,36,5,5,5,0,0.12195121951219512,0.8780487804878049,18,2.25,167.7333333333248,0.21303979678239285,1,0,1,5,3,27,6,3,36,0,0,0,0,0,7,11,2,0
base,20260712,1,0.12,0.45,0.2,0.18,3,30,9,2891,182096629,4150434482,false,false,825.0333333332403,843.0333333332403,9,7,6,179,26,8,3,19,60,54,6,19,6,0,0.1,0.9,21,2.625,167.7333333333248,0.20330491697306416,1,0,1,6,3,44,7,3,52,0,0,0,0,0,4,6,2,0
base,20260712,1,0.12,0.45,0.2,0.18,3,30,9,2892,3944954293,3899526389,false,false,826.8999999999053,844.8999999999053,9,7,6,179,23,7,3,10,46,43,3,10,3,0,0.06521739130434782,0.9347826086956522,20,2.5,167.7333333333248,0.20284597089532472,1,0,1,6,2,31,7,3,43,0,0,0,0,0,6,7,1,0
base,20260712,1,0.12,0.45,0.2,0.18,3,30,9,2893,3646666244,3764483646,false,false,845.7333333332215,863.7333333332215,9,7,6,179,25,7,3,5,46,39,7,5,7,0,0.15217391304347827,0.8478260869565217,21,2.625,167.7333333333248,0.1983288664669876,1,0,1,6,3,32,7,3,39,0,0,0,0,0,5,11,2,0
base,20260712,1,0.12,0.45,0.2,0.18,3,30,9,2894,3120423574,3596252543,false,false,839.3999999998939,857.3999999998939,9,7,6,179,21,6,2,14,50,45,5,14,5,0,0.1,0.9,18,2.25,167.7333333333248,0.1998252720197117,1,0,1,5,2,33,6,2,44,0,0,0,0,0,5,5,2,0
base,20260712,1,0.12,0.45,0.2,0.18,3,30,9,2895,3936629208,3911333272,false,false,824.5666666665741,842.5666666665741,9,7,6,179,21,6,3,9,44,40,4,9,4,0,0.09090909090909091,0.9090909090909091,21,2.625,167.7333333333248,0.20341997817036458,1,0,1,6,3,35,6,3,38,0,0,0,0,0,5,11,3,0
base,20260712,1,0.12,0.45,0.2,0.18,3,30,9,2896,1195845113,2235326802,false,false,815.0666666665827,833.0666666665827,9,7,6,179,19,5,3,16,52,45,7,16,7,0,0.1346153846153846,0.8653846153846154,18,2.25,167.7333333333248,0.20579093734664902,1,0,1,5,3,35,5,3,43,0,0,0,0,0,5,8,2,0
base,20260712,1,0.12,0.45,0.2,0.18,3,30,9,2897,3354332450,3637677658,false,false,760.4333333332991,778.4333333332991,9,7,6,179,23,7,3,0,37,32,5,0,5,0,0.13513513513513514,0.8648648648648649,19,2.375,167.7333333333248,0.22057598737561787,1,0,1,6,3,27,7,3,32,0,0,0,0,0,3,5,2,0
base,20260712,1,0.12,0.45,0.2,0.18,3,30,9,2898,2224913804,3762847621,false,false,789.8999999999389,807.8999999999389,9,7,6,179,21,6,3,2,38,32,6,2,6,0,0.15789473684210525,0.8421052631578947,17,2.125,167.7333333333248,0.21234755454277474,1,0,1,5,3,25,6,3,31,0,0,0,0,0,5,14,2,0
base,20260712,1,0.12,0.45,0.2,0.18,3,30,9,2899,3183188134,1720595075,false,false,830.1999999999023,848.1999999999023,9,7,6,179,24,7,3,9,49,43,6,9,6,0,0.12244897959183673,0.8775510204081632,22,2.75,167.7333333333248,0.20203966915604016,1,0,1,7,3,33,7,3,42,0,0,0,0,0,5,11,2,0
base,20260712,1,0.12,0.45,0.2,0.18,3,30,9,2900,302079356,1932228383,false,false,784.2666666666107,802.2666666666107,9,7,6,179,24,7,3,9,50,42,8,9,8,0,0.16,0.84,21,2.625,167.7333333333248,0.21387283236994656,1,0,1,6,3,33,6,3,40,0,0,0,0,0,5,9,2,0
base,20260712,1,0.12,0.45,0.2,0.18,3,30,9,2901,1557109451,2002940321,false,false,776.266666666618,794.266666666618,9,7,6,179,27,8,3,7,49,43,6,7,6,0,0.12244897959183673,0.8775510204081632,23,2.875,167.7333333333248,0.21607694950189194,1,0,1,7,3,36,8,3,43,0,0,0,0,0,3,4,2,0
base,20260712,1,0.12,0.45,0.2,0.18,3,30,9,2902,3618213521,2193892106,false,false,753.7666666666385,771.7666666666385,9,7,6,179,26,8,3,10,52,44,8,10,8,0,0.15384615384615385,0.8461538461538461,22,2.75,167.7333333333248,0.22252686507760722,1,0,1,7,3,36,8,3,44,0,0,0,0,0,3,5,3,0
base,20260712,1,0.12,0.45,0.2,0.18,3,30,9,2903,3349089228,1858423235,true,false,776.0999999999515,794.0999999999515,9,7,6,180,16,5,3,2,33,27,6,2,6,0,0.18181818181818182,0.8181818181818182,15,1.875,167.7333333333248,0.21612335180174627,1,1,0,4,3,24,4,3,26,4,3,26,96.89999999991187,0.12485504445292865,5,14,2,0
base,20260712,1,0.12,0.45,0.2,0.18,3,30,9,2904,2801129120,1481455743,false,false,832.2999999999004,850.2999999999004,9,7,6,179,24,7,3,12,54,46,8,12,8,0,0.14814814814814814,0.8518518518518519,22,2.75,167.7333333333248,0.2015298970723836,1,0,1,7,3,38,7,3,46,0,0,0,0,0,5,5,2,0
base,20260712,1,0.12,0.45,0.2,0.18,3,30,9,2905,2071913685,2248849363,false,false,839.1666666665608,857.1666666665608,9,7,6,179,20,6,3,15,54,45,9,15,9,0,0.16666666666666666,0.8333333333333334,20,2.5,167.7333333333248,0.19988083416088892,1,0,1,6,3,33,6,3,43,0,0,0,0,0,5,8,2,0
base,20260712,1,0.12,0.45,0.2,0.18,3,30,9,2906,3075200930,2054958143,false,false,808.2333333332556,826.2333333332556,9,7,6,179,18,5,3,5,40,33,7,5,7,0,0.175,0.825,17,2.125,167.7333333333248,0.20753082855611943,1,0,1,5,3,29,5,3,33,0,0,0,0,0,2,4,2,0
base,20260712,1,0.12,0.45,0.2,0.18,3,30,9,2907,1085273474,3482901544,false,false,820.8333333332441,838.8333333332441,9,7,6,179,28,8,3,17,63,55,8,17,8,0,0.12698412698412698,0.873015873015873,24,3,167.7333333333248,0.20434517766498642,1,0,1,7,3,45,8,3,54,0,0,0,0,0,6,11,3,0
base,20260712,1,0.12,0.45,0.2,0.18,3,30,9,2908,87463318,3566652637,false,false,784.1999999999441,802.1999999999441,9,7,6,179,28,8,3,14,58,51,7,14,7,0,0.1206896551724138,0.8793103448275862,22,2.75,167.7333333333248,0.21389101419706294,1,0,1,6,3,42,8,3,51,0,0,0,0,0,6,5,3,0
base,20260712,1,0.12,0.45,0.2,0.18,3,30,9,2909,3314706888,2821053697,false,false,784.8999999999435,802.8999999999435,9,7,6,179,28,9,3,7,51,45,6,7,6,0,0.11764705882352941,0.8823529411764706,25,3.125,167.7333333333248,0.2137002590563599,1,0,1,8,3,35,9,3,44,0,0,0,0,0,6,14,2,0
base,20260712,1,0.12,0.45,0.2,0.18,3,30,9,2910,1884862660,874646374,false,false,787.0666666666082,805.0666666666082,9,7,6,179,27,8,3,9,53,46,7,9,7,0,0.1320754716981132,0.8679245283018868,23,2.875,167.7333333333248,0.21311197696087233,1,0,1,7,3,34,8,3,41,0,0,0,0,0,5,5,3,0
base,20260712,1,0.12,0.45,0.2,0.18,3,30,9,2911,2762640524,899109050,true,false,796.9666666665992,814.9666666665992,9,7,6,180,16,5,2,0,30,23,7,0,7,0,0.23333333333333334,0.7666666666666667,13,1.625,167.7333333333248,0.21046467857292944,1,1,0,4,2,20,4,2,21,5,2,23,121.96666666655574,0.1530386047093974,5,8,2,0
base,20260712,1,0.12,0.45,0.2,0.18,3,30,9,2912,57313263,3460049814,false,false,852.6999999998818,870.6999999998818,9,7,6,179,27,8,3,8,54,45,9,8,9,0,0.16666666666666666,0.8333333333333334,27,3.375,167.7333333333248,0.19670849458584266,1,0,1,8,3,40,8,3,44,0,0,0,0,0,5,10,2,0
base,20260712,1,0.12,0.45,0.2,0.18,3,30,9,2913,1281887477,2112368893,false,false,770.6333333332898,788.6333333332898,9,7,6,179,21,6,3,3,37,34,3,3,3,0,0.08108108108108109,0.918918918918919,20,2.5,167.7333333333248,0.21765647303084165,1,0,1,6,3,32,6,3,34,0,0,0,0,0,6,10,2,0
base,20260712,1,0.12,0.45,0.2,0.18,3,30,9,2914,1538869928,2700324224,false,false,824.0999999999078,842.0999999999078,9,7,6,179,17,5,3,1,34,28,6,1,6,0,0.17647058823529413,0.8235294117647058,16,2,167.7333333333248,0.2035351696800674,1,0,1,5,3,25,5,3,28,0,0,0,0,0,5,11,2,0
base,20260712,1,0.12,0.45,0.2,0.18,3,30,9,2915,3192632067,2251178819,false,false,774.7666666666194,792.7666666666194,9,7,6,179,23,6,3,19,55,52,3,19,3,0,0.05454545454545454,0.9454545454545454,19,2.375,167.7333333333248,0.2164952889041884,1,0,1,5,3,41,6,3,51,0,0,0,0,0,5,11,2,0
base,20260712,1,0.12,0.45,0.2,0.18,3,30,9,2916,3695144890,2455104937,false,false,765.1666666666281,783.1666666666281,9,7,6,179,23,7,3,10,49,43,6,10,6,0,0.12244897959183673,0.8775510204081632,23,2.875,167.7333333333248,0.21921150076236104,1,0,1,7,3,33,7,3,43,0,0,0,0,0,5,7,2,0
base,20260712,1,0.12,0.45,0.2,0.18,3,30,9,2917,2541602909,1100459451,false,false,817.9666666665801,835.9666666665801,9,7,6,179,19,5,3,6,42,35,7,6,7,0,0.16666666666666666,0.8333333333333334,14,1.75,167.7333333333248,0.20506133094259246,1,0,1,4,3,24,5,3,35,0,0,0,0,0,3,4,2,0
base,20260712,1,0.12,0.45,0.2,0.18,3,30,9,2918,2142383134,3912702032,false,false,814.3666666665833,832.3666666665833,9,7,6,179,25,8,3,5,47,38,9,5,9,0,0.19148936170212766,0.8085106382978723,20,2.5,167.7333333333248,0.20596782775982395,1,0,1,6,3,29,7,3,37,0,0,0,0,0,4,5,2,0
base,20260712,1,0.12,0.45,0.2,0.18,3,30,9,2919,1133019840,2479567485,false,false,793.4666666666024,811.4666666666024,9,7,6,179,24,7,3,14,54,46,8,14,8,0,0.14814814814814814,0.8518518518518519,22,2.75,167.7333333333248,0.21139304318602553,1,0,1,6,3,39,7,3,46,0,0,0,0,0,6,10,2,0
base,20260712,1,0.12,0.45,0.2,0.18,3,30,9,2920,89411442,897506349,false,false,808.3999999999221,826.3999999999221,9,7,6,179,21,6,3,13,51,44,7,13,7,0,0.13725490196078433,0.8627450980392157,21,2.625,167.7333333333248,0.20748804222333123,1,0,1,6,3,35,6,3,43,0,0,0,0,0,4,5,2,0
base,20260712,1,0.12,0.45,0.2,0.18,3,30,9,2921,3451180619,3287796414,false,false,781.0666666666136,799.0666666666136,9,7,6,179,15,4,3,0,26,22,4,0,4,0,0.15384615384615385,0.8461538461538461,10,1.25,167.7333333333248,0.2147490611130115,1,0,1,2,1,19,4,3,22,0,0,0,0,0,6,11,1,0
base,20260712,1,0.12,0.45,0.2,0.18,3,30,9,2922,1375237165,2771182826,false,false,776.3333333332846,794.3333333332846,9,7,6,179,27,8,3,12,52,49,3,12,3,0,0.057692307692307696,0.9423076923076923,24,3,167.7333333333248,0.2160583941605865,1,0,1,7,3,40,8,3,48,0,0,0,0,0,4,7,2,0
base,20260712,1,0.12,0.45,0.2,0.18,3,30,9,2923,3426108824,1409277392,false,false,783.4666666666114,801.4666666666114,9,7,6,179,20,6,3,2,35,30,5,2,5,0,0.14285714285714285,0.8571428571428571,15,1.875,167.7333333333248,0.21409121851600146,1,0,1,4,3,25,6,3,30,0,0,0,0,0,5,11,2,0
base,20260712,1,0.12,0.45,0.2,0.18,3,30,9,2924,635461793,2573715919,false,false,759.766666666633,777.766666666633,9,7,6,179,24,7,3,12,55,46,9,12,9,0,0.16363636363636364,0.8363636363636363,23,2.875,167.7333333333248,0.2207695345062066,1,0,1,7,3,41,7,3,46,0,0,0,0,0,4,5,2,0
base,20260712,1,0.12,0.45,0.2,0.18,3,30,9,2925,4165253356,431813991,true,false,752.3333333333064,770.3333333333064,9,7,6,180,18,5,3,1,33,29,4,1,4,0,0.12121212121212122,0.8787878787878788,14,1.75,167.7333333333248,0.22295081967212776,1,1,0,4,3,21,5,3,27,5,3,28,75.03333333326509,0.09973416038981095,6,11,1,0
base,20260712,1,0.12,0.45,0.2,0.18,3,30,9,2926,3819207459,2078455527,false,false,828.5999999999037,846.5999999999037,9,7,6,179,17,5,3,0,32,25,7,0,7,0,0.21875,0.78125,15,1.875,167.7333333333248,0.20242980127123375,1,0,1,4,3,22,5,3,25,0,0,0,0,0,6,11,2,0
base,20260712,1,0.12,0.45,0.2,0.18,3,30,9,2927,3995407772,3376999030,true,false,795.2333333332674,813.2333333332674,9,7,6,180,19,6,3,2,34,30,4,2,4,0,0.11764705882352941,0.8823529411764706,16,2,167.7333333333248,0.21092341870311276,1,1,0,5,3,25,6,3,29,6,3,29,114.16666666656283,0.14356373391445568,6,11,2,0
base,20260712,1,0.12,0.45,0.2,0.18,3,30,9,2928,3662983899,3358277804,false,false,805.4333333332581,823.4333333332581,9,7,6,179,13,4,3,0,26,22,4,0,4,0,0.15384615384615385,0.8461538461538461,8,1,167.7333333333248,0.2082522865538308,1,0,1,2,1,15,4,3,21,0,0,0,0,0,5,10,1,0
base,20260712,1,0.12,0.45,0.2,0.18,3,30,9,2929,3460050420,1866351328,false,false,791.0666666666045,809.0666666666045,9,7,6,179,21,6,3,7,41,38,3,7,3,0,0.07317073170731707,0.926829268292683,19,2.375,167.7333333333248,0.21203438395416058,1,0,1,6,3,29,6,3,36,0,0,0,0,0,6,10,2,0
base,20260712,1,0.12,0.45,0.2,0.18,3,30,9,2930,839932867,415904115,false,false,787.4999999999411,805.4999999999411,9,7,6,179,25,7,3,11,53,46,7,11,7,0,0.1320754716981132,0.8679245283018868,24,3,167.7333333333248,0.21299470899471407,1,0,1,7,3,41,7,3,46,0,0,0,0,0,6,6,3,0
base,20260712,1,0.12,0.45,0.2,0.18,3,30,9,2931,3919176794,1198446517,true,false,809.5666666665877,827.5666666665877,9,7,6,180,16,4,2,1,36,27,9,1,9,0,0.25,0.75,13,1.625,167.7333333333248,0.20718903116894777,1,1,0,4,2,20,4,2,26,4,2,26,138.0666666665411,0.17054391238097075,5,11,2,0
base,20260712,1,0.12,0.45,0.2,0.18,3,30,9,2932,3498930229,1207793358,false,false,809.4999999999211,827.4999999999211,9,7,6,179,26,8,3,12,55,48,7,12,7,0,0.12727272727272726,0.8727272727272727,24,3,167.7333333333248,0.20720609429690073,1,0,1,7,3,43,8,3,48,0,0,0,0,0,3,4,2,0
base,20260712,1,0.12,0.45,0.2,0.18,3,30,9,2933,3638365361,1787997264,false,false,773.7999999999536,791.7999999999536,9,7,6,179,26,7,2,13,53,49,4,13,4,0,0.07547169811320754,0.9245283018867925,22,2.75,167.7333333333248,0.21676574480916885,1,0,1,6,2,37,7,2,46,0,0,0,0,0,6,5,2,0
base,20260712,1,0.12,0.45,0.2,0.18,3,30,9,2934,563105409,3484691240,false,false,756.2666666666362,774.2666666666362,9,7,6,179,24,7,2,12,49,46,3,12,3,0,0.061224489795918366,0.9387755102040817,23,2.875,167.7333333333248,0.2217912552891373,1,0,1,7,2,37,7,2,46,0,0,0,0,0,4,5,3,0
base,20260712,1,0.12,0.45,0.2,0.18,3,30,9,2935,127474828,21106249,false,false,758.4666666666342,776.4666666666342,9,7,6,179,31,9,3,19,63,58,5,19,5,0,0.07936507936507936,0.9206349206349206,25,3.125,167.7333333333248,0.2211479300342779,1,0,1,7,3,43,9,3,58,0,0,0,0,0,3,5,2,0
base,20260712,1,0.12,0.45,0.2,0.18,3,30,9,2936,2248938641,2174011546,false,false,764.8333333332951,782.8333333332951,9,7,6,179,20,6,3,15,55,45,10,15,10,0,0.18181818181818182,0.8181818181818182,18,2.25,167.7333333333248,0.21930703857049447,1,0,1,5,3,32,6,3,44,0,0,0,0,0,6,10,2,0
base,20260712,1,0.12,0.45,0.2,0.18,3,30,9,2937,4066189622,1916914714,false,false,823.1999999999086,841.1999999999086,9,7,6,179,18,5,3,4,35,32,3,4,3,0,0.08571428571428572,0.9142857142857143,18,2.25,167.7333333333248,0.20375769355362416,1,0,1,5,3,28,5,3,32,0,0,0,0,0,7,11,2,0
base,20260712,1,0.12,0.45,0.2,0.18,3,30,9,2938,2253081583,4150359267,false,false,802.2999999999276,820.2999999999276,9,7,6,179,19,6,3,0,31,28,3,0,3,0,0.0967741935483871,0.9032258064516129,16,2,167.7333333333248,0.2090656030578835,1,0,1,5,3,24,6,3,28,0,0,0,0,0,2,7,2,0
base,20260712,1,0.12,0.45,0.2,0.18,3,30,9,2939,392492170,3620011824,true,false,774.4999999999529,792.4999999999529,9,7,6,180,20,6,3,5,40,35,5,5,5,0,0.125,0.875,20,2.5,167.7333333333248,0.2165698299978502,1,1,0,6,3,31,6,3,33,6,3,33,83.39999999992415,0.10768237572618362,5,14,2,0
base,20260712,1,0.12,0.45,0.2,0.18,3,30,9,2940,2480353114,465669971,false,false,780.2999999999477,798.2999999999477,9,7,6,179,21,6,3,3,38,34,4,3,4,0,0.10526315789473684,0.8947368421052632,20,2.5,167.7333333333248,0.21496005809731647,1,0,1,6,3,30,6,3,34,0,0,0,0,0,6,11,3,0
base,20260712,1,0.12,0.45,0.2,0.18,3,30,9,2941,2837823434,3633685838,false,false,810.1333333332539,828.1333333332539,9,7,6,179,19,5,3,3,37,32,5,3,5,0,0.13513513513513514,0.8648648648648649,16,2,167.7333333333248,0.2070441079657767,1,0,1,4,3,28,5,3,32,0,0,0,0,0,5,7,2,0
base,20260712,1,0.12,0.45,0.2,0.18,3,30,9,2942,371589044,2512491619,false,false,773.633333333287,791.633333333287,9,7,6,179,23,7,3,8,44,41,3,8,3,0,0.06818181818181818,0.9318181818181818,19,2.375,167.7333333333248,0.2168124434486641,1,0,1,6,3,31,7,3,41,0,0,0,0,0,5,11,3,0
base,20260712,1,0.12,0.45,0.2,0.18,3,30,9,2943,686874997,3811526891,true,false,827.8333333332378,845.8333333332378,9,7,6,180,18,5,2,4,35,32,3,4,3,0,0.08571428571428572,0.9142857142857143,11,1.375,167.7333333333248,0.20261727400846888,1,1,0,3,2,19,5,2,31,5,2,31,134.29999999987785,0.16223072277015504,5,14,2,0
base,20260712,1,0.12,0.45,0.2,0.18,3,30,9,2944,2953689637,1159255875,false,false,767.6666666666258,785.6666666666258,9,7,6,179,23,7,3,5,43,37,6,5,6,0,0.13953488372093023,0.8604651162790697,20,2.5,167.7333333333248,0.21849761181068222,1,0,1,6,3,34,7,3,37,0,0,0,0,0,3,7,2,0
base,20260712,1,0.12,0.45,0.2,0.18,3,30,9,2945,1449825249,1394426326,true,false,781.4999999999466,799.4999999999466,9,7,6,180,26,8,3,17,58,53,5,17,5,0,0.08620689655172414,0.9137931034482759,24,3,167.7333333333248,0.21462998507144757,1,1,0,7,3,42,8,3,52,8,3,52,111.36666666656538,0.14250373213892897,6,10,5,0
base,20260712,1,0.12,0.45,0.2,0.18,3,30,9,2946,3138215760,707821063,false,false,767.0999999999597,785.0999999999597,9,7,6,179,13,3,2,0,24,22,2,0,2,0,0.08333333333333333,0.9166666666666666,11,1.375,167.7333333333248,0.2186590188154525,1,0,1,3,2,17,3,2,22,0,0,0,0,0,5,14,2,0
base,20260712,1,0.12,0.45,0.2,0.18,3,30,9,2947,1080898899,1088487288,false,false,800.6666666665958,818.6666666665958,9,7,6,179,21,6,3,6,41,36,5,6,5,0,0.12195121951219512,0.8780487804878049,15,1.875,167.7333333333248,0.20949208992507032,1,0,1,4,3,27,6,3,35,0,0,0,0,0,7,8,3,0
base,20260712,1,0.12,0.45,0.2,0.18,3,30,9,2948,910222349,3574189023,true,false,811.7666666665857,829.7666666665857,9,7,6,180,19,5,2,4,34,32,2,4,2,0,0.058823529411764705,0.9411764705882353,18,2.25,167.7333333333248,0.2066275202233912,1,1,0,5,2,28,5,2,32,5,2,32,133.43333333321198,0.16437399909648742,5,13,2,0
base,20260712,1,0.12,0.45,0.2,0.18,3,30,9,2949,355068524,3432916530,false,false,804.7333333332588,822.7333333332588,9,7,6,179,17,5,2,8,40,33,7,8,7,0,0.175,0.825,13,1.625,167.7333333333248,0.20843343550659474,1,0,1,3,2,25,5,2,33,0,0,0,0,0,3,5,2,0
base,20260712,1,0.12,0.45,0.2,0.18,3,30,9,2950,1620153244,3803631267,false,false,744.2999999999804,762.2999999999804,9,7,6,179,31,10,3,11,57,52,5,11,5,0,0.08771929824561403,0.9122807017543859,28,3.5,167.7333333333248,0.22535715885171195,1,0,1,9,3,43,10,3,51,0,0,0,0,0,5,7,2,0
base,20260712,1,0.12,0.45,0.2,0.18,3,30,9,2951,2375129223,3207605818,true,false,766.7333333332933,784.7333333332933,9,7,6,180,22,7,3,5,41,36,5,5,5,0,0.12195121951219512,0.8780487804878049,18,2.25,167.7333333333248,0.21876358577515026,1,1,0,5,3,31,7,3,34,7,3,35,82.36666666659175,0.10742544126588477,5,13,2,0
base,20260712,1,0.12,0.45,0.2,0.18,3,30,9,2952,552479520,1445056057,false,false,773.8333333332869,791.8333333332869,9,7,6,179,24,7,2,19,61,52,9,19,9,0,0.14754098360655737,0.8524590163934426,20,2.5,167.7333333333248,0.21675640749515598,1,0,1,6,2,40,7,2,52,0,0,0,0,0,3,3,3,0
base,20260712,1,0.12,0.45,0.2,0.18,3,30,9,2953,3021899944,1756064945,false,false,830.5333333332353,848.5333333332353,9,7,6,179,18,5,3,1,31,28,3,1,3,0,0.0967741935483871,0.9032258064516129,15,1.875,167.7333333333248,0.2019585808316077,1,0,1,4,3,23,5,3,28,0,0,0,0,0,5,14,2,0
base,20260712,1,0.12,0.45,0.2,0.18,3,30,9,2954,3885917920,247521833,false,false,823.1999999999086,841.1999999999086,9,7,6,179,21,6,3,5,41,36,5,5,5,0,0.12195121951219512,0.8780487804878049,17,2.125,167.7333333333248,0.20375769355362416,1,0,1,4,2,30,6,3,35,0,0,0,0,0,6,11,2,0
base,20260712,1,0.12,0.45,0.2,0.18,3,30,9,2955,1651331209,3377817666,false,false,851.2333333332165,869.2333333332165,9,7,6,179,24,7,3,11,53,45,8,11,8,0,0.1509433962264151,0.8490566037735849,21,2.625,167.7333333333248,0.19704742138859047,1,0,1,6,3,38,7,3,45,0,0,0,0,0,6,10,3,0
base,20260712,1,0.12,0.45,0.2,0.18,3,30,9,2956,1382210790,3118073628,false,false,806.5999999999237,824.5999999999237,9,7,6,179,19,5,3,5,35,34,1,5,1,0,0.02857142857142857,0.9714285714285714,17,2.125,167.7333333333248,0.2079510703364005,1,0,1,4,3,28,5,3,34,0,0,0,0,0,3,7,2,0
base,20260712,1,0.12,0.45,0.2,0.18,3,30,9,2957,3593992290,2322306074,false,false,823.1666666665753,841.1666666665753,9,7,6,179,25,7,2,18,55,53,2,18,2,0,0.03636363636363636,0.9636363636363636,23,2.875,167.7333333333248,0.20376594452319507,1,0,1,6,2,46,7,2,51,0,0,0,0,0,6,11,2,0
base,20260712,1,0.12,0.45,0.2,0.18,3,30,9,2958,2909753436,470152301,false,false,777.1666666666172,795.1666666666172,9,7,6,179,23,7,3,13,52,46,6,13,6,0,0.11538461538461539,0.8846153846153846,19,2.375,167.7333333333248,0.2158267209950703,1,0,1,6,3,33,7,3,46,0,0,0,0,0,6,11,3,0
base,20260712,1,0.12,0.45,0.2,0.18,3,30,9,2959,518164714,43422304,false,false,776.599999999951,794.599999999951,9,7,6,179,21,6,3,7,45,38,7,7,7,0,0.15555555555555556,0.8444444444444444,17,2.125,167.7333333333248,0.21598420465276252,1,0,1,5,3,29,6,3,38,0,0,0,0,0,5,5,2,0
base,20260712,1,0.12,0.45,0.2,0.18,3,30,9,2960,915103260,3086153159,false,false,831.4333333332345,849.4333333332345,9,7,6,179,28,8,3,19,65,57,8,19,8,0,0.12307692307692308,0.8769230769230769,25,3.125,167.7333333333248,0.20173996712505882,1,0,1,8,3,45,8,3,57,0,0,0,0,0,6,6,2,0
base,20260712,1,0.12,0.45,0.2,0.18,3,30,9,2961,3062526471,2999157605,true,false,800.2333333332629,818.2333333332629,9,7,6,180,16,5,3,0,28,25,3,0,3,0,0.10714285714285714,0.8928571428571429,15,1.875,167.7333333333248,0.2096055317199228,1,1,0,5,3,22,5,3,24,5,3,24,124.36666666655356,0.15541300454021473,6,10,1,0
base,20260712,1,0.12,0.45,0.2,0.18,3,30,9,2962,1611807446,190331845,true,false,744.8999999999799,762.8999999999799,9,7,6,180,28,9,3,9,50,46,4,9,4,0,0.08,0.92,22,2.75,167.7333333333248,0.22517563878819885,1,1,0,6,3,37,8,3,44,8,3,45,81.39999999992597,0.10927641294123798,5,13,2,0
base,20260712,1,0.12,0.45,0.2,0.18,3,30,9,2963,2378043760,2750192045,false,false,830.5999999999019,848.5999999999019,9,7,6,179,25,7,3,13,55,48,7,13,7,0,0.12727272727272726,0.8727272727272727,23,2.875,167.7333333333248,0.20194237097681747,1,0,1,7,3,39,7,3,48,0,0,0,0,0,5,14,3,0
base,20260712,1,0.12,0.45,0.2,0.18,3,30,9,2964,1087161015,1120454019,false,false,776.6999999999509,794.6999999999509,9,7,6,179,22,7,3,16,50,47,3,16,3,0,0.06,0.94,19,2.375,167.7333333333248,0.21595639672117342,1,0,1,6,3,39,7,3,46,0,0,0,0,0,6,8,2,0
base,20260712,1,0.12,0.45,0.2,0.18,3,30,9,2965,2857817955,2866564682,false,false,815.8333333332487,833.8333333332487,9,7,6,179,23,7,3,3,42,36,6,3,6,0,0.14285714285714285,0.8571428571428571,18,2.25,167.7333333333248,0.2055975485189077,1,0,1,5,3,27,7,3,35,0,0,0,0,0,3,4,2,0
base,20260712,1,0.12,0.45,0.2,0.18,3,30,9,2966,1943768990,72129001,false,false,826.5666666665722,844.5666666665722,9,7,6,179,18,6,3,0,30,26,4,0,4,0,0.13333333333333333,0.8666666666666667,14,1.75,167.7333333333248,0.2029277735210033,1,0,1,4,3,23,6,3,26,0,0,0,0,0,3,6,2,0
base,20260712,1,0.12,0.45,0.2,0.18,3,30,9,2967,1751066736,427558742,false,false,829.6666666665694,847.6666666665694,9,7,6,179,24,7,3,7,45,41,4,7,4,0,0.08888888888888889,0.9111111111111111,19,2.375,167.7333333333248,0.202169546002424,1,0,1,5,2,32,7,3,40,0,0,0,0,0,5,10,2,0
base,20260712,1,0.12,0.45,0.2,0.18,3,30,9,2968,1095091823,2232203957,false,false,763.5999999999628,781.5999999999628,9,7,6,179,20,6,2,6,41,35,6,6,6,0,0.14634146341463414,0.8536585365853658,16,2,167.7333333333248,0.21966125371049366,1,0,1,4,2,30,6,2,35,0,0,0,0,0,3,7,2,0
base,20260712,1,0.12,0.45,0.2,0.18,3,30,9,2969,3509510474,3311457298,false,false,816.5999999999146,834.5999999999146,9,7,6,179,23,6,2,13,51,45,6,13,6,0,0.11764705882352941,0.8823529411764706,20,2.5,167.7333333333248,0.20540452281820026,1,0,1,5,2,34,6,2,45,0,0,0,0,0,6,11,4,0
base,20260712,1,0.12,0.45,0.2,0.18,3,30,9,2970,3569503536,4222539680,false,false,834.6999999998982,852.6999999998982,9,7,6,179,20,6,3,5,40,33,7,5,7,0,0.175,0.825,12,1.5,167.7333333333248,0.20095044127632114,1,0,1,3,2,25,6,3,33,0,0,0,0,0,5,11,3,0
base,20260712,1,0.12,0.45,0.2,0.18,3,30,9,2971,4061297125,184596966,false,false,824.233333333241,842.233333333241,9,7,6,179,25,8,3,6,43,41,2,6,2,0,0.046511627906976744,0.9534883720930233,23,2.875,167.7333333333248,0.20350224451006216,1,0,1,7,3,37,8,3,40,0,0,0,0,0,5,14,2,0
base,20260712,1,0.12,0.45,0.2,0.18,3,30,9,2972,510216080,2708134044,false,false,808.5999999999219,826.5999999999219,9,7,6,179,27,8,3,16,62,53,9,16,9,0,0.14516129032258066,0.8548387096774194,19,2.375,167.7333333333248,0.20743672190618476,1,0,1,5,3,40,8,3,52,0,0,0,0,0,6,8,2,0
base,20260712,1,0.12,0.45,0.2,0.18,3,30,9,2973,2627016483,2839385681,true,false,788.6333333332734,806.6333333332734,9,7,6,180,17,5,3,12,42,38,4,12,4,0,0.09523809523809523,0.9047619047619048,15,1.875,167.7333333333248,0.21268861743945755,1,1,0,4,3,26,4,3,37,4,3,37,124.06666666655383,0.1573185679866815,6,8,3,0
base,20260712,1,0.12,0.45,0.2,0.18,3,30,9,2974,3794977092,2197391759,false,false,763.6666666666295,781.6666666666295,9,7,6,179,23,7,3,12,54,45,9,12,9,0,0.16666666666666666,0.8333333333333334,19,2.375,167.7333333333248,0.21964207769532906,1,0,1,5,3,35,7,3,45,0,0,0,0,0,3,4,2,0
base,20260712,1,0.12,0.45,0.2,0.18,3,30,9,2975,4223146019,2459473500,true,false,806.2666666665907,824.2666666665907,9,7,6,180,21,6,3,10,48,41,7,10,7,0,0.14583333333333334,0.8541666666666666,20,2.5,167.7333333333248,0.20803704316190746,1,1,0,6,3,32,6,3,36,6,3,40,118.13333333322589,0.14651893500897598,5,11,2,0
base,20260712,1,0.12,0.45,0.2,0.18,3,30,9,2976,231038106,3348898174,false,false,824.4666666665742,842.4666666665742,9,7,6,179,20,6,3,6,42,36,6,6,6,0,0.14285714285714285,0.8571428571428571,20,2.5,167.7333333333248,0.20344465108758422,1,0,1,6,3,29,6,3,36,0,0,0,0,0,5,11,2,0
base,20260712,1,0.12,0.45,0.2,0.18,3,30,9,2977,2573565244,2379145735,false,false,833.5333333332326,851.5333333332326,9,7,6,179,26,8,3,9,51,43,8,9,8,0,0.1568627450980392,0.8431372549019608,20,2.5,167.7333333333248,0.20123170439096025,1,0,1,6,3,31,8,3,42,0,0,0,0,0,5,8,2,0
base,20260712,1,0.12,0.45,0.2,0.18,3,30,9,2978,3137734675,1175938202,false,false,826.5666666665722,844.5666666665722,9,7,6,179,19,5,3,4,38,32,6,4,6,0,0.15789473684210525,0.8421052631578947,17,2.125,167.7333333333248,0.2029277735210033,1,0,1,5,3,27,5,3,31,0,0,0,0,0,5,14,2,0
base,20260712,1,0.12,0.45,0.2,0.18,3,30,9,2979,309845859,3426077310,false,false,771.4666666666224,789.4666666666224,9,7,6,179,26,8,3,13,52,49,3,13,3,0,0.057692307692307696,0.9423076923076923,24,3,167.7333333333248,0.21742136190805533,1,0,1,7,3,37,8,3,47,0,0,0,0,0,5,7,2,0
base,20260712,1,0.12,0.45,0.2,0.18,3,30,9,2980,3789261142,1553509641,false,false,807.3666666665897,825.3666666665897,9,7,6,179,26,8,3,8,50,42,8,8,8,0,0.16,0.84,19,2.375,167.7333333333248,0.20775360224599412,1,0,1,5,3,36,8,3,42,0,0,0,0,0,3,7,2,0
base,20260712,1,0.12,0.45,0.2,0.18,3,30,9,2981,253841583,3796215447,false,false,772.2666666666216,790.2666666666216,9,7,6,179,19,6,3,2,31,29,2,2,2,0,0.06451612903225806,0.9354838709677419,16,2,167.7333333333248,0.2171961325966867,1,0,1,5,3,24,6,3,29,0,0,0,0,0,6,9,2,0
base,20260712,1,0.12,0.45,0.2,0.18,3,30,9,2982,1180594418,3353117964,false,false,768.7999999999581,786.7999999999581,9,7,6,179,24,7,3,8,47,42,5,8,5,0,0.10638297872340426,0.8936170212765957,20,2.5,167.7333333333248,0.21817551161984122,1,0,1,6,3,33,7,3,41,0,0,0,0,0,5,8,2,0
base,20260712,1,0.12,0.45,0.2,0.18,3,30,9,2983,2663388956,2141307682,false,false,816.2999999999149,834.2999999999149,9,7,6,179,28,8,3,12,56,49,7,12,7,0,0.125,0.875,24,3,167.7333333333248,0.2054800114337159,1,0,1,7,3,39,8,3,49,0,0,0,0,0,5,7,2,0
base,20260712,1,0.12,0.45,0.2,0.18,3,30,9,2984,2147892386,220486213,false,false,802.2999999999276,820.2999999999276,9,7,6,179,21,6,3,14,53,45,8,14,8,0,0.1509433962264151,0.8490566037735849,19,2.375,167.7333333333248,0.2090656030578835,1,0,1,6,3,34,6,3,45,0,0,0,0,0,4,7,3,0
base,20260712,1,0.12,0.45,0.2,0.18,3,30,9,2985,158899949,679158864,false,false,812.3333333332519,830.3333333332519,9,7,6,179,23,7,3,11,51,44,7,11,7,0,0.13725490196078433,0.8627450980392157,22,2.75,167.7333333333248,0.20648338120641152,1,0,1,7,3,33,7,3,44,0,0,0,0,0,3,4,3,0
base,20260712,1,0.12,0.45,0.2,0.18,3,30,9,2986,1479533352,1822548952,false,false,805.4999999999247,823.4999999999247,9,7,6,179,31,10,3,31,77,71,6,31,6,0,0.07792207792207792,0.922077922077922,28,3.5,167.7333333333248,0.20823505069316012,1,0,1,9,3,48,9,3,69,0,0,0,0,0,5,7,4,0
base,20260712,1,0.12,0.45,0.2,0.18,3,30,9,2987,2262731973,2786061299,false,false,861.3999999998739,879.3999999998739,9,7,6,179,30,9,3,14,62,54,8,14,8,0,0.12903225806451613,0.8709677419354839,22,2.75,167.7333333333248,0.1947217707607956,1,0,1,7,3,34,8,3,51,0,0,0,0,0,5,11,3,0
base,20260712,1,0.12,0.45,0.2,0.18,3,30,9,2988,2592135871,1306514180,false,false,837.1999999998959,855.1999999998959,9,7,6,179,19,5,3,3,36,32,4,3,4,0,0.1111111111111111,0.8888888888888888,17,2.125,167.7333333333248,0.20035037426343244,1,0,1,5,3,26,5,3,32,0,0,0,0,0,6,11,2,0
base,20260712,1,0.12,0.45,0.2,0.18,3,30,9,2989,136519652,4145381463,false,false,790.0999999999387,808.0999999999387,9,7,6,179,15,4,3,0,31,24,7,0,7,0,0.22580645161290322,0.7741935483870968,10,1.25,167.7333333333248,0.21229380247226654,1,0,1,3,3,19,4,3,24,0,0,0,0,0,6,11,3,0
base,20260712,1,0.12,0.45,0.2,0.18,3,30,9,2990,3092125916,2948711849,false,false,775.2666666666189,793.2666666666189,9,7,6,179,20,6,3,3,42,33,9,3,9,0,0.21428571428571427,0.7857142857142857,15,1.875,167.7333333333248,0.21635566256772096,1,0,1,5,3,23,6,3,32,0,0,0,0,0,5,10,4,0
base,20260712,1,0.12,0.45,0.2,0.18,3,30,9,2991,4048518938,3390558745,false,false,816.3333333332482,834.3333333332482,9,7,6,179,25,7,3,20,63,55,8,20,8,0,0.12698412698412698,0.873015873015873,24,3,167.7333333333248,0.20547162106983538,1,0,1,7,3,41,7,3,54,0,0,0,0,0,2,5,3,0
base,20260712,1,0.12,0.45,0.2,0.18,3,30,9,2992,3379929998,3895216177,true,false,823.5999999999083,841.5999999999083,9,7,6,180,22,7,3,1,38,33,5,1,5,0,0.13157894736842105,0.868421052631579,19,2.375,167.7333333333248,0.20365873401328735,1,1,0,6,3,29,7,3,32,7,3,32,159.1999999998552,0.19329771733835957,3,7,2,0
base,20260712,1,0.12,0.45,0.2,0.18,3,30,9,2993,980399198,2332809181,false,false,843.7999999998899,861.7999999998899,9,7,6,179,25,7,3,12,46,46,0,12,0,0,0,1,20,2.5,167.7333333333248,0.19878328197836773,1,0,1,5,3,39,7,3,46,0,0,0,0,0,6,14,1,0
base,20260712,1,0.12,0.45,0.2,0.18,3,30,9,2994,169163808,1313098939,true,false,809.3999999999212,827.3999999999212,9,7,6,180,19,6,3,0,32,29,3,0,3,0,0.09375,0.90625,14,1.75,167.7333333333248,0.2072316942591316,1,1,0,4,3,22,6,3,28,6,3,28,122.23333333322216,0.15101721439737345,5,8,1,0
base,20260712,1,0.12,0.45,0.2,0.18,3,30,9,2995,2651013332,1851740899,false,false,817.5666666665804,835.5666666665804,9,7,6,179,25,7,3,8,45,43,2,8,2,0,0.044444444444444446,0.9555555555555556,19,2.375,167.7333333333248,0.20516165858035124,1,0,1,5,3,34,7,3,42,0,0,0,0,0,6,8,1,0
base,20260712,1,0.12,0.45,0.2,0.18,3,30,9,2996,643267194,2487263954,false,false,820.6666666665776,838.6666666665776,9,7,6,179,22,6,3,7,51,39,12,7,12,0,0.23529411764705882,0.7647058823529411,21,2.625,167.7333333333248,0.2043866774979809,1,0,1,6,3,34,6,3,38,0,0,0,0,0,5,14,2,0
base,20260712,1,0.12,0.45,0.2,0.18,3,30,9,2997,238477568,3677831428,false,false,823.133333333242,841.133333333242,9,7,6,179,25,7,3,13,52,47,5,13,5,0,0.09615384615384616,0.9038461538461539,21,2.625,167.7333333333248,0.203774196161023,1,0,1,6,3,40,7,3,47,0,0,0,0,0,5,11,2,0
base,20260712,1,0.12,0.45,0.2,0.18,3,30,9,2998,3076104119,3679421726,false,false,802.2999999999276,820.2999999999276,9,7,6,179,21,6,3,5,43,36,7,5,7,0,0.16279069767441862,0.8372093023255814,16,2,167.7333333333248,0.2090656030578835,1,0,1,4,3,25,6,3,34,0,0,0,0,0,5,7,2,0
base,20260712,1,0.12,0.45,0.2,0.18,3,30,9,2999,2334876383,3446584219,false,false,794.2666666666016,812.2666666666016,9,7,6,179,22,6,3,13,52,45,7,13,7,0,0.1346153846153846,0.8653846153846154,22,2.75,167.7333333333248,0.21118012422360902,1,0,1,6,3,39,6,3,45,0,0,0,0,0,6,8,2,0
