variants,batchSeed,metaPowerMultiplier,permanentMissChance,pickupReactionSeconds,pickupReactionJitterSeconds,pickupActionIntervalSeconds,perkDecisionSeconds,simulationHz,totalWaves,runIndex,gameplaySeed,botSeed,win,timedOut,activeDurationSeconds,estimatedWallDurationSeconds,waveReached,level,perkDecisions,kills,merges,formed3Star,locked3Star,consumes,dropsGenerated,collected,expired,cardsFull,permanentlyMissedDrops,unresolvedDrops,expiredRate,collectedRate,mergesBeforeBoss,mergesPerRegularWave,breatherSeconds,breatherShare,bossReached,bossKilled,bossBreached,bossEntryFormed3Star,bossEntryLocked3Star,bossEntryCollected,bossSpawnFormed3Star,bossSpawnLocked3Star,bossSpawnCollected,preBossKillFormed3Star,preBossKillLocked3Star,preBossKillCollected,bossFightDurationSeconds,bossShare,peakEnemies,peakBullets,peakDrops,peakParticles
difficulty-easy,20260712,1,0.12,0.45,0.2,0.18,3,30,9,0,2296215870,2743432545,true,false,769.333333333291,790.333333333291,9,8,7,180,26,8,3,16,60,52,8,16,8,0,0.13333333333333333,0.8666666666666667,25,3.125,167.7333333333248,0.21802426343154338,1,1,0,8,3,42,8,3,50,8,3,51,80.16666666659376,0.10420277296351582,6,8,2,0
difficulty-easy,20260712,1,0.12,0.45,0.2,0.18,3,30,9,1,121806499,3016168439,true,false,841.9999999998915,862.9999999998915,9,8,7,180,21,6,3,5,40,36,4,5,4,0,0.1,0.9,18,2.25,167.7333333333248,0.19920823436264418,1,1,0,5,3,27,6,3,35,6,3,35,155.6666666665251,0.1848772763260631,3,4,2,0
difficulty-easy,20260712,1,0.12,0.45,0.2,0.18,3,30,9,2,584696471,3861983035,true,false,812.6999999999182,833.6999999999182,9,8,7,180,23,6,3,7,44,40,4,7,4,0,0.09090909090909091,0.9090909090909091,21,2.625,167.7333333333248,0.20639022189410813,1,1,0,6,3,35,6,3,39,6,3,39,126.63333333321816,0.15581805504273522,4,11,2,0
difficulty-easy,20260712,1,0.12,0.45,0.2,0.18,3,30,9,3,2410699453,783182251,true,false,768.6999999999582,789.6999999999582,9,8,7,180,24,7,3,11,49,45,4,11,4,0,0.08163265306122448,0.9183673469387755,19,2.375,167.7333333333248,0.21820389402020804,1,1,0,5,3,33,7,3,43,7,3,44,80.46666666659348,0.10467889510419912,5,8,2,0
difficulty-easy,20260712,1,0.12,0.45,0.2,0.18,3,30,9,4,3511399940,1742797195,false,false,795.4666666666005,816.4666666666005,9,8,7,179,27,8,3,13,52,50,2,13,2,0,0.038461538461538464,0.9615384615384616,26,3.25,167.7333333333248,0.2108615487764064,1,0,1,8,3,43,8,3,48,0,0,0,0,0,5,10,1,0
difficulty-easy,20260712,1,0.12,0.45,0.2,0.18,3,30,9,5,4218843850,964822691,false,false,841.5999999998919,862.5999999998919,9,8,7,179,18,6,3,4,36,32,4,4,4,0,0.1111111111111111,0.8888888888888888,18,2.25,167.7333333333248,0.19930291508239822,1,0,1,6,3,29,6,3,32,0,0,0,0,0,5,6,2,0
difficulty-easy,20260712,1,0.12,0.45,0.2,0.18,3,30,9,6,2039225980,2443286865,true,false,872.8666666665301,893.8666666665301,9,8,7,180,29,9,3,16,62,55,7,16,7,0,0.11290322580645161,0.8870967741935484,23,2.875,167.7333333333248,0.19216375162302493,1,1,0,7,2,41,9,3,52,9,3,54,174.16666666650826,0.19953410219186074,5,13,2,0
difficulty-easy,20260712,1,0.12,0.45,0.2,0.18,3,30,9,7,2204589574,1442323462,false,false,783.9999999999443,804.9999999999443,9,8,7,179,26,8,3,17,58,51,7,17,7,0,0.1206896551724138,0.8793103448275862,24,3,167.7333333333248,0.2139455782312968,1,0,1,7,3,45,8,3,51,0,0,0,0,0,2,5,3,0
difficulty-easy,20260712,1,0.12,0.45,0.2,0.18,3,30,9,8,3214878234,669185841,true,false,773.9666666666201,794.9666666666201,9,8,7,180,28,8,2,10,53,48,5,10,5,0,0.09433962264150944,0.9056603773584906,27,3.375,167.7333333333248,0.2167190662819263,1,1,0,8,2,44,8,2,48,8,2,48,69.76666666660321,0.09014169430200364,4,14,3,0
difficulty-easy,20260712,1,0.12,0.45,0.2,0.18,3,30,9,9,2053453029,1438868833,true,false,744.2333333333138,765.2333333333138,9,8,7,180,20,6,3,11,45,41,4,11,4,0,0.08888888888888889,0.9111111111111111,18,2.25,167.7333333333248,0.22537734581447916,1,1,0,5,3,33,6,3,40,6,3,40,57.23333333328128,0.07690240515960423,5,14,3,0
difficulty-easy,20260712,1,0.12,0.45,0.2,0.18,3,30,9,10,559618858,496218829,false,false,783.7333333332779,804.7333333332779,9,8,7,179,23,7,3,8,47,41,6,8,6,0,0.1276595744680851,0.8723404255319149,18,2.25,167.7333333333248,0.21401837359646564,1,0,1,5,3,32,7,3,41,0,0,0,0,0,3,3,2,0
difficulty-easy,20260712,1,0.12,0.45,0.2,0.18,3,30,9,11,531742719,992158343,false,false,787.6666666666076,808.6666666666076,9,8,7,179,16,4,3,0,27,25,2,0,2,0,0.07407407407407407,0.9259259259259259,13,1.625,167.7333333333248,0.2129496402877749,1,0,1,4,3,20,4,3,25,0,0,0,0,0,5,14,2,0
difficulty-easy,20260712,1,0.12,0.45,0.2,0.18,3,30,9,12,4201694498,3214489409,false,false,843.2333333332238,864.2333333332238,9,8,7,179,25,7,3,13,59,48,11,13,11,0,0.1864406779661017,0.8135593220338984,23,2.875,167.7333333333248,0.19891686761277613,1,0,1,7,3,37,7,3,46,0,0,0,0,0,6,14,2,0
difficulty-easy,20260712,1,0.12,0.45,0.2,0.18,3,30,9,13,1839324408,3166077543,true,false,763.7999999999627,784.7999999999627,9,8,7,180,21,6,3,7,44,38,6,7,6,0,0.13636363636363635,0.8636363636363636,21,2.625,167.7333333333248,0.21960373570742733,1,1,0,6,3,34,6,3,37,6,3,37,84.46666666658984,0.11058741380805705,5,9,2,0
difficulty-easy,20260712,1,0.12,0.45,0.2,0.18,3,30,9,14,56504798,1525320432,false,false,793.0333333332694,814.0333333332694,9,8,7,179,34,10,3,21,70,63,7,21,7,0,0.1,0.9,28,3.5,167.7333333333248,0.21150855365474966,1,0,1,8,3,50,9,3,61,0,0,0,0,0,3,5,2,0
difficulty-easy,20260712,1,0.12,0.45,0.2,0.18,3,30,9,15,2397099859,2713521751,true,false,807.399999999923,828.399999999923,9,8,7,180,22,6,2,20,56,52,4,20,4,0,0.07142857142857142,0.9285714285714286,20,2.5,167.7333333333248,0.2077450251837265,1,1,0,5,2,46,6,2,51,6,2,51,115.76666666656138,0.14338204937648305,6,9,2,0
difficulty-easy,20260712,1,0.12,0.45,0.2,0.18,3,30,9,16,2015134913,1153751129,true,false,808.0999999999224,829.0999999999224,9,8,7,180,27,8,3,9,50,46,4,9,4,0,0.08,0.92,21,2.625,167.7333333333248,0.20756507032958904,1,1,0,6,3,34,8,3,45,8,3,45,125.26666666655274,0.15501381842168638,5,11,2,0
difficulty-easy,20260712,1,0.12,0.45,0.2,0.18,3,30,9,17,608994987,47701258,false,false,865.0333333332039,886.0333333332039,9,8,7,179,27,8,3,11,56,48,8,11,8,0,0.14285714285714285,0.8571428571428571,24,3,167.7333333333248,0.19390389580364906,1,0,1,7,3,40,8,3,47,0,0,0,0,0,5,10,2,0
difficulty-easy,20260712,1,0.12,0.45,0.2,0.18,3,30,9,18,3557860175,4154778242,true,false,775.7999999999518,796.7999999999518,9,8,7,180,21,6,3,2,42,32,10,2,10,0,0.23809523809523808,0.7619047619047619,19,2.375,167.7333333333248,0.21620692618372678,1,1,0,6,3,29,6,3,32,6,3,32,96.99999999991178,0.1250322248001003,2,5,2,0
difficulty-easy,20260712,1,0.12,0.45,0.2,0.18,3,30,9,19,120728548,626776274,false,false,773.733333333287,794.733333333287,9,8,7,179,22,7,3,4,37,34,3,4,3,0,0.08108108108108109,0.918918918918919,18,2.25,167.7333333333248,0.2167844218507688,1,0,1,5,3,28,7,3,34,0,0,0,0,0,2,5,2,0
difficulty-easy,20260712,1,0.12,0.45,0.2,0.18,3,30,9,20,2151529111,2734624010,false,false,841.2999999998922,862.2999999998922,9,8,7,179,26,8,3,10,56,46,10,10,10,0,0.17857142857142858,0.8214285714285714,23,2.875,167.7333333333248,0.19937398470622406,1,0,1,7,3,38,8,3,45,0,0,0,0,0,5,7,2,0
difficulty-easy,20260712,1,0.12,0.45,0.2,0.18,3,30,9,21,1382418872,836112913,false,false,851.4999999998829,872.4999999998829,9,8,7,179,24,8,3,11,46,43,3,11,3,0,0.06521739130434782,0.9347826086956522,19,2.375,167.7333333333248,0.19698571148954536,1,0,1,6,3,32,7,3,41,0,0,0,0,0,6,10,2,0
difficulty-easy,20260712,1,0.12,0.45,0.2,0.18,3,30,9,22,4072874768,3284093835,true,false,835.2999999998976,856.2999999998976,9,8,7,180,28,8,3,16,63,54,9,16,9,0,0.14285714285714285,0.8571428571428571,25,3.125,167.7333333333248,0.20080609760965562,1,1,0,7,3,44,8,3,54,8,3,54,135.8666666665431,0.16265613152946218,5,5,2,0
difficulty-easy,20260712,1,0.12,0.45,0.2,0.18,3,30,9,23,1358835280,2977920616,true,false,799.3333333332637,820.3333333332637,9,8,7,180,25,8,3,7,47,41,6,7,6,0,0.1276595744680851,0.8723404255319149,21,2.625,167.7333333333248,0.2098415346121844,1,1,0,6,3,33,7,3,38,7,3,40,95.86666666657948,0.11993327773134424,5,10,2,0
difficulty-easy,20260712,1,0.12,0.45,0.2,0.18,3,30,9,24,1091918759,2357897933,false,false,814.8333333332496,835.8333333332496,9,8,7,179,28,8,3,14,60,52,8,14,8,0,0.13333333333333333,0.8666666666666667,24,3,167.7333333333248,0.20584986704848685,1,0,1,7,3,36,8,3,52,0,0,0,0,0,5,8,3,0
difficulty-easy,20260712,1,0.12,0.45,0.2,0.18,3,30,9,25,3043943479,2490355969,false,false,835.5333333332308,856.5333333332308,9,8,7,179,27,8,3,11,54,47,7,11,7,0,0.12962962962962962,0.8703703703703703,21,2.625,167.7333333333248,0.20075001994735345,1,0,1,6,3,35,8,3,47,0,0,0,0,0,3,5,2,0
difficulty-easy,20260712,1,0.12,0.45,0.2,0.18,3,30,9,26,2575129775,3048092246,false,false,801.4999999999284,822.4999999999284,9,8,7,179,21,6,3,11,49,42,7,11,7,0,0.14285714285714285,0.8571428571428571,19,2.375,167.7333333333248,0.20927427739655619,1,0,1,6,3,35,6,3,41,0,0,0,0,0,5,11,2,0
difficulty-easy,20260712,1,0.12,0.45,0.2,0.18,3,30,9,27,4119587018,401003158,true,false,783.3666666666115,804.3666666666115,9,8,7,180,23,7,3,8,48,40,8,8,8,0,0.16666666666666666,0.8333333333333334,20,2.5,167.7333333333248,0.21411854814689155,1,1,0,6,3,34,6,3,39,6,3,39,111.23333333323217,0.14199395770380835,2,5,2,0
difficulty-easy,20260712,1,0.12,0.45,0.2,0.18,3,30,9,28,3898742175,1879299208,false,false,806.2666666665907,827.2666666665907,9,8,7,179,31,10,3,11,61,52,9,11,9,0,0.14754098360655737,0.8524590163934426,25,3.125,167.7333333333248,0.20803704316190746,1,0,1,8,3,39,10,3,51,0,0,0,0,0,5,9,3,0
difficulty-easy,20260712,1,0.12,0.45,0.2,0.18,3,30,9,29,1855762452,1504534728,false,false,792.8333333332696,813.8333333332696,9,8,7,179,27,7,3,7,48,43,5,7,5,0,0.10416666666666667,0.8958333333333334,24,3,167.7333333333248,0.21156190876603526,1,0,1,7,3,36,7,3,41,0,0,0,0,0,6,14,3,0
difficulty-easy,20260712,1,0.12,0.45,0.2,0.18,3,30,9,30,4081068806,3053816541,true,false,817.4333333332472,838.4333333332472,9,8,7,180,27,8,3,15,61,52,9,15,9,0,0.14754098360655737,0.8524590163934426,26,3.25,167.7333333333248,0.20519512294581715,1,1,0,8,3,44,8,3,51,8,3,51,134.16666666654464,0.16413163152945248,4,5,2,0
difficulty-easy,20260712,1,0.12,0.45,0.2,0.18,3,30,9,31,1572237487,3552385709,true,false,840.5666666665595,861.5666666665595,9,8,7,180,29,9,3,13,58,52,6,13,6,0,0.10344827586206896,0.896551724137931,24,3,167.7333333333248,0.19954792401952592,1,1,0,7,3,41,9,3,51,9,3,51,134.7666666665441,0.16032834992254583,7,10,2,0
difficulty-easy,20260712,1,0.12,0.45,0.2,0.18,3,30,9,32,3917082294,2930887124,true,false,792.1333333332702,813.1333333332702,9,8,7,180,25,8,3,5,45,40,5,5,5,0,0.1111111111111111,0.8888888888888888,20,2.5,167.7333333333248,0.21174886382764455,1,1,0,6,3,32,7,3,37,7,3,38,88.06666666658657,0.111176569600985,5,11,3,0
difficulty-easy,20260712,1,0.12,0.45,0.2,0.18,3,30,9,33,4041928192,2770734689,false,false,816.3333333332482,837.3333333332482,9,8,7,179,20,6,3,12,46,42,4,12,4,0,0.08695652173913043,0.9130434782608695,18,2.25,167.7333333333248,0.20547162106983538,1,0,1,5,3,33,6,3,42,0,0,0,0,0,5,14,2,0
difficulty-easy,20260712,1,0.12,0.45,0.2,0.18,3,30,9,34,2630378983,2742851049,true,false,772.633333333288,793.633333333288,9,8,7,180,25,8,3,8,46,42,4,8,4,0,0.08695652173913043,0.9130434782608695,22,2.75,167.7333333333248,0.21709305837180376,1,1,0,7,3,34,7,3,41,7,3,41,102.56666666657338,0.13274947150426603,2,7,2,0
difficulty-easy,20260712,1,0.12,0.45,0.2,0.18,3,30,9,35,164910933,1925266347,true,false,797.8666666665983,818.8666666665983,9,8,7,180,23,6,3,12,50,45,5,12,5,0,0.1,0.9,22,2.75,167.7333333333248,0.21022727272728003,1,1,0,6,3,36,6,3,44,6,3,44,103.23333333323944,0.12938669786085596,4,7,2,0
difficulty-easy,20260712,1,0.12,0.45,0.2,0.18,3,30,9,36,424926903,3312036924,true,false,783.7666666666112,804.7666666666112,9,8,7,180,17,5,3,4,37,31,6,4,6,0,0.16216216216216217,0.8378378378378378,17,2.125,167.7333333333248,0.2140092714668524,1,1,0,5,3,26,5,3,30,5,3,30,79.66666666659421,0.10164589801377942,5,8,2,0
difficulty-easy,20260712,1,0.12,0.45,0.2,0.18,3,30,9,37,1867347015,483734156,true,false,815.7999999999154,836.7999999999154,9,8,7,180,25,8,3,8,49,43,6,8,6,0,0.12244897959183673,0.8775510204081632,22,2.75,167.7333333333248,0.2056059491705592,1,1,0,7,3,34,8,3,41,8,3,42,126.93333333321789,0.15559369126407338,5,11,2,0
difficulty-easy,20260712,1,0.12,0.45,0.2,0.18,3,30,9,38,687125727,1490913570,false,false,824.5666666665741,845.5666666665741,9,8,7,179,28,8,3,20,64,58,6,20,6,0,0.09375,0.90625,21,2.625,167.7333333333248,0.20341997817036458,1,0,1,6,3,37,8,3,57,0,0,0,0,0,3,7,2,0
difficulty-easy,20260712,1,0.12,0.45,0.2,0.18,3,30,9,39,1479431960,713292789,true,false,742.5666666666486,763.5666666666486,9,8,7,180,22,6,3,12,50,44,6,12,6,0,0.12,0.88,18,2.25,167.7333333333248,0.22588319791712824,1,1,0,5,3,31,6,3,40,6,3,43,53.533333333284645,0.07209229249892617,5,9,4,0
difficulty-easy,20260712,1,0.12,0.45,0.2,0.18,3,30,9,40,1931715813,566750882,true,false,816.7666666665812,837.7666666665812,9,8,7,180,22,6,3,18,59,50,9,18,9,0,0.15254237288135594,0.847457627118644,21,2.625,167.7333333333248,0.2053626086601751,1,1,0,6,3,36,6,3,49,6,3,49,133.6333333332118,0.16361261886286468,5,7,2,0
difficulty-easy,20260712,1,0.12,0.45,0.2,0.18,3,30,9,41,1460645803,1912962488,false,false,790.899999999938,811.899999999938,9,8,7,179,16,4,2,1,29,26,3,1,3,0,0.10344827586206896,0.896551724137931,15,1.875,167.7333333333248,0.21207906604291052,1,0,1,4,2,23,4,2,25,0,0,0,0,0,5,11,1,0
difficulty-easy,20260712,1,0.12,0.45,0.2,0.18,3,30,9,42,2149213617,2917479110,false,false,782.2333333332792,803.2333333332792,9,8,7,179,24,7,3,4,44,37,7,4,7,0,0.1590909090909091,0.8409090909090909,16,2,167.7333333333248,0.21442877231857893,1,0,1,4,3,28,7,3,37,0,0,0,0,0,6,8,2,0
difficulty-easy,20260712,1,0.12,0.45,0.2,0.18,3,30,9,43,921984714,2696115224,true,false,830.7999999999017,851.7999999999017,9,8,7,180,25,7,2,28,71,62,9,28,9,0,0.1267605633802817,0.8732394366197183,23,2.875,167.7333333333248,0.20189375702135848,1,1,0,6,2,53,7,2,62,7,2,62,135.69999999987658,0.1633365430908674,5,6,3,0
difficulty-easy,20260712,1,0.12,0.45,0.2,0.18,3,30,9,44,2396834857,3400542604,true,false,812.9333333332513,833.9333333332513,9,8,7,180,22,7,3,7,45,39,6,7,6,0,0.13333333333333333,0.8666666666666667,17,2.125,167.7333333333248,0.20633098245039574,1,1,0,5,2,28,7,3,35,7,3,37,127.0999999998844,0.15634738395919784,5,11,2,0
difficulty-easy,20260712,1,0.12,0.45,0.2,0.18,3,30,9,45,2622366761,1405968849,false,false,782.099999999946,803.099999999946,9,8,7,179,27,8,3,16,62,52,10,16,10,0,0.16129032258064516,0.8387096774193549,23,2.875,167.7333333333248,0.2144653283893829,1,0,1,6,3,46,8,3,52,0,0,0,0,0,3,3,3,0
difficulty-easy,20260712,1,0.12,0.45,0.2,0.18,3,30,9,46,2480912865,2438698184,false,false,767.7666666666257,788.7666666666257,9,8,7,179,25,7,2,8,45,41,4,8,4,0,0.08888888888888889,0.9111111111111111,19,2.375,167.7333333333248,0.21846915295445718,1,0,1,5,2,31,7,2,41,0,0,0,0,0,2,4,2,0
difficulty-easy,20260712,1,0.12,0.45,0.2,0.18,3,30,9,47,4115300923,114495816,false,false,782.6999999999455,803.6999999999455,9,8,7,179,22,6,3,13,54,45,9,13,9,0,0.16666666666666666,0.8333333333333334,19,2.375,167.7333333333248,0.2143009241514456,1,0,1,5,3,40,6,3,45,0,0,0,0,0,2,5,3,0
difficulty-easy,20260712,1,0.12,0.45,0.2,0.18,3,30,9,48,418587956,548361773,true,false,757.3333333333019,778.3333333333019,9,8,7,180,23,7,3,2,40,35,5,2,5,0,0.125,0.875,18,2.25,167.7333333333248,0.22147887323943455,1,1,0,5,3,29,7,3,34,7,3,34,78.19999999992888,0.1032570422534315,4,9,2,0
difficulty-easy,20260712,1,0.12,0.45,0.2,0.18,3,30,9,49,25899053,4184930629,false,false,787.8333333332741,808.8333333332741,9,8,7,179,23,7,3,5,41,38,3,5,3,0,0.07317073170731707,0.926829268292683,17,2.125,167.7333333333248,0.2129045906494657,1,0,1,5,3,27,7,3,38,0,0,0,0,0,5,11,2,0
difficulty-easy,20260712,1,0.12,0.45,0.2,0.18,3,30,9,50,1398077836,2646842237,false,false,816.0999999999151,837.0999999999151,9,8,7,179,28,8,3,13,57,51,6,13,6,0,0.10526315789473684,0.8947368421052632,25,3.125,167.7333333333248,0.20553036801046715,1,0,1,7,3,43,8,3,51,0,0,0,0,0,5,7,3,0
difficulty-easy,20260712,1,0.12,0.45,0.2,0.18,3,30,9,51,4262311237,4162853964,false,false,792.6333333332698,813.6333333332698,9,8,7,179,12,3,2,0,23,21,2,0,2,0,0.08695652173913043,0.9130434782608695,11,1.375,167.7333333333248,0.2116152908028154,1,0,1,3,2,18,3,2,21,0,0,0,0,0,3,5,2,0
difficulty-easy,20260712,1,0.12,0.45,0.2,0.18,3,30,9,52,1084489622,1314381746,true,false,767.1666666666263,788.1666666666263,9,8,7,180,25,8,3,8,48,42,6,8,6,0,0.125,0.875,23,2.875,167.7333333333248,0.21864001737996996,1,1,0,7,3,37,7,3,40,7,3,41,82.03333333325872,0.10693026287194836,5,10,2,0
difficulty-easy,20260712,1,0.12,0.45,0.2,0.18,3,30,9,53,72294272,1334344572,false,false,844.4333333332227,865.4333333332227,9,8,7,179,23,7,3,13,49,46,3,13,3,0,0.061224489795918366,0.9387755102040817,21,2.625,167.7333333333248,0.1986341925551811,1,0,1,6,3,39,7,3,46,0,0,0,0,0,6,10,2,0
difficulty-easy,20260712,1,0.12,0.45,0.2,0.18,3,30,9,54,1025788700,2240132783,false,false,844.9999999998888,865.9999999998888,9,8,7,179,31,9,3,13,59,54,5,13,5,0,0.0847457627118644,0.9152542372881356,26,3.25,167.7333333333248,0.1985009861933099,1,0,1,8,3,41,9,3,54,0,0,0,0,0,3,7,2,0
difficulty-easy,20260712,1,0.12,0.45,0.2,0.18,3,30,9,55,32769415,533269338,true,false,852.6999999998818,873.6999999998818,9,8,7,180,30,9,3,13,61,53,8,13,8,0,0.13114754098360656,0.8688524590163934,23,2.875,167.7333333333248,0.19670849458584266,1,1,0,7,3,39,8,3,50,9,3,52,161.86666666651945,0.1898283882567631,5,7,3,0
difficulty-easy,20260712,1,0.12,0.45,0.2,0.18,3,30,9,56,1186139222,1902446670,false,false,792.7999999999363,813.7999999999363,9,8,7,179,25,8,3,5,48,40,8,5,8,0,0.16666666666666666,0.8333333333333334,23,2.875,167.7333333333248,0.21157080390178895,1,0,1,7,3,37,8,3,39,0,0,0,0,0,4,7,2,0
difficulty-easy,20260712,1,0.12,0.45,0.2,0.18,3,30,9,57,2186131343,324611309,false,false,835.999999999897,856.999999999897,9,8,7,179,27,8,3,12,57,49,8,12,8,0,0.14035087719298245,0.8596491228070176,24,3,167.7333333333248,0.20063795853270988,1,0,1,7,3,39,8,3,47,0,0,0,0,0,6,8,3,0
difficulty-easy,20260712,1,0.12,0.45,0.2,0.18,3,30,9,58,753116385,3137016239,true,false,784.8666666666102,805.8666666666102,9,8,7,180,28,8,3,10,55,47,8,10,8,0,0.14545454545454545,0.8545454545454545,24,3,167.7333333333248,0.2137093349188867,1,1,0,7,3,40,8,3,46,8,3,47,87.49999999992042,0.11148390384769394,5,11,3,0
difficulty-easy,20260712,1,0.12,0.45,0.2,0.18,3,30,9,59,4171387993,912606203,true,false,831.7333333332342,852.7333333332342,9,8,7,180,25,8,3,11,56,45,11,11,11,0,0.19642857142857142,0.8035714285714286,19,2.375,167.7333333333248,0.20166720102598362,1,1,0,5,3,35,7,3,43,7,3,44,155.6666666665251,0.18715934594406497,3,4,2,0
difficulty-easy,20260712,1,0.12,0.45,0.2,0.18,3,30,9,60,1599599045,3404086600,false,false,840.1666666665599,861.1666666665599,9,8,7,179,20,6,3,4,37,32,5,4,5,0,0.13513513513513514,0.8648648648648649,14,1.75,167.7333333333248,0.1996429279904933,1,0,1,4,3,23,5,3,31,0,0,0,0,0,3,7,2,0
difficulty-easy,20260712,1,0.12,0.45,0.2,0.18,3,30,9,61,1184744348,2660779864,false,false,832.0333333332339,853.0333333332339,9,8,7,179,19,5,3,6,41,34,7,6,7,0,0.17073170731707318,0.8292682926829268,16,2,167.7333333333248,0.20159448740035835,1,0,1,4,3,27,5,3,33,0,0,0,0,0,3,7,2,0
difficulty-easy,20260712,1,0.12,0.45,0.2,0.18,3,30,9,62,3726251780,2830737307,true,false,804.9999999999252,825.9999999999252,9,8,7,180,27,8,3,11,54,47,7,11,7,0,0.12962962962962962,0.8703703703703703,19,2.375,167.7333333333248,0.2083643892339632,1,1,0,5,3,32,7,3,45,7,3,46,113.46666666656347,0.14095238095226587,6,13,3,0
difficulty-easy,20260712,1,0.12,0.45,0.2,0.18,3,30,9,63,628420005,93984634,false,false,823.1999999999086,844.1999999999086,9,8,7,179,25,7,3,16,58,49,9,16,9,0,0.15517241379310345,0.8448275862068966,22,2.75,167.7333333333248,0.20375769355362416,1,0,1,6,3,38,7,3,49,0,0,0,0,0,5,7,2,0
difficulty-easy,20260712,1,0.12,0.45,0.2,0.18,3,30,9,64,3310469291,3058166250,true,false,811.8333333332523,832.8333333332523,9,8,7,180,29,9,3,13,58,52,6,13,6,0,0.10344827586206896,0.896551724137931,27,3.375,167.7333333333248,0.20661055224800845,1,1,0,8,3,45,9,3,49,9,3,51,114.9666666665621,0.14161363169768867,5,8,2,0
difficulty-easy,20260712,1,0.12,0.45,0.2,0.18,3,30,9,65,772134288,1673145911,false,false,780.3999999999476,801.3999999999476,9,8,7,179,24,7,3,9,47,43,4,9,4,0,0.0851063829787234,0.9148936170212766,23,2.875,167.7333333333248,0.21493251324107646,1,0,1,7,3,40,7,3,43,0,0,0,0,0,2,5,2,0
difficulty-easy,20260712,1,0.12,0.45,0.2,0.18,3,30,9,66,3226336270,3407807712,true,false,818.0999999999133,839.0999999999133,9,8,7,180,22,6,3,4,40,36,4,4,4,0,0.1,0.9,17,2.125,167.7333333333248,0.20502791019843855,1,1,0,5,3,27,6,3,35,6,3,35,138.0666666665411,0.1687650246504776,5,14,2,0
difficulty-easy,20260712,1,0.12,0.45,0.2,0.18,3,30,9,67,176166743,3655424218,true,false,773.8333333332869,794.8333333332869,9,8,7,180,26,8,3,6,45,41,4,6,4,0,0.08888888888888889,0.9111111111111111,20,2.5,167.7333333333248,0.21675640749515598,1,1,0,6,3,34,7,3,40,7,3,40,91.63333333325,0.11841481800549924,5,10,2,0
difficulty-easy,20260712,1,0.12,0.45,0.2,0.18,3,30,9,68,1364349378,290956375,true,false,828.5999999999037,849.5999999999037,9,8,7,180,22,7,3,6,45,37,8,6,8,0,0.17777777777777778,0.8222222222222222,18,2.25,167.7333333333248,0.20242980127123375,1,1,0,5,3,30,7,3,36,7,3,36,137.9999999998745,0.16654598117293087,4,7,2,0
difficulty-easy,20260712,1,0.12,0.45,0.2,0.18,3,30,9,69,3700438327,214477261,false,false,851.1333333332166,872.1333333332166,9,8,7,179,24,7,2,25,65,59,6,25,6,0,0.09230769230769231,0.9076923076923077,24,3,167.7333333333248,0.1970705725699238,1,0,1,7,2,51,7,2,59,0,0,0,0,0,3,5,2,0
difficulty-easy,20260712,1,0.12,0.45,0.2,0.18,3,30,9,70,1009379196,346025300,true,false,832.5666666665668,853.5666666665668,9,8,7,180,20,6,3,7,43,37,6,7,6,0,0.13953488372093023,0.8604651162790697,17,2.125,167.7333333333248,0.20146534812028455,1,1,0,5,3,31,6,3,36,6,3,36,144.8333333332016,0.17396004323964326,5,5,2,0
difficulty-easy,20260712,1,0.12,0.45,0.2,0.18,3,30,9,71,879063749,3923476295,false,false,789.5999999999392,810.5999999999392,9,8,7,179,29,8,3,19,59,57,2,19,2,0,0.03389830508474576,0.9661016949152542,25,3.125,167.7333333333248,0.212428233704835,1,0,1,7,3,41,8,3,53,0,0,0,0,0,5,11,2,0
difficulty-easy,20260712,1,0.12,0.45,0.2,0.18,3,30,9,72,2558025091,4035319720,false,false,794.4333333332681,815.4333333332681,9,8,7,179,25,7,3,14,55,49,6,14,6,0,0.10909090909090909,0.8909090909090909,20,2.5,167.7333333333248,0.21113582008140633,1,0,1,5,3,39,7,3,49,0,0,0,0,0,5,14,2,0
difficulty-easy,20260712,1,0.12,0.45,0.2,0.18,3,30,9,73,105028354,696519562,false,false,841.7333333332251,862.7333333332251,9,8,7,179,25,7,3,18,56,53,3,18,3,0,0.05357142857142857,0.9464285714285714,22,2.75,167.7333333333248,0.19927134484398823,1,0,1,6,3,41,7,3,52,0,0,0,0,0,5,14,2,0
difficulty-easy,20260712,1,0.12,0.45,0.2,0.18,3,30,9,74,3147724494,1758340152,false,false,836.3999999998966,857.3999999998966,9,8,7,179,23,7,3,17,55,48,7,17,7,0,0.12727272727272726,0.8727272727272727,21,2.625,167.7333333333248,0.20054200542006878,1,0,1,6,3,38,6,3,47,0,0,0,0,0,4,5,3,0
difficulty-easy,20260712,1,0.12,0.45,0.2,0.18,3,30,9,75,3072069306,173343261,false,false,805.0999999999251,826.0999999999251,9,8,7,179,20,6,3,7,43,37,6,7,6,0,0.13953488372093023,0.8604651162790697,18,2.25,167.7333333333248,0.2083385086738795,1,0,1,5,3,30,6,3,37,0,0,0,0,0,5,14,2,0
difficulty-easy,20260712,1,0.12,0.45,0.2,0.18,3,30,9,76,1276772488,3889190384,true,false,798.6333333332643,819.6333333332643,9,8,7,180,21,6,3,7,43,38,5,7,5,0,0.11627906976744186,0.8837209302325582,18,2.25,167.7333333333248,0.210025460161116,1,1,0,5,3,29,6,3,36,6,3,37,122.46666666655528,0.15334529821766252,2,7,1,0
difficulty-easy,20260712,1,0.12,0.45,0.2,0.18,3,30,9,77,930022865,72636026,false,false,833.2333333332328,854.2333333332328,9,8,7,179,27,8,3,11,52,48,4,11,4,0,0.07692307692307693,0.9230769230769231,22,2.75,167.7333333333248,0.20130415649879388,1,0,1,6,3,42,8,3,48,0,0,0,0,0,3,7,2,0
difficulty-easy,20260712,1,0.12,0.45,0.2,0.18,3,30,9,78,2075503612,2137709207,false,false,850.6666666665503,871.6666666665503,9,8,7,179,21,6,2,8,44,39,5,8,5,0,0.11363636363636363,0.8863636363636364,20,2.5,167.7333333333248,0.19717868338559685,1,0,1,6,2,34,6,2,39,0,0,0,0,0,5,14,2,0
difficulty-easy,20260712,1,0.12,0.45,0.2,0.18,3,30,9,79,2401082734,2377095938,true,false,774.9666666666192,795.9666666666192,9,8,7,180,21,6,3,9,47,40,7,9,7,0,0.14893617021276595,0.851063829787234,19,2.375,167.7333333333248,0.21643941674910974,1,1,0,5,3,32,6,3,40,6,3,40,79.19999999992797,0.1021979439975046,5,10,3,0
difficulty-easy,20260712,1,0.12,0.45,0.2,0.18,3,30,9,80,3833849000,715543658,true,false,838.3999999998948,859.3999999998948,9,8,7,180,26,8,3,19,68,55,13,19,13,0,0.19117647058823528,0.8088235294117647,25,3.125,167.7333333333248,0.20006361323156707,1,1,0,8,3,44,8,3,52,8,3,54,143.6999999998693,0.1713979007632244,6,11,2,0
difficulty-easy,20260712,1,0.12,0.45,0.2,0.18,3,30,9,81,2103077099,2100715288,true,false,787.266666666608,808.266666666608,9,8,7,180,20,5,3,4,46,34,12,4,12,0,0.2608695652173913,0.7391304347826086,15,1.875,167.7333333333248,0.21305783724278596,1,1,0,5,3,23,5,3,28,5,3,28,94.06666666658111,0.11948513845362198,6,10,3,0
difficulty-easy,20260712,1,0.12,0.45,0.2,0.18,3,30,9,82,1221524396,2315615845,false,false,843.4999999998902,864.4999999998902,9,8,7,179,18,5,2,5,36,33,3,5,3,0,0.08333333333333333,0.9166666666666666,16,2,167.7333333333248,0.1988539814266113,1,0,1,4,2,28,5,2,33,0,0,0,0,0,6,14,3,0
difficulty-easy,20260712,1,0.12,0.45,0.2,0.18,3,30,9,83,604884436,1246445482,false,false,774.2666666666198,795.2666666666198,9,8,7,179,26,8,3,23,66,57,9,23,9,0,0.13636363636363635,0.8636363636363636,22,2.75,167.7333333333248,0.21663509557430896,1,0,1,7,3,38,7,3,56,0,0,0,0,0,4,5,2,0
difficulty-easy,20260712,1,0.12,0.45,0.2,0.18,3,30,9,84,1429170968,2254597352,true,false,826.1333333332393,847.1333333332393,9,8,7,180,26,8,3,16,59,52,7,16,7,0,0.11864406779661017,0.8813559322033898,24,3,167.7333333333248,0.20303421562299534,1,1,0,8,3,37,8,3,51,8,3,51,153.4333333331938,0.18572466107151137,2,5,3,0
difficulty-easy,20260712,1,0.12,0.45,0.2,0.18,3,30,9,85,3090036666,1569748138,true,false,859.6666666665421,880.6666666665421,9,8,7,180,23,7,3,8,45,41,4,8,4,0,0.08888888888888889,0.9111111111111111,23,2.875,167.7333333333248,0.19511438542072404,1,1,0,7,3,35,7,3,39,7,3,40,162.5333333331855,0.1890655292747682,5,14,2,0
difficulty-easy,20260712,1,0.12,0.45,0.2,0.18,3,30,9,86,1070644286,2008798237,false,false,842.4666666665578,863.4666666665578,9,8,7,179,23,6,3,15,57,48,9,15,9,0,0.15789473684210525,0.8421052631578947,21,2.625,167.7333333333248,0.19909788715677748,1,0,1,6,3,39,6,3,48,0,0,0,0,0,5,11,2,0
difficulty-easy,20260712,1,0.12,0.45,0.2,0.18,3,30,9,87,63675402,4169177116,false,false,847.5333333332198,868.5333333332198,9,8,7,179,27,8,3,15,54,51,3,15,3,0,0.05555555555555555,0.9444444444444444,21,2.625,167.7333333333248,0.19790765358296303,1,0,1,6,3,41,8,3,51,0,0,0,0,0,3,7,2,0
difficulty-easy,20260712,1,0.12,0.45,0.2,0.18,3,30,9,88,1444555853,1377558937,true,false,782.0333333332794,803.0333333332794,9,8,7,180,20,6,3,2,37,31,6,2,6,0,0.16216216216216217,0.8378378378378378,17,2.125,167.7333333333248,0.214483611099275,1,1,0,5,3,27,6,3,30,6,3,30,102.56666666657338,0.13115382975991705,3,6,2,0
difficulty-easy,20260712,1,0.12,0.45,0.2,0.18,3,30,9,89,1067362471,1799108961,true,false,785.8666666666093,806.8666666666093,9,8,7,180,22,7,3,6,42,38,4,6,4,0,0.09523809523809523,0.9047619047619048,19,2.375,167.7333333333248,0.213437393959964,1,1,0,6,3,30,7,3,36,7,3,37,83.83333333325709,0.10667628096360265,5,12,3,0
difficulty-easy,20260712,1,0.12,0.45,0.2,0.18,3,30,9,90,1775346706,1778769634,true,false,818.9666666665792,839.9666666665792,9,8,7,180,26,8,3,9,47,45,2,9,2,0,0.0425531914893617,0.9574468085106383,18,2.25,167.7333333333248,0.20481094061623514,1,1,0,5,3,29,8,3,42,8,3,44,122.09999999988895,0.14909031706610198,5,9,2,0
difficulty-easy,20260712,1,0.12,0.45,0.2,0.18,3,30,9,91,3239144485,1960303496,true,false,822.4999999999093,843.4999999999093,9,8,7,180,25,7,3,17,58,51,7,17,7,0,0.1206896551724138,0.8793103448275862,22,2.75,167.7333333333248,0.20393110435664838,1,1,0,6,3,40,7,3,50,7,3,50,139.83333333320616,0.1700101317121235,5,7,4,0
difficulty-easy,20260712,1,0.12,0.45,0.2,0.18,3,30,9,92,1924126919,3688351243,true,false,802.1333333332611,823.1333333332611,9,8,7,180,24,7,3,19,56,53,3,19,3,0,0.05357142857142857,0.9464285714285714,24,3,167.7333333333248,0.20910904255319968,1,1,0,7,3,40,7,3,51,7,3,52,123.56666666655428,0.1540475398934908,5,7,2,0
difficulty-easy,20260712,1,0.12,0.45,0.2,0.18,3,30,9,93,2784716749,3071825351,true,false,799.4333333332636,820.4333333332636,9,8,7,180,28,9,3,7,54,43,11,7,11,0,0.2037037037037037,0.7962962962962963,21,2.625,167.7333333333248,0.20981528582746875,1,1,0,6,3,33,9,3,43,9,3,43,88.49999999991951,0.11070341491880986,5,9,3,0
difficulty-easy,20260712,1,0.12,0.45,0.2,0.18,3,30,9,94,4011032937,1061175039,true,false,793.6666666666022,814.6666666666022,9,8,7,180,26,8,3,3,43,39,4,3,4,0,0.09302325581395349,0.9069767441860465,21,2.625,167.7333333333248,0.21133977320454234,1,1,0,6,3,33,8,3,38,8,3,38,117.69999999989295,0.14829903401919678,3,7,3,0
difficulty-easy,20260712,1,0.12,0.45,0.2,0.18,3,30,9,95,554532066,1805251060,false,false,865.3999999998703,886.3999999998703,9,8,7,179,21,6,3,5,44,36,8,5,8,0,0.18181818181818182,0.8181818181818182,19,2.375,167.7333333333248,0.19382173946539166,1,0,1,6,3,29,6,3,35,0,0,0,0,0,5,13,2,0
difficulty-easy,20260712,1,0.12,0.45,0.2,0.18,3,30,9,96,303311596,432556793,true,false,778.466666666616,799.466666666616,9,8,7,180,19,6,3,0,32,29,3,0,3,0,0.09375,0.90625,16,2,167.7333333333248,0.21546630127601574,1,1,0,5,3,23,6,3,27,6,3,28,80.56666666659339,0.10349404812871281,4,9,2,0
difficulty-easy,20260712,1,0.12,0.45,0.2,0.18,3,30,9,97,2259200563,2457409816,false,false,848.2666666665525,869.2666666665525,9,8,7,179,29,9,3,20,61,58,3,20,3,0,0.04918032786885246,0.9508196721311475,26,3.25,167.7333333333248,0.19773656082994423,1,0,1,8,3,50,9,3,58,0,0,0,0,0,5,10,3,0
difficulty-easy,20260712,1,0.12,0.45,0.2,0.18,3,30,9,98,3329616752,961188463,true,false,788.4666666666069,809.4666666666069,9,8,7,180,20,6,3,5,44,35,9,5,9,0,0.20454545454545456,0.7954545454545454,17,2.125,167.7333333333248,0.212733575716586,1,1,0,5,3,25,6,3,34,6,3,34,87.39999999992051,0.11084805952472368,5,14,2,0
difficulty-easy,20260712,1,0.12,0.45,0.2,0.18,3,30,9,99,2675902986,2873391931,false,false,852.3999999998821,873.3999999998821,9,8,7,179,25,7,3,11,52,46,6,11,6,0,0.11538461538461539,0.8846153846153846,22,2.75,167.7333333333248,0.19677772563743312,1,0,1,6,3,36,7,3,45,0,0,0,0,0,6,9,3,0
difficulty-easy,20260712,1,0.12,0.45,0.2,0.18,3,30,9,100,309787450,158724146,false,false,775.833333333285,796.833333333285,9,8,7,179,33,10,3,23,71,64,7,23,7,0,0.09859154929577464,0.9014084507042254,28,3.5,167.7333333333248,0.2161976369495191,1,0,1,8,3,52,9,3,63,0,0,0,0,0,2,5,2,0
difficulty-easy,20260712,1,0.12,0.45,0.2,0.18,3,30,9,101,1869400402,545914937,true,false,769.8666666666238,790.8666666666238,9,8,7,180,22,7,3,6,43,37,6,6,6,0,0.13953488372093023,0.8604651162790697,19,2.375,167.7333333333248,0.21787322480083235,1,1,0,6,3,30,6,3,34,6,3,36,102.26666666657366,0.13283685486653016,2,7,2,0
difficulty-easy,20260712,1,0.12,0.45,0.2,0.18,3,30,9,102,2354606193,3300882003,false,false,774.1999999999532,795.1999999999532,9,8,7,179,25,7,3,8,46,42,4,8,4,0,0.08695652173913043,0.9130434782608695,20,2.5,167.7333333333248,0.21665375010764007,1,0,1,6,3,32,7,3,42,0,0,0,0,0,2,7,2,0
difficulty-easy,20260712,1,0.12,0.45,0.2,0.18,3,30,9,103,3199188327,2525595952,false,false,789.7333333332724,810.7333333332724,9,8,7,179,22,6,2,14,53,46,7,14,7,0,0.1320754716981132,0.8679245283018868,20,2.5,167.7333333333248,0.21239236873206702,1,0,1,6,2,33,6,2,46,0,0,0,0,0,5,5,2,0
difficulty-easy,20260712,1,0.12,0.45,0.2,0.18,3,30,9,104,1254458595,3556934750,true,false,834.0333333332321,855.0333333332321,9,8,7,180,23,7,3,10,50,43,7,10,7,0,0.14,0.86,19,2.375,167.7333333333248,0.20111106670398282,1,1,0,5,3,34,7,3,41,7,3,42,143.6999999998693,0.17229527197140812,5,14,3,0
difficulty-easy,20260712,1,0.12,0.45,0.2,0.18,3,30,9,105,2746295834,2515366423,false,false,843.4666666665569,864.4666666665569,9,8,7,179,26,8,3,14,55,50,5,14,5,0,0.09090909090909091,0.9090909090909091,23,2.875,167.7333333333248,0.1988618400253082,1,0,1,7,3,43,8,3,49,0,0,0,0,0,3,5,2,0
difficulty-easy,20260712,1,0.12,0.45,0.2,0.18,3,30,9,106,3926062226,2262177562,true,false,792.43333333327,813.43333333327,9,8,7,180,23,7,3,2,36,33,3,2,3,0,0.08333333333333333,0.9166666666666666,14,1.75,167.7333333333248,0.21166869978547706,1,1,0,4,3,23,7,3,32,7,3,32,96.23333333324581,0.12144028940384492,6,13,2,0
difficulty-easy,20260712,1,0.12,0.45,0.2,0.18,3,30,9,107,4016111893,1700202281,false,false,838.4666666665614,859.4666666665614,9,8,7,179,28,8,3,9,56,47,9,9,9,0,0.16071428571428573,0.8392857142857143,22,2.75,167.7333333333248,0.20004770613025266,1,0,1,6,3,37,8,3,47,0,0,0,0,0,4,7,2,0
difficulty-easy,20260712,1,0.12,0.45,0.2,0.18,3,30,9,108,3799113412,2842840435,true,false,802.7333333332606,823.7333333332606,9,8,7,180,36,11,3,18,70,64,6,18,6,0,0.08571428571428572,0.9142857142857143,35,4.375,167.7333333333248,0.20895274478864712,1,1,0,11,3,58,11,3,63,11,3,63,101.53333333324099,0.1264845112531146,5,10,3,0
difficulty-easy,20260712,1,0.12,0.45,0.2,0.18,3,30,9,109,1209543035,937138471,false,false,832.7333333332333,853.7333333332333,9,8,7,179,24,7,3,6,42,39,3,6,3,0,0.07142857142857142,0.9285714285714286,20,2.5,167.7333333333248,0.20142502601874743,1,0,1,5,3,35,7,3,39,0,0,0,0,0,3,7,2,0
difficulty-easy,20260712,1,0.12,0.45,0.2,0.18,3,30,9,110,3966348207,2065116556,false,false,775.0333333332858,796.0333333332858,9,8,7,179,23,7,3,9,45,41,4,9,4,0,0.08888888888888889,0.9111111111111111,20,2.5,167.7333333333248,0.2164207991054171,1,0,1,6,3,35,7,3,41,0,0,0,0,0,2,7,2,0
difficulty-easy,20260712,1,0.12,0.45,0.2,0.18,3,30,9,111,295997754,2402882070,true,false,755.9333333333032,776.9333333333032,9,8,7,180,31,9,3,12,56,53,3,12,3,0,0.05357142857142857,0.9464285714285714,27,3.375,167.7333333333248,0.22188905547226143,1,1,0,8,3,43,9,3,51,9,3,52,63.53333333327555,0.08404621218795055,5,11,3,0
difficulty-easy,20260712,1,0.12,0.45,0.2,0.18,3,30,9,112,1783978857,2278458826,true,false,781.5666666666132,802.5666666666132,9,8,7,180,21,7,3,0,31,29,2,0,2,0,0.06451612903225806,0.9354838709677419,15,1.875,167.7333333333248,0.2146116774000976,1,1,0,4,3,24,5,3,26,6,3,28,83.63333333325727,0.1070072930437962,5,8,2,0
difficulty-easy,20260712,1,0.12,0.45,0.2,0.18,3,30,9,113,2517524705,3418042266,true,false,792.9333333332695,813.9333333332695,9,8,7,180,23,7,3,10,49,43,6,10,6,0,0.12244897959183673,0.8775510204081632,18,2.25,167.7333333333248,0.21153522784597903,1,1,0,5,3,30,7,3,42,7,3,42,116.43333333322744,0.14683874222284785,3,5,2,0
difficulty-easy,20260712,1,0.12,0.45,0.2,0.18,3,30,9,114,3071509352,521227380,true,false,822.6666666665758,843.6666666665758,9,8,7,180,24,7,3,18,59,52,7,18,7,0,0.11864406779661017,0.8813559322033898,24,3,167.7333333333248,0.20388978930309157,1,1,0,7,3,42,7,3,50,7,3,50,153.5333333331937,0.18662884927051537,2,4,2,0
difficulty-easy,20260712,1,0.12,0.45,0.2,0.18,3,30,9,115,740257506,134522956,true,false,752.0333333333067,773.0333333333067,9,8,7,180,23,7,3,3,41,35,6,3,6,0,0.14634146341463414,0.8536585365853658,16,2,167.7333333333248,0.2230397588759329,1,1,0,4,3,25,7,3,35,7,3,35,50.46666666662077,0.06710695447890948,5,11,3,0
difficulty-easy,20260712,1,0.12,0.45,0.2,0.18,3,30,9,116,2962464148,2114920476,true,false,776.0333333332849,797.0333333332849,9,8,7,180,17,5,3,4,35,30,5,4,5,0,0.14285714285714285,0.8571428571428571,15,1.875,167.7333333333248,0.21614191830248092,1,1,0,4,3,24,4,3,29,4,3,29,82.43333333325836,0.1062239594518236,5,9,1,0
difficulty-easy,20260712,1,0.12,0.45,0.2,0.18,3,30,9,117,1210375085,4259043814,true,false,810.5666666665868,831.5666666665868,9,8,7,180,27,8,3,15,55,52,3,15,3,0,0.05454545454545454,0.9454545454545454,25,3.125,167.7333333333248,0.2069334210634634,1,1,0,8,3,43,8,3,50,8,3,51,109.59999999990032,0.1352140477853902,5,6,2,0
difficulty-easy,20260712,1,0.12,0.45,0.2,0.18,3,30,9,118,3421255839,1498656756,true,false,788.9666666666064,809.9666666666064,9,8,7,180,27,8,3,9,52,46,6,9,6,0,0.11538461538461539,0.8846153846153846,26,3.25,167.7333333333248,0.2125987578689479,1,1,0,8,3,41,8,3,46,8,3,46,111.39999999989868,0.14119734674034456,2,5,2,0
difficulty-easy,20260712,1,0.12,0.45,0.2,0.18,3,30,9,119,3072983141,1207315300,true,false,805.5999999999246,826.5999999999246,9,8,7,180,21,7,3,6,37,36,1,6,1,0,0.02702702702702703,0.972972972972973,19,2.375,167.7333333333248,0.20820920225091916,1,1,0,6,3,30,6,3,35,6,3,35,117.96666666655938,0.14643330023159187,4,14,1,0
difficulty-easy,20260712,1,0.12,0.45,0.2,0.18,3,30,9,120,2202207500,3656528266,false,false,769.4666666666242,790.4666666666242,9,8,7,179,24,7,2,13,57,47,10,13,10,0,0.17543859649122806,0.8245614035087719,19,2.375,167.7333333333248,0.21798648414486319,1,0,1,5,2,39,7,2,47,0,0,0,0,0,3,4,3,0
difficulty-easy,20260712,1,0.12,0.45,0.2,0.18,3,30,9,121,3165678159,4196636827,true,false,780.1666666666144,801.1666666666144,9,8,7,180,26,8,3,5,47,41,6,5,6,0,0.1276595744680851,0.8723404255319149,25,3.125,167.7333333333248,0.21499679555650847,1,1,0,8,3,37,8,3,39,8,3,40,82.73333333325809,0.1060457167271057,5,9,3,0
difficulty-easy,20260712,1,0.12,0.45,0.2,0.18,3,30,9,122,2719753289,1508627709,false,false,811.6666666665858,832.6666666665858,9,8,7,179,28,8,3,14,57,52,5,14,5,0,0.08771929824561403,0.9122807017543859,24,3,167.7333333333248,0.20665297741274108,1,0,1,7,3,39,8,3,52,0,0,0,0,0,3,4,2,0
difficulty-easy,20260712,1,0.12,0.45,0.2,0.18,3,30,9,123,567898651,3393913153,false,false,841.2666666665589,862.2666666665589,9,8,7,179,24,7,2,16,54,50,4,16,4,0,0.07407407407407407,0.9259259259259259,20,2.5,167.7333333333248,0.19938188445995675,1,0,1,6,2,40,7,2,48,0,0,0,0,0,5,5,2,0
difficulty-easy,20260712,1,0.12,0.45,0.2,0.18,3,30,9,124,1859314885,3515844217,true,false,758.1999999999678,779.1999999999678,9,8,7,180,26,8,3,5,46,41,5,5,5,0,0.10869565217391304,0.8913043478260869,20,2.5,167.7333333333248,0.22122571001494581,1,1,0,6,3,32,8,3,40,8,3,40,77.99999999992906,0.10287523080972352,5,9,3,0
difficulty-easy,20260712,1,0.12,0.45,0.2,0.18,3,30,9,125,2371572170,1588596298,true,false,841.6666666665585,862.6666666665585,9,8,7,180,27,9,3,20,65,57,8,20,8,0,0.12307692307692308,0.8769230769230769,25,3.125,167.7333333333248,0.19928712871288676,1,1,0,8,3,42,9,3,56,9,3,56,164.39999999985048,0.1953267326731148,3,4,3,0
difficulty-easy,20260712,1,0.12,0.45,0.2,0.18,3,30,9,126,3664689629,248663365,true,false,785.1999999999432,806.1999999999432,9,8,7,180,16,4,3,6,35,32,3,6,3,0,0.08571428571428572,0.9142857142857143,14,1.75,167.7333333333248,0.21361861096960894,1,1,0,4,3,25,4,3,30,4,3,30,92.8333333332489,0.11822890134138514,5,11,2,0
difficulty-easy,20260712,1,0.12,0.45,0.2,0.18,3,30,9,127,3957446512,2387814600,false,false,797.7666666665984,818.7666666665984,9,8,7,179,23,7,3,8,44,39,5,8,5,0,0.11363636363636363,0.8863636363636364,19,2.375,167.7333333333248,0.2102536247023012,1,0,1,5,3,35,7,3,39,0,0,0,0,0,5,10,2,0
difficulty-easy,20260712,1,0.12,0.45,0.2,0.18,3,30,9,128,3096907722,722873398,true,false,804.0333333332594,825.0333333332594,9,8,7,180,22,7,3,6,44,37,7,6,7,0,0.1590909090909091,0.8409090909090909,18,2.25,167.7333333333248,0.20861489987978138,1,1,0,5,3,29,6,3,36,6,3,36,113.8666666665631,0.14161933584831504,6,10,2,0
difficulty-easy,20260712,1,0.12,0.45,0.2,0.18,3,30,9,129,3036198834,1656015064,true,false,820.4666666665778,841.4666666665778,9,8,7,180,21,6,3,5,41,36,5,5,5,0,0.12195121951219512,0.8780487804878049,17,2.125,167.7333333333248,0.2044364995531116,1,1,0,5,3,26,6,3,35,6,3,36,119.86666666655765,0.14609571788401393,5,14,2,0
difficulty-easy,20260712,1,0.12,0.45,0.2,0.18,3,30,9,130,2999277546,924322600,true,false,789.133333333273,810.133333333273,9,8,7,180,19,6,3,1,36,29,7,1,7,0,0.19444444444444445,0.8055555555555556,13,1.625,167.7333333333248,0.21255385655149653,1,1,0,3,2,21,5,2,27,6,3,28,87.86666666658675,0.1113457801806963,5,11,2,0
difficulty-easy,20260712,1,0.12,0.45,0.2,0.18,3,30,9,131,207872869,3645634908,false,false,776.3333333332846,797.3333333332846,9,8,7,179,23,7,2,9,48,42,6,9,6,0,0.125,0.875,15,1.875,167.7333333333248,0.2160583941605865,1,0,1,4,2,28,7,2,40,0,0,0,0,0,2,7,4,0
difficulty-easy,20260712,1,0.12,0.45,0.2,0.18,3,30,9,132,979158521,3452732761,false,false,863.1999999998723,884.1999999998723,9,8,7,179,21,6,3,6,46,37,9,6,9,0,0.1956521739130435,0.8043478260869565,17,2.125,167.7333333333248,0.19431572443622522,1,0,1,5,3,25,6,3,37,0,0,0,0,0,6,11,4,0
difficulty-easy,20260712,1,0.12,0.45,0.2,0.18,3,30,9,133,2975105594,3411493043,true,false,823.7666666665748,844.7666666665748,9,8,7,180,26,8,3,18,62,54,8,18,8,0,0.12903225806451613,0.8709677419354839,24,3,167.7333333333248,0.2036175292356373,1,1,0,7,3,40,8,3,52,8,3,53,136.56666666654246,0.16578319103292724,5,7,3,0
difficulty-easy,20260712,1,0.12,0.45,0.2,0.18,3,30,9,134,1317838698,792364634,false,false,800.4999999999293,821.4999999999293,9,8,7,179,18,5,3,1,32,29,3,1,3,0,0.09375,0.90625,17,2.125,167.7333333333248,0.20953570684989334,1,0,1,5,3,27,5,3,29,0,0,0,0,0,6,14,2,0
difficulty-easy,20260712,1,0.12,0.45,0.2,0.18,3,30,9,135,1597404232,785209467,false,false,874.3333333331955,895.3333333331955,9,8,7,179,19,5,3,13,46,42,4,13,4,0,0.08695652173913043,0.9130434782608695,15,1.875,167.7333333333248,0.19184140297371471,1,0,1,4,3,30,5,3,40,0,0,0,0,0,6,14,2,0
difficulty-easy,20260712,1,0.12,0.45,0.2,0.18,3,30,9,136,3506374869,3452123525,true,false,769.0999999999578,790.0999999999578,9,8,7,180,25,8,3,7,49,41,8,7,8,0,0.16326530612244897,0.8367346938775511,18,2.25,167.7333333333248,0.21809040870281365,1,1,0,5,3,29,7,3,40,7,3,40,102.36666666657356,0.13309929354645583,3,7,3,0
difficulty-easy,20260712,1,0.12,0.45,0.2,0.18,3,30,9,137,98372788,3958419568,true,false,820.9999999999106,841.9999999999106,9,8,7,180,26,7,3,18,59,54,5,18,5,0,0.0847457627118644,0.9152542372881356,22,2.75,167.7333333333248,0.20430369468129483,1,1,0,6,3,40,7,3,52,7,3,53,153.4333333331938,0.18688591148990316,2,5,2,0
difficulty-easy,20260712,1,0.12,0.45,0.2,0.18,3,30,9,138,4021316731,3301874808,false,false,797.3999999999321,818.3999999999321,9,8,7,179,22,6,2,16,57,48,9,16,9,0,0.15789473684210525,0.8421052631578947,21,2.625,167.7333333333248,0.21035030515843878,1,0,1,6,2,35,6,2,47,0,0,0,0,0,4,4,4,0
difficulty-easy,20260712,1,0.12,0.45,0.2,0.18,3,30,9,139,1118674039,2615891444,false,false,760.5999999999656,781.5999999999656,9,8,7,179,25,7,3,8,47,43,4,8,4,0,0.0851063829787234,0.9148936170212766,19,2.375,167.7333333333248,0.2205276536068004,1,0,1,5,3,33,7,3,43,0,0,0,0,0,3,4,2,0
difficulty-easy,20260712,1,0.12,0.45,0.2,0.18,3,30,9,140,3788704140,3797786968,true,false,833.7666666665657,854.7666666665657,9,8,7,180,26,7,3,11,58,47,11,11,11,0,0.1896551724137931,0.8103448275862069,24,3,167.7333333333248,0.20117538879783925,1,1,0,7,3,38,7,3,46,7,3,46,164.06666666651745,0.19677767560852835,3,4,2,0
difficulty-easy,20260712,1,0.12,0.45,0.2,0.18,3,30,9,141,1843501865,1453385799,true,false,795.9666666666001,816.9666666666001,9,8,7,180,27,8,3,18,64,55,9,18,9,0,0.140625,0.859375,22,2.75,167.7333333333248,0.21072909250806837,1,1,0,6,3,41,7,3,53,7,3,53,113.09999999989714,0.14209137736074368,4,6,2,0
difficulty-easy,20260712,1,0.12,0.45,0.2,0.18,3,30,9,142,2108085073,2692805170,true,false,781.0999999999469,802.0999999999469,9,8,7,180,24,7,3,13,52,47,5,13,5,0,0.09615384615384616,0.9038461538461539,18,2.25,167.7333333333248,0.21473989672684188,1,1,0,5,3,38,7,3,46,7,3,46,101.5999999999076,0.13007297401090065,2,5,2,0
difficulty-easy,20260712,1,0.12,0.45,0.2,0.18,3,30,9,143,3478216589,3237700627,true,false,790.2666666666053,811.2666666666053,9,8,7,180,26,7,3,11,53,47,6,11,6,0,0.11320754716981132,0.8867924528301887,24,3,167.7333333333248,0.21224902986334296,1,1,0,7,3,39,7,3,46,7,3,46,112.36666666656447,0.14218829087216112,5,5,3,0
difficulty-easy,20260712,1,0.12,0.45,0.2,0.18,3,30,9,144,1504087569,74755035,false,false,846.1999999998877,867.1999999998877,9,8,7,179,23,7,3,7,46,39,7,7,7,0,0.15217391304347827,0.8478260869565217,20,2.5,167.7333333333248,0.1982194910580797,1,0,1,6,3,31,7,3,38,0,0,0,0,0,5,10,4,0
difficulty-easy,20260712,1,0.12,0.45,0.2,0.18,3,30,9,145,2981424582,2850458104,true,false,791.666666666604,812.666666666604,9,8,7,180,30,9,3,22,69,62,7,22,7,0,0.10144927536231885,0.8985507246376812,24,3,167.7333333333248,0.2118736842105323,1,1,0,7,3,51,9,3,61,9,3,61,104.33333333323844,0.1317894736841011,4,7,3,0
difficulty-easy,20260712,1,0.12,0.45,0.2,0.18,3,30,9,146,280611867,1323195042,true,false,794.6999999999346,815.6999999999346,9,8,7,180,23,8,3,6,43,38,5,6,5,0,0.11627906976744186,0.8837209302325582,19,2.375,167.7333333333248,0.21106497210688135,1,1,0,6,3,29,7,3,37,7,3,37,118.49999999989222,0.14911287278205862,5,14,3,0
difficulty-easy,20260712,1,0.12,0.45,0.2,0.18,3,30,9,147,2544746304,1567418394,true,false,778.5333333332826,799.5333333332826,9,8,7,180,25,8,3,9,53,43,10,9,10,0,0.18867924528301888,0.8113207547169812,18,2.25,167.7333333333248,0.21544785065936256,1,1,0,5,3,34,8,3,43,8,3,43,96.99999999991178,0.12459325226911898,2,5,3,0
difficulty-easy,20260712,1,0.12,0.45,0.2,0.18,3,30,9,148,2336725293,3566457257,true,false,800.1666666665963,821.1666666665963,9,8,7,180,22,6,2,11,49,43,6,11,6,0,0.12244897959183673,0.8775510204081632,19,2.375,167.7333333333248,0.20962299520933916,1,1,0,5,2,36,6,2,43,6,2,43,117.79999999989286,0.14721932930627357,5,10,2,0
difficulty-easy,20260712,1,0.12,0.45,0.2,0.18,3,30,9,149,955363084,3901899374,false,false,828.1666666665708,849.1666666665708,9,8,7,179,22,7,3,11,46,41,5,11,5,0,0.10869565217391304,0.8913043478260869,20,2.5,167.7333333333248,0.20253572147314655,1,0,1,6,3,33,7,3,41,0,0,0,0,0,2,5,2,0
difficulty-easy,20260712,1,0.12,0.45,0.2,0.18,3,30,9,150,3688972581,3399886802,true,false,769.3666666666243,790.3666666666243,9,8,7,180,22,6,3,10,44,41,3,10,3,0,0.06818181818181818,0.9318181818181818,16,2,167.7333333333248,0.2180148173822634,1,1,0,4,3,31,6,3,40,6,3,40,80.46666666659348,0.10458818941977979,5,8,2,0
difficulty-easy,20260712,1,0.12,0.45,0.2,0.18,3,30,9,151,309556288,2821558726,true,false,777.5333333332835,798.5333333332835,9,8,7,180,21,6,2,11,41,41,0,11,0,0,0,1,19,2.375,167.7333333333248,0.21572494212467058,1,1,0,5,2,30,6,2,40,6,2,40,102.33333333324026,0.13161279259184622,3,6,2,0
difficulty-easy,20260712,1,0.12,0.45,0.2,0.18,3,30,9,152,3310279876,3631038247,false,false,772.5999999999547,793.5999999999547,9,8,7,179,20,5,3,13,47,43,4,13,4,0,0.0851063829787234,0.9148936170212766,20,2.5,167.7333333333248,0.21710242471309169,1,0,1,5,3,37,5,3,43,0,0,0,0,0,2,7,2,0
difficulty-easy,20260712,1,0.12,0.45,0.2,0.18,3,30,9,153,1709836494,957570155,true,false,775.5999999999519,796.5999999999519,9,8,7,180,13,4,2,0,27,22,5,0,5,0,0.18518518518518517,0.8148148148148148,10,1.25,167.7333333333248,0.21626267835654356,1,1,0,2,2,17,3,2,21,3,2,21,85.26666666658912,0.10993639332980196,4,8,2,0
difficulty-easy,20260712,1,0.12,0.45,0.2,0.18,3,30,9,154,891065281,2001501134,true,false,770.1666666666235,791.1666666666235,9,8,7,180,28,9,3,8,51,45,6,8,6,0,0.11764705882352941,0.8823529411764706,21,2.625,167.7333333333248,0.21778835749837808,1,1,0,6,3,34,9,3,44,9,3,44,102.36666666657356,0.13291495347316074,3,7,3,0
difficulty-easy,20260712,1,0.12,0.45,0.2,0.18,3,30,9,155,1300447633,3815942107,true,false,829.4333333332363,850.4333333332363,9,8,7,180,24,7,3,3,39,37,2,3,2,0,0.05128205128205128,0.9487179487179487,17,2.125,167.7333333333248,0.20222641964394697,1,1,0,5,3,25,7,3,35,7,3,35,136.09999999987622,0.16408793151938128,5,14,3,0
difficulty-easy,20260712,1,0.12,0.45,0.2,0.18,3,30,9,156,243781276,4168973638,true,false,776.7666666666175,797.7666666666175,9,8,7,180,21,6,3,6,43,37,6,6,6,0,0.13953488372093023,0.8604651162790697,15,1.875,167.7333333333248,0.2159378620778467,1,1,0,4,3,27,6,3,34,6,3,36,82.19999999992524,0.10582328455554706,5,8,2,0
difficulty-easy,20260712,1,0.12,0.45,0.2,0.18,3,30,9,157,3695728801,1924031485,false,false,872.0999999998642,893.0999999998642,9,8,7,179,21,6,2,5,37,35,2,5,2,0,0.05405405405405406,0.9459459459459459,15,1.875,167.7333333333248,0.1923326835607739,1,0,1,4,1,27,5,1,34,0,0,0,0,0,5,11,2,0
difficulty-easy,20260712,1,0.12,0.45,0.2,0.18,3,30,9,158,2953847507,2947029615,true,false,764.6333333332952,785.6333333332952,9,8,7,180,19,5,3,3,37,32,5,3,5,0,0.13513513513513514,0.8648648648648649,18,2.25,167.7333333333248,0.21936440123806594,1,1,0,5,3,27,5,3,31,5,3,31,79.26666666659457,0.1036662452590765,5,8,2,0
difficulty-easy,20260712,1,0.12,0.45,0.2,0.18,3,30,9,159,597318306,2969988937,true,false,824.3666666665742,845.3666666665742,9,8,7,180,23,7,3,18,58,51,7,18,7,0,0.1206896551724138,0.8793103448275862,18,2.25,167.7333333333248,0.20346932999071238,1,1,0,5,3,34,7,3,49,7,3,49,154.6999999998593,0.18765921313316483,2,4,3,0
difficulty-easy,20260712,1,0.12,0.45,0.2,0.18,3,30,9,160,4021549137,175298607,true,false,846.7666666665539,867.7666666665539,9,8,7,180,22,6,2,10,46,41,5,10,5,0,0.10869565217391304,0.8913043478260869,18,2.25,167.7333333333248,0.198086840137008,1,1,0,5,2,34,6,2,41,6,2,41,147.76666666653227,0.17450694799813246,5,14,1,0
difficulty-easy,20260712,1,0.12,0.45,0.2,0.18,3,30,9,161,3627696161,2215963411,true,false,773.9333333332868,794.9333333332868,9,8,7,180,26,7,3,8,46,43,3,8,3,0,0.06521739130434782,0.9347826086956522,19,2.375,167.7333333333248,0.21672840037901828,1,1,0,5,3,32,7,3,41,7,3,43,84.19999999992342,0.10879490050813397,5,13,3,0
difficulty-easy,20260712,1,0.12,0.45,0.2,0.18,3,30,9,162,1721084332,2679391550,true,false,767.7666666666257,788.7666666666257,9,8,7,180,22,7,3,6,40,37,3,6,3,0,0.075,0.925,18,2.25,167.7333333333248,0.21846915295445718,1,1,0,5,3,29,6,3,36,6,3,36,82.8666666665913,0.10793209742534067,6,6,2,0
difficulty-easy,20260712,1,0.12,0.45,0.2,0.18,3,30,9,163,3200445703,2404784930,false,false,860.6999999998745,881.6999999998745,9,8,7,179,25,7,3,19,57,54,3,19,3,0,0.05263157894736842,0.9473684210526315,24,3,167.7333333333248,0.1948801363231663,1,0,1,7,3,41,7,3,53,0,0,0,0,0,6,8,2,0
difficulty-easy,20260712,1,0.12,0.45,0.2,0.18,3,30,9,164,3590333780,1706214015,false,false,825.6333333332398,846.6333333332398,9,8,7,179,25,7,3,21,58,55,3,21,3,0,0.05172413793103448,0.9482758620689655,21,2.625,167.7333333333248,0.20315717227180402,1,0,1,6,3,41,7,3,55,0,0,0,0,0,3,5,2,0
difficulty-easy,20260712,1,0.12,0.45,0.2,0.18,3,30,9,165,2747337816,804328599,false,false,794.2999999999349,815.2999999999349,9,8,7,179,21,6,3,7,42,36,6,7,6,0,0.14285714285714285,0.8571428571428571,16,2,167.7333333333248,0.211171261907766,1,0,1,4,3,31,6,3,35,0,0,0,0,0,2,5,2,0
difficulty-easy,20260712,1,0.12,0.45,0.2,0.18,3,30,9,166,2617124955,1707924128,true,false,765.6999999999609,786.6999999999609,9,8,7,180,27,8,3,11,53,48,5,11,5,0,0.09433962264150944,0.9056603773584906,23,2.875,167.7333333333248,0.21905881328631754,1,1,0,7,3,35,8,3,46,8,3,47,59.29999999994607,0.07744547472893966,5,11,2,0
difficulty-easy,20260712,1,0.12,0.45,0.2,0.18,3,30,9,167,3812811456,3006015671,true,false,851.9999999998824,872.9999999998824,9,8,7,180,27,8,3,16,60,53,7,16,7,0,0.11666666666666667,0.8833333333333333,24,3,167.7333333333248,0.19687010954618303,1,1,0,7,3,43,8,3,53,8,3,53,155.7999999998583,0.18286384976511713,5,7,2,0
difficulty-easy,20260712,1,0.12,0.45,0.2,0.18,3,30,9,168,1894926263,3091468205,true,false,838.966666666561,859.966666666561,9,8,7,180,30,9,3,18,62,58,4,18,4,0,0.06451612903225806,0.9354838709677419,27,3.375,167.7333333333248,0.1999284834518804,1,1,0,8,3,45,8,3,53,9,3,57,144.6666666665351,0.17243434383553577,5,13,3,0
difficulty-easy,20260712,1,0.12,0.45,0.2,0.18,3,30,9,169,1343395008,3077451486,false,false,816.8333333332478,837.8333333332478,9,8,7,179,25,7,3,13,55,48,7,13,7,0,0.12727272727272726,0.8727272727272727,21,2.625,167.7333333333248,0.20534584778617715,1,0,1,6,3,35,7,3,46,0,0,0,0,0,4,6,3,0
difficulty-easy,20260712,1,0.12,0.45,0.2,0.18,3,30,9,170,3083524862,3128302937,true,false,761.1666666666317,782.1666666666317,9,8,7,180,32,10,3,27,71,69,2,27,2,0,0.028169014084507043,0.971830985915493,25,3.125,167.7333333333248,0.2203634771184574,1,1,0,7,3,51,9,3,66,10,3,68,77.86666666659585,0.10229910225522149,5,10,2,0
difficulty-easy,20260712,1,0.12,0.45,0.2,0.18,3,30,9,171,3692811832,1601863949,true,false,773.6666666666204,794.6666666666204,9,8,7,180,16,4,2,6,40,32,8,6,8,0,0.2,0.8,14,1.75,167.7333333333248,0.2168031021111609,1,1,0,3,2,24,4,2,30,4,2,31,71.56666666660158,0.09250323136571201,6,13,2,0
difficulty-easy,20260712,1,0.12,0.45,0.2,0.18,3,30,9,172,260346616,1777829146,true,false,781.8666666666129,802.8666666666129,9,8,7,180,19,5,3,6,42,35,7,6,7,0,0.16666666666666666,0.8333333333333334,18,2.25,167.7333333333248,0.21452933151432851,1,1,0,5,3,26,5,3,34,5,3,34,84.76666666658957,0.10841575716225538,5,8,2,0
difficulty-easy,20260712,1,0.12,0.45,0.2,0.18,3,30,9,173,2363802864,251246025,true,false,816.7333333332479,837.7333333332479,9,8,7,180,23,7,3,8,48,41,7,8,7,0,0.14583333333333334,0.8541666666666666,20,2.5,167.7333333333248,0.2053709901232663,1,1,0,6,3,34,7,3,40,7,3,40,128.79999999988286,0.15770141212949515,5,11,2,0
difficulty-easy,20260712,1,0.12,0.45,0.2,0.18,3,30,9,174,3472932576,2670432390,false,false,859.7999999998754,880.7999999998754,9,8,7,179,24,7,3,18,62,52,10,18,10,0,0.16129032258064516,0.8387096774193549,21,2.625,167.7333333333248,0.19508412809182266,1,0,1,6,3,37,7,3,50,0,0,0,0,0,5,8,3,0
difficulty-easy,20260712,1,0.12,0.45,0.2,0.18,3,30,9,175,35922449,1183517001,true,false,822.9999999999088,843.9999999999088,9,8,7,180,25,7,3,7,58,42,16,7,16,0,0.27586206896551724,0.7241379310344828,23,2.875,167.7333333333248,0.20380720939652902,1,1,0,7,3,34,7,3,38,7,3,40,142.96666666653664,0.17371405427284628,5,5,4,0
difficulty-easy,20260712,1,0.12,0.45,0.2,0.18,3,30,9,176,3309073840,2474689324,false,false,776.266666666618,797.266666666618,9,8,7,179,21,6,3,8,48,39,9,8,9,0,0.1875,0.8125,19,2.375,167.7333333333248,0.21607694950189194,1,0,1,5,3,29,6,3,38,0,0,0,0,0,3,5,3,0
difficulty-easy,20260712,1,0.12,0.45,0.2,0.18,3,30,9,177,1709810134,1706985734,true,false,826.7666666665721,847.7666666665721,9,8,7,180,21,6,3,5,54,36,18,5,18,0,0.3333333333333333,0.6666666666666666,17,2.125,167.7333333333248,0.20287868403017054,1,1,0,5,2,29,6,3,35,6,3,35,133.29999999987876,0.16123049631080194,4,14,3,0
difficulty-easy,20260712,1,0.12,0.45,0.2,0.18,3,30,9,178,2231219360,3165967807,true,false,780.3999999999476,801.3999999999476,9,8,7,180,24,7,3,9,51,43,8,9,8,0,0.1568627450980392,0.8431372549019608,22,2.75,167.7333333333248,0.21493251324107646,1,1,0,7,3,36,7,3,42,7,3,42,90.13333333325136,0.11549632666998644,5,11,2,0
difficulty-easy,20260712,1,0.12,0.45,0.2,0.18,3,30,9,179,4086400158,1411118034,false,false,778.1999999999496,799.1999999999496,9,8,7,179,20,5,2,13,46,42,4,13,4,0,0.08695652173913043,0.9130434782608695,15,1.875,167.7333333333248,0.21554013535509595,1,0,1,4,2,35,5,2,42,0,0,0,0,0,3,5,2,0
difficulty-easy,20260712,1,0.12,0.45,0.2,0.18,3,30,9,180,3396149480,2643783067,true,false,755.0999999999706,776.0999999999706,9,8,7,180,24,7,3,8,49,42,7,8,7,0,0.14285714285714285,0.8571428571428571,19,2.375,167.7333333333248,0.22213393369531365,1,1,0,6,3,29,7,3,41,7,3,41,51.866666666619494,0.06868847393275264,6,14,3,0
difficulty-easy,20260712,1,0.12,0.45,0.2,0.18,3,30,9,181,1539862456,2124321942,false,false,800.5666666665959,821.5666666665959,9,8,7,179,24,7,3,20,58,54,4,20,4,0,0.06896551724137931,0.9310344827586207,23,2.875,167.7333333333248,0.20951825790066156,1,0,1,7,3,43,7,3,53,0,0,0,0,0,3,7,2,0
difficulty-easy,20260712,1,0.12,0.45,0.2,0.18,3,30,9,182,3982333332,2191480214,false,false,827.2333333332383,848.2333333332383,9,8,7,179,23,7,3,16,53,49,4,16,4,0,0.07547169811320754,0.9245283018867925,22,2.75,167.7333333333248,0.20276423419431527,1,0,1,7,3,36,7,3,48,0,0,0,0,0,2,7,2,0
difficulty-easy,20260712,1,0.12,0.45,0.2,0.18,3,30,9,183,3370242222,2233083578,false,false,775.1999999999523,796.1999999999523,9,8,7,179,17,4,3,7,39,34,5,7,5,0,0.1282051282051282,0.8717948717948718,16,2,167.7333333333248,0.21637426900585024,1,0,1,4,3,29,4,3,34,0,0,0,0,0,2,7,2,0
difficulty-easy,20260712,1,0.12,0.45,0.2,0.18,3,30,9,184,1945302814,3761440154,false,false,855.7333333332124,876.7333333332124,9,8,7,179,25,7,3,7,46,41,5,7,5,0,0.10869565217391304,0.8913043478260869,21,2.625,167.7333333333248,0.1960112184481324,1,0,1,6,3,32,7,3,40,0,0,0,0,0,5,6,2,0
difficulty-easy,20260712,1,0.12,0.45,0.2,0.18,3,30,9,185,335860985,1158552183,false,false,793.1999999999359,814.1999999999359,9,8,7,179,27,7,3,12,51,49,2,12,2,0,0.0392156862745098,0.9607843137254902,23,2.875,167.7333333333248,0.21146411161540385,1,0,1,6,3,40,7,3,48,0,0,0,0,0,5,11,2,0
difficulty-easy,20260712,1,0.12,0.45,0.2,0.18,3,30,9,186,1518606970,3817611327,true,false,862.3333333332064,883.3333333332064,9,8,7,180,23,7,3,2,40,34,6,2,6,0,0.15,0.85,20,2.5,167.7333333333248,0.19451101662158812,1,1,0,6,3,29,7,3,34,7,3,34,158.0333333331896,0.18326246617689934,5,14,3,0
difficulty-easy,20260712,1,0.12,0.45,0.2,0.18,3,30,9,187,3923749955,2167258355,false,false,781.7999999999463,802.7999999999463,9,8,7,179,15,4,2,8,41,33,8,8,8,0,0.1951219512195122,0.8048780487804879,13,1.625,167.7333333333248,0.21454762513857292,1,0,1,3,2,27,4,2,33,0,0,0,0,0,5,8,2,0
difficulty-easy,20260712,1,0.12,0.45,0.2,0.18,3,30,9,188,3735206585,3581428821,true,false,792.8666666666029,813.8666666666029,9,8,7,180,20,6,3,1,37,31,6,1,6,0,0.16216216216216217,0.8378378378378378,13,1.625,167.7333333333248,0.21155301437821192,1,1,0,4,3,20,6,3,29,6,3,30,107.33333333323571,0.13537374926416088,5,11,3,0
difficulty-easy,20260712,1,0.12,0.45,0.2,0.18,3,30,9,189,1567608989,762687710,false,false,817.733333333247,838.733333333247,9,8,7,179,25,7,3,16,60,51,9,16,9,0,0.15,0.85,19,2.375,167.7333333333248,0.20511984346976503,1,0,1,5,3,34,7,3,50,0,0,0,0,0,3,7,2,0
difficulty-easy,20260712,1,0.12,0.45,0.2,0.18,3,30,9,190,1875642726,415732446,false,false,762.8333333332969,783.8333333332969,9,8,7,179,25,8,3,6,46,40,6,6,6,0,0.13043478260869565,0.8695652173913043,20,2.5,167.7333333333248,0.21988201878959948,1,0,1,6,3,34,8,3,40,0,0,0,0,0,3,7,3,0
difficulty-easy,20260712,1,0.12,0.45,0.2,0.18,3,30,9,191,3635021742,1948714062,false,false,789.7333333332724,810.7333333332724,9,8,7,179,27,8,2,11,54,48,6,11,6,0,0.1111111111111111,0.8888888888888888,24,3,167.7333333333248,0.21239236873206702,1,0,1,7,2,36,8,2,48,0,0,0,0,0,4,5,2,0
difficulty-easy,20260712,1,0.12,0.45,0.2,0.18,3,30,9,192,1847269624,695243254,true,false,829.5666666665695,850.5666666665695,9,8,7,180,24,7,3,11,49,45,4,11,4,0,0.08163265306122448,0.9183673469387755,20,2.5,167.7333333333248,0.2021939165026051,1,1,0,6,3,30,6,3,35,6,3,35,132.33333333321298,0.15952103507842866,4,11,4,0
difficulty-easy,20260712,1,0.12,0.45,0.2,0.18,3,30,9,193,2435878032,3002292414,false,false,815.9999999999152,836.9999999999152,9,8,7,179,25,8,3,6,43,39,4,6,4,0,0.09302325581395349,0.9069767441860465,19,2.375,167.7333333333248,0.20555555555556645,1,0,1,6,3,31,8,3,39,0,0,0,0,0,3,5,2,0
difficulty-easy,20260712,1,0.12,0.45,0.2,0.18,3,30,9,194,1526140492,834550320,true,false,764.3999999999621,785.3999999999621,9,8,7,180,22,7,3,7,39,38,1,7,1,0,0.02564102564102564,0.9743589743589743,17,2.125,167.7333333333248,0.21943136228850485,1,1,0,4,3,32,6,3,37,6,3,37,96.99999999991178,0.1268969126110892,2,5,1,0
difficulty-easy,20260712,1,0.12,0.45,0.2,0.18,3,30,9,195,830050442,807777994,true,false,774.3333333332864,795.3333333332864,9,8,7,180,23,7,3,8,43,40,3,8,3,0,0.06976744186046512,0.9302325581395349,19,2.375,167.7333333333248,0.21661644425312307,1,1,0,5,3,30,6,3,38,6,3,39,79.86666666659403,0.1031424881617721,5,10,2,0
difficulty-easy,20260712,1,0.12,0.45,0.2,0.18,3,30,9,196,2401368156,3670785343,false,false,857.0666666665445,878.0666666665445,9,8,7,179,27,8,3,13,57,50,7,13,7,0,0.12280701754385964,0.8771929824561403,26,3.25,167.7333333333248,0.1957062850031293,1,0,1,8,3,43,8,3,49,0,0,0,0,0,6,8,3,0
difficulty-easy,20260712,1,0.12,0.45,0.2,0.18,3,30,9,197,2198695329,3600445244,false,false,831.4999999999011,852.4999999999011,9,8,7,179,20,5,3,8,44,38,6,8,6,0,0.13636363636363635,0.8636363636363636,15,1.875,167.7333333333248,0.20172379234316867,1,0,1,4,3,26,5,3,38,0,0,0,0,0,3,5,2,0
difficulty-easy,20260712,1,0.12,0.45,0.2,0.18,3,30,9,198,3126872149,1628234327,false,false,822.8333333332423,843.8333333332423,9,8,7,179,25,8,3,16,58,51,7,16,7,0,0.1206896551724138,0.8793103448275862,21,2.625,167.7333333333248,0.20384849098644117,1,0,1,6,3,41,8,3,51,0,0,0,0,0,3,5,2,0
difficulty-easy,20260712,1,0.12,0.45,0.2,0.18,3,30,9,199,3628101857,872160027,false,false,770.8999999999562,791.8999999999562,9,8,7,179,20,6,2,6,42,36,6,6,6,0,0.14285714285714285,0.8571428571428571,15,1.875,167.7333333333248,0.21758118216803,1,0,1,4,2,25,6,2,36,0,0,0,0,0,3,5,3,0
difficulty-easy,20260712,1,0.12,0.45,0.2,0.18,3,30,9,200,82110196,1843425213,true,false,822.0666666665763,843.0666666665763,9,8,7,180,23,7,3,18,56,50,6,18,6,0,0.10714285714285714,0.8928571428571429,19,2.375,167.7333333333248,0.20403860189766834,1,1,0,5,2,36,6,2,48,6,2,48,116.99999999989359,0.14232422350162977,5,6,2,0
difficulty-easy,20260712,1,0.12,0.45,0.2,0.18,3,30,9,201,4018850377,3814553458,false,false,843.2999999998904,864.2999999998904,9,8,7,179,27,8,3,25,68,62,6,25,6,0,0.08823529411764706,0.9117647058823529,25,3.125,167.7333333333248,0.19890114233765754,1,0,1,7,3,48,8,3,61,0,0,0,0,0,5,7,2,0
difficulty-easy,20260712,1,0.12,0.45,0.2,0.18,3,30,9,202,3870910387,4069866358,false,false,835.6999999998973,856.6999999998973,9,8,7,179,26,8,2,33,72,67,5,33,5,0,0.06944444444444445,0.9305555555555556,23,2.875,167.7333333333248,0.20070998364645856,1,0,1,7,2,54,8,2,67,0,0,0,0,0,3,5,2,0
difficulty-easy,20260712,1,0.12,0.45,0.2,0.18,3,30,9,203,149356833,2060664912,false,false,765.2999999999613,786.2999999999613,9,8,7,179,32,9,3,22,72,64,8,22,8,0,0.1111111111111111,0.8888888888888888,24,3,167.7333333333248,0.21917330894202702,1,0,1,7,3,42,9,3,64,0,0,0,0,0,3,7,4,0
difficulty-easy,20260712,1,0.12,0.45,0.2,0.18,3,30,9,204,2155685474,828924839,true,false,749.099999999976,770.099999999976,9,8,7,180,24,7,3,5,44,39,5,5,5,0,0.11363636363636363,0.8863636363636364,19,2.375,167.7333333333248,0.22391314021269546,1,1,0,5,3,33,7,3,38,7,3,38,51.83333333328619,0.0691941440839512,5,14,2,0
difficulty-easy,20260712,1,0.12,0.45,0.2,0.18,3,30,9,205,417693831,1154257760,true,false,809.8333333332541,830.8333333332541,9,8,7,180,28,9,3,19,61,57,4,19,4,0,0.06557377049180328,0.9344262295081968,23,2.875,167.7333333333248,0.20712080675036987,1,1,0,7,3,39,8,3,54,8,3,55,122.46666666655528,0.15122453179654324,6,10,3,0
difficulty-easy,20260712,1,0.12,0.45,0.2,0.18,3,30,9,206,2491093858,3679727859,true,false,837.7333333332288,858.7333333332288,9,8,7,180,24,7,3,14,55,48,7,14,7,0,0.12727272727272726,0.8727272727272727,23,2.875,167.7333333333248,0.20022282349197723,1,1,0,7,3,36,7,3,44,7,3,47,142.93333333320334,0.17061913098824746,5,8,2,0
difficulty-easy,20260712,1,0.12,0.45,0.2,0.18,3,30,9,207,2769506202,234627338,false,false,793.4666666666024,814.4666666666024,9,8,7,179,25,7,3,14,58,49,9,14,9,0,0.15517241379310345,0.8448275862068966,23,2.875,167.7333333333248,0.21139304318602553,1,0,1,6,3,42,7,3,48,0,0,0,0,0,6,9,4,0
difficulty-easy,20260712,1,0.12,0.45,0.2,0.18,3,30,9,208,1695446040,1464608370,true,false,827.2999999999049,848.2999999999049,9,8,7,180,28,8,3,8,53,46,7,8,7,0,0.1320754716981132,0.8679245283018868,19,2.375,167.7333333333248,0.20274789475806124,1,1,0,6,3,29,8,3,45,8,3,45,136.0333333332096,0.16443047665082225,4,14,5,0
difficulty-easy,20260712,1,0.12,0.45,0.2,0.18,3,30,9,209,4174067465,2298668592,false,false,847.0999999998869,868.0999999998869,9,8,7,179,27,8,3,23,66,60,6,23,6,0,0.09090909090909091,0.9090909090909091,24,3,167.7333333333248,0.19800889308623207,1,0,1,7,3,40,8,3,60,0,0,0,0,0,7,10,3,0
difficulty-easy,20260712,1,0.12,0.45,0.2,0.18,3,30,9,210,1707711480,1083167641,true,false,825.9666666665728,846.9666666665728,9,8,7,180,20,5,3,8,44,38,6,8,6,0,0.13636363636363635,0.8636363636363636,16,2,167.7333333333248,0.20307518463216093,1,1,0,4,3,31,5,3,37,5,3,37,129.43333333321561,0.15670527462758424,4,11,2,0
difficulty-easy,20260712,1,0.12,0.45,0.2,0.18,3,30,9,211,2141854888,1341466183,false,false,798.6333333332643,819.6333333332643,9,8,7,179,25,7,3,13,49,48,1,13,1,0,0.02040816326530612,0.9795918367346939,21,2.625,167.7333333333248,0.210025460161116,1,0,1,5,3,40,7,3,48,0,0,0,0,0,3,5,2,0
difficulty-easy,20260712,1,0.12,0.45,0.2,0.18,3,30,9,212,2240692290,1984115244,false,false,875.4666666665278,896.4666666665278,9,8,7,179,30,8,3,14,60,54,6,14,6,0,0.1,0.9,22,2.75,167.7333333333248,0.1915930551325214,1,0,1,6,3,39,8,3,53,0,0,0,0,0,5,10,2,0
difficulty-easy,20260712,1,0.12,0.45,0.2,0.18,3,30,9,213,3154705907,830505868,true,false,813.9333333332504,834.9333333332504,9,8,7,180,28,8,3,20,64,58,6,20,6,0,0.09375,0.90625,25,3.125,167.7333333333248,0.20607748382341948,1,1,0,7,3,46,8,3,57,8,3,57,110.19999999989977,0.13539192399038946,6,10,2,0
difficulty-easy,20260712,1,0.12,0.45,0.2,0.18,3,30,9,214,2843314281,1521524693,false,false,827.199999999905,848.199999999905,9,8,7,179,22,6,2,15,50,47,3,15,3,0,0.06,0.94,19,2.375,167.7333333333248,0.20277240490007745,1,0,1,5,2,37,6,2,47,0,0,0,0,0,3,5,2,0
difficulty-easy,20260712,1,0.12,0.45,0.2,0.18,3,30,9,215,1951423146,1811103409,false,false,805.9999999999243,826.9999999999243,9,8,7,179,25,7,3,16,56,51,5,16,5,0,0.08928571428571429,0.9107142857142857,22,2.75,167.7333333333248,0.2081058726220106,1,0,1,6,3,38,7,3,49,0,0,0,0,0,6,11,2,0
difficulty-easy,20260712,1,0.12,0.45,0.2,0.18,3,30,9,216,2515557984,419142457,false,false,838.4999999998947,859.4999999998947,9,8,7,179,24,7,3,8,46,41,5,8,5,0,0.10869565217391304,0.8913043478260869,22,2.75,167.7333333333248,0.20003975352814055,1,0,1,7,3,37,7,3,41,0,0,0,0,0,6,9,3,0
difficulty-easy,20260712,1,0.12,0.45,0.2,0.18,3,30,9,217,2905933155,4116718287,false,false,871.2666666665316,892.2666666665316,9,8,7,179,27,8,3,15,57,51,6,15,6,0,0.10526315789473684,0.8947368421052632,19,2.375,167.7333333333248,0.1925166424363197,1,0,1,5,3,37,8,3,50,0,0,0,0,0,5,14,2,0
difficulty-easy,20260712,1,0.12,0.45,0.2,0.18,3,30,9,218,4226582809,416812559,true,false,762.8333333332969,783.8333333332969,9,8,7,180,21,6,3,9,43,40,3,9,3,0,0.06976744186046512,0.9302325581395349,19,2.375,167.7333333333248,0.21988201878959948,1,1,0,5,3,33,6,3,39,6,3,39,78.73333333326173,0.10321171072746185,5,10,2,0
difficulty-easy,20260712,1,0.12,0.45,0.2,0.18,3,30,9,219,605723200,1003772549,true,false,790.6333333332716,811.6333333332716,9,8,7,180,20,6,3,7,41,37,4,7,4,0,0.0975609756097561,0.9024390243902439,19,2.375,167.7333333333248,0.21215059656815788,1,1,0,6,3,29,6,3,36,6,3,36,111.39999999989868,0.14089970066179947,3,5,2,0
difficulty-easy,20260712,1,0.12,0.45,0.2,0.18,3,30,9,220,4087178351,1237651290,false,false,809.5666666665877,830.5666666665877,9,8,7,179,24,7,3,9,49,43,6,9,6,0,0.12244897959183673,0.8775510204081632,20,2.5,167.7333333333248,0.20718903116894777,1,0,1,6,3,32,7,3,42,0,0,0,0,0,3,5,2,0
difficulty-easy,20260712,1,0.12,0.45,0.2,0.18,3,30,9,221,1144567018,480018665,false,false,836.8666666665629,857.8666666665629,9,8,7,179,27,8,3,16,61,53,8,16,8,0,0.13114754098360656,0.8688524590163934,24,3,167.7333333333248,0.20043017605354768,1,0,1,7,3,45,8,3,53,0,0,0,0,0,3,5,3,0
difficulty-easy,20260712,1,0.12,0.45,0.2,0.18,3,30,9,222,2167231004,1571274072,true,false,763.2999999999631,784.2999999999631,9,8,7,180,21,6,3,2,38,33,5,2,5,0,0.13157894736842105,0.868421052631579,16,2,167.7333333333248,0.21974758723088286,1,1,0,5,3,24,6,3,32,6,3,32,75.39999999993142,0.09878160618359108,5,6,1,0
difficulty-easy,20260712,1,0.12,0.45,0.2,0.18,3,30,9,223,737399196,3205082114,true,false,798.7333333332642,819.7333333332642,9,8,7,180,22,7,2,8,44,39,5,8,5,0,0.11363636363636363,0.8863636363636364,21,2.625,167.7333333333248,0.20999916534513727,1,1,0,6,2,34,6,2,35,6,2,38,105.46666666657075,0.13204240046729807,5,11,2,0
difficulty-easy,20260712,1,0.12,0.45,0.2,0.18,3,30,9,224,1788945342,275024770,false,false,786.3333333332755,807.3333333332755,9,8,7,179,27,8,3,13,54,50,4,13,4,0,0.07407407407407407,0.9259259259259259,24,3,167.7333333333248,0.21331072488343,1,0,1,7,3,42,8,3,49,0,0,0,0,0,4,7,2,0
difficulty-easy,20260712,1,0.12,0.45,0.2,0.18,3,30,9,225,2464768654,2049551651,false,false,843.8999999998898,864.8999999998898,9,8,7,179,27,8,3,16,60,53,7,16,7,0,0.11666666666666667,0.8833333333333333,26,3.25,167.7333333333248,0.1987597266658925,1,0,1,8,3,45,8,3,53,0,0,0,0,0,3,7,3,0
difficulty-easy,20260712,1,0.12,0.45,0.2,0.18,3,30,9,226,2618027127,3819495355,true,false,840.6333333332261,861.6333333332261,9,8,7,180,20,6,3,10,48,40,8,10,8,0,0.16666666666666666,0.8333333333333334,18,2.25,167.7333333333248,0.19953209881440126,1,1,0,5,3,29,6,3,38,6,3,39,137.0333333332087,0.16301201475065566,5,5,2,0
difficulty-easy,20260712,1,0.12,0.45,0.2,0.18,3,30,9,227,684539206,3416307305,true,false,787.8666666666074,808.8666666666074,9,8,7,180,26,8,3,9,54,45,9,9,9,0,0.16666666666666666,0.8333333333333334,19,2.375,167.7333333333248,0.21289558300897454,1,1,0,6,3,28,8,3,44,8,3,44,113.19999999989705,0.14367913352501127,4,7,2,0
difficulty-easy,20260712,1,0.12,0.45,0.2,0.18,3,30,9,228,576204067,2256529216,true,false,801.233333333262,822.233333333262,9,8,7,180,18,6,3,1,36,29,7,1,7,0,0.19444444444444445,0.8055555555555556,18,2.25,167.7333333333248,0.20934392811083713,1,1,0,6,3,24,6,3,28,6,3,28,112.06666666656474,0.1398677039562858,5,11,2,0
difficulty-easy,20260712,1,0.12,0.45,0.2,0.18,3,30,9,229,1483928871,1445423649,false,false,845.6666666665549,866.6666666665549,9,8,7,179,31,9,3,19,68,60,8,19,8,0,0.11764705882352941,0.8823529411764706,24,3,167.7333333333248,0.1983445013795983,1,0,1,7,3,48,9,3,60,0,0,0,0,0,3,7,3,0
difficulty-easy,20260712,1,0.12,0.45,0.2,0.18,3,30,9,230,3174676850,928612638,true,false,770.6999999999564,791.6999999999564,9,8,7,180,21,6,3,8,42,38,4,8,4,0,0.09523809523809523,0.9047619047619048,16,2,167.7333333333248,0.2176376454305622,1,1,0,4,3,30,6,3,37,6,3,37,96.96666666657848,0.12581635742387953,2,5,1,0
difficulty-easy,20260712,1,0.12,0.45,0.2,0.18,3,30,9,231,2423965070,719119834,true,false,765.599999999961,786.599999999961,9,8,7,180,23,7,3,4,43,36,7,4,7,0,0.16279069767441862,0.8372093023255814,16,2,167.7333333333248,0.2190874259839777,1,1,0,4,3,25,6,3,34,6,3,34,79.13333333326136,0.10336119818869564,5,8,3,0
difficulty-easy,20260712,1,0.12,0.45,0.2,0.18,3,30,9,232,1343798630,2718142536,true,false,813.7666666665839,834.7666666665839,9,8,7,180,22,7,2,13,53,44,9,13,9,0,0.16981132075471697,0.8301886792452831,19,2.375,167.7333333333248,0.2061196903289336,1,1,0,6,2,35,6,2,42,6,2,43,120.96666666655665,0.148650309261339,5,10,2,0
difficulty-easy,20260712,1,0.12,0.45,0.2,0.18,3,30,9,233,727706053,3937387364,false,false,834.8666666665647,855.8666666665647,9,8,7,179,27,8,3,14,54,51,3,14,3,0,0.05555555555555555,0.9444444444444444,24,3,167.7333333333248,0.20091032500201064,1,0,1,7,3,38,8,3,51,0,0,0,0,0,3,5,2,0
difficulty-easy,20260712,1,0.12,0.45,0.2,0.18,3,30,9,234,806029282,2416807435,false,false,855.0999999998796,876.0999999998796,9,8,7,179,27,8,3,15,57,51,6,15,6,0,0.10526315789473684,0.8947368421052632,23,2.875,167.7333333333248,0.19615639496356965,1,0,1,7,3,42,8,3,51,0,0,0,0,0,6,11,3,0
difficulty-easy,20260712,1,0.12,0.45,0.2,0.18,3,30,9,235,3910707710,4186776254,true,false,776.8333333332841,797.8333333332841,9,8,7,180,24,7,3,10,50,44,6,10,6,0,0.12,0.88,18,2.25,167.7333333333248,0.21591933061575036,1,1,0,5,3,28,7,3,42,7,3,43,100.5333333332419,0.12941428877912242,2,5,3,0
difficulty-easy,20260712,1,0.12,0.45,0.2,0.18,3,30,9,236,3816510720,4252146054,false,false,778.8333333332823,799.8333333332823,9,8,7,179,25,7,2,12,53,47,6,12,6,0,0.11320754716981132,0.8867924528301887,23,2.875,167.7333333333248,0.21536486197303972,1,0,1,7,2,38,7,2,47,0,0,0,0,0,3,7,3,0
difficulty-easy,20260712,1,0.12,0.45,0.2,0.18,3,30,9,237,2007936054,2179853944,true,false,786.933333333275,807.933333333275,9,8,7,180,17,4,3,5,39,32,7,5,7,0,0.1794871794871795,0.8205128205128205,14,1.75,167.7333333333248,0.21314808539478639,1,1,0,4,3,23,4,3,31,4,3,31,117.63333333322635,0.14948322602495137,2,7,2,0
difficulty-easy,20260712,1,0.12,0.45,0.2,0.18,3,30,9,238,1613922475,4146057515,false,false,812.2999999999186,833.2999999999186,9,8,7,179,27,8,3,11,48,46,2,11,2,0,0.041666666666666664,0.9583333333333334,23,2.875,167.7333333333248,0.2064918544051971,1,0,1,7,3,34,7,3,45,0,0,0,0,0,3,6,2,0
difficulty-easy,20260712,1,0.12,0.45,0.2,0.18,3,30,9,239,3169452984,1610026307,true,false,799.7999999999299,820.7999999999299,9,8,7,180,21,7,3,5,39,35,4,5,4,0,0.10256410256410256,0.8974358974358975,17,2.125,167.7333333333248,0.20971909644078457,1,1,0,5,3,27,6,3,33,6,3,34,88.3999999999196,0.11052763190788616,4,10,2,0
difficulty-easy,20260712,1,0.12,0.45,0.2,0.18,3,30,9,240,3071937110,3483667099,true,false,770.6666666666231,791.6666666666231,9,8,7,180,20,6,3,9,39,39,0,9,0,0,0,1,18,2.25,167.7333333333248,0.21764705882353064,1,1,0,5,3,30,6,3,38,6,3,38,102.66666666657329,0.13321799307947116,3,7,1,0
difficulty-easy,20260712,1,0.12,0.45,0.2,0.18,3,30,9,241,3310753976,3323007188,true,false,778.8666666666156,799.8666666666156,9,8,7,180,28,9,3,18,64,55,9,18,9,0,0.140625,0.859375,21,2.625,167.7333333333248,0.2153556449542101,1,1,0,6,3,36,8,3,52,8,3,54,80.09999999992715,0.10284173585542977,6,8,3,0
difficulty-easy,20260712,1,0.12,0.45,0.2,0.18,3,30,9,242,1782500555,98831180,true,false,783.6666666666113,804.6666666666113,9,8,7,180,22,7,3,4,37,35,2,4,2,0,0.05405405405405406,0.9459459459459459,16,2,167.7333333333248,0.21403658017865163,1,1,0,5,3,24,6,3,34,6,3,34,92.69999999991569,0.11829008932359282,5,10,2,0
difficulty-easy,20260712,1,0.12,0.45,0.2,0.18,3,30,9,243,1927857696,3247687363,false,false,774.9999999999525,795.9999999999525,9,8,7,179,27,8,3,14,59,49,10,14,10,0,0.1694915254237288,0.8305084745762712,23,2.875,167.7333333333248,0.21643010752688396,1,0,1,7,3,43,8,3,48,0,0,0,0,0,3,5,3,0
difficulty-easy,20260712,1,0.12,0.45,0.2,0.18,3,30,9,244,2998384363,1282893850,false,false,780.4999999999475,801.4999999999475,9,8,7,179,28,8,3,19,62,57,5,19,5,0,0.08064516129032258,0.9193548387096774,26,3.25,167.7333333333248,0.21490497544309556,1,0,1,8,3,46,8,3,57,0,0,0,0,0,2,7,2,0
difficulty-easy,20260712,1,0.12,0.45,0.2,0.18,3,30,9,245,2143974395,24328719,true,false,785.5333333332762,806.5333333332762,9,8,7,180,25,7,3,8,48,42,6,8,6,0,0.125,0.875,22,2.75,167.7333333333248,0.21352796401595983,1,1,0,6,3,35,6,3,40,7,3,41,83.43333333325745,0.10621233981150409,5,14,2,0
difficulty-easy,20260712,1,0.12,0.45,0.2,0.18,3,30,9,246,3558225217,3842164078,true,false,781.1999999999468,802.1999999999468,9,8,7,180,27,9,3,6,53,43,10,6,10,0,0.18867924528301888,0.8113207547169812,21,2.625,167.7333333333248,0.21471240826079904,1,1,0,7,3,31,9,3,42,9,3,42,84.93333333325609,0.10872162485056562,4,14,3,0
difficulty-easy,20260712,1,0.12,0.45,0.2,0.18,3,30,9,247,3217396239,4124898951,true,false,808.0666666665891,829.0666666665891,9,8,7,180,26,8,3,6,47,41,6,6,6,0,0.1276595744680851,0.8723404255319149,21,2.625,167.7333333333248,0.2075736325385788,1,1,0,6,3,31,7,3,39,7,3,40,134.866666666544,0.1669004207572275,2,7,4,0
difficulty-easy,20260712,1,0.12,0.45,0.2,0.18,3,30,9,248,675606670,1687385446,true,false,828.7333333332369,849.7333333332369,9,8,7,180,22,6,3,13,54,45,9,13,9,0,0.16666666666666666,0.8333333333333334,18,2.25,167.7333333333248,0.20239723272465324,1,1,0,5,3,32,6,3,43,6,3,43,136.39999999987594,0.1645885286781737,5,11,4,0
difficulty-easy,20260712,1,0.12,0.45,0.2,0.18,3,30,9,249,3621604416,3117577987,false,false,843.0999999998905,864.0999999998905,9,8,7,179,30,9,3,17,63,57,6,17,6,0,0.09523809523809523,0.9047619047619048,26,3.25,167.7333333333248,0.19894832562370604,1,0,1,8,3,46,9,3,57,0,0,0,0,0,3,5,2,0
difficulty-easy,20260712,1,0.12,0.45,0.2,0.18,3,30,9,250,776970704,4268874364,true,false,809.933333333254,830.933333333254,9,8,7,180,24,7,3,5,46,39,7,5,7,0,0.15217391304347827,0.8478260869565217,20,2.5,167.7333333333248,0.20709523417566206,1,1,0,6,3,30,7,3,38,7,3,38,121.99999999988904,0.15062968145514155,5,14,3,0
difficulty-easy,20260712,1,0.12,0.45,0.2,0.18,3,30,9,251,2124666350,98333850,true,false,838.5999999998946,859.5999999998946,9,8,7,180,24,7,3,15,57,49,8,15,8,0,0.14035087719298245,0.8596491228070176,19,2.375,167.7333333333248,0.20001589951507973,1,1,0,5,3,41,7,3,47,7,3,48,154.13333333319315,0.1837983941488344,5,5,2,0
difficulty-easy,20260712,1,0.12,0.45,0.2,0.18,3,30,9,252,2801092811,2919140446,false,false,789.6333333332725,810.6333333332725,9,8,7,179,24,7,3,12,50,46,4,12,4,0,0.08,0.92,22,2.75,167.7333333333248,0.2124192663261485,1,0,1,7,3,37,7,3,45,0,0,0,0,0,4,7,2,0
difficulty-easy,20260712,1,0.12,0.45,0.2,0.18,3,30,9,253,1678832529,4024929389,true,false,808.8999999999216,829.8999999999216,9,8,7,180,26,9,3,5,42,40,2,5,2,0,0.047619047619047616,0.9523809523809523,20,2.5,167.7333333333248,0.2073597890138967,1,1,0,6,3,30,8,3,39,8,3,39,110.26666666656638,0.1363168088349327,5,11,3,0
difficulty-easy,20260712,1,0.12,0.45,0.2,0.18,3,30,9,254,2328853235,1459023703,true,false,775.5999999999519,796.5999999999519,9,8,7,180,25,7,3,16,59,51,8,16,8,0,0.13559322033898305,0.864406779661017,23,2.875,167.7333333333248,0.21626267835654356,1,1,0,7,3,40,7,3,46,7,3,49,80.56666666659339,0.10387656867792468,5,10,3,0
difficulty-easy,20260712,1,0.12,0.45,0.2,0.18,3,30,9,255,1035975336,86201134,false,false,806.7666666665903,827.7666666665903,9,8,7,179,26,8,3,8,48,44,4,8,4,0,0.08333333333333333,0.9166666666666666,19,2.375,167.7333333333248,0.20790811056481512,1,0,1,5,3,35,8,3,43,0,0,0,0,0,5,14,2,0
difficulty-easy,20260712,1,0.12,0.45,0.2,0.18,3,30,9,256,3124014609,1637699427,true,false,791.4666666666042,812.4666666666042,9,8,7,180,18,5,3,10,46,38,8,10,8,0,0.17391304347826086,0.8260869565217391,18,2.25,167.7333333333248,0.2119272237196825,1,1,0,5,3,32,5,3,36,5,3,38,94.56666666658066,0.11948281671149107,4,8,2,0
difficulty-easy,20260712,1,0.12,0.45,0.2,0.18,3,30,9,257,2428126724,1453483813,false,false,806.4666666665905,827.4666666665905,9,8,7,179,22,6,3,4,46,36,10,4,10,0,0.21739130434782608,0.782608695652174,19,2.375,167.7333333333248,0.2079854509382582,1,0,1,6,3,29,6,3,35,0,0,0,0,0,5,11,3,0
difficulty-easy,20260712,1,0.12,0.45,0.2,0.18,3,30,9,258,408187522,2268182784,false,false,789.0666666666064,810.0666666666064,9,8,7,179,26,7,3,15,58,51,7,15,7,0,0.1206896551724138,0.8793103448275862,26,3.25,167.7333333333248,0.2125718148023035,1,0,1,7,3,48,7,3,51,0,0,0,0,0,3,4,2,0
difficulty-easy,20260712,1,0.12,0.45,0.2,0.18,3,30,9,259,1540836935,2487278556,true,false,772.5999999999547,793.5999999999547,9,8,7,180,29,8,3,19,67,58,9,19,9,0,0.13432835820895522,0.8656716417910447,26,3.25,167.7333333333248,0.21710242471309169,1,1,0,7,3,46,8,3,57,8,3,57,79.69999999992751,0.10315816722745559,6,8,4,0
difficulty-easy,20260712,1,0.12,0.45,0.2,0.18,3,30,9,260,416540612,2370386758,true,false,781.2999999999467,802.2999999999467,9,8,7,180,19,5,3,9,43,38,5,9,5,0,0.11627906976744186,0.8837209302325582,15,1.875,167.7333333333248,0.21468492683135315,1,1,0,4,3,25,5,3,37,5,3,37,106.29999999990332,0.13605529246116801,3,7,2,0
difficulty-easy,20260712,1,0.12,0.45,0.2,0.18,3,30,9,261,4156763438,763319639,true,false,763.9666666666292,784.9666666666292,9,8,7,180,21,6,3,14,50,45,5,14,5,0,0.1,0.9,19,2.375,167.7333333333248,0.2195558270430643,1,1,0,5,3,31,6,3,42,6,3,44,80.83333333325982,0.10580740870011403,5,12,3,0
difficulty-easy,20260712,1,0.12,0.45,0.2,0.18,3,30,9,262,1417443586,907737161,true,false,768.3666666666252,789.3666666666252,9,8,7,180,29,9,3,14,57,53,4,14,4,0,0.07017543859649122,0.9298245614035088,28,3.5,167.7333333333248,0.21829855537720774,1,1,0,9,3,49,9,3,53,9,3,53,79.06666666659476,0.10290226020554295,5,9,3,0
difficulty-easy,20260712,1,0.12,0.45,0.2,0.18,3,30,9,263,1787971212,2421539574,true,false,784.2666666666107,805.2666666666107,9,8,7,180,24,7,3,8,50,42,8,8,8,0,0.16,0.84,22,2.75,167.7333333333248,0.21387283236994656,1,1,0,7,3,34,7,3,42,7,3,42,89.96666666658484,0.11471438286287564,5,10,3,0
difficulty-easy,20260712,1,0.12,0.45,0.2,0.18,3,30,9,264,2331210239,1118311468,true,false,783.3999999999448,804.3999999999448,9,8,7,180,15,4,3,1,35,26,9,1,9,0,0.2571428571428571,0.7428571428571429,15,1.875,167.7333333333248,0.21410943749468547,1,1,0,4,3,24,4,3,25,4,3,25,89.13333333325227,0.11377755084664098,5,11,1,0
difficulty-easy,20260712,1,0.12,0.45,0.2,0.18,3,30,9,265,2746147269,2465663903,true,false,802.1999999999277,823.1999999999277,9,8,7,180,22,7,3,3,38,34,4,3,4,0,0.10526315789473684,0.8947368421052632,17,2.125,167.7333333333248,0.20909166458905498,1,1,0,5,3,26,7,3,33,7,3,33,121.5333333332228,0.15150004155227342,5,14,2,0
difficulty-easy,20260712,1,0.12,0.45,0.2,0.18,3,30,9,266,3727330783,1055634797,true,false,782.3999999999457,803.3999999999457,9,8,7,180,20,6,3,1,33,31,2,1,2,0,0.06060606060606061,0.9393939393939394,13,1.625,167.7333333333248,0.21438309475119685,1,1,0,3,2,22,5,3,27,6,3,30,87.49999999992042,0.11183537832301442,4,10,3,0
difficulty-easy,20260712,1,0.12,0.45,0.2,0.18,3,30,9,267,9300034,3333552583,true,false,825.0999999999069,846.0999999999069,9,8,7,180,29,9,3,20,65,59,6,20,6,0,0.09230769230769231,0.9076923076923077,23,2.875,167.7333333333248,0.20328849028401857,1,1,0,7,3,40,9,3,57,9,3,58,153.4333333331938,0.18595725770598848,3,5,4,0
difficulty-easy,20260712,1,0.12,0.45,0.2,0.18,3,30,9,268,448378662,4108527585,true,false,763.7999999999627,784.7999999999627,9,8,7,180,22,7,3,7,46,38,8,7,8,0,0.17391304347826086,0.8260869565217391,16,2,167.7333333333248,0.21960373570742733,1,1,0,4,2,30,6,3,37,6,3,37,96.69999999991205,0.12660382299020265,2,5,2,0
difficulty-easy,20260712,1,0.12,0.45,0.2,0.18,3,30,9,269,2644846291,1818401493,true,false,828.9999999999034,849.9999999999034,9,8,7,180,28,9,3,10,50,46,4,10,4,0,0.08,0.92,22,2.75,167.7333333333248,0.202332127060729,1,1,0,7,3,33,8,3,43,8,3,44,145.66666666653418,0.17571371129861418,4,5,2,0
difficulty-easy,20260712,1,0.12,0.45,0.2,0.18,3,30,9,270,2933178831,102202903,true,false,807.833333333256,828.833333333256,9,8,7,180,22,7,3,3,37,34,3,3,3,0,0.08108108108108109,0.918918918918919,19,2.375,167.7333333333248,0.20763358778626886,1,1,0,6,3,28,6,3,33,6,3,33,117.0666666665602,0.14491438002876592,4,10,2,0
difficulty-easy,20260712,1,0.12,0.45,0.2,0.18,3,30,9,271,3958547359,1056071990,false,false,859.5333333332089,880.5333333332089,9,8,7,179,27,8,3,12,53,49,4,12,4,0,0.07547169811320754,0.9245283018867925,25,3.125,167.7333333333248,0.19514465213683674,1,0,1,8,3,43,8,3,48,0,0,0,0,0,6,10,2,0
difficulty-easy,20260712,1,0.12,0.45,0.2,0.18,3,30,9,272,3628565045,2982389769,false,false,804.7666666665921,825.7666666665921,9,8,7,179,21,6,3,12,45,43,2,12,2,0,0.044444444444444446,0.9555555555555556,20,2.5,167.7333333333248,0.20842480222011392,1,0,1,6,3,32,6,3,42,0,0,0,0,0,3,5,2,0
difficulty-easy,20260712,1,0.12,0.45,0.2,0.18,3,30,9,273,330575335,1112644063,true,false,739.7999999999845,760.7999999999845,9,8,7,180,31,10,3,17,59,57,2,17,2,0,0.03389830508474576,0.9661016949152542,26,3.25,167.7333333333248,0.22672794448949488,1,1,0,8,3,47,10,3,56,10,3,56,59.89999999994552,0.08096782914293968,6,13,2,0
difficulty-easy,20260712,1,0.12,0.45,0.2,0.18,3,30,9,274,2907495908,1044093551,true,false,821.9999999999097,842.9999999999097,9,8,7,180,22,6,3,9,49,41,8,9,8,0,0.16326530612244897,0.8367346938775511,20,2.5,167.7333333333248,0.20405515004056352,1,1,0,6,3,33,6,3,40,6,3,40,151.2333333331958,0.18398215733967443,2,3,2,0
difficulty-easy,20260712,1,0.12,0.45,0.2,0.18,3,30,9,275,738587840,3315881753,true,false,803.6666666665931,824.6666666665931,9,8,7,180,28,9,3,13,60,49,11,13,11,0,0.18333333333333332,0.8166666666666667,26,3.25,167.7333333333248,0.2087100788054834,1,1,0,8,3,42,8,3,47,9,3,49,104.43333333323835,0.12994608046443126,6,8,2,0
difficulty-easy,20260712,1,0.12,0.45,0.2,0.18,3,30,9,276,843627350,2333660108,true,false,805.9999999999243,826.9999999999243,9,8,7,180,24,7,3,11,49,44,5,11,5,0,0.10204081632653061,0.8979591836734694,20,2.5,167.7333333333248,0.2081058726220106,1,1,0,6,3,36,6,3,42,7,3,43,119.63333333322453,0.1484284532670419,5,10,2,0
difficulty-easy,20260712,1,0.12,0.45,0.2,0.18,3,30,9,277,2035639171,1220600636,true,false,840.3333333332264,861.3333333332264,9,8,7,180,31,9,3,25,77,66,11,25,11,0,0.14285714285714285,0.8571428571428571,27,3.375,167.7333333333248,0.19960333201112193,1,1,0,8,3,52,9,3,64,9,3,64,159.53333333318824,0.1898452994841831,4,6,2,0
difficulty-easy,20260712,1,0.12,0.45,0.2,0.18,3,30,9,278,767892615,2538774060,true,false,744.0999999999806,765.0999999999806,9,8,7,180,23,7,3,11,53,43,10,11,10,0,0.18867924528301888,0.8113207547169812,18,2.25,167.7333333333248,0.22541773059176073,1,1,0,5,3,31,7,3,42,7,3,42,60.166666666611945,0.08085830757507528,5,13,3,0
difficulty-easy,20260712,1,0.12,0.45,0.2,0.18,3,30,9,279,1134866454,3283254722,false,false,870.7999999998653,891.7999999998653,9,8,7,179,25,7,3,12,54,47,7,12,7,0,0.12962962962962962,0.8703703703703703,22,2.75,167.7333333333248,0.19261981319861132,1,0,1,6,3,40,7,3,46,0,0,0,0,0,6,9,2,0
difficulty-easy,20260712,1,0.12,0.45,0.2,0.18,3,30,9,280,2286155613,2974307165,true,false,786.933333333275,807.933333333275,9,8,7,180,28,8,3,38,84,76,8,38,8,0,0.09523809523809523,0.9047619047619048,28,3.5,167.7333333333248,0.21314808539478639,1,1,0,8,3,61,8,3,76,8,3,76,92.66666666658239,0.11775669264646213,5,10,4,0
difficulty-easy,20260712,1,0.12,0.45,0.2,0.18,3,30,9,281,127508651,3523483135,false,false,803.6999999999264,824.6999999999264,9,8,7,179,23,7,3,18,55,51,4,18,4,0,0.07272727272727272,0.9272727272727272,19,2.375,167.7333333333248,0.20870142258720936,1,0,1,5,3,38,7,3,50,0,0,0,0,0,3,5,2,0
difficulty-easy,20260712,1,0.12,0.45,0.2,0.18,3,30,9,282,1275224985,486800979,true,false,768.4999999999584,789.4999999999584,9,8,7,180,23,7,3,13,48,45,3,13,3,0,0.0625,0.9375,21,2.625,167.7333333333248,0.2182606809802653,1,1,0,6,3,36,7,3,44,7,3,44,102.56666666657338,0.13346345695065573,2,7,2,0
difficulty-easy,20260712,1,0.12,0.45,0.2,0.18,3,30,9,283,3291538274,196067927,false,false,876.4666666665269,897.4666666665269,9,8,7,179,24,7,3,7,47,41,6,7,6,0,0.1276595744680851,0.8723404255319149,21,2.625,167.7333333333248,0.19137445805128722,1,0,1,6,3,32,7,3,40,0,0,0,0,0,5,8,2,0
difficulty-easy,20260712,1,0.12,0.45,0.2,0.18,3,30,9,284,2754763494,2061587050,true,false,779.4666666666151,800.4666666666151,9,8,7,180,25,8,3,9,49,43,6,9,6,0,0.12244897959183673,0.8775510204081632,21,2.625,167.7333333333248,0.2151898734177248,1,1,0,6,3,33,7,3,42,7,3,42,85.83333333325527,0.11011802942173403,4,11,3,0
difficulty-easy,20260712,1,0.12,0.45,0.2,0.18,3,30,9,285,2677196255,3499679862,false,false,797.7666666665984,818.7666666665984,9,8,7,179,27,8,3,8,48,44,4,8,4,0,0.08333333333333333,0.9166666666666666,23,2.875,167.7333333333248,0.2102536247023012,1,0,1,7,3,36,8,3,44,0,0,0,0,0,5,8,2,0
difficulty-easy,20260712,1,0.12,0.45,0.2,0.18,3,30,9,286,383385867,291280180,true,false,784.3666666666106,805.3666666666106,9,8,7,180,24,7,3,10,48,42,6,10,6,0,0.125,0.875,17,2.125,167.7333333333248,0.21384556542433825,1,1,0,4,3,29,6,3,37,6,3,40,87.63333333325363,0.11172495856520322,5,14,4,0
difficulty-easy,20260712,1,0.12,0.45,0.2,0.18,3,30,9,287,2753956764,4171991310,false,false,773.6666666666204,794.6666666666204,9,8,7,179,25,7,3,19,59,54,5,19,5,0,0.0847457627118644,0.9152542372881356,23,2.875,167.7333333333248,0.2168031021111609,1,0,1,7,3,37,7,3,54,0,0,0,0,0,3,7,3,0
difficulty-easy,20260712,1,0.12,0.45,0.2,0.18,3,30,9,288,471834329,2803033414,false,false,784.2333333332774,805.2333333332774,9,8,7,179,22,7,3,3,39,35,4,3,4,0,0.10256410256410256,0.8974358974358975,20,2.5,167.7333333333248,0.2138819228971013,1,0,1,6,3,30,7,3,35,0,0,0,0,0,2,5,1,0
difficulty-easy,20260712,1,0.12,0.45,0.2,0.18,3,30,9,289,2451779474,397890267,true,false,770.33333333329,791.33333333329,9,8,7,180,20,6,3,4,42,33,9,4,9,0,0.21428571428571427,0.7857142857142857,16,2,167.7333333333248,0.2177412375594992,1,1,0,4,3,25,5,3,32,5,3,32,80.83333333325982,0.10493292946767334,5,10,3,0
difficulty-easy,20260712,1,0.12,0.45,0.2,0.18,3,30,9,290,568343072,522117607,false,false,762.6999999999637,783.6999999999637,9,8,7,179,24,7,3,5,50,39,11,5,11,0,0.22,0.78,19,2.375,167.7333333333248,0.21992045802193888,1,0,1,5,3,31,7,3,39,0,0,0,0,0,2,7,3,0
difficulty-easy,20260712,1,0.12,0.45,0.2,0.18,3,30,9,291,1397683041,2807062565,false,false,769.1333333332911,790.1333333332911,9,8,7,179,17,5,3,3,32,29,3,3,3,0,0.09375,0.90625,15,1.875,167.7333333333248,0.21808095692121088,1,0,1,5,3,22,5,3,28,0,0,0,0,0,3,6,2,0
difficulty-easy,20260712,1,0.12,0.45,0.2,0.18,3,30,9,292,3648854164,2160995703,false,false,788.6333333332734,809.6333333332734,9,8,7,179,23,7,2,8,47,41,6,8,6,0,0.1276595744680851,0.8723404255319149,21,2.625,167.7333333333248,0.21268861743945755,1,0,1,6,2,35,7,2,40,0,0,0,0,0,4,8,2,0
difficulty-easy,20260712,1,0.12,0.45,0.2,0.18,3,30,9,293,3775230675,785737720,false,false,778.7666666666157,799.7666666666157,9,8,7,179,30,8,3,20,69,60,9,20,9,0,0.13043478260869565,0.8695652173913043,27,3.375,167.7333333333248,0.21538329837777995,1,0,1,7,3,48,8,3,60,0,0,0,0,0,2,4,3,0
difficulty-easy,20260712,1,0.12,0.45,0.2,0.18,3,30,9,294,2761454288,698217802,true,false,785.1666666666099,806.1666666666099,9,8,7,180,24,7,3,5,42,39,3,5,3,0,0.07142857142857142,0.9285714285714286,17,2.125,167.7333333333248,0.21362767989811537,1,1,0,5,3,26,7,3,37,7,3,37,111.43333333323199,0.14192315856494167,3,5,3,0
difficulty-easy,20260712,1,0.12,0.45,0.2,0.18,3,30,9,295,683523534,2400218909,false,false,764.166666666629,785.166666666629,9,8,7,179,16,4,1,23,52,49,3,23,3,0,0.057692307692307696,0.9423076923076923,15,1.875,167.7333333333248,0.2194983642311883,1,0,1,4,1,42,4,1,49,0,0,0,0,0,2,4,2,0
difficulty-easy,20260712,1,0.12,0.45,0.2,0.18,3,30,9,296,3988336265,4106843566,true,false,767.9666666666255,788.9666666666255,9,8,7,180,26,9,3,3,43,39,4,3,4,0,0.09302325581395349,0.9069767441860465,22,2.75,167.7333333333248,0.21841225747645354,1,1,0,7,3,30,8,3,37,8,3,37,83.09999999992442,0.10820782151993863,4,13,3,0
difficulty-easy,20260712,1,0.12,0.45,0.2,0.18,3,30,9,297,3860601920,2563560105,true,false,738.099999999986,759.099999999986,9,8,7,180,24,7,3,7,44,41,3,7,3,0,0.06818181818181818,0.9318181818181818,22,2.75,167.7333333333248,0.22725014677323935,1,1,0,7,3,35,7,3,40,7,3,40,60.7666666666114,0.08232850110637116,5,14,2,0
difficulty-easy,20260712,1,0.12,0.45,0.2,0.18,3,30,9,298,2942594758,32852192,true,false,824.6333333332407,845.6333333332407,9,8,7,180,25,7,3,6,47,41,6,6,6,0,0.1276595744680851,0.8723404255319149,22,2.75,167.7333333333248,0.20340353288331417,1,1,0,6,3,35,7,3,41,7,3,41,120.4666666665571,0.14608512874397184,4,8,2,0
difficulty-easy,20260712,1,0.12,0.45,0.2,0.18,3,30,9,299,761145382,3771477340,false,false,765.5666666666277,786.5666666666277,9,8,7,179,26,8,3,9,49,44,5,9,5,0,0.10204081632653061,0.8979591836734694,21,2.625,167.7333333333248,0.21909696521095484,1,0,1,6,3,36,8,3,44,0,0,0,0,0,3,5,2,0
difficulty-easy,20260712,1,0.12,0.45,0.2,0.18,3,30,9,300,3091017178,590834317,true,false,846.9333333332204,867.9333333332204,9,8,7,180,28,9,3,19,60,57,3,19,3,0,0.05,0.95,26,3.25,167.7333333333248,0.19804785894208182,1,1,0,8,3,48,9,3,54,9,3,56,147.19999999986612,0.17380352644822783,5,13,2,0
difficulty-easy,20260712,1,0.12,0.45,0.2,0.18,3,30,9,301,517405117,1420393332,false,false,831.6333333332343,852.6333333332343,9,8,7,179,24,7,2,15,54,49,5,15,5,0,0.09259259259259259,0.9074074074074074,19,2.375,167.7333333333248,0.20169145055915438,1,0,1,5,2,34,7,2,49,0,0,0,0,0,3,5,2,0
difficulty-easy,20260712,1,0.12,0.45,0.2,0.18,3,30,9,302,3078579972,987649907,false,false,791.7666666666039,812.7666666666039,9,8,7,179,25,8,3,8,47,42,5,8,5,0,0.10638297872340426,0.8936170212765957,20,2.5,167.7333333333248,0.21184692459900403,1,0,1,6,3,34,8,3,42,0,0,0,0,0,5,10,2,0
difficulty-easy,20260712,1,0.12,0.45,0.2,0.18,3,30,9,303,1593802884,4230359978,false,false,828.8666666665702,849.8666666665702,9,8,7,179,28,8,3,10,55,47,8,10,8,0,0.14545454545454545,0.8545454545454545,24,3,167.7333333333248,0.20236467465617025,1,0,1,7,3,39,8,3,47,0,0,0,0,0,2,5,2,0
difficulty-easy,20260712,1,0.12,0.45,0.2,0.18,3,30,9,304,4138059750,1212721152,true,false,789.466666666606,810.466666666606,9,8,7,180,26,8,3,19,58,54,4,19,4,0,0.06896551724137931,0.9310344827586207,24,3,167.7333333333248,0.21246411079210145,1,1,0,7,3,45,7,3,52,8,3,53,119.93333333322425,0.1519169059279262,2,7,3,0
difficulty-easy,20260712,1,0.12,0.45,0.2,0.18,3,30,9,305,2051303118,3174368594,true,false,787.7333333332742,808.7333333332742,9,8,7,180,22,7,3,5,40,35,5,5,5,0,0.125,0.875,15,1.875,167.7333333333248,0.21293161814489342,1,1,0,4,3,23,6,3,33,6,3,33,80.46666666659348,0.10214962762347603,6,11,2,0
difficulty-easy,20260712,1,0.12,0.45,0.2,0.18,3,30,9,306,1833435338,4254822554,true,false,773.3333333332873,794.3333333332873,9,8,7,180,17,5,2,3,38,30,8,3,8,0,0.21052631578947367,0.7894736842105263,16,2,167.7333333333248,0.2168965517241398,1,1,0,5,2,24,5,2,29,5,2,29,103.33333333323935,0.13362068965505883,5,9,2,0
difficulty-easy,20260712,1,0.12,0.45,0.2,0.18,3,30,9,307,2796015737,1615521315,true,false,796.3666666665997,817.3666666665997,9,8,7,180,22,7,3,9,48,41,7,9,7,0,0.14583333333333334,0.8541666666666666,20,2.5,167.7333333333248,0.2106232472479246,1,1,0,6,3,32,7,3,40,7,3,40,117.79999999989286,0.1479218115607167,2,7,2,0
difficulty-easy,20260712,1,0.12,0.45,0.2,0.18,3,30,9,308,824124786,3906185052,false,false,791.0333333332712,812.0333333332712,9,8,7,179,17,5,3,0,34,27,7,0,7,0,0.20588235294117646,0.7941176470588235,13,1.625,167.7333333333248,0.21204331886562466,1,0,1,4,3,21,5,3,27,0,0,0,0,0,3,7,2,0
difficulty-easy,20260712,1,0.12,0.45,0.2,0.18,3,30,9,309,2295963228,3416283535,true,false,859.1333333332093,880.1333333332093,9,8,7,180,25,7,2,14,59,49,10,14,10,0,0.1694915254237288,0.8305084745762712,21,2.625,167.7333333333248,0.1952355086521483,1,1,0,6,2,38,7,2,48,7,2,48,157.49999999985675,0.18332428028231493,4,13,3,0
difficulty-easy,20260712,1,0.12,0.45,0.2,0.18,3,30,9,310,1486235073,3256448383,true,false,856.2333333332119,877.2333333332119,9,8,7,180,25,8,3,5,46,39,7,5,7,0,0.15217391304347827,0.8478260869565217,19,2.375,167.7333333333248,0.19589675711451152,1,1,0,6,3,29,7,3,38,7,3,38,158.73333333318897,0.18538560361258008,5,14,3,0
difficulty-easy,20260712,1,0.12,0.45,0.2,0.18,3,30,9,311,3493194011,3923848151,false,false,777.2999999999504,798.2999999999504,9,8,7,179,23,7,3,8,49,39,10,8,10,0,0.20408163265306123,0.7959183673469388,17,2.125,167.7333333333248,0.21578969938676895,1,0,1,5,3,29,7,3,39,0,0,0,0,0,2,5,3,0
difficulty-easy,20260712,1,0.12,0.45,0.2,0.18,3,30,9,312,1366832333,3380168905,false,false,798.7333333332642,819.7333333332642,9,8,7,179,26,7,3,9,49,44,5,9,5,0,0.10204081632653061,0.8979591836734694,21,2.625,167.7333333333248,0.20999916534513727,1,0,1,6,3,35,7,3,43,0,0,0,0,0,2,5,2,0
difficulty-easy,20260712,1,0.12,0.45,0.2,0.18,3,30,9,313,3914825078,2826504471,false,false,816.3999999999148,837.3999999999148,9,8,7,179,19,6,2,2,41,31,10,2,10,0,0.24390243902439024,0.7560975609756098,15,1.875,167.7333333333248,0.20545484239752854,1,0,1,4,2,25,6,2,31,0,0,0,0,0,6,14,2,0
difficulty-easy,20260712,1,0.12,0.45,0.2,0.18,3,30,9,314,3954032933,3453753262,false,false,845.3666666665551,866.3666666665551,9,8,7,179,25,7,3,11,52,46,6,11,6,0,0.11538461538461539,0.8846153846153846,24,3,167.7333333333248,0.19841488900281565,1,0,1,7,3,37,7,3,44,0,0,0,0,0,5,8,2,0
difficulty-easy,20260712,1,0.12,0.45,0.2,0.18,3,30,9,315,2367780143,2842809020,false,false,771.4666666666224,792.4666666666224,9,8,7,179,22,6,3,6,45,37,8,6,8,0,0.17777777777777778,0.8222222222222222,19,2.375,167.7333333333248,0.21742136190805533,1,0,1,6,3,26,6,3,36,0,0,0,0,0,2,5,2,0
difficulty-easy,20260712,1,0.12,0.45,0.2,0.18,3,30,9,316,1967941413,3367190486,false,false,841.2666666665589,862.2666666665589,9,8,7,179,28,9,3,13,58,51,7,13,7,0,0.1206896551724138,0.8793103448275862,25,3.125,167.7333333333248,0.19938188445995675,1,0,1,8,3,41,9,3,50,0,0,0,0,0,5,7,2,0
difficulty-easy,20260712,1,0.12,0.45,0.2,0.18,3,30,9,317,715353069,3544027828,true,false,779.899999999948,800.899999999948,9,8,7,180,29,8,3,8,52,47,5,8,5,0,0.09615384615384616,0.9038461538461539,27,3.375,167.7333333333248,0.21507030815916908,1,1,0,8,3,42,8,3,46,8,3,46,89.33333333325209,0.11454459973491221,5,11,2,0
difficulty-easy,20260712,1,0.12,0.45,0.2,0.18,3,30,9,318,2954484142,3532131966,true,false,787.5333333332744,808.5333333332744,9,8,7,180,22,6,2,15,53,47,6,15,6,0,0.11320754716981132,0.8867924528301887,21,2.625,167.7333333333248,0.21298569372725473,1,1,0,6,2,33,6,2,43,6,2,46,79.36666666659448,0.10077880301354493,5,11,3,0
difficulty-easy,20260712,1,0.12,0.45,0.2,0.18,3,30,9,319,2970060967,599800610,true,false,771.099999999956,792.099999999956,9,8,7,180,25,7,3,8,51,43,8,8,8,0,0.1568627450980392,0.8431372549019608,21,2.625,167.7333333333248,0.21752474819522027,1,1,0,6,3,33,7,3,42,7,3,42,102.36666666657356,0.13275407426608662,2,7,2,0
difficulty-easy,20260712,1,0.12,0.45,0.2,0.18,3,30,9,320,695175611,3020022848,true,false,783.9333333332777,804.9333333332777,9,8,7,180,21,6,3,6,41,37,4,6,4,0,0.0975609756097561,0.9024390243902439,18,2.25,167.7333333333248,0.21396377242963266,1,1,0,5,3,29,6,3,34,6,3,36,86.99999999992087,0.11097882472990099,5,14,2,0
difficulty-easy,20260712,1,0.12,0.45,0.2,0.18,3,30,9,321,2153747689,4114101204,false,false,790.5333333332717,811.5333333332717,9,8,7,179,28,8,3,20,61,58,3,20,3,0,0.04918032786885246,0.9508196721311475,26,3.25,167.7333333333248,0.21217743295665947,1,0,1,8,3,50,8,3,58,0,0,0,0,0,2,4,2,0
difficulty-easy,20260712,1,0.12,0.45,0.2,0.18,3,30,9,322,3202235024,2992260742,true,false,851.8333333332159,872.8333333332159,9,8,7,180,27,8,3,10,51,45,6,10,6,0,0.11764705882352941,0.8823529411764706,23,2.875,167.7333333333248,0.19690862844846163,1,1,0,7,3,37,8,3,45,8,3,45,143.93333333320243,0.16896889062792675,4,4,2,0
difficulty-easy,20260712,1,0.12,0.45,0.2,0.18,3,30,9,323,3868035741,3903443096,false,false,791.7999999999372,812.7999999999372,9,8,7,179,26,7,2,23,65,59,6,23,6,0,0.09230769230769231,0.9076923076923077,25,3.125,167.7333333333248,0.2118380062305356,1,0,1,7,2,50,7,2,58,0,0,0,0,0,5,14,3,0
difficulty-easy,20260712,1,0.12,0.45,0.2,0.18,3,30,9,324,1443860737,2185563175,true,false,819.1999999999123,840.1999999999123,9,8,7,180,28,9,3,15,61,52,9,15,9,0,0.14754098360655737,0.8524590163934426,24,3,167.7333333333248,0.20475260416667818,1,1,0,7,3,44,8,3,51,8,3,51,151.2333333331958,0.18461100260401853,2,3,2,0
difficulty-easy,20260712,1,0.12,0.45,0.2,0.18,3,30,9,325,644151449,3205198024,false,false,828.0333333332376,849.0333333332376,9,8,7,179,26,8,3,13,54,49,5,13,5,0,0.09259259259259259,0.9074074074074074,20,2.5,167.7333333333248,0.20256833460812068,1,0,1,6,3,36,8,3,47,0,0,0,0,0,5,10,2,0
difficulty-easy,20260712,1,0.12,0.45,0.2,0.18,3,30,9,326,2398488040,530378908,false,false,861.8999999998734,882.8999999998734,9,8,7,179,23,7,3,18,58,51,7,18,7,0,0.1206896551724138,0.8793103448275862,21,2.625,167.7333333333248,0.19460880999344404,1,0,1,6,3,43,7,3,49,0,0,0,0,0,5,8,2,0
difficulty-easy,20260712,1,0.12,0.45,0.2,0.18,3,30,9,327,3813717704,1833328814,false,false,790.6333333332716,811.6333333332716,9,8,7,179,26,7,3,18,57,53,4,18,4,0,0.07017543859649122,0.9298245614035088,22,2.75,167.7333333333248,0.21215059656815788,1,0,1,6,3,39,7,3,53,0,0,0,0,0,4,7,2,0
difficulty-easy,20260712,1,0.12,0.45,0.2,0.18,3,30,9,328,3258876128,2597089601,false,false,865.7666666665366,886.7666666665366,9,8,7,179,23,7,3,9,50,41,9,9,9,0,0.18,0.82,21,2.625,167.7333333333248,0.19373965271630153,1,0,1,6,3,37,7,3,41,0,0,0,0,0,5,12,3,0
difficulty-easy,20260712,1,0.12,0.45,0.2,0.18,3,30,9,329,2035505040,2375296108,true,false,791.4666666666042,812.4666666666042,9,8,7,180,26,8,3,3,41,38,3,3,3,0,0.07317073170731707,0.926829268292683,19,2.375,167.7333333333248,0.2119272237196825,1,1,0,6,3,26,8,3,37,8,3,38,89.69999999991842,0.11333389487861208,5,9,3,0
difficulty-easy,20260712,1,0.12,0.45,0.2,0.18,3,30,9,330,2712377055,4260639963,false,false,787.933333333274,808.933333333274,9,8,7,179,24,7,3,10,50,42,8,10,8,0,0.16,0.84,20,2.5,167.7333333333248,0.2128775700143888,1,0,1,6,3,33,6,3,41,0,0,0,0,0,5,11,3,0
difficulty-easy,20260712,1,0.12,0.45,0.2,0.18,3,30,9,331,3889211074,2728017493,false,false,767.2999999999595,788.2999999999595,9,8,7,179,21,6,2,7,41,38,3,7,3,0,0.07317073170731707,0.926829268292683,18,2.25,167.7333333333248,0.21860202441461443,1,0,1,5,2,32,6,2,38,0,0,0,0,0,2,5,1,0
difficulty-easy,20260712,1,0.12,0.45,0.2,0.18,3,30,9,332,3779984815,1844712239,true,false,785.4666666666096,806.4666666666096,9,8,7,180,19,6,3,1,35,30,5,1,5,0,0.14285714285714285,0.8571428571428571,17,2.125,167.7333333333248,0.21354608725174457,1,1,0,5,3,24,6,3,29,6,3,29,111.39999999989868,0.1418265150227976,3,5,2,0
difficulty-easy,20260712,1,0.12,0.45,0.2,0.18,3,30,9,333,2917586436,2987660613,true,false,756.1999999999696,777.1999999999696,9,8,7,180,24,7,3,6,47,40,7,6,7,0,0.14893617021276595,0.851063829787234,21,2.625,167.7333333333248,0.22181080842810308,1,1,0,6,3,35,7,3,39,7,3,39,57.59999999994761,0.07617032531069813,5,11,2,0
difficulty-easy,20260712,1,0.12,0.45,0.2,0.18,3,30,9,334,1759223756,3661441319,false,false,805.1333333332584,826.1333333332584,9,8,7,179,26,8,3,21,62,55,7,21,7,0,0.11290322580645161,0.8870967741935484,22,2.75,167.7333333333248,0.20832988324916005,1,0,1,7,3,43,7,3,54,0,0,0,0,0,6,8,3,0
difficulty-easy,20260712,1,0.12,0.45,0.2,0.18,3,30,9,335,1056669685,3422606528,true,false,776.3999999999512,797.3999999999512,9,8,7,180,24,8,3,7,44,39,5,7,5,0,0.11363636363636363,0.8863636363636364,15,1.875,167.7333333333248,0.2160398420058415,1,1,0,4,3,28,6,3,37,6,3,37,96.99999999991178,0.12493560020597357,3,5,2,0
difficulty-easy,20260712,1,0.12,0.45,0.2,0.18,3,30,9,336,2867126597,3238129680,true,false,823.4333333332418,844.4333333332418,9,8,7,180,20,6,3,7,43,36,7,7,7,0,0.16279069767441862,0.8372093023255814,16,2,167.7333333333248,0.20369995547100772,1,1,0,5,3,25,6,3,36,6,3,36,120.26666666655728,0.1460551350037291,5,14,2,0
difficulty-easy,20260712,1,0.12,0.45,0.2,0.18,3,30,9,337,3532263371,1033638939,true,false,777.6666666666167,798.6666666666167,9,8,7,180,28,8,3,12,59,50,9,12,9,0,0.15254237288135594,0.847457627118644,24,3,167.7333333333248,0.21568795542220603,1,1,0,7,3,42,8,3,48,8,3,49,82.26666666659185,0.10578654093432978,5,8,2,0
difficulty-easy,20260712,1,0.12,0.45,0.2,0.18,3,30,9,338,2200632403,3429394857,true,false,784.2666666666107,805.2666666666107,9,8,7,180,29,9,3,9,52,46,6,9,6,0,0.11538461538461539,0.8846153846153846,22,2.75,167.7333333333248,0.21387283236994656,1,1,0,6,3,38,7,3,44,8,3,45,103.63333333323908,0.13214042842559479,4,7,2,0
difficulty-easy,20260712,1,0.12,0.45,0.2,0.18,3,30,9,339,813436438,4282475510,true,false,775.1333333332857,796.1333333332857,9,8,7,180,16,4,3,7,39,31,8,7,8,0,0.20512820512820512,0.7948717948717948,11,1.375,167.7333333333248,0.21639287864453655,1,1,0,3,3,20,3,3,29,4,3,31,70.39999999993597,0.09082308420049062,5,14,3,0
difficulty-easy,20260712,1,0.12,0.45,0.2,0.18,3,30,9,340,2928676876,512520738,true,false,777.4999999999502,798.4999999999502,9,8,7,180,21,7,3,9,43,39,4,9,4,0,0.09302325581395349,0.9069767441860465,17,2.125,167.7333333333248,0.21573419078242512,1,1,0,5,3,29,6,3,38,6,3,38,111.23333333323217,0.14306538049291226,2,5,2,0
difficulty-easy,20260712,1,0.12,0.45,0.2,0.18,3,30,9,341,3978112738,623715620,false,false,786.499999999942,807.499999999942,9,8,7,179,31,9,3,14,59,55,4,14,4,0,0.06779661016949153,0.9322033898305084,29,3.625,167.7333333333248,0.2132655223564363,1,0,1,9,3,50,9,3,55,0,0,0,0,0,3,7,3,0
difficulty-easy,20260712,1,0.12,0.45,0.2,0.18,3,30,9,342,1248116382,2673858293,false,false,859.2666666665425,880.2666666665425,9,8,7,179,19,6,2,1,35,30,5,1,5,0,0.14285714285714285,0.8571428571428571,15,1.875,167.7333333333248,0.19520521374817562,1,0,1,4,2,24,6,2,30,0,0,0,0,0,5,13,2,0
difficulty-easy,20260712,1,0.12,0.45,0.2,0.18,3,30,9,343,1942636198,3533022950,true,false,779.7666666666148,800.7666666666148,9,8,7,180,20,6,3,2,34,31,3,2,3,0,0.08823529411764706,0.9117647058823529,13,1.625,167.7333333333248,0.21510708331552508,1,1,0,3,2,21,6,3,30,6,3,30,84.29999999992333,0.10810926345478852,5,8,2,0
difficulty-easy,20260712,1,0.12,0.45,0.2,0.18,3,30,9,344,2659822775,4098887505,true,false,756.0666666666364,777.0666666666364,9,8,7,180,24,7,3,6,45,39,6,6,6,0,0.13333333333333333,0.8666666666666667,20,2.5,167.7333333333248,0.2218499250506986,1,1,0,6,3,28,7,3,39,7,3,39,58.499999999946795,0.0773741292654296,4,11,3,0
difficulty-easy,20260712,1,0.12,0.45,0.2,0.18,3,30,9,345,4153809180,793720436,true,false,813.7999999999172,834.7999999999172,9,8,7,180,27,9,3,14,61,50,11,14,11,0,0.18032786885245902,0.819672131147541,23,2.875,167.7333333333248,0.20611124764480446,1,1,0,7,3,38,8,3,49,8,3,49,128.93333333321607,0.15843368559010715,4,5,3,0
difficulty-easy,20260712,1,0.12,0.45,0.2,0.18,3,30,9,346,447122891,4049989620,false,false,840.8999999998925,861.8999999998925,9,8,7,179,23,7,3,20,58,53,5,20,5,0,0.08620689655172414,0.9137931034482759,20,2.5,167.7333333333248,0.19946882308639105,1,0,1,6,3,42,7,3,53,0,0,0,0,0,3,7,2,0
difficulty-easy,20260712,1,0.12,0.45,0.2,0.18,3,30,9,347,753963441,2957966167,true,false,803.9999999999261,824.9999999999261,9,8,7,180,26,8,3,5,48,41,7,5,7,0,0.14583333333333334,0.8541666666666666,20,2.5,167.7333333333248,0.20862354892206494,1,1,0,6,3,32,8,3,40,8,3,40,109.73333333323353,0.13648424543935772,6,8,2,0
difficulty-easy,20260712,1,0.12,0.45,0.2,0.18,3,30,9,348,166284076,552959156,true,false,803.7333333332597,824.7333333332597,9,8,7,180,29,9,3,20,65,59,6,20,6,0,0.09230769230769231,0.9076923076923077,25,3.125,167.7333333333248,0.20869276708693618,1,1,0,8,3,41,9,3,56,9,3,58,115.19999999989523,0.143331121433194,5,8,2,0
difficulty-easy,20260712,1,0.12,0.45,0.2,0.18,3,30,9,349,4230539511,483400889,true,false,766.9666666666265,787.9666666666265,9,8,7,180,28,9,3,11,55,48,7,11,7,0,0.12727272727272726,0.8727272727272727,22,2.75,167.7333333333248,0.2186970315963322,1,1,0,7,3,36,9,3,47,9,3,47,79.23333333326127,0.10330740145151736,5,10,2,0
difficulty-easy,20260712,1,0.12,0.45,0.2,0.18,3,30,9,350,3726067247,2912752985,false,false,831.1333333332348,852.1333333332348,9,8,7,179,24,7,2,15,52,49,3,15,3,0,0.057692307692307696,0.9423076923076923,21,2.625,167.7333333333248,0.20181278575440526,1,0,1,6,2,40,7,2,49,0,0,0,0,0,3,5,2,0
difficulty-easy,20260712,1,0.12,0.45,0.2,0.18,3,30,9,351,3580625059,3931574762,true,false,792.9999999999361,813.9999999999361,9,8,7,180,18,5,2,12,46,40,6,12,6,0,0.13043478260869565,0.8695652173913043,18,2.25,167.7333333333248,0.21151744430433583,1,1,0,5,2,34,5,2,38,5,2,39,100.63333333324181,0.12690205968883975,4,8,3,0
difficulty-easy,20260712,1,0.12,0.45,0.2,0.18,3,30,9,352,2334064417,2330407518,false,false,855.8666666665456,876.8666666665456,9,8,7,179,26,7,3,24,63,60,3,24,3,0,0.047619047619047616,0.9523809523809523,26,3.25,167.7333333333248,0.19598068234929333,1,0,1,7,3,52,7,3,60,0,0,0,0,0,5,9,2,0
difficulty-easy,20260712,1,0.12,0.45,0.2,0.18,3,30,9,353,538029598,1611392972,false,false,792.1333333332702,813.1333333332702,9,8,7,179,23,7,3,3,42,35,7,3,7,0,0.16666666666666666,0.8333333333333334,23,2.875,167.7333333333248,0.21174886382764455,1,0,1,7,3,34,7,3,35,0,0,0,0,0,4,7,3,0
difficulty-easy,20260712,1,0.12,0.45,0.2,0.18,3,30,9,354,267917013,3279732707,true,false,794.7999999999345,815.7999999999345,9,8,7,180,29,9,3,13,58,52,6,13,6,0,0.10344827586206896,0.896551724137931,27,3.375,167.7333333333248,0.21103841637309842,1,1,0,8,3,43,9,3,51,9,3,51,111.79999999989832,0.14066431806732202,4,8,3,0
difficulty-easy,20260712,1,0.12,0.45,0.2,0.18,3,30,9,355,1954094850,3273659048,true,false,808.7999999999217,829.7999999999217,9,8,7,180,28,9,3,15,60,52,8,15,8,0,0.13333333333333333,0.8666666666666667,25,3.125,167.7333333333248,0.2073854269700062,1,1,0,8,3,42,8,3,51,8,3,51,120.83333333322344,0.14939828552576054,5,10,3,0
difficulty-easy,20260712,1,0.12,0.45,0.2,0.18,3,30,9,356,3924258819,1901740003,true,false,788.8666666666065,809.8666666666065,9,8,7,180,17,5,2,1,30,27,3,1,3,0,0.1,0.9,14,1.75,167.7333333333248,0.21262570776642134,1,1,0,4,2,22,4,2,25,4,2,26,90.5666666665843,0.11480605087457686,5,10,2,0
difficulty-easy,20260712,1,0.12,0.45,0.2,0.18,3,30,9,357,1412879768,2540647667,true,false,779.7999999999481,800.7999999999481,9,8,7,180,23,7,3,2,42,35,7,2,7,0,0.16666666666666666,0.8333333333333334,20,2.5,167.7333333333248,0.21509788834744287,1,1,0,6,3,30,7,3,34,7,3,34,85.0999999999226,0.10913054629382953,5,14,2,0
difficulty-easy,20260712,1,0.12,0.45,0.2,0.18,3,30,9,358,450297462,547797877,true,false,837.5999999998955,858.5999999998955,9,8,7,180,25,7,2,17,56,52,4,17,4,0,0.07142857142857142,0.9285714285714286,22,2.75,167.7333333333248,0.20025469595671647,1,1,0,6,2,43,7,2,50,7,2,51,149.0333333331978,0.17792900350192978,6,5,1,0
difficulty-easy,20260712,1,0.12,0.45,0.2,0.18,3,30,9,359,3100989727,2996651688,true,false,804.6666666665922,825.6666666665922,9,8,7,180,20,6,2,9,45,38,7,9,7,0,0.15555555555555556,0.8444444444444444,16,2,167.7333333333248,0.2084507042253608,1,1,0,4,2,28,5,2,36,6,2,37,117.19999999989341,0.14565037282506743,5,11,2,0
difficulty-easy,20260712,1,0.12,0.45,0.2,0.18,3,30,9,360,3097054230,4216472138,false,false,827.9999999999043,848.9999999999043,9,8,7,179,25,7,3,11,53,45,8,11,8,0,0.1509433962264151,0.8490566037735849,23,2.875,167.7333333333248,0.20257648953302437,1,0,1,7,3,39,7,3,45,0,0,0,0,0,3,4,2,0
difficulty-easy,20260712,1,0.12,0.45,0.2,0.18,3,30,9,361,2856344237,2896760117,true,false,829.9333333332359,850.9333333332359,9,8,7,180,24,7,3,23,61,56,5,23,5,0,0.08196721311475409,0.9180327868852459,22,2.75,167.7333333333248,0.2021045867138057,1,1,0,6,3,45,6,3,54,6,3,55,155.19999999985885,0.1870029721261271,3,4,2,0
difficulty-easy,20260712,1,0.12,0.45,0.2,0.18,3,30,9,362,2945588676,885140151,true,false,774.3666666666197,795.3666666666197,9,8,7,180,25,8,3,4,44,38,6,4,6,0,0.13636363636363635,0.8636363636363636,20,2.5,167.7333333333248,0.21660711979682531,1,1,0,6,3,30,7,3,36,7,3,36,80.96666666659303,0.1045585639876862,4,8,3,0
difficulty-easy,20260712,1,0.12,0.45,0.2,0.18,3,30,9,363,682362995,3874964453,true,false,762.2666666666307,783.2666666666307,9,8,7,180,20,7,3,0,34,29,5,0,5,0,0.14705882352941177,0.8529411764705882,13,1.625,167.7333333333248,0.22004547839776023,1,1,0,3,3,22,6,3,28,6,3,28,74.0666666665993,0.09716634598557303,5,6,2,0
difficulty-easy,20260712,1,0.12,0.45,0.2,0.18,3,30,9,364,2402668442,2138878700,true,false,814.6333333332498,835.6333333332498,9,8,7,180,29,8,2,22,69,61,8,22,8,0,0.11594202898550725,0.8840579710144928,26,3.25,167.7333333333248,0.20590040509023527,1,1,0,7,2,53,8,2,59,8,2,61,113.33333333323026,0.1391218953311206,6,8,2,0
difficulty-easy,20260712,1,0.12,0.45,0.2,0.18,3,30,9,365,1890783184,2905013391,true,false,819.5333333332453,840.5333333332453,9,8,7,180,25,7,3,14,54,49,5,14,5,0,0.09259259259259259,0.9074074074074074,18,2.25,167.7333333333248,0.20466932400554316,1,1,0,5,3,32,7,3,47,7,3,48,118.2666666665591,0.1443097697875683,5,13,2,0
difficulty-easy,20260712,1,0.12,0.45,0.2,0.18,3,30,9,366,2534166331,1820034750,false,false,788.1999999999405,809.1999999999405,9,8,7,179,32,10,3,22,68,62,6,22,6,0,0.08823529411764706,0.9117647058823529,27,3.375,167.7333333333248,0.21280554850715233,1,0,1,8,3,49,10,3,62,0,0,0,0,0,5,13,2,0
difficulty-easy,20260712,1,0.12,0.45,0.2,0.18,3,30,9,367,254441138,412102005,true,false,854.366666666547,875.366666666547,9,8,7,180,27,8,3,13,56,50,6,13,6,0,0.10714285714285714,0.8928571428571429,24,3,167.7333333333248,0.1963247629823436,1,1,0,7,3,41,8,3,48,8,3,49,159.2333333331885,0.18637587296618643,7,11,3,0
difficulty-easy,20260712,1,0.12,0.45,0.2,0.18,3,30,9,368,113248408,3211663036,false,false,784.1999999999441,805.1999999999441,9,8,7,179,27,8,3,19,64,56,8,19,8,0,0.125,0.875,26,3.25,167.7333333333248,0.21389101419706294,1,0,1,8,3,47,8,3,56,0,0,0,0,0,3,5,2,0
difficulty-easy,20260712,1,0.12,0.45,0.2,0.18,3,30,9,369,3242625884,3786045797,true,false,843.5999999998901,864.5999999998901,9,8,7,180,27,8,3,19,62,56,6,19,6,0,0.0967741935483871,0.9032258064516129,25,3.125,167.7333333333248,0.19883040935674093,1,1,0,8,3,43,8,3,55,8,3,55,159.66666666652145,0.1892682155838576,4,7,2,0
difficulty-easy,20260712,1,0.12,0.45,0.2,0.18,3,30,9,370,2112937087,3321986937,false,false,841.0999999998924,862.0999999998924,9,8,7,179,29,9,3,23,66,60,6,23,6,0,0.09090909090909091,0.9090909090909091,23,2.875,167.7333333333248,0.19942139262078976,1,0,1,7,3,39,8,3,59,0,0,0,0,0,3,7,3,0
difficulty-easy,20260712,1,0.12,0.45,0.2,0.18,3,30,9,371,3463082983,2433519449,true,false,809.6666666665876,830.6666666665876,9,8,7,180,27,8,3,21,65,58,7,21,7,0,0.1076923076923077,0.8923076923076924,24,3,167.7333333333248,0.207163441745584,1,1,0,7,3,44,8,3,57,8,3,57,109.59999999990032,0.13536434746798398,5,8,4,0
difficulty-easy,20260712,1,0.12,0.45,0.2,0.18,3,30,9,372,1957753658,3214791028,true,false,785.0333333332767,806.0333333332767,9,8,7,180,20,6,2,10,43,39,4,10,4,0,0.09302325581395349,0.9069767441860465,18,2.25,167.7333333333248,0.21366396331366425,1,1,0,5,2,33,5,2,37,6,2,39,82.36666666659175,0.10492123476701333,4,10,2,0
difficulty-easy,20260712,1,0.12,0.45,0.2,0.18,3,30,9,373,4131016768,1721694038,false,false,795.1999999999341,816.1999999999341,9,8,7,179,27,8,3,18,60,53,7,18,7,0,0.11666666666666667,0.8833333333333333,21,2.625,167.7333333333248,0.21093226022804162,1,0,1,6,3,42,8,3,52,0,0,0,0,0,6,7,2,0
difficulty-easy,20260712,1,0.12,0.45,0.2,0.18,3,30,9,374,3745607841,1851854230,false,false,809.4666666665878,830.4666666665878,9,8,7,179,23,7,3,4,42,36,6,4,6,0,0.14285714285714285,0.8571428571428571,18,2.25,167.7333333333248,0.20721462691485068,1,0,1,5,3,31,7,3,35,0,0,0,0,0,3,5,2,0
difficulty-easy,20260712,1,0.12,0.45,0.2,0.18,3,30,9,375,147286011,2319039807,true,false,838.8333333332278,859.8333333332278,9,8,7,180,20,6,2,4,38,33,5,4,5,0,0.13157894736842105,0.868421052631579,17,2.125,167.7333333333248,0.19996026226903943,1,1,0,5,2,26,5,2,32,5,2,32,140.3333333332057,0.16729584740698195,5,14,2,0
difficulty-easy,20260712,1,0.12,0.45,0.2,0.18,3,30,9,376,3822202774,2014343801,true,false,833.1333333332329,854.1333333332329,9,8,7,180,23,7,3,15,52,48,4,15,4,0,0.07692307692307693,0.9230769230769231,18,2.25,167.7333333333248,0.20132831879652519,1,1,0,5,2,40,7,3,46,7,3,47,139.39999999987322,0.16732015683750903,5,8,2,0
difficulty-easy,20260712,1,0.12,0.45,0.2,0.18,3,30,9,377,1074262065,3499419868,false,false,845.7999999998881,866.7999999998881,9,8,7,179,18,5,2,2,42,30,12,2,12,0,0.2857142857142857,0.7142857142857143,15,1.875,167.7333333333248,0.1983132340190908,1,0,1,4,2,24,5,2,29,0,0,0,0,0,5,11,3,0
difficulty-easy,20260712,1,0.12,0.45,0.2,0.18,3,30,9,378,861122454,50632030,true,false,753.4333333333054,774.4333333333054,9,8,7,180,19,6,3,4,37,32,5,4,5,0,0.13513513513513514,0.8648648648648649,17,2.125,167.7333333333248,0.2226253152236398,1,1,0,5,3,28,5,3,31,5,3,31,52.49999999995225,0.06968101579430279,5,11,2,0
difficulty-easy,20260712,1,0.12,0.45,0.2,0.18,3,30,9,379,3384020722,469069621,true,false,795.3999999999339,816.3999999999339,9,8,7,180,21,7,3,7,44,37,7,7,7,0,0.1590909090909091,0.8409090909090909,17,2.125,167.7333333333248,0.2108792221942906,1,1,0,5,3,27,5,3,33,5,3,34,109.66666666656693,0.1378761210291376,5,11,2,0
difficulty-easy,20260712,1,0.12,0.45,0.2,0.18,3,30,9,380,3210621258,3805299082,true,false,829.0333333332367,850.0333333332367,9,8,7,180,27,8,3,11,52,47,5,11,5,0,0.09615384615384616,0.9038461538461539,23,2.875,167.7333333333248,0.20232399179768928,1,1,0,7,3,36,7,3,45,8,3,46,132.4666666665462,0.15978448795773587,5,13,2,0
difficulty-easy,20260712,1,0.12,0.45,0.2,0.18,3,30,9,381,299288954,475670969,false,false,825.4666666665732,846.4666666665732,9,8,7,179,23,6,2,21,59,53,6,21,6,0,0.1016949152542373,0.8983050847457628,22,2.75,167.7333333333248,0.20319819092231922,1,0,1,6,2,43,6,2,53,0,0,0,0,0,3,4,2,0
difficulty-easy,20260712,1,0.12,0.45,0.2,0.18,3,30,9,382,1571478830,3485564802,true,false,852.5333333332153,873.5333333332153,9,8,7,180,24,7,3,17,58,50,8,17,8,0,0.13793103448275862,0.8620689655172413,20,2.5,167.7333333333248,0.19674695026589148,1,1,0,6,3,39,7,3,50,7,3,50,161.79999999985284,0.18978730059416082,6,13,2,0
difficulty-easy,20260712,1,0.12,0.45,0.2,0.18,3,30,9,383,3954714787,2266273034,true,false,805.8666666665911,826.8666666665911,9,8,7,180,14,4,3,2,29,25,4,2,4,0,0.13793103448275862,0.8620689655172413,11,1.375,167.7333333333248,0.20814030443415849,1,1,0,3,3,18,4,3,25,4,3,25,117.83333333322616,0.14621939113158158,2,7,2,0
difficulty-easy,20260712,1,0.12,0.45,0.2,0.18,3,30,9,384,4047930983,3625337327,false,false,768.3333333332919,789.3333333332919,9,8,7,179,26,7,3,17,57,53,4,17,4,0,0.07017543859649122,0.9298245614035088,26,3.25,167.7333333333248,0.21830802603036942,1,0,1,7,3,46,7,3,53,0,0,0,0,0,3,5,2,0
difficulty-easy,20260712,1,0.12,0.45,0.2,0.18,3,30,9,385,1897126854,373151429,false,false,793.2666666666025,814.2666666666025,9,8,7,179,25,8,3,14,53,47,6,14,6,0,0.11320754716981132,0.8867924528301887,19,2.375,167.7333333333248,0.21144634002858015,1,0,1,5,3,37,8,3,47,0,0,0,0,0,2,5,2,0
difficulty-easy,20260712,1,0.12,0.45,0.2,0.18,3,30,9,386,293174069,365897861,true,false,822.5666666665759,843.5666666665759,9,8,7,180,24,8,3,22,66,56,10,22,10,0,0.15151515151515152,0.8484848484848485,19,2.375,167.7333333333248,0.20391457632614576,1,1,0,5,2,43,7,3,54,7,3,54,155.6666666665251,0.18924504599409442,3,4,3,0
difficulty-easy,20260712,1,0.12,0.45,0.2,0.18,3,30,9,387,1456927695,1863477356,false,false,833.2999999998995,854.2999999998995,9,8,7,179,30,9,3,12,58,52,6,12,6,0,0.10344827586206896,0.896551724137931,25,3.125,167.7333333333248,0.20128805152207493,1,0,1,7,3,41,9,3,52,0,0,0,0,0,6,8,2,0
difficulty-easy,20260712,1,0.12,0.45,0.2,0.18,3,30,9,388,76351706,1402511566,true,false,788.3333333332737,809.3333333332737,9,8,7,180,20,6,3,2,42,31,11,2,11,0,0.2619047619047619,0.7380952380952381,18,2.25,167.7333333333248,0.21276955602537526,1,1,0,5,3,29,5,3,30,5,3,30,111.23333333323217,0.14109936575041088,3,5,3,0
difficulty-easy,20260712,1,0.12,0.45,0.2,0.18,3,30,9,389,47046476,455045425,false,false,806.5666666665904,827.5666666665904,9,8,7,179,23,7,3,13,56,46,10,13,10,0,0.17857142857142858,0.8214285714285714,21,2.625,167.7333333333248,0.2079596644212183,1,0,1,7,3,34,7,3,46,0,0,0,0,0,3,5,3,0
difficulty-easy,20260712,1,0.12,0.45,0.2,0.18,3,30,9,390,3163186572,3264739651,true,false,848.9999999998852,869.9999999998852,9,8,7,180,26,8,3,12,52,47,5,12,5,0,0.09615384615384616,0.9038461538461539,23,2.875,167.7333333333248,0.19756576364351883,1,1,0,7,3,40,8,3,46,8,3,46,150.56666666652973,0.17734589713374568,5,11,2,0
difficulty-easy,20260712,1,0.12,0.45,0.2,0.18,3,30,9,391,2425315070,848713021,false,false,844.466666666556,865.466666666556,9,8,7,179,25,7,2,15,56,50,6,15,6,0,0.10714285714285714,0.8928571428571429,22,2.75,167.7333333333248,0.1986263519381228,1,0,1,6,2,40,7,2,50,0,0,0,0,0,3,5,2,0
difficulty-easy,20260712,1,0.12,0.45,0.2,0.18,3,30,9,392,1525693734,2177123181,true,false,767.9333333332922,788.9333333332922,9,8,7,180,28,9,3,15,58,53,5,15,5,0,0.08620689655172414,0.9137931034482759,22,2.75,167.7333333333248,0.21842173799809067,1,1,0,7,3,37,7,3,46,8,3,51,97.83333333324435,0.12739821165020782,3,5,3,0
difficulty-easy,20260712,1,0.12,0.45,0.2,0.18,3,30,9,393,3201729015,1280441173,true,false,809.8333333332541,830.8333333332541,9,8,7,180,17,5,3,1,28,27,1,1,1,0,0.03571428571428571,0.9642857142857143,13,1.625,167.7333333333248,0.20712080675036987,1,1,0,3,3,22,5,3,25,5,3,26,115.76666666656138,0.14295122453168063,5,10,1,0
difficulty-easy,20260712,1,0.12,0.45,0.2,0.18,3,30,9,394,744332906,3881302940,false,false,800.2999999999295,821.2999999999295,9,8,7,179,32,10,3,13,61,54,7,13,7,0,0.11475409836065574,0.8852459016393442,26,3.25,167.7333333333248,0.20958807113999697,1,0,1,8,3,43,10,3,53,0,0,0,0,0,6,10,2,0
difficulty-easy,20260712,1,0.12,0.45,0.2,0.18,3,30,9,395,4294293179,2950445292,false,false,787.8666666666074,808.8666666666074,9,8,7,179,25,7,3,8,46,43,3,8,3,0,0.06521739130434782,0.9347826086956522,21,2.625,167.7333333333248,0.21289558300897454,1,0,1,6,3,34,7,3,42,0,0,0,0,0,4,5,2,0
difficulty-easy,20260712,1,0.12,0.45,0.2,0.18,3,30,9,396,1754730523,287967383,false,false,840.9666666665591,861.9666666665591,9,8,7,179,23,7,3,4,42,36,6,4,6,0,0.14285714285714285,0.8571428571428571,19,2.375,167.7333333333248,0.19945301042452682,1,0,1,6,3,27,7,3,36,0,0,0,0,0,5,8,2,0
difficulty-easy,20260712,1,0.12,0.45,0.2,0.18,3,30,9,397,2984860759,2254241998,true,false,769.0333333332912,790.0333333332912,9,8,7,180,19,5,3,7,39,36,3,7,3,0,0.07692307692307693,0.9230769230769231,19,2.375,167.7333333333248,0.21810931472411335,1,1,0,5,3,30,5,3,35,5,3,35,88.56666666658612,0.11516622599790771,4,10,2,0
difficulty-easy,20260712,1,0.12,0.45,0.2,0.18,3,30,9,398,3913778172,2866120621,true,false,829.0333333332367,850.0333333332367,9,8,7,180,13,4,3,0,29,23,6,0,6,0,0.20689655172413793,0.7931034482758621,12,1.5,167.7333333333248,0.20232399179768928,1,1,0,4,3,19,4,3,22,4,3,22,135.7666666665432,0.1637650275419875,5,14,2,0
difficulty-easy,20260712,1,0.12,0.45,0.2,0.18,3,30,9,399,833168716,1113952957,true,false,758.4333333333009,779.4333333333009,9,8,7,180,17,5,3,7,38,34,4,7,4,0,0.10526315789473684,0.8947368421052632,15,1.875,167.7333333333248,0.22115764954071812,1,1,0,4,3,24,5,3,29,5,3,33,79.69999999992751,0.105085043730406,5,6,3,0
difficulty-easy,20260712,1,0.12,0.45,0.2,0.18,3,30,9,400,531957597,3154763236,false,false,837.8333333332287,858.8333333332287,9,8,7,179,27,8,3,9,46,44,2,9,2,0,0.043478260869565216,0.9565217391304348,22,2.75,167.7333333333248,0.20019892580069115,1,0,1,7,3,33,7,3,40,0,0,0,0,0,5,10,2,0
difficulty-easy,20260712,1,0.12,0.45,0.2,0.18,3,30,9,401,2650998120,66120483,true,false,777.69999999995,798.69999999995,9,8,7,180,20,6,3,6,43,35,8,6,8,0,0.18604651162790697,0.813953488372093,18,2.25,167.7333333333248,0.21567871072821856,1,1,0,5,3,31,5,3,33,6,3,34,102.49999999990678,0.1317988941750204,3,4,2,0
difficulty-easy,20260712,1,0.12,0.45,0.2,0.18,3,30,9,402,3719162514,2402119210,false,false,858.766666666543,879.766666666543,9,8,7,179,30,10,3,15,62,54,8,15,8,0,0.12903225806451613,0.8709677419354839,25,3.125,167.7333333333248,0.19531886814425606,1,0,1,8,3,37,9,3,51,0,0,0,0,0,5,8,3,0
difficulty-easy,20260712,1,0.12,0.45,0.2,0.18,3,30,9,403,1442192051,2038751145,true,false,784.6666666666104,805.6666666666104,9,8,7,180,23,7,3,16,57,49,8,16,8,0,0.14035087719298245,0.8596491228070176,23,2.875,167.7333333333248,0.21376380628717523,1,1,0,7,3,39,7,3,45,7,3,48,88.03333333325327,0.11219201359378876,5,10,3,0
difficulty-easy,20260712,1,0.12,0.45,0.2,0.18,3,30,9,404,32773660,1071107631,true,false,837.0333333332294,858.0333333332294,9,8,7,180,23,7,3,13,53,46,7,13,7,0,0.1320754716981132,0.8679245283018868,21,2.625,167.7333333333248,0.2003902672135864,1,1,0,7,3,38,7,3,44,7,3,45,150.3666666665299,0.179642387798035,5,7,3,0
difficulty-easy,20260712,1,0.12,0.45,0.2,0.18,3,30,9,405,340150698,1887586097,false,false,850.8333333332168,871.8333333332168,9,8,7,179,26,8,3,19,61,55,6,19,6,0,0.09836065573770492,0.9016393442622951,25,3.125,167.7333333333248,0.1971400587659327,1,0,1,8,3,45,8,3,55,0,0,0,0,0,5,10,2,0
difficulty-easy,20260712,1,0.12,0.45,0.2,0.18,3,30,9,406,3474380129,1829816608,true,false,772.2333333332883,793.2333333332883,9,8,7,180,24,7,3,15,54,49,5,15,5,0,0.09259259259259259,0.9074074074074074,18,2.25,167.7333333333248,0.21720550783442125,1,1,0,5,3,30,7,3,44,7,3,44,102.56666666657338,0.13281823283106922,2,7,3,0
difficulty-easy,20260712,1,0.12,0.45,0.2,0.18,3,30,9,407,1768029980,3642098373,true,false,834.7999999998981,855.7999999998981,9,8,7,180,22,7,3,15,51,46,5,15,5,0,0.09803921568627451,0.9019607843137255,21,2.625,167.7333333333248,0.20092636958953675,1,1,0,6,3,40,6,3,45,6,3,45,147.53333333319915,0.17672895703547814,6,13,2,0
difficulty-easy,20260712,1,0.12,0.45,0.2,0.18,3,30,9,408,3933179016,3623465239,true,false,789.7333333332724,810.7333333332724,9,8,7,180,24,7,3,5,42,39,3,5,3,0,0.07142857142857142,0.9285714285714286,16,2,167.7333333333248,0.21239236873206702,1,1,0,5,3,24,7,3,38,7,3,38,87.36666666658721,0.1106280601045846,6,9,3,0
difficulty-easy,20260712,1,0.12,0.45,0.2,0.18,3,30,9,409,1723484386,1462814975,true,false,833.0999999998996,854.0999999998996,9,8,7,180,24,7,3,13,58,46,12,13,12,0,0.20689655172413793,0.7931034482758621,20,2.5,167.7333333333248,0.20133637418478573,1,1,0,6,3,41,7,3,46,7,3,46,146.16666666653373,0.17544912575507302,4,4,2,0
difficulty-easy,20260712,1,0.12,0.45,0.2,0.18,3,30,9,410,3967224309,1313711290,true,false,780.7666666666139,801.7666666666139,9,8,7,180,20,6,3,6,41,36,5,6,5,0,0.12195121951219512,0.8780487804878049,18,2.25,167.7333333333248,0.21483157580156614,1,1,0,6,3,29,6,3,35,6,3,35,87.233333333254,0.11172778892532112,5,8,2,0
difficulty-easy,20260712,1,0.12,0.45,0.2,0.18,3,30,9,411,3296907962,1988747353,true,false,771.2333333332892,792.2333333332892,9,8,7,180,16,5,3,1,30,26,4,1,4,0,0.13333333333333333,0.8666666666666667,11,1.375,167.7333333333248,0.21748714180749584,1,1,0,3,2,17,4,3,25,4,3,25,81.16666666659285,0.10524268487694709,6,8,2,0
difficulty-easy,20260712,1,0.12,0.45,0.2,0.18,3,30,9,412,2870267312,2487985481,true,false,777.7666666666166,798.7666666666166,9,8,7,180,25,7,3,19,61,54,7,19,7,0,0.11475409836065574,0.8852459016393442,24,3,167.7333333333248,0.21566022371748458,1,1,0,7,3,42,7,3,53,7,3,53,96.79999999991196,0.12445892084162112,2,5,3,0
difficulty-easy,20260712,1,0.12,0.45,0.2,0.18,3,30,9,413,3933498210,1121363074,true,false,779.899999999948,800.899999999948,9,8,7,180,21,6,3,3,35,33,2,3,2,0,0.05714285714285714,0.9428571428571428,16,2,167.7333333333248,0.21507030815916908,1,1,0,4,3,27,6,3,32,6,3,32,83.09999999992442,0.10655212206684185,6,14,2,0
difficulty-easy,20260712,1,0.12,0.45,0.2,0.18,3,30,9,414,1165518841,3595757418,true,false,782.2666666666125,803.2666666666125,9,8,7,180,28,8,3,17,56,54,2,17,2,0,0.03571428571428571,0.9642857142857143,25,3.125,167.7333333333248,0.2144196352480012,1,1,0,7,3,45,8,3,52,8,3,52,112.39999999989777,0.1436850178965897,2,6,2,0
difficulty-easy,20260712,1,0.12,0.45,0.2,0.18,3,30,9,415,2735843685,615371524,true,false,760.5666666666323,781.5666666666323,9,8,7,180,25,8,3,5,42,39,3,5,3,0,0.07142857142857142,0.9285714285714286,21,2.625,167.7333333333248,0.22053731866590576,1,1,0,6,3,34,7,3,38,7,3,38,79.99999999992724,0.10518473068317157,4,9,2,0
difficulty-easy,20260712,1,0.12,0.45,0.2,0.18,3,30,9,416,89989942,1359099201,false,false,790.2999999999386,811.2999999999386,9,8,7,179,26,8,3,6,55,41,14,6,14,0,0.2545454545454545,0.7454545454545455,21,2.625,167.7333333333248,0.21224007760766522,1,0,1,6,3,32,8,3,41,0,0,0,0,0,2,6,2,0
difficulty-easy,20260712,1,0.12,0.45,0.2,0.18,3,30,9,417,578261450,528947174,true,false,774.733333333286,795.733333333286,9,8,7,180,23,7,3,5,41,38,3,5,3,0,0.07317073170731707,0.926829268292683,22,2.75,167.7333333333248,0.21650460373462055,1,1,0,7,3,32,7,3,37,7,3,37,80.7333333332599,0.10420789949221,4,8,2,0
difficulty-easy,20260712,1,0.12,0.45,0.2,0.18,3,30,9,418,4170950207,4014878747,true,false,802.8999999999271,823.8999999999271,9,8,7,180,30,10,3,10,58,49,9,10,9,0,0.15517241379310345,0.8448275862068966,23,2.875,167.7333333333248,0.2089093701997011,1,1,0,7,2,37,9,3,48,9,3,48,114.9333333332288,0.14314775605086466,4,9,2,0
difficulty-easy,20260712,1,0.12,0.45,0.2,0.18,3,30,9,419,2257413692,1093313476,true,false,846.7333333332206,867.7333333332206,9,8,7,180,23,7,3,10,46,42,4,10,4,0,0.08695652173913043,0.9130434782608695,18,2.25,167.7333333333248,0.1980946382174795,1,1,0,5,3,27,7,3,38,7,3,40,151.69999999986203,0.17915912132889011,5,7,3,0
difficulty-easy,20260712,1,0.12,0.45,0.2,0.18,3,30,9,420,3002926288,987105882,true,false,780.1333333332811,801.1333333332811,9,8,7,180,17,5,3,12,44,39,5,12,5,0,0.11363636363636363,0.8863636363636364,17,2.125,167.7333333333248,0.21500598188344217,1,1,0,5,3,29,5,3,38,5,3,38,79.06666666659476,0.1013501965475133,5,9,3,0
difficulty-easy,20260712,1,0.12,0.45,0.2,0.18,3,30,9,421,1219885830,3762888116,false,false,854.1999999998804,875.1999999998804,9,8,7,179,25,7,3,14,54,49,5,14,5,0,0.09259259259259259,0.9074074074074074,22,2.75,167.7333333333248,0.19636306875830983,1,0,1,6,3,39,7,3,47,0,0,0,0,0,5,8,2,0
difficulty-easy,20260712,1,0.12,0.45,0.2,0.18,3,30,9,422,4192277466,864738721,true,false,762.3666666666306,783.3666666666306,9,8,7,180,27,8,3,9,50,45,5,9,5,0,0.1,0.9,23,2.875,167.7333333333248,0.2200166149271996,1,1,0,7,3,37,8,3,43,8,3,43,78.16666666659557,0.10253159022333865,6,9,3,0
difficulty-easy,20260712,1,0.12,0.45,0.2,0.18,3,30,9,423,449020784,567017703,false,false,859.5333333332089,880.5333333332089,9,8,7,179,23,7,3,22,60,55,5,22,5,0,0.08333333333333333,0.9166666666666666,23,2.875,167.7333333333248,0.19514465213683674,1,0,1,7,3,45,7,3,54,0,0,0,0,0,5,8,2,0
difficulty-easy,20260712,1,0.12,0.45,0.2,0.18,3,30,9,424,2115588106,3017430692,false,false,775.6999999999518,796.6999999999518,9,8,7,179,26,8,3,20,63,56,7,20,7,0,0.1111111111111111,0.8888888888888888,25,3.125,167.7333333333248,0.2162347986764667,1,0,1,8,3,45,8,3,56,0,0,0,0,0,3,7,3,0
difficulty-easy,20260712,1,0.12,0.45,0.2,0.18,3,30,9,425,581762473,328634699,false,false,853.4333333332145,874.4333333332145,9,8,7,179,21,7,3,11,53,42,11,11,11,0,0.20754716981132076,0.7924528301886793,21,2.625,167.7333333333248,0.19653946803110747,1,0,1,7,3,36,7,3,42,0,0,0,0,0,5,10,2,0
difficulty-easy,20260712,1,0.12,0.45,0.2,0.18,3,30,9,426,1232577200,483969820,true,false,783.9999999999443,804.9999999999443,9,8,7,180,27,9,3,9,54,46,8,9,8,0,0.14814814814814814,0.8518518518518519,21,2.625,167.7333333333248,0.2139455782312968,1,1,0,6,3,35,9,3,45,9,3,45,102.56666666657338,0.1308248299318631,3,7,3,0
difficulty-easy,20260712,1,0.12,0.45,0.2,0.18,3,30,9,427,286749878,3892327274,true,false,807.2999999999231,828.2999999999231,9,8,7,180,21,7,3,11,49,41,8,11,8,0,0.16326530612244897,0.8367346938775511,19,2.375,167.7333333333248,0.20777075849540538,1,1,0,6,3,33,6,3,39,6,3,40,121.16666666655647,0.15008877327705686,5,10,2,0
difficulty-easy,20260712,1,0.12,0.45,0.2,0.18,3,30,9,428,3895275179,203721826,true,false,806.8999999999235,827.8999999999235,9,8,7,180,26,8,3,11,50,46,4,11,4,0,0.08,0.92,20,2.5,167.7333333333248,0.20787375552527043,1,1,0,6,3,32,7,3,44,7,3,45,119.56666666655792,0.14818027843173784,6,9,2,0
difficulty-easy,20260712,1,0.12,0.45,0.2,0.18,3,30,9,429,1516048039,3660678229,true,false,821.4333333332436,842.4333333332436,9,8,7,180,18,5,3,3,35,29,6,3,6,0,0.17142857142857143,0.8285714285714286,12,1.5,167.7333333333248,0.2041959177048368,1,1,0,3,2,20,5,3,29,5,3,29,132.4666666665462,0.16126283325880858,6,11,3,0
difficulty-easy,20260712,1,0.12,0.45,0.2,0.18,3,30,9,430,1936274824,3804031463,false,false,807.6999999999227,828.6999999999227,9,8,7,179,24,7,3,17,55,51,4,17,4,0,0.07272727272727272,0.9272727272727272,22,2.75,167.7333333333248,0.20766786348067456,1,0,1,6,3,44,7,3,51,0,0,0,0,0,2,5,2,0
difficulty-easy,20260712,1,0.12,0.45,0.2,0.18,3,30,9,431,420340611,1856905526,false,false,825.3666666665733,846.3666666665733,9,8,7,179,26,7,2,23,64,59,5,23,5,0,0.078125,0.921875,22,2.75,167.7333333333248,0.20322281006422652,1,0,1,6,2,44,7,2,57,0,0,0,0,0,4,5,2,0
difficulty-easy,20260712,1,0.12,0.45,0.2,0.18,3,30,9,432,704478238,244749486,true,false,794.966666666601,815.966666666601,9,8,7,180,18,5,2,13,48,41,7,13,7,0,0.14583333333333334,0.8541666666666666,16,2,167.7333333333248,0.2109941716633888,1,1,0,4,2,32,5,2,39,5,2,40,110.29999999989968,0.13874795588902109,5,7,2,0
difficulty-easy,20260712,1,0.12,0.45,0.2,0.18,3,30,9,433,2368792568,699921634,false,false,848.0333333332194,869.0333333332194,9,8,7,179,27,8,3,8,52,45,7,8,7,0,0.1346153846153846,0.8653846153846154,23,2.875,167.7333333333248,0.19779096733620613,1,0,1,7,3,35,8,3,45,0,0,0,0,0,5,14,3,0
difficulty-easy,20260712,1,0.12,0.45,0.2,0.18,3,30,9,434,1618111279,3444076938,true,false,774.0999999999533,795.0999999999533,9,8,7,180,21,6,3,7,42,38,4,7,4,0,0.09523809523809523,0.9047619047619048,19,2.375,167.7333333333248,0.2166817379322244,1,1,0,6,3,30,6,3,37,6,3,37,96.96666666657848,0.12526374714711835,2,5,2,0
difficulty-easy,20260712,1,0.12,0.45,0.2,0.18,3,30,9,435,418585896,84806975,false,false,776.4333333332845,797.4333333332845,9,8,7,179,26,8,3,23,64,59,5,23,5,0,0.078125,0.921875,25,3.125,167.7333333333248,0.21603056712317265,1,0,1,8,3,45,8,3,55,0,0,0,0,0,5,8,3,0
difficulty-easy,20260712,1,0.12,0.45,0.2,0.18,3,30,9,436,1358208737,866041984,true,false,763.9666666666292,784.9666666666292,9,8,7,180,19,6,3,6,37,34,3,6,3,0,0.08108108108108109,0.918918918918919,15,1.875,167.7333333333248,0.2195558270430643,1,1,0,4,3,29,5,3,32,6,3,33,78.53333333326191,0.10279680614328604,5,9,2,0
difficulty-easy,20260712,1,0.12,0.45,0.2,0.18,3,30,9,437,2223150816,87744061,true,false,755.7333333333033,776.7333333333033,9,8,7,180,25,8,3,6,55,41,14,6,14,0,0.2545454545454545,0.7454545454545455,19,2.375,167.7333333333248,0.22194777699364607,1,1,0,6,3,33,8,3,41,8,3,41,57.066666666614765,0.07551164431891809,5,11,3,0
difficulty-easy,20260712,1,0.12,0.45,0.2,0.18,3,30,9,438,53649087,90440059,false,false,780.1666666666144,801.1666666666144,9,8,7,179,27,8,3,19,67,56,11,19,11,0,0.16417910447761194,0.835820895522388,25,3.125,167.7333333333248,0.21499679555650847,1,0,1,7,3,47,8,3,55,0,0,0,0,0,7,10,2,0
difficulty-easy,20260712,1,0.12,0.45,0.2,0.18,3,30,9,439,2090988602,3626313572,true,false,815.3333333332491,836.3333333332491,9,8,7,180,23,7,3,16,52,49,3,16,3,0,0.057692307692307696,0.9423076923076923,19,2.375,167.7333333333248,0.20572363041701813,1,1,0,5,3,36,7,3,48,7,3,48,118.83333333322526,0.14574816026153417,5,13,2,0
difficulty-easy,20260712,1,0.12,0.45,0.2,0.18,3,30,9,440,3109287448,2520315464,true,false,789.133333333273,810.133333333273,9,8,7,180,22,7,3,4,40,35,5,4,5,0,0.125,0.875,15,1.875,167.7333333333248,0.21255385655149653,1,1,0,4,3,25,7,3,34,7,3,35,83.86666666659039,0.10627692827565702,5,14,2,0
difficulty-easy,20260712,1,0.12,0.45,0.2,0.18,3,30,9,441,3900353479,87655652,false,false,807.06666666659,828.06666666659,9,8,7,179,25,7,3,16,59,51,8,16,8,0,0.13559322033898305,0.864406779661017,21,2.625,167.7333333333248,0.20783082768875855,1,0,1,6,3,38,7,3,51,0,0,0,0,0,3,5,3,0
difficulty-easy,20260712,1,0.12,0.45,0.2,0.18,3,30,9,442,47456549,469971381,false,false,815.533333333249,836.533333333249,9,8,7,179,26,7,3,11,54,47,7,11,7,0,0.12962962962962962,0.8703703703703703,21,2.625,167.7333333333248,0.2056731791057085,1,0,1,6,3,37,7,3,45,0,0,0,0,0,5,8,2,0
difficulty-easy,20260712,1,0.12,0.45,0.2,0.18,3,30,9,443,3417982686,3329035260,true,false,773.7999999999536,794.7999999999536,9,8,7,180,28,8,3,16,68,54,14,16,14,0,0.20588235294117646,0.7941176470588235,25,3.125,167.7333333333248,0.21676574480916885,1,1,0,7,3,44,8,3,52,8,3,53,78.4999999999286,0.10144740242948219,5,10,4,0
difficulty-easy,20260712,1,0.12,0.45,0.2,0.18,3,30,9,444,3974213342,2624090093,true,false,752.2999999999731,773.2999999999731,9,8,7,180,23,7,3,5,45,38,7,5,7,0,0.15555555555555556,0.8444444444444444,22,2.75,167.7333333333248,0.22296069830297857,1,1,0,7,3,35,7,3,37,7,3,37,51.56666666661977,0.06854534981605956,5,14,3,0
difficulty-easy,20260712,1,0.12,0.45,0.2,0.18,3,30,9,445,2667359377,1935088607,true,false,771.1666666666226,792.1666666666226,9,8,7,180,22,7,3,2,36,34,2,2,2,0,0.05555555555555555,0.9444444444444444,17,2.125,167.7333333333248,0.2175059433758388,1,1,0,5,3,28,7,3,32,7,3,33,78.86666666659494,0.1022692889560399,5,7,2,0
difficulty-easy,20260712,1,0.12,0.45,0.2,0.18,3,30,9,446,783085395,529620649,true,false,796.1333333332666,817.1333333332666,9,8,7,180,26,8,3,9,52,44,8,9,8,0,0.15384615384615385,0.8461538461538461,23,2.875,167.7333333333248,0.21068497739072875,1,1,0,7,3,36,7,3,42,7,3,43,104.03333333323872,0.13067325406118838,5,4,5,0
difficulty-easy,20260712,1,0.12,0.45,0.2,0.18,3,30,9,447,2110443217,2275408389,true,false,771.0333333332894,792.0333333332894,9,8,7,180,20,6,3,7,41,36,5,7,5,0,0.12195121951219512,0.8780487804878049,16,2,167.7333333333248,0.21754355626648353,1,1,0,4,3,28,5,3,32,6,3,35,79.13333333326136,0.10263283040067339,5,8,2,0
difficulty-easy,20260712,1,0.12,0.45,0.2,0.18,3,30,9,448,2508781979,3803419536,false,false,777.2333333332838,798.2333333332838,9,8,7,179,24,7,3,10,49,43,6,10,6,0,0.12244897959183673,0.8775510204081632,22,2.75,167.7333333333248,0.21580820860316785,1,0,1,6,3,34,7,3,42,0,0,0,0,0,3,4,3,0
difficulty-easy,20260712,1,0.12,0.45,0.2,0.18,3,30,9,449,1880451406,1260089535,true,false,757.9666666666346,778.9666666666346,9,8,7,180,23,7,3,7,41,39,2,7,2,0,0.04878048780487805,0.9512195121951219,17,2.125,167.7333333333248,0.2212938123928034,1,1,0,5,3,29,7,3,39,7,3,39,56.23333333328219,0.07418971810539324,4,11,3,0
difficulty-easy,20260712,1,0.12,0.45,0.2,0.18,3,30,9,450,2207193796,3580717435,true,false,859.099999999876,880.099999999876,9,8,7,180,26,7,3,25,66,61,5,25,5,0,0.07575757575757576,0.9242424242424242,25,3.125,167.7333333333248,0.19524308384745548,1,1,0,7,3,53,7,3,59,7,3,61,156.66666666652418,0.18236138594639367,4,5,2,0
difficulty-easy,20260712,1,0.12,0.45,0.2,0.18,3,30,9,451,3006331077,2439305022,false,false,793.9666666666019,814.9666666666019,9,8,7,179,29,9,3,18,65,56,9,18,9,0,0.13846153846153847,0.8615384615384616,25,3.125,167.7333333333248,0.21125991855242263,1,0,1,8,3,43,9,3,55,0,0,0,0,0,2,5,3,0
difficulty-easy,20260712,1,0.12,0.45,0.2,0.18,3,30,9,452,3557557067,2994839247,false,false,873.6666666665294,894.6666666665294,9,8,7,179,20,5,2,10,47,39,8,10,8,0,0.1702127659574468,0.8297872340425532,16,2,167.7333333333248,0.19198779091951676,1,0,1,4,2,28,5,2,37,0,0,0,0,0,5,9,3,0
difficulty-easy,20260712,1,0.12,0.45,0.2,0.18,3,30,9,453,1392480338,3391369632,true,false,776.9999999999507,797.9999999999507,9,8,7,180,26,8,3,5,42,41,1,5,1,0,0.023809523809523808,0.9761904761904762,20,2.5,167.7333333333248,0.2158730158730186,1,1,0,6,3,32,8,3,40,8,3,40,111.19999999989886,0.14311454311442204,3,5,2,0
difficulty-easy,20260712,1,0.12,0.45,0.2,0.18,3,30,9,454,278165619,439966869,true,false,764.9999999999616,785.9999999999616,9,8,7,180,25,8,3,4,42,39,3,4,3,0,0.07142857142857142,0.9285714285714286,25,3.125,167.7333333333248,0.2192592592592591,1,1,0,8,3,35,8,3,39,8,3,39,69.16666666660376,0.09041394335504213,5,11,4,0
difficulty-easy,20260712,1,0.12,0.45,0.2,0.18,3,30,9,455,1534451762,2049987835,false,false,861.0999999998742,882.0999999998742,9,8,7,179,26,8,3,11,49,46,3,11,3,0,0.061224489795918366,0.9387755102040817,20,2.5,167.7333333333248,0.1947896101885371,1,0,1,5,3,37,8,3,46,0,0,0,0,0,5,6,2,0
difficulty-easy,20260712,1,0.12,0.45,0.2,0.18,3,30,9,456,4255262325,2127101843,true,false,785.0333333332767,806.0333333332767,9,8,7,180,23,7,3,6,46,38,8,6,8,0,0.17391304347826086,0.8260869565217391,17,2.125,167.7333333333248,0.21366396331366425,1,1,0,4,2,29,6,3,34,6,3,37,91.06666666658384,0.11600356672743035,6,10,2,0
difficulty-easy,20260712,1,0.12,0.45,0.2,0.18,3,30,9,457,1132756312,2336281305,false,false,808.833333333255,829.833333333255,9,8,7,179,22,6,3,6,42,38,4,6,4,0,0.09523809523809523,0.9047619047619048,17,2.125,167.7333333333248,0.20737688028024853,1,0,1,4,3,28,6,3,38,0,0,0,0,0,3,5,2,0
difficulty-easy,20260712,1,0.12,0.45,0.2,0.18,3,30,9,458,1556689669,1338074507,false,false,799.6666666665967,820.6666666665967,9,8,7,179,28,8,3,19,62,56,6,19,6,0,0.0967741935483871,0.9032258064516129,26,3.25,167.7333333333248,0.2097540641934216,1,0,1,8,3,44,8,3,56,0,0,0,0,0,3,5,2,0
difficulty-easy,20260712,1,0.12,0.45,0.2,0.18,3,30,9,459,3282796452,3085582004,true,false,829.4999999999029,850.4999999999029,9,8,7,180,20,6,3,5,44,35,9,5,9,0,0.20454545454545456,0.7954545454545454,13,1.625,167.7333333333248,0.20221016676714215,1,1,0,4,3,23,6,3,34,6,3,34,155.6999999998584,0.18770343580455287,3,4,2,0
difficulty-easy,20260712,1,0.12,0.45,0.2,0.18,3,30,9,460,162202979,3312266535,false,false,829.3666666665697,850.3666666665697,9,8,7,179,26,7,3,17,57,53,4,17,4,0,0.07017543859649122,0.9298245614035088,22,2.75,167.7333333333248,0.20224267513364946,1,0,1,6,3,43,7,3,52,0,0,0,0,0,5,8,2,0
difficulty-easy,20260712,1,0.12,0.45,0.2,0.18,3,30,9,461,1974592867,1588226555,true,false,779.5333333332817,800.5333333332817,9,8,7,180,21,6,3,6,41,37,4,6,4,0,0.0975609756097561,0.9024390243902439,18,2.25,167.7333333333248,0.21517147011032572,1,1,0,5,3,29,6,3,35,6,3,37,102.56666666657338,0.13157444624978215,3,7,3,0
difficulty-easy,20260712,1,0.12,0.45,0.2,0.18,3,30,9,462,1642499020,3730983225,false,false,781.9333333332795,802.9333333332795,9,8,7,179,17,5,3,1,32,26,6,1,6,0,0.1875,0.8125,14,1.75,167.7333333333248,0.21451104100946758,1,0,1,4,3,23,5,3,26,0,0,0,0,0,5,11,2,0
difficulty-easy,20260712,1,0.12,0.45,0.2,0.18,3,30,9,463,1773172649,2721974427,true,false,862.3333333332064,883.3333333332064,9,8,7,180,27,8,3,16,59,53,6,16,6,0,0.1016949152542373,0.8983050847457628,21,2.625,167.7333333333248,0.19451101662158812,1,1,0,6,3,41,8,3,52,8,3,52,156.9999999998572,0.18206416698865133,6,11,2,0
difficulty-easy,20260712,1,0.12,0.45,0.2,0.18,3,30,9,464,3338781706,1320237579,false,false,845.3666666665551,866.3666666665551,9,8,7,179,27,8,3,20,62,56,6,20,6,0,0.0967741935483871,0.9032258064516129,24,3,167.7333333333248,0.19841488900281565,1,0,1,7,3,49,8,3,56,0,0,0,0,0,3,5,2,0
difficulty-easy,20260712,1,0.12,0.45,0.2,0.18,3,30,9,465,522522507,2164146381,false,false,803.0999999999269,824.0999999999269,9,8,7,179,20,6,3,8,42,38,4,8,4,0,0.09523809523809523,0.9047619047619048,19,2.375,167.7333333333248,0.20885734445690457,1,0,1,6,3,31,6,3,36,0,0,0,0,0,5,8,2,0
difficulty-easy,20260712,1,0.12,0.45,0.2,0.18,3,30,9,466,1519384865,2182854868,false,false,794.1333333332684,815.1333333332684,9,8,7,179,29,9,3,19,63,58,5,19,5,0,0.07936507936507936,0.9206349206349206,28,3.5,167.7333333333248,0.211215580926803,1,0,1,9,3,46,9,3,56,0,0,0,0,0,4,5,2,0
difficulty-easy,20260712,1,0.12,0.45,0.2,0.18,3,30,9,467,3065227052,1068926560,false,false,808.6666666665885,829.6666666665885,9,8,7,179,23,7,3,11,54,44,10,11,10,0,0.18518518518518517,0.8148148148148148,22,2.75,167.7333333333248,0.20741962077494766,1,0,1,7,3,36,7,3,44,0,0,0,0,0,2,4,3,0
difficulty-easy,20260712,1,0.12,0.45,0.2,0.18,3,30,9,468,502929660,1148910509,false,false,781.0333333332803,802.0333333332803,9,8,7,179,25,7,2,16,55,51,4,16,4,0,0.07272727272727272,0.9272727272727272,25,3.125,167.7333333333248,0.21475822628142568,1,0,1,7,2,44,7,2,50,0,0,0,0,0,6,10,2,0
difficulty-easy,20260712,1,0.12,0.45,0.2,0.18,3,30,9,469,2171632164,210940217,true,false,771.0333333332894,792.0333333332894,9,8,7,180,28,8,3,10,51,47,4,10,4,0,0.0784313725490196,0.9215686274509803,26,3.25,167.7333333333248,0.21754355626648353,1,1,0,7,3,42,7,3,45,8,3,46,80.89999999992642,0.10492412779378024,4,8,2,0
difficulty-easy,20260712,1,0.12,0.45,0.2,0.18,3,30,9,470,3040645462,2558991448,true,false,774.399999999953,795.399999999953,9,8,7,180,23,7,3,5,44,38,6,5,6,0,0.13636363636363635,0.8636363636363636,16,2,167.7333333333248,0.2165977961432528,1,1,0,5,3,28,7,3,36,7,3,37,101.09999999990805,0.1305526859503024,2,5,2,0
difficulty-easy,20260712,1,0.12,0.45,0.2,0.18,3,30,9,471,1160010549,2176498993,true,false,834.3333333332318,855.3333333332318,9,8,7,180,25,8,3,8,61,41,20,8,20,0,0.32786885245901637,0.6721311475409836,20,2.5,167.7333333333248,0.20103875349581926,1,1,0,6,3,30,7,3,40,7,3,40,150.63333333319633,0.18054334798227886,4,5,4,0
difficulty-easy,20260712,1,0.12,0.45,0.2,0.18,3,30,9,472,922469431,1938266923,true,false,847.1999999998868,868.1999999998868,9,8,7,180,29,9,3,15,62,54,8,15,8,0,0.12903225806451613,0.8709677419354839,22,2.75,167.7333333333248,0.19798552093171293,1,1,0,6,3,40,9,3,53,9,3,53,146.9333333331997,0.17343405728661393,5,10,4,0
difficulty-easy,20260712,1,0.12,0.45,0.2,0.18,3,30,9,473,2626597968,2083524589,false,false,807.9333333332559,828.9333333332559,9,8,7,179,24,7,3,8,48,40,8,8,8,0,0.16666666666666666,0.8333333333333334,22,2.75,167.7333333333248,0.20760788843964958,1,0,1,6,3,36,7,3,40,0,0,0,0,0,3,4,3,0
difficulty-easy,20260712,1,0.12,0.45,0.2,0.18,3,30,9,474,1112774566,774710462,false,false,785.4333333332763,806.4333333332763,9,8,7,179,25,7,3,19,62,54,8,19,8,0,0.12903225806451613,0.8709677419354839,22,2.75,167.7333333333248,0.2135551500233463,1,0,1,6,3,44,7,3,53,0,0,0,0,0,4,6,2,0
difficulty-easy,20260712,1,0.12,0.45,0.2,0.18,3,30,9,475,1241527755,382856134,false,false,784.5666666666104,805.5666666666104,9,8,7,179,20,6,3,2,38,31,7,2,7,0,0.18421052631578946,0.8157894736842105,17,2.125,167.7333333333248,0.21379105238561008,1,0,1,5,3,27,6,3,30,0,0,0,0,0,5,13,2,0
difficulty-easy,20260712,1,0.12,0.45,0.2,0.18,3,30,9,476,1237240101,3915844597,false,false,787.0333333332749,808.0333333332749,9,8,7,179,30,9,3,13,59,53,6,13,6,0,0.1016949152542373,0.8983050847457628,26,3.25,167.7333333333248,0.21312100292237168,1,0,1,8,3,42,9,3,51,0,0,0,0,0,5,8,2,0
difficulty-easy,20260712,1,0.12,0.45,0.2,0.18,3,30,9,477,1160168533,1130657402,true,false,820.9666666665773,841.9666666665773,9,8,7,180,22,7,3,7,46,37,9,7,9,0,0.1956521739130435,0.8043478260869565,18,2.25,167.7333333333248,0.20431198993058147,1,1,0,5,3,28,5,3,34,6,3,36,125.46666666655256,0.15282796703061377,6,13,3,0
difficulty-easy,20260712,1,0.12,0.45,0.2,0.18,3,30,9,478,637441906,291693143,true,false,804.1333333332593,825.1333333332593,9,8,7,180,28,8,3,19,59,56,3,19,3,0,0.05084745762711865,0.9491525423728814,26,3.25,167.7333333333248,0.20858895705522332,1,1,0,7,3,51,8,3,55,8,3,55,114.26666666656274,0.14209915436897685,4,5,2,0
difficulty-easy,20260712,1,0.12,0.45,0.2,0.18,3,30,9,479,1390578248,995916606,true,false,770.7333333332897,791.7333333332897,9,8,7,180,26,8,3,19,64,55,9,19,9,0,0.140625,0.859375,24,3,167.7333333333248,0.21762823285183067,1,1,0,7,3,44,8,3,55,8,3,55,78.53333333326191,0.10189429980096837,4,8,3,0
difficulty-easy,20260712,1,0.12,0.45,0.2,0.18,3,30,9,480,2872548575,2657029931,true,false,767.799999999959,788.799999999959,9,8,7,180,20,6,3,1,33,31,2,1,2,0,0.06060606060606061,0.9393939393939394,14,1.75,167.7333333333248,0.21845966831640237,1,1,0,4,2,22,6,3,30,6,3,30,102.53333333324008,0.13354172093415675,2,7,1,0
difficulty-easy,20260712,1,0.12,0.45,0.2,0.18,3,30,9,481,717478616,2540266993,false,false,833.6666666665658,854.6666666665658,9,8,7,179,26,7,3,19,59,55,4,19,4,0,0.06779661016949153,0.9322033898305084,25,3.125,167.7333333333248,0.20119952019193732,1,0,1,7,3,46,7,3,55,0,0,0,0,0,3,5,2,0
difficulty-easy,20260712,1,0.12,0.45,0.2,0.18,3,30,9,482,3436607876,3634190470,true,false,781.3666666666134,802.3666666666134,9,8,7,180,17,5,3,4,39,31,8,4,8,0,0.20512820512820512,0.7948717948717948,14,1.75,167.7333333333248,0.21466660978627564,1,1,0,4,3,22,5,3,27,5,3,29,91.93333333324972,0.11765709654015101,5,13,3,0
difficulty-easy,20260712,1,0.12,0.45,0.2,0.18,3,30,9,483,3802343354,2254733639,false,false,841.4333333332254,862.4333333332254,9,8,7,179,31,10,3,18,62,58,4,18,4,0,0.06451612903225806,0.9354838709677419,28,3.5,167.7333333333248,0.19934239195025905,1,0,1,9,3,46,9,3,56,0,0,0,0,0,3,6,2,0
difficulty-easy,20260712,1,0.12,0.45,0.2,0.18,3,30,9,484,2616595699,3938048993,true,false,775.8666666666184,796.8666666666184,9,8,7,180,24,7,3,5,42,39,3,5,3,0,0.07142857142857142,0.9285714285714286,16,2,167.7333333333248,0.21618834851349275,1,1,0,4,3,28,7,3,38,7,3,38,97.13333333324499,0.12519333218755505,4,5,2,0
difficulty-easy,20260712,1,0.12,0.45,0.2,0.18,3,30,9,485,2345720865,2621275720,true,false,777.5999999999501,798.5999999999501,9,8,7,180,25,7,3,16,54,51,3,16,3,0,0.05555555555555555,0.9444444444444444,23,2.875,167.7333333333248,0.21570644718793153,1,1,0,6,3,48,7,3,51,7,3,51,88.89999999991915,0.11432613168714616,5,10,2,0
difficulty-easy,20260712,1,0.12,0.45,0.2,0.18,3,30,9,486,1325445052,3890489327,true,false,776.4666666666178,797.4666666666178,9,8,7,180,20,6,3,5,40,34,6,5,6,0,0.15,0.85,15,1.875,167.7333333333248,0.21602129303683612,1,1,0,4,3,29,6,3,34,6,3,34,82.19999999992524,0.1058641710310772,5,8,2,0
difficulty-easy,20260712,1,0.12,0.45,0.2,0.18,3,30,9,487,102921038,3913308902,false,false,830.8999999999016,851.8999999999016,9,8,7,179,25,7,3,17,58,52,6,17,6,0,0.10344827586206896,0.896551724137931,21,2.625,167.7333333333248,0.2018694588197673,1,0,1,6,3,37,7,3,46,0,0,0,0,0,5,8,3,0
difficulty-easy,20260712,1,0.12,0.45,0.2,0.18,3,30,9,488,1245579509,3588679011,true,false,848.766666666552,869.766666666552,9,8,7,180,21,7,3,6,44,37,7,6,7,0,0.1590909090909091,0.8409090909090909,21,2.625,167.7333333333248,0.1976200761889967,1,1,0,7,3,32,7,3,36,7,3,36,156.09999999985803,0.1839139143068913,5,14,3,0
difficulty-easy,20260712,1,0.12,0.45,0.2,0.18,3,30,9,489,4262534217,963811746,true,false,781.5999999999465,802.5999999999465,9,8,7,180,20,6,3,3,36,32,4,3,4,0,0.1111111111111111,0.8888888888888888,16,2,167.7333333333248,0.21460252473558888,1,1,0,5,3,26,5,3,30,5,3,31,87.46666666658712,0.11190719890812834,5,11,2,0
difficulty-easy,20260712,1,0.12,0.45,0.2,0.18,3,30,9,490,2362027247,3451396019,true,false,806.1999999999241,827.1999999999241,9,8,7,180,22,6,3,10,49,42,7,10,7,0,0.14285714285714285,0.8571428571428571,22,2.75,167.7333333333248,0.20805424625817487,1,1,0,6,3,36,6,3,42,6,3,42,110.96666666656574,0.1376416108491394,6,11,2,0
difficulty-easy,20260712,1,0.12,0.45,0.2,0.18,3,30,9,491,4042749780,3657817572,true,false,768.3333333332919,789.3333333332919,9,8,7,180,21,6,3,2,37,33,4,2,4,0,0.10810810810810811,0.8918918918918919,19,2.375,167.7333333333248,0.21830802603036942,1,1,0,6,3,27,6,3,32,6,3,32,102.7333333332399,0.13370932754869255,2,6,2,0
difficulty-easy,20260712,1,0.12,0.45,0.2,0.18,3,30,9,492,4281533249,891968352,true,false,813.2999999999176,834.2999999999176,9,8,7,180,19,5,3,2,35,31,4,2,4,0,0.11428571428571428,0.8857142857142857,13,1.625,167.7333333333248,0.20623796057216498,1,1,0,4,3,20,5,3,29,5,3,30,118.39999999989232,0.14557973687434442,6,6,2,0
difficulty-easy,20260712,1,0.12,0.45,0.2,0.18,3,30,9,493,273221821,3864512116,false,false,781.6999999999464,802.6999999999464,9,8,7,179,19,5,3,6,45,35,10,6,10,0,0.2222222222222222,0.7777777777777778,15,1.875,167.7333333333248,0.21457507142552937,1,0,1,4,3,27,5,3,35,0,0,0,0,0,2,5,3,0
difficulty-easy,20260712,1,0.12,0.45,0.2,0.18,3,30,9,494,3943692654,1026755712,false,false,860.5999999998746,881.5999999998746,9,8,7,179,27,8,3,16,58,53,5,16,5,0,0.08620689655172414,0.9137931034482759,24,3,167.7333333333248,0.1949027810055185,1,0,1,7,3,44,8,3,53,0,0,0,0,0,6,14,2,0
difficulty-easy,20260712,1,0.12,0.45,0.2,0.18,3,30,9,495,180772749,4136689999,true,false,798.9999999999307,819.9999999999307,9,8,7,180,24,7,3,12,52,45,7,12,7,0,0.1346153846153846,0.8653846153846154,21,2.625,167.7333333333248,0.20992907801419192,1,1,0,6,3,37,6,3,42,7,3,44,97.69999999991114,0.12227784730903582,5,11,2,0
difficulty-easy,20260712,1,0.12,0.45,0.2,0.18,3,30,9,496,91303793,1825832187,true,false,777.0999999999506,798.0999999999506,9,8,7,180,24,8,3,6,47,39,8,6,8,0,0.1702127659574468,0.8297872340425532,17,2.125,167.7333333333248,0.2158452365632936,1,1,0,5,3,26,7,3,38,7,3,38,102.56666666657338,0.1319864453308196,3,7,3,0
difficulty-easy,20260712,1,0.12,0.45,0.2,0.18,3,30,9,497,1983405312,784740396,true,false,804.2333333332592,825.2333333332592,9,8,7,180,20,6,3,7,41,37,4,7,4,0,0.0975609756097561,0.9024390243902439,19,2.375,167.7333333333248,0.20856302068223184,1,1,0,6,3,29,6,3,34,6,3,36,123.63333333322089,0.15372818833659255,5,11,2,0
difficulty-easy,20260712,1,0.12,0.45,0.2,0.18,3,30,9,498,1821570658,876091556,false,false,790.0666666666054,811.0666666666054,9,8,7,179,21,6,3,9,46,40,6,9,6,0,0.13043478260869565,0.8695652173913043,17,2.125,167.7333333333248,0.2123027592608275,1,0,1,5,3,33,6,3,39,0,0,0,0,0,4,8,3,0
difficulty-easy,20260712,1,0.12,0.45,0.2,0.18,3,30,9,499,3945227292,1710646512,false,false,830.3333333332355,851.3333333332355,9,8,7,179,26,7,3,12,53,48,5,12,5,0,0.09433962264150944,0.9056603773584906,26,3.25,167.7333333333248,0.20200722601366267,1,0,1,7,3,43,7,3,48,0,0,0,0,0,3,5,2,0
difficulty-easy,20260712,1,0.12,0.45,0.2,0.18,3,30,9,500,20868139,3449767993,true,false,778.6333333332825,799.6333333332825,9,8,7,180,25,8,3,3,44,38,6,3,6,0,0.13636363636363635,0.8636363636363636,19,2.375,167.7333333333248,0.2154201806584217,1,1,0,6,3,27,8,3,36,8,3,37,87.56666666658703,0.11246200607893242,5,11,3,0
difficulty-easy,20260712,1,0.12,0.45,0.2,0.18,3,30,9,501,22810259,2132440758,true,false,804.7666666665921,825.7666666665921,9,8,7,180,22,6,3,11,46,43,3,11,3,0,0.06521739130434782,0.9347826086956522,21,2.625,167.7333333333248,0.20842480222011392,1,1,0,6,3,33,6,3,41,6,3,41,107.83333333323526,0.1339932899804232,5,11,2,0
difficulty-easy,20260712,1,0.12,0.45,0.2,0.18,3,30,9,502,460044555,2906526065,true,false,848.099999999886,869.099999999886,9,8,7,180,25,7,3,8,47,42,5,8,5,0,0.10638297872340426,0.8936170212765957,21,2.625,167.7333333333248,0.19777541956531935,1,1,0,6,3,31,7,3,42,7,3,42,161.63333333318633,0.19058287151657594,2,5,2,0
difficulty-easy,20260712,1,0.12,0.45,0.2,0.18,3,30,9,503,2638331450,547675213,false,false,765.2999999999613,786.2999999999613,9,8,7,179,23,6,3,20,57,53,4,20,4,0,0.07017543859649122,0.9298245614035088,21,2.625,167.7333333333248,0.21917330894202702,1,0,1,6,3,40,6,3,51,0,0,0,0,0,5,5,2,0
difficulty-easy,20260712,1,0.12,0.45,0.2,0.18,3,30,9,504,1351099234,1870990892,true,false,817.4999999999138,838.4999999999138,9,8,7,180,27,8,3,19,64,56,8,19,8,0,0.125,0.875,24,3,167.7333333333248,0.20517838939858407,1,1,0,7,3,43,8,3,53,8,3,54,133.7333333332117,0.16358817533116307,4,5,4,0
difficulty-easy,20260712,1,0.12,0.45,0.2,0.18,3,30,9,505,3315461027,3514464003,true,false,817.733333333247,838.733333333247,9,8,7,180,25,8,3,20,57,54,3,20,3,0,0.05263157894736842,0.9473684210526315,21,2.625,167.7333333333248,0.20511984346976503,1,1,0,6,2,44,7,2,52,7,2,53,110.5666666665661,0.1352111527799337,6,8,2,0
difficulty-easy,20260712,1,0.12,0.45,0.2,0.18,3,30,9,506,1619629913,3045840432,true,false,789.6666666666058,810.6666666666058,9,8,7,180,19,5,2,6,43,35,8,6,8,0,0.18604651162790697,0.813953488372093,16,2,167.7333333333248,0.21241029970452224,1,1,0,5,2,25,5,2,35,5,2,35,97.2333333332449,0.12313212325865647,5,8,3,0
difficulty-easy,20260712,1,0.12,0.45,0.2,0.18,3,30,9,507,2154080221,544384457,true,false,819.7666666665784,840.7666666665784,9,8,7,180,32,9,3,20,69,62,7,20,7,0,0.10144927536231885,0.8985507246376812,26,3.25,167.7333333333248,0.20461106819014702,1,1,0,7,3,47,9,3,58,9,3,60,138.166666666541,0.1685438946040205,5,6,4,0
difficulty-easy,20260712,1,0.12,0.45,0.2,0.18,3,30,9,508,822246716,3155556521,true,false,774.2666666666198,795.2666666666198,9,8,7,180,28,8,3,12,52,50,2,12,2,0,0.038461538461538464,0.9615384615384616,22,2.75,167.7333333333248,0.21663509557430896,1,1,0,6,3,38,8,3,49,8,3,49,82.833333333258,0.10698295161003489,5,8,2,0
difficulty-easy,20260712,1,0.12,0.45,0.2,0.18,3,30,9,509,3057393343,860975579,false,false,848.5333333332189,869.5333333332189,9,8,7,179,30,9,3,9,57,49,8,9,8,0,0.14035087719298245,0.8596491228070176,24,3,167.7333333333248,0.19767441860466775,1,0,1,8,3,33,9,3,48,0,0,0,0,0,6,14,2,0
difficulty-easy,20260712,1,0.12,0.45,0.2,0.18,3,30,9,510,1902371087,3986931654,false,false,781.1666666666135,802.1666666666135,9,8,7,179,29,9,3,4,52,43,9,4,9,0,0.17307692307692307,0.8269230769230769,21,2.625,167.7333333333248,0.21472157030083577,1,0,1,6,3,32,9,3,42,0,0,0,0,0,3,5,2,0
difficulty-easy,20260712,1,0.12,0.45,0.2,0.18,3,30,9,511,3173640081,109114720,false,false,778.133333333283,799.133333333283,9,8,7,179,27,8,3,10,51,46,5,10,5,0,0.09803921568627451,0.9019607843137255,24,3,167.7333333333248,0.21555860178204547,1,0,1,7,3,38,8,3,45,0,0,0,0,0,2,7,3,0
difficulty-easy,20260712,1,0.12,0.45,0.2,0.18,3,30,9,512,4252580939,2434548438,true,false,779.233333333282,800.233333333282,9,8,7,180,28,9,3,28,69,65,4,28,4,0,0.057971014492753624,0.9420289855072463,22,2.75,167.7333333333248,0.2152543097916788,1,1,0,7,3,46,8,3,60,8,3,64,81.46666666659257,0.10454720451717237,6,8,2,0
difficulty-easy,20260712,1,0.12,0.45,0.2,0.18,3,30,9,513,1319515637,101042196,true,false,815.6999999999155,836.6999999999155,9,8,7,180,23,7,3,9,45,40,5,9,5,0,0.1111111111111111,0.8888888888888888,21,2.625,167.7333333333248,0.2056311552449947,1,1,0,6,3,34,7,3,40,7,3,40,127.83333333321707,0.15671611294989618,6,11,2,0
difficulty-easy,20260712,1,0.12,0.45,0.2,0.18,3,30,9,514,3264035849,4168086227,true,false,831.4333333332345,852.4333333332345,9,8,7,180,23,7,3,12,49,44,5,12,5,0,0.10204081632653061,0.8979591836734694,21,2.625,167.7333333333248,0.20173996712505882,1,1,0,6,3,33,7,3,43,7,3,43,153.4333333331938,0.18454075291650407,3,5,2,0
difficulty-easy,20260712,1,0.12,0.45,0.2,0.18,3,30,9,515,389600766,136704623,false,false,788.0666666666073,809.0666666666073,9,8,7,179,25,8,3,4,43,37,6,4,6,0,0.13953488372093023,0.8604651162790697,21,2.625,167.7333333333248,0.2128415531680959,1,0,1,6,3,33,8,3,37,0,0,0,0,0,5,13,3,0
difficulty-easy,20260712,1,0.12,0.45,0.2,0.18,3,30,9,516,2860155208,144335290,false,false,832.7999999998999,853.7999999998999,9,8,7,179,21,6,3,17,54,48,6,17,6,0,0.1111111111111111,0.8888888888888888,19,2.375,167.7333333333248,0.20140890169710007,1,0,1,5,3,37,6,3,48,0,0,0,0,0,2,7,2,0
difficulty-easy,20260712,1,0.12,0.45,0.2,0.18,3,30,9,517,4140404273,1332466094,true,false,767.799999999959,788.799999999959,9,8,7,180,20,6,3,7,41,37,4,7,4,0,0.0975609756097561,0.9024390243902439,17,2.125,167.7333333333248,0.21845966831640237,1,1,0,5,3,27,6,3,35,6,3,36,102.33333333324026,0.13328123643298478,2,6,2,0
difficulty-easy,20260712,1,0.12,0.45,0.2,0.18,3,30,9,518,555668127,3241519273,false,false,828.3666666665706,849.3666666665706,9,8,7,179,26,8,3,7,50,42,8,7,8,0,0.16,0.84,23,2.875,167.7333333333248,0.2024868214558902,1,0,1,7,3,37,8,3,41,0,0,0,0,0,3,5,2,0
difficulty-easy,20260712,1,0.12,0.45,0.2,0.18,3,30,9,519,3186825215,3652205527,false,false,778.4999999999493,799.4999999999493,9,8,7,179,24,7,2,10,47,44,3,10,3,0,0.06382978723404255,0.9361702127659575,18,2.25,167.7333333333248,0.21545707557268556,1,0,1,5,2,29,7,2,44,0,0,0,0,0,3,5,4,0
difficulty-easy,20260712,1,0.12,0.45,0.2,0.18,3,30,9,520,2506265667,3938759295,false,false,796.5666666665995,817.5666666665995,9,8,7,179,20,6,2,4,38,32,6,4,6,0,0.15789473684210525,0.8421052631578947,15,1.875,167.7333333333248,0.21057036448090422,1,0,1,4,2,24,6,2,32,0,0,0,0,0,6,9,2,0
difficulty-easy,20260712,1,0.12,0.45,0.2,0.18,3,30,9,521,3400641165,2347576249,true,false,806.6999999999236,827.6999999999236,9,8,7,180,22,6,3,6,43,38,5,6,5,0,0.11627906976744186,0.8837209302325582,18,2.25,167.7333333333248,0.2079252923433007,1,1,0,5,3,30,6,3,35,6,3,37,110.69999999989932,0.13722573447367026,4,11,2,0
difficulty-easy,20260712,1,0.12,0.45,0.2,0.18,3,30,9,522,1502197878,1695234532,true,false,780.8666666666138,801.8666666666138,9,8,7,180,23,7,3,8,48,41,7,8,7,0,0.14583333333333334,0.8541666666666666,20,2.5,167.7333333333248,0.21480406386067125,1,1,0,6,3,34,7,3,40,7,3,40,102.33333333324026,0.13105096900868332,2,5,2,0
difficulty-easy,20260712,1,0.12,0.45,0.2,0.18,3,30,9,523,2335789046,188217178,true,false,821.0666666665772,842.0666666665772,9,8,7,180,20,6,1,8,45,37,8,8,8,0,0.17777777777777778,0.8222222222222222,14,1.75,167.7333333333248,0.2042871062033246,1,1,0,3,1,27,5,1,36,5,1,36,142.99999999986994,0.1741636895094416,3,5,2,0
difficulty-easy,20260712,1,0.12,0.45,0.2,0.18,3,30,9,524,2316352560,3728295774,true,false,784.1666666666108,805.1666666666108,9,8,7,180,19,6,2,4,36,32,4,4,4,0,0.1111111111111111,0.8888888888888888,15,1.875,167.7333333333248,0.21390010626992995,1,1,0,4,2,25,4,2,29,5,2,31,93.9333333332479,0.11978746014867749,5,8,3,0
difficulty-easy,20260712,1,0.12,0.45,0.2,0.18,3,30,9,525,282035208,1955222183,false,false,792.0999999999369,813.0999999999369,9,8,7,179,25,7,3,7,50,42,8,7,8,0,0.16,0.84,24,3,167.7333333333248,0.21175777469175375,1,0,1,7,3,36,7,3,41,0,0,0,0,0,3,4,2,0
difficulty-easy,20260712,1,0.12,0.45,0.2,0.18,3,30,9,526,3327143829,986907289,true,false,765.2999999999613,786.2999999999613,9,8,7,180,23,6,3,10,51,43,8,10,8,0,0.1568627450980392,0.8431372549019608,19,2.375,167.7333333333248,0.21917330894202702,1,1,0,5,3,29,6,3,42,6,3,42,69.86666666660312,0.09129317478976436,5,14,4,0
difficulty-easy,20260712,1,0.12,0.45,0.2,0.18,3,30,9,527,228112896,1178993757,true,false,832.3999999999003,853.3999999999003,9,8,7,180,22,7,3,7,42,39,3,7,3,0,0.07142857142857142,0.9285714285714286,19,2.375,167.7333333333248,0.20150568636874686,1,1,0,6,3,30,7,3,37,7,3,37,154.96666666652573,0.18616850872963034,3,4,2,0
difficulty-easy,20260712,1,0.12,0.45,0.2,0.18,3,30,9,528,2125677920,1679797202,true,false,740.733333333317,761.733333333317,9,8,7,180,23,7,3,13,50,46,4,13,4,0,0.08,0.92,18,2.25,167.7333333333248,0.2264422644226377,1,1,0,5,3,34,7,3,45,7,3,45,49.899999999954616,0.06736567365667678,6,11,2,0
difficulty-easy,20260712,1,0.12,0.45,0.2,0.18,3,30,9,529,3206210846,938141296,true,false,761.9999999999643,782.9999999999643,9,8,7,180,19,6,3,3,37,32,5,3,5,0,0.13513513513513514,0.8648648648648649,17,2.125,167.7333333333248,0.22012248468941292,1,1,0,5,3,24,6,3,29,6,3,31,78.96666666659485,0.1036307961503918,4,8,2,0
difficulty-easy,20260712,1,0.12,0.45,0.2,0.18,3,30,9,530,3547323531,1419569045,true,false,771.3666666666225,792.3666666666225,9,8,7,180,22,7,3,9,48,41,7,9,7,0,0.14583333333333334,0.8541666666666666,18,2.25,167.7333333333248,0.21744954842055367,1,1,0,5,3,35,7,3,40,7,3,40,102.39999999990687,0.13275139363023994,2,6,2,0
difficulty-easy,20260712,1,0.12,0.45,0.2,0.18,3,30,9,531,703828648,3343491352,true,false,779.4666666666151,800.4666666666151,9,8,7,180,21,6,3,7,42,38,4,7,4,0,0.09523809523809523,0.9047619047619048,20,2.5,167.7333333333248,0.2151898734177248,1,1,0,6,3,33,6,3,37,6,3,37,81.46666666659257,0.10451590831328852,4,8,2,0
difficulty-easy,20260712,1,0.12,0.45,0.2,0.18,3,30,9,532,566471380,3547923115,false,false,784.5999999999437,805.5999999999437,9,8,7,179,31,9,3,18,66,59,7,18,7,0,0.10606060606060606,0.8939393939393939,24,3,167.7333333333248,0.21378196958110735,1,0,1,7,3,40,9,3,58,0,0,0,0,0,5,8,3,0
difficulty-easy,20260712,1,0.12,0.45,0.2,0.18,3,30,9,533,634751121,3527725209,false,false,817.1999999999141,838.1999999999141,9,8,7,179,30,9,3,25,71,65,6,25,6,0,0.08450704225352113,0.9154929577464789,26,3.25,167.7333333333248,0.2052537118616525,1,0,1,8,3,49,9,3,64,0,0,0,0,0,6,10,3,0
difficulty-easy,20260712,1,0.12,0.45,0.2,0.18,3,30,9,534,4026235222,3936742674,true,false,811.4999999999193,832.4999999999193,9,8,7,180,24,7,3,10,52,44,8,10,8,0,0.15384615384615385,0.8461538461538461,21,2.625,167.7333333333248,0.20669542000411767,1,1,0,6,3,32,7,3,44,7,3,44,113.63333333322998,0.14002875333732753,5,8,2,0
difficulty-easy,20260712,1,0.12,0.45,0.2,0.18,3,30,9,535,1017628841,785704348,true,false,755.2999999999704,776.2999999999704,9,8,7,180,19,6,3,7,39,34,5,7,5,0,0.1282051282051282,0.8717948717948718,16,2,167.7333333333248,0.2220751136413761,1,1,0,4,3,28,5,3,33,5,3,33,70.29999999993606,0.09307559909961448,5,11,2,0
difficulty-easy,20260712,1,0.12,0.45,0.2,0.18,3,30,9,536,3167231055,3055211115,false,false,791.4333333332709,812.4333333332709,9,8,7,179,22,6,3,12,48,44,4,12,4,0,0.08333333333333333,0.9166666666666666,22,2.75,167.7333333333248,0.2119361496019939,1,0,1,6,3,35,6,3,44,0,0,0,0,0,3,4,2,0
difficulty-easy,20260712,1,0.12,0.45,0.2,0.18,3,30,9,537,1159455025,3287158852,true,false,831.8666666665674,852.8666666665674,9,8,7,180,17,5,3,2,33,29,4,2,4,0,0.12121212121212122,0.8787878787878788,15,1.875,167.7333333333248,0.20163487738421,1,1,0,4,3,23,5,3,28,5,3,29,135.26666666654364,0.16260618688879602,4,14,2,0
difficulty-easy,20260712,1,0.12,0.45,0.2,0.18,3,30,9,538,1870991995,4278501147,true,false,824.7999999999072,845.7999999999072,9,8,7,180,27,8,3,38,84,75,9,38,9,0,0.10714285714285714,0.8928571428571429,24,3,167.7333333333248,0.20336243129648846,1,1,0,7,3,60,8,3,73,8,3,73,156.39999999985776,0.18962172647899533,2,4,2,0
difficulty-easy,20260712,1,0.12,0.45,0.2,0.18,3,30,9,539,3850894790,902428891,true,false,766.2999999999604,787.2999999999604,9,8,7,180,23,8,3,5,45,36,9,5,9,0,0.2,0.8,20,2.5,167.7333333333248,0.21888729392318082,1,1,0,6,3,33,7,3,35,7,3,35,101.09999999990805,0.1319326634476227,2,4,3,0
difficulty-easy,20260712,1,0.12,0.45,0.2,0.18,3,30,9,540,1379305180,1180878442,true,false,785.3333333332764,806.3333333332764,9,8,7,180,28,9,3,28,77,65,12,28,12,0,0.15584415584415584,0.8441558441558441,25,3.125,167.7333333333248,0.2135823429541642,1,1,0,8,3,43,8,3,64,8,3,64,81.43333333325927,0.10369269949057534,5,8,3,0
difficulty-easy,20260712,1,0.12,0.45,0.2,0.18,3,30,9,541,700156121,329548724,true,false,784.9666666666101,805.9666666666101,9,8,7,180,26,8,3,19,57,53,4,19,4,0,0.07017543859649122,0.9298245614035088,21,2.625,167.7333333333248,0.21368210964372614,1,1,0,6,3,37,7,3,52,7,3,52,78.56666666659521,0.10008917576109501,5,8,2,0
difficulty-easy,20260712,1,0.12,0.45,0.2,0.18,3,30,9,542,2397079031,3859130077,true,false,838.7333333332278,859.7333333332278,9,8,7,180,24,8,3,3,44,36,8,3,8,0,0.18181818181818182,0.8181818181818182,22,2.75,167.7333333333248,0.1999841030124941,1,1,0,7,3,33,8,3,35,8,3,35,154.6333333331927,0.184365312773085,4,14,3,0
difficulty-easy,20260712,1,0.12,0.45,0.2,0.18,3,30,9,543,1637453489,2846557002,false,false,847.0999999998869,868.0999999998869,9,8,7,179,25,7,2,12,60,47,13,12,13,0,0.21666666666666667,0.7833333333333333,19,2.375,167.7333333333248,0.19800889308623207,1,0,1,5,2,34,7,2,44,0,0,0,0,0,6,9,2,0
difficulty-easy,20260712,1,0.12,0.45,0.2,0.18,3,30,9,544,3817140830,2414176375,true,false,788.9333333332731,809.9333333332731,9,8,7,180,16,5,3,8,37,33,4,8,4,0,0.10810810810810811,0.8918918918918919,12,1.5,167.7333333333248,0.21260774040899644,1,1,0,3,2,24,4,3,32,4,3,32,111.19999999989886,0.14094980564463497,3,5,2,0
difficulty-easy,20260712,1,0.12,0.45,0.2,0.18,3,30,9,545,2905492173,3049886356,true,false,778.1999999999496,799.1999999999496,9,8,7,180,23,7,3,16,58,48,10,16,10,0,0.1724137931034483,0.8275862068965517,18,2.25,167.7333333333248,0.21554013535509595,1,1,0,5,3,29,6,3,46,6,3,47,103.26666666657275,0.13269939175864745,5,7,2,0
difficulty-easy,20260712,1,0.12,0.45,0.2,0.18,3,30,9,546,562771565,1475950069,true,false,781.8999999999462,802.8999999999462,9,8,7,180,20,6,3,7,43,37,6,7,6,0,0.13953488372093023,0.8604651162790697,19,2.375,167.7333333333248,0.21452018587202498,1,1,0,6,3,31,6,3,36,6,3,36,102.56666666657338,0.13117619473919995,2,7,2,0
difficulty-easy,20260712,1,0.12,0.45,0.2,0.18,3,30,9,547,1082587326,1965166078,false,false,817.2666666665807,838.2666666665807,9,8,7,179,25,7,3,20,61,55,6,20,6,0,0.09836065573770492,0.9016393442622951,23,2.875,167.7333333333248,0.2052369687576586,1,0,1,7,3,42,7,3,54,0,0,0,0,0,3,5,2,0
difficulty-easy,20260712,1,0.12,0.45,0.2,0.18,3,30,9,548,1213113587,833800365,false,false,839.2333333332274,860.2333333332274,9,8,7,179,24,7,2,14,49,46,3,14,3,0,0.061224489795918366,0.9387755102040817,19,2.375,167.7333333333248,0.19986495611075103,1,0,1,5,2,39,7,2,46,0,0,0,0,0,4,5,2,0
difficulty-easy,20260712,1,0.12,0.45,0.2,0.18,3,30,9,549,2996222210,169346544,true,false,809.4999999999211,830.4999999999211,9,8,7,180,28,8,3,22,66,60,6,22,6,0,0.09090909090909091,0.9090909090909091,24,3,167.7333333333248,0.20720609429690073,1,1,0,7,3,45,7,3,57,8,3,60,93.43333333324836,0.1154210417952532,5,10,2,0
difficulty-easy,20260712,1,0.12,0.45,0.2,0.18,3,30,9,550,2561028036,3907411071,true,false,784.3333333332773,805.3333333332773,9,8,7,180,25,8,3,10,46,44,2,10,2,0,0.043478260869565216,0.9565217391304348,20,2.5,167.7333333333248,0.21385465363366354,1,1,0,6,3,32,7,3,43,7,3,43,79.5999999999276,0.10148746281334461,5,8,2,0
difficulty-easy,20260712,1,0.12,0.45,0.2,0.18,3,30,9,551,2650450282,148368876,false,false,776.5666666666177,797.5666666666177,9,8,7,179,22,6,3,17,53,49,4,17,4,0,0.07547169811320754,0.9245283018867925,21,2.625,167.7333333333248,0.2159934755547951,1,0,1,6,3,38,6,3,49,0,0,0,0,0,3,7,3,0
difficulty-easy,20260712,1,0.12,0.45,0.2,0.18,3,30,9,552,3438229822,1560890989,true,false,772.4999999999548,793.4999999999548,9,8,7,180,20,6,3,9,44,39,5,9,5,0,0.11363636363636363,0.8863636363636364,19,2.375,167.7333333333248,0.21713052858684093,1,1,0,6,3,32,6,3,38,6,3,38,80.76666666659321,0.10455231930951189,5,7,2,0
difficulty-easy,20260712,1,0.12,0.45,0.2,0.18,3,30,9,553,92529841,2337764128,false,false,861.6666666665403,882.6666666665403,9,8,7,179,21,6,2,13,49,44,5,13,5,0,0.10204081632653061,0.8979591836734694,19,2.375,167.7333333333248,0.19466150870408053,1,0,1,5,2,36,6,2,44,0,0,0,0,0,6,5,2,0
difficulty-easy,20260712,1,0.12,0.45,0.2,0.18,3,30,9,554,3036485823,2674274785,false,false,845.6999999998882,866.6999999998882,9,8,7,179,26,8,3,10,57,46,11,10,11,0,0.19298245614035087,0.8070175438596491,21,2.625,167.7333333333248,0.1983366836151673,1,0,1,6,3,38,8,3,46,0,0,0,0,0,5,8,2,0
difficulty-easy,20260712,1,0.12,0.45,0.2,0.18,3,30,9,555,3436767000,3303964407,false,false,813.7666666665839,834.7666666665839,9,8,7,179,24,7,2,24,71,58,13,24,13,0,0.18309859154929578,0.8169014084507042,20,2.5,167.7333333333248,0.2061196903289336,1,0,1,6,2,49,7,2,58,0,0,0,0,0,4,7,3,0
difficulty-easy,20260712,1,0.12,0.45,0.2,0.18,3,30,9,556,4289320829,2995074913,true,false,775.9666666666183,796.9666666666183,9,8,7,180,18,5,3,6,36,34,2,6,2,0,0.05555555555555555,0.9444444444444444,16,2,167.7333333333248,0.21616048799347298,1,1,0,5,3,23,5,3,32,5,3,32,81.39999999992597,0.10490141329086006,6,8,2,0
difficulty-easy,20260712,1,0.12,0.45,0.2,0.18,3,30,9,557,3534287324,3973656631,false,false,829.4333333332363,850.4333333332363,9,8,7,179,23,6,3,16,54,49,5,16,5,0,0.09259259259259259,0.9074074074074074,20,2.5,167.7333333333248,0.20222641964394697,1,0,1,5,3,39,6,3,47,0,0,0,0,0,6,8,2,0
difficulty-easy,20260712,1,0.12,0.45,0.2,0.18,3,30,9,558,2516179924,1839117814,true,false,764.6999999999618,785.6999999999618,9,8,7,180,27,9,3,7,48,43,5,7,5,0,0.10416666666666667,0.8958333333333334,23,2.875,167.7333333333248,0.21934527701495118,1,1,0,7,3,34,8,3,42,8,3,42,77.333333333263,0.10112898304337238,5,9,3,0
difficulty-easy,20260712,1,0.12,0.45,0.2,0.18,3,30,9,559,2300322508,1906770235,false,false,851.6999999998827,872.6999999998827,9,8,7,179,27,8,2,30,72,66,6,30,6,0,0.08333333333333333,0.9166666666666666,24,3,167.7333333333248,0.19693945442450145,1,0,1,7,2,51,7,2,64,0,0,0,0,0,6,8,4,0
difficulty-easy,20260712,1,0.12,0.45,0.2,0.18,3,30,9,560,3068823305,3929760728,true,false,779.7666666666148,800.7666666666148,9,8,7,180,25,8,3,20,58,55,3,20,3,0,0.05172413793103448,0.9482758620689655,23,2.875,167.7333333333248,0.21510708331552508,1,1,0,7,2,47,8,3,54,8,3,54,86.09999999992169,0.11041764630435696,5,12,2,0
difficulty-easy,20260712,1,0.12,0.45,0.2,0.18,3,30,9,561,2623704781,4293232535,true,false,748.5999999999765,769.5999999999765,9,8,7,180,22,7,3,14,52,45,7,14,7,0,0.1346153846153846,0.8653846153846154,20,2.5,167.7333333333248,0.22406269480808183,1,1,0,6,3,36,7,3,44,7,3,44,51.9666666666194,0.06941847003288944,6,14,3,0
difficulty-easy,20260712,1,0.12,0.45,0.2,0.18,3,30,9,562,2554663758,2463225028,true,false,817.5999999999137,838.5999999999137,9,8,7,180,25,7,3,19,63,54,9,19,9,0,0.14285714285714285,0.8571428571428571,21,2.625,167.7333333333248,0.2051532941944013,1,1,0,6,3,47,7,3,52,7,3,53,132.5666666665461,0.16214122635342476,5,5,2,0
difficulty-easy,20260712,1,0.12,0.45,0.2,0.18,3,30,9,563,1674070051,2425407208,true,false,819.4333333332454,840.4333333332454,9,8,7,180,22,6,2,15,53,47,6,15,6,0,0.11320754716981132,0.8867924528301887,16,2,167.7333333333248,0.2046943009396853,1,1,0,4,2,32,6,2,44,6,2,46,127.73333333321716,0.1558800797297696,5,10,2,0
difficulty-easy,20260712,1,0.12,0.45,0.2,0.18,3,30,9,564,1249811499,4172615676,true,false,780.8999999999471,801.8999999999471,9,8,7,180,23,7,3,8,48,41,7,8,7,0,0.14583333333333334,0.8541666666666666,22,2.75,167.7333333333248,0.2147948947795315,1,1,0,7,3,33,7,3,40,7,3,40,89.26666666658548,0.11431254535355555,4,13,2,0
difficulty-easy,20260712,1,0.12,0.45,0.2,0.18,3,30,9,565,298720936,4068788451,false,false,780.1333333332811,801.1333333332811,9,8,7,179,28,8,3,8,51,46,5,8,5,0,0.09803921568627451,0.9019607843137255,22,2.75,167.7333333333248,0.21500598188344217,1,0,1,6,3,36,8,3,44,0,0,0,0,0,5,6,3,0
difficulty-easy,20260712,1,0.12,0.45,0.2,0.18,3,30,9,566,2443711718,4153526723,true,false,776.1666666666181,797.1666666666181,9,8,7,180,27,8,3,12,52,49,3,12,3,0,0.057692307692307696,0.9423076923076923,26,3.25,167.7333333333248,0.216104788490447,1,1,0,8,3,42,8,3,48,8,3,48,82.26666666659185,0.10599098131835559,4,10,3,0
difficulty-easy,20260712,1,0.12,0.45,0.2,0.18,3,30,9,567,2521450895,3736914829,true,false,780.1333333332811,801.1333333332811,9,8,7,180,23,7,3,3,44,35,9,3,9,0,0.20454545454545456,0.7954545454545454,18,2.25,167.7333333333248,0.21500598188344217,1,1,0,5,3,29,6,3,33,7,3,34,82.06666666659203,0.10519569304383548,6,8,2,0
difficulty-easy,20260712,1,0.12,0.45,0.2,0.18,3,30,9,568,3071100883,3007702354,true,false,809.0999999999215,830.0999999999215,9,8,7,180,18,6,3,2,31,29,2,2,2,0,0.06451612903225806,0.9354838709677419,15,1.875,167.7333333333248,0.20730853211388095,1,1,0,4,3,23,5,3,28,5,3,28,122.96666666655483,0.15197956577254576,5,10,2,0
difficulty-easy,20260712,1,0.12,0.45,0.2,0.18,3,30,9,569,2882046079,3556844332,false,false,858.7999999998763,879.7999999998763,9,8,7,179,27,8,3,21,64,58,6,21,6,0,0.09375,0.90625,26,3.25,167.7333333333248,0.1953112870672438,1,0,1,8,3,51,8,3,58,0,0,0,0,0,5,9,2,0
difficulty-easy,20260712,1,0.12,0.45,0.2,0.18,3,30,9,570,602881441,1880088739,false,false,793.4666666666024,814.4666666666024,9,8,7,179,24,7,3,11,47,44,3,11,3,0,0.06382978723404255,0.9361702127659575,21,2.625,167.7333333333248,0.21139304318602553,1,0,1,6,3,34,6,3,42,0,0,0,0,0,4,10,2,0
difficulty-easy,20260712,1,0.12,0.45,0.2,0.18,3,30,9,571,1253954440,2021180756,false,false,778.1999999999496,799.1999999999496,9,8,7,179,23,7,3,10,45,43,2,10,2,0,0.044444444444444446,0.9555555555555556,20,2.5,167.7333333333248,0.21554013535509595,1,0,1,6,3,32,7,3,43,0,0,0,0,0,3,5,2,0
difficulty-easy,20260712,1,0.12,0.45,0.2,0.18,3,30,9,572,3048646696,3990062710,true,false,797.933333333265,818.933333333265,9,8,7,180,20,6,3,3,38,32,6,3,6,0,0.15789473684210525,0.8421052631578947,14,1.75,167.7333333333248,0.2102097084134086,1,1,0,4,3,23,6,3,31,6,3,31,96.83333333324526,0.12135516751598324,4,13,4,0
difficulty-easy,20260712,1,0.12,0.45,0.2,0.18,3,30,9,573,2565188167,781815519,true,false,769.9333333332904,790.9333333332904,9,8,7,180,25,7,3,8,47,43,4,8,4,0,0.0851063829787234,0.9148936170212766,22,2.75,167.7333333333248,0.21785435968482225,1,1,0,6,3,35,7,3,42,7,3,42,102.56666666657338,0.13321499696932085,2,6,2,0
difficulty-easy,20260712,1,0.12,0.45,0.2,0.18,3,30,9,574,2436881048,1000172011,true,false,807.1666666665899,828.1666666665899,9,8,7,180,24,7,3,14,55,48,7,14,7,0,0.12727272727272726,0.8727272727272727,22,2.75,167.7333333333248,0.20780507949618923,1,1,0,7,3,36,7,3,47,7,3,47,112.43333333323108,0.13929382614070837,5,11,2,0
difficulty-easy,20260712,1,0.12,0.45,0.2,0.18,3,30,9,575,902426903,17222225,true,false,819.833333333245,840.833333333245,9,8,7,180,17,5,2,7,39,33,6,7,6,0,0.15384615384615385,0.8461538461538461,16,2,167.7333333333248,0.2045944297621584,1,1,0,4,2,27,4,2,32,4,2,32,146.8666666665331,0.17914210205311923,3,5,3,0
difficulty-easy,20260712,1,0.12,0.45,0.2,0.18,3,30,9,576,1410216049,1708903034,false,false,815.9333333332486,836.9333333332486,9,8,7,179,19,5,3,5,35,33,2,5,2,0,0.05714285714285714,0.9428571428571428,14,1.75,167.7333333333248,0.20557235068225616,1,0,1,4,3,25,5,3,33,0,0,0,0,0,5,14,1,0
difficulty-easy,20260712,1,0.12,0.45,0.2,0.18,3,30,9,577,980262369,3429976526,false,false,869.766666666533,890.766666666533,9,8,7,179,30,9,3,29,74,67,7,29,7,0,0.0945945945945946,0.9054054054054054,26,3.25,167.7333333333248,0.19284865672787788,1,0,1,8,3,52,8,3,66,0,0,0,0,0,6,10,2,0
difficulty-easy,20260712,1,0.12,0.45,0.2,0.18,3,30,9,578,951829332,213597384,false,false,799.9999999999297,820.9999999999297,9,8,7,179,27,9,3,7,51,42,9,7,9,0,0.17647058823529413,0.8235294117647058,24,3,167.7333333333248,0.2096666666666744,1,0,1,8,3,37,9,3,42,0,0,0,0,0,5,8,2,0
difficulty-easy,20260712,1,0.12,0.45,0.2,0.18,3,30,9,579,2539998749,4154378546,false,false,778.5999999999492,799.5999999999492,9,8,7,179,27,8,2,9,52,46,6,9,6,0,0.11538461538461539,0.8846153846153846,24,3,167.7333333333248,0.21542940320233206,1,0,1,7,2,38,7,2,42,0,0,0,0,0,4,7,3,0
difficulty-easy,20260712,1,0.12,0.45,0.2,0.18,3,30,9,580,1958504259,1570399124,true,false,781.5666666666132,802.5666666666132,9,8,7,180,22,6,3,8,49,39,10,8,10,0,0.20408163265306123,0.7959183673469388,17,2.125,167.7333333333248,0.2146116774000976,1,1,0,5,3,28,6,3,38,6,3,39,83.36666666659085,0.10666609800818427,4,14,3,0
difficulty-easy,20260712,1,0.12,0.45,0.2,0.18,3,30,9,581,955642967,852580201,false,false,830.7333333332351,851.7333333332351,9,8,7,179,27,8,3,10,55,47,8,10,8,0,0.14545454545454545,0.8545454545454545,21,2.625,167.7333333333248,0.20190995907231918,1,0,1,6,3,36,8,3,47,0,0,0,0,0,3,7,2,0
difficulty-easy,20260712,1,0.12,0.45,0.2,0.18,3,30,9,582,1793296146,4287858662,true,false,801.8333333332614,822.8333333332614,9,8,7,180,31,9,3,19,67,60,7,19,7,0,0.1044776119402985,0.8955223880597015,25,3.125,167.7333333333248,0.20918727915195157,1,1,0,7,3,44,9,3,58,9,3,59,113.16666666656374,0.14113489918924202,5,9,3,0
difficulty-easy,20260712,1,0.12,0.45,0.2,0.18,3,30,9,583,1915008933,3894348219,false,false,803.8666666665929,824.8666666665929,9,8,7,179,28,9,3,14,58,52,6,14,6,0,0.10344827586206896,0.896551724137931,26,3.25,167.7333333333248,0.2086581522640656,1,0,1,8,3,43,9,3,52,0,0,0,0,0,5,11,3,0
difficulty-easy,20260712,1,0.12,0.45,0.2,0.18,3,30,9,584,3851833261,1746006370,true,false,813.6999999999173,834.6999999999173,9,8,7,180,18,5,3,2,36,29,7,2,7,0,0.19444444444444445,0.8055555555555556,11,1.375,167.7333333333248,0.20613657777232622,1,1,0,3,2,19,4,3,27,5,3,28,128.73333333321625,0.15820736553180453,5,11,2,0
difficulty-easy,20260712,1,0.12,0.45,0.2,0.18,3,30,9,585,4130025620,1765980203,true,false,803.0666666665936,824.0666666665936,9,8,7,180,29,9,3,12,59,51,8,12,8,0,0.13559322033898305,0.864406779661017,23,2.875,167.7333333333248,0.2088660136144862,1,1,0,7,3,36,9,3,50,9,3,50,96.79999999991196,0.12053793790459999,5,14,3,0
difficulty-easy,20260712,1,0.12,0.45,0.2,0.18,3,30,9,586,2182868584,588340297,true,false,813.7333333332506,834.7333333332506,9,8,7,180,24,7,3,3,40,36,4,3,4,0,0.1,0.9,19,2.375,167.7333333333248,0.20612813370474584,1,1,0,5,3,29,7,3,35,7,3,35,118.1999999998925,0.1452564312631958,4,14,2,0
difficulty-easy,20260712,1,0.12,0.45,0.2,0.18,3,30,9,587,359842965,512560213,false,false,816.4333333332481,837.4333333332481,9,8,7,179,26,7,3,14,52,50,2,14,2,0,0.038461538461538464,0.9615384615384616,22,2.75,167.7333333333248,0.20544645408893436,1,0,1,6,3,39,7,3,49,0,0,0,0,0,6,11,1,0
difficulty-easy,20260712,1,0.12,0.45,0.2,0.18,3,30,9,588,4134324499,3953558440,true,false,784.3333333332773,805.3333333332773,9,8,7,180,23,7,3,9,46,42,4,9,4,0,0.08695652173913043,0.9130434782608695,21,2.625,167.7333333333248,0.21385465363366354,1,1,0,6,3,37,7,3,41,7,3,41,83.8999999999237,0.10696982575426649,5,8,2,0
difficulty-easy,20260712,1,0.12,0.45,0.2,0.18,3,30,9,589,3702383656,3029328073,false,false,807.8666666665893,828.8666666665893,9,8,7,179,29,9,2,21,65,59,6,21,6,0,0.09230769230769231,0.9076923076923077,27,3.375,167.7333333333248,0.2076250206304764,1,0,1,8,2,49,9,2,58,0,0,0,0,0,5,14,4,0
difficulty-easy,20260712,1,0.12,0.45,0.2,0.18,3,30,9,590,1769199622,122681989,false,false,841.2333333332256,862.2333333332256,9,8,7,179,24,7,3,14,56,48,8,14,8,0,0.14285714285714285,0.8571428571428571,20,2.5,167.7333333333248,0.19938978483973485,1,0,1,6,3,34,7,3,48,0,0,0,0,0,5,8,3,0
difficulty-easy,20260712,1,0.12,0.45,0.2,0.18,3,30,9,591,3677275657,1058803143,false,false,835.666666666564,856.666666666564,9,8,7,179,22,6,2,13,53,45,8,13,8,0,0.1509433962264151,0.8490566037735849,22,2.75,167.7333333333248,0.20071798962905313,1,0,1,6,2,42,6,2,45,0,0,0,0,0,3,4,3,0
difficulty-easy,20260712,1,0.12,0.45,0.2,0.18,3,30,9,592,33515943,295979859,true,false,776.5666666666177,797.5666666666177,9,8,7,180,22,7,3,6,45,38,7,6,7,0,0.15555555555555556,0.8444444444444444,18,2.25,167.7333333333248,0.2159934755547951,1,1,0,5,3,30,7,3,37,7,3,37,104.69999999990478,0.13482422629511703,2,5,2,0
difficulty-easy,20260712,1,0.12,0.45,0.2,0.18,3,30,9,593,1759706338,3564177497,true,false,760.0666666666327,781.0666666666327,9,8,7,180,21,7,3,1,34,31,3,1,3,0,0.08823529411764706,0.9117647058823529,14,1.75,167.7333333333248,0.2206823962810266,1,1,0,4,3,23,6,3,30,6,3,30,77.66666666659603,0.10218401894561814,5,7,3,0
difficulty-easy,20260712,1,0.12,0.45,0.2,0.18,3,30,9,594,3129495544,3238374332,true,false,853.7999999998808,874.7999999998808,9,8,7,180,30,9,3,22,68,62,6,22,6,0,0.08823529411764706,0.9117647058823529,27,3.375,167.7333333333248,0.1964550636370909,1,1,0,8,3,53,9,3,59,9,3,60,156.866666666524,0.1837276489418434,4,7,4,0
difficulty-easy,20260712,1,0.12,0.45,0.2,0.18,3,30,9,595,3324311752,3313730139,true,false,826.3666666665724,847.3666666665724,9,8,7,180,20,5,3,15,51,45,6,15,6,0,0.11764705882352941,0.8823529411764706,17,2.125,167.7333333333248,0.20297688677343864,1,1,0,4,3,36,5,3,44,5,3,44,135.9333333332097,0.16449517970218047,4,7,2,0
difficulty-easy,20260712,1,0.12,0.45,0.2,0.18,3,30,9,596,2236083244,4128674540,true,false,784.1666666666108,805.1666666666108,9,8,7,180,21,6,3,8,42,38,4,8,4,0,0.09523809523809523,0.9047619047619048,18,2.25,167.7333333333248,0.21390010626992995,1,1,0,5,3,30,5,3,36,5,3,37,77.56666666659612,0.09891604675868435,6,11,2,0
difficulty-easy,20260712,1,0.12,0.45,0.2,0.18,3,30,9,597,3109602195,165528108,false,false,775.833333333285,796.833333333285,9,8,7,179,26,7,2,34,77,69,8,34,8,0,0.1038961038961039,0.8961038961038961,24,3,167.7333333333248,0.2161976369495191,1,0,1,7,2,54,7,2,68,0,0,0,0,0,4,5,2,0
difficulty-easy,20260712,1,0.12,0.45,0.2,0.18,3,30,9,598,2715542660,3335012170,false,false,766.7333333332933,787.7333333332933,9,8,7,179,26,8,3,14,57,50,7,14,7,0,0.12280701754385964,0.8771929824561403,24,3,167.7333333333248,0.21876358577515026,1,0,1,7,3,43,8,3,50,0,0,0,0,0,3,5,3,0
difficulty-easy,20260712,1,0.12,0.45,0.2,0.18,3,30,9,599,705396110,1152482566,true,false,800.0999999999297,821.0999999999297,9,8,7,180,25,8,2,23,62,57,5,23,5,0,0.08064516129032258,0.9193548387096774,24,3,167.7333333333248,0.20964046160897332,1,1,0,7,2,51,7,2,55,7,2,56,110.29999999989968,0.13785776777891437,5,9,2,0
difficulty-easy,20260712,1,0.12,0.45,0.2,0.18,3,30,9,600,3728627900,3442695018,false,false,839.1333333332275,860.1333333332275,9,8,7,179,22,7,3,6,45,38,7,6,7,0,0.15555555555555556,0.8444444444444444,16,2,167.7333333333248,0.19988877413205602,1,0,1,4,3,29,7,3,37,0,0,0,0,0,3,7,2,0
difficulty-easy,20260712,1,0.12,0.45,0.2,0.18,3,30,9,601,1159386001,3622663136,false,false,823.6333333332416,844.6333333332416,9,8,7,179,28,8,3,18,64,56,8,18,8,0,0.125,0.875,27,3.375,167.7333333333248,0.20365049172367575,1,0,1,8,3,49,8,3,56,0,0,0,0,0,2,5,2,0
difficulty-easy,20260712,1,0.12,0.45,0.2,0.18,3,30,9,602,2255472058,1192648980,false,false,798.266666666598,819.266666666598,9,8,7,179,19,5,3,1,34,30,4,1,4,0,0.11764705882352941,0.8823529411764706,16,2,167.7333333333248,0.21012193085018277,1,0,1,4,3,26,5,3,30,0,0,0,0,0,6,10,2,0
difficulty-easy,20260712,1,0.12,0.45,0.2,0.18,3,30,9,603,4142195370,3563520087,false,false,829.9999999999025,850.9999999999025,9,8,7,179,28,8,3,14,57,52,5,14,5,0,0.08771929824561403,0.9122807017543859,24,3,167.7333333333248,0.20208835341366807,1,0,1,7,3,43,8,3,52,0,0,0,0,0,2,5,2,0
difficulty-easy,20260712,1,0.12,0.45,0.2,0.18,3,30,9,604,1525498570,2674859190,false,false,854.9666666665464,875.9666666665464,9,8,7,179,31,9,3,22,66,62,4,22,4,0,0.06060606060606061,0.9393939393939394,28,3.5,167.7333333333248,0.19618698584741906,1,0,1,8,3,51,9,3,59,0,0,0,0,0,6,14,2,0
difficulty-easy,20260712,1,0.12,0.45,0.2,0.18,3,30,9,605,2619493085,4291816589,true,false,786.933333333275,807.933333333275,9,8,7,180,23,7,3,12,47,44,3,12,3,0,0.06382978723404255,0.9361702127659575,18,2.25,167.7333333333248,0.21314808539478639,1,1,0,5,3,39,7,3,44,7,3,44,82.59999999992488,0.10496441884098315,5,6,2,0
difficulty-easy,20260712,1,0.12,0.45,0.2,0.18,3,30,9,606,2867666935,1818640606,false,false,841.6999999998918,862.6999999998918,9,8,7,179,23,7,3,6,46,39,7,6,7,0,0.15217391304347827,0.8478260869565217,19,2.375,167.7333333333248,0.199279236465898,1,0,1,5,3,31,7,3,38,0,0,0,0,0,5,14,2,0
difficulty-easy,20260712,1,0.12,0.45,0.2,0.18,3,30,9,607,983512767,4289165776,true,false,768.2999999999586,789.2999999999586,9,8,7,180,25,8,3,15,57,50,7,15,7,0,0.12280701754385964,0.8771929824561403,25,3.125,167.7333333333248,0.21831749750531543,1,1,0,8,3,46,8,3,49,8,3,49,96.96666666657848,0.12620938001637863,2,5,3,0
difficulty-easy,20260712,1,0.12,0.45,0.2,0.18,3,30,9,608,155975007,1989030154,true,false,811.6666666665858,832.6666666665858,9,8,7,180,16,5,3,0,31,24,7,0,7,0,0.22580645161290322,0.7741935483870968,12,1.5,167.7333333333248,0.20665297741274108,1,1,0,3,3,19,5,3,23,5,3,23,118.46666666655892,0.14595482546189412,5,14,2,0
difficulty-easy,20260712,1,0.12,0.45,0.2,0.18,3,30,9,609,1367066905,2310231673,true,false,781.8999999999462,802.8999999999462,9,8,7,180,21,7,3,2,40,32,8,2,8,0,0.2,0.8,14,1.75,167.7333333333248,0.21452018587202498,1,1,0,4,2,22,6,3,30,6,3,31,91.59999999991669,0.11715053075831051,6,14,2,0
difficulty-easy,20260712,1,0.12,0.45,0.2,0.18,3,30,9,610,2176149027,1782127648,true,false,785.6666666666094,806.6666666666094,9,8,7,180,22,7,3,14,49,45,4,14,4,0,0.08163265306122448,0.9183673469387755,20,2.5,167.7333333333248,0.21349172677132416,1,1,0,6,3,36,6,3,42,6,3,44,117.26666666656001,0.14925753075931508,2,6,2,0
difficulty-easy,20260712,1,0.12,0.45,0.2,0.18,3,30,9,611,2932886886,577831135,true,false,764.1999999999623,785.1999999999623,9,8,7,180,22,6,3,17,55,49,6,17,6,0,0.10909090909090909,0.8909090909090909,19,2.375,167.7333333333248,0.21948879002006422,1,1,0,5,3,33,6,3,41,6,3,42,69.16666666660376,0.09050859286391935,6,12,3,0
difficulty-easy,20260712,1,0.12,0.45,0.2,0.18,3,30,9,612,2697162240,604094824,false,false,830.8666666665683,851.8666666665683,9,8,7,179,30,9,3,8,54,48,6,8,6,0,0.1111111111111111,0.8888888888888888,24,3,167.7333333333248,0.20187755757042203,1,0,1,7,3,38,9,3,48,0,0,0,0,0,3,5,2,0
difficulty-easy,20260712,1,0.12,0.45,0.2,0.18,3,30,9,613,2885490434,642876856,true,false,810.9999999999197,831.9999999999197,9,8,7,180,31,9,3,22,65,63,2,22,2,0,0.03076923076923077,0.9692307692307692,29,3.625,167.7333333333248,0.20682285244555043,1,1,0,9,3,51,9,3,60,9,3,62,112.26666666656456,0.13842992190699835,5,10,3,0
difficulty-easy,20260712,1,0.12,0.45,0.2,0.18,3,30,9,614,367278966,928467374,false,false,785.1666666666099,806.1666666666099,9,8,7,179,26,7,2,16,57,50,7,16,7,0,0.12280701754385964,0.8771929824561403,22,2.75,167.7333333333248,0.21362767989811537,1,0,1,6,2,42,6,2,49,0,0,0,0,0,6,10,2,0
difficulty-easy,20260712,1,0.12,0.45,0.2,0.18,3,30,9,615,857375877,1161009172,true,false,821.2333333332438,842.2333333332438,9,8,7,180,26,8,3,10,50,46,4,10,4,0,0.08,0.92,21,2.625,167.7333333333248,0.20424564679142318,1,1,0,6,3,36,8,3,44,8,3,45,133.23333333321216,0.1622356618093437,4,5,2,0
difficulty-easy,20260712,1,0.12,0.45,0.2,0.18,3,30,9,616,3765603316,705851296,false,false,790.5999999999383,811.5999999999383,9,8,7,179,18,6,3,3,40,31,9,3,9,0,0.225,0.775,14,1.75,167.7333333333248,0.21215954127667327,1,0,1,4,3,23,6,3,30,0,0,0,0,0,6,13,2,0
difficulty-easy,20260712,1,0.12,0.45,0.2,0.18,3,30,9,617,3153277466,2624373143,true,false,825.8333333332396,846.8333333332396,9,8,7,180,25,8,3,2,42,36,6,2,6,0,0.14285714285714285,0.8571428571428571,17,2.125,167.7333333333248,0.20310797174572412,1,1,0,5,3,26,7,3,35,7,3,35,133.29999999987876,0.16141271442974034,6,14,3,0
difficulty-easy,20260712,1,0.12,0.45,0.2,0.18,3,30,9,618,4143998664,3481277862,true,false,829.3333333332364,850.3333333332364,9,8,7,180,25,7,3,12,56,47,9,12,9,0,0.16071428571428573,0.8392857142857143,23,2.875,167.7333333333248,0.20225080385853425,1,1,0,7,3,37,7,3,46,7,3,46,160.96666666652027,0.1940916398712288,3,4,3,0
difficulty-easy,20260712,1,0.12,0.45,0.2,0.18,3,30,9,619,3591649111,2489232336,false,false,866.9999999998688,887.9999999998688,9,8,7,179,30,9,3,23,65,63,2,23,2,0,0.03076923076923077,0.9692307692307692,29,3.625,167.7333333333248,0.19346405228760113,1,0,1,9,3,52,9,3,60,0,0,0,0,0,5,9,2,0
difficulty-easy,20260712,1,0.12,0.45,0.2,0.18,3,30,9,620,3924075153,3972673737,true,false,771.8999999999553,792.8999999999553,9,8,7,180,26,7,2,15,56,51,5,15,5,0,0.08928571428571429,0.9107142857142857,25,3.125,167.7333333333248,0.2172993047458667,1,1,0,7,2,46,7,2,50,7,2,50,80.26666666659366,0.10398583581629527,5,9,4,0
difficulty-easy,20260712,1,0.12,0.45,0.2,0.18,3,30,9,621,3818683380,3646047764,false,false,834.6333333332316,855.6333333332316,9,8,7,179,27,8,3,10,50,47,3,10,3,0,0.06,0.94,23,2.875,167.7333333333248,0.20096649227206986,1,0,1,7,3,38,8,3,47,0,0,0,0,0,3,5,2,0
difficulty-easy,20260712,1,0.12,0.45,0.2,0.18,3,30,9,622,2048295797,3823939897,true,false,816.4999999999147,837.4999999999147,9,8,7,180,25,8,3,4,48,39,9,4,9,0,0.1875,0.8125,21,2.625,167.7333333333248,0.20542967952644495,1,1,0,7,3,30,7,3,34,8,3,38,126.26666666655183,0.15464380485800983,5,11,4,0
difficulty-easy,20260712,1,0.12,0.45,0.2,0.18,3,30,9,623,3289248566,2356255835,true,false,796.0666666666,817.0666666666,9,8,7,180,22,7,3,2,37,32,5,2,5,0,0.13513513513513514,0.8648648648648649,15,1.875,167.7333333333248,0.2107026212210102,1,1,0,4,3,23,5,3,27,6,3,31,117.56666666655974,0.1476844485385264,2,7,3,0
difficulty-easy,20260712,1,0.12,0.45,0.2,0.18,3,30,9,624,3756003080,3583300563,true,false,785.1999999999432,806.1999999999432,9,8,7,180,27,8,3,7,54,44,10,7,10,0,0.18518518518518517,0.8148148148148148,22,2.75,167.7333333333248,0.21361861096960894,1,1,0,6,3,36,8,3,42,8,3,43,102.56666666657338,0.13062489386981763,3,6,2,0
difficulty-easy,20260712,1,0.12,0.45,0.2,0.18,3,30,9,625,3617442304,4097987268,true,false,785.5666666666095,806.5666666666095,9,8,7,180,30,10,3,8,52,48,4,8,4,0,0.07692307692307693,0.9230769230769231,20,2.5,167.7333333333248,0.213518903551581,1,1,0,6,3,35,10,3,46,10,3,47,96.89999999991187,0.12335044765976015,4,5,2,0
difficulty-easy,20260712,1,0.12,0.45,0.2,0.18,3,30,9,626,2758374678,4167152314,true,false,814.3666666665833,835.3666666665833,9,8,7,180,24,8,3,9,44,42,2,9,2,0,0.045454545454545456,0.9545454545454546,18,2.25,167.7333333333248,0.20596782775982395,1,1,0,5,3,33,7,3,40,7,3,41,120.4666666665571,0.14792681429319646,4,6,2,0
difficulty-easy,20260712,1,0.12,0.45,0.2,0.18,3,30,9,627,2265864314,3666899396,true,false,816.966666666581,837.966666666581,9,8,7,180,25,7,3,16,58,50,8,16,8,0,0.13793103448275862,0.8620689655172413,21,2.625,167.7333333333248,0.2053123342445743,1,1,0,6,3,40,7,3,49,7,3,50,111.33333333323208,0.13627646986810202,5,11,3,0
difficulty-easy,20260712,1,0.12,0.45,0.2,0.18,3,30,9,628,1779452552,3379039411,false,false,794.5999999999347,815.5999999999347,9,8,7,179,23,7,3,9,43,42,1,9,1,0,0.023255813953488372,0.9767441860465116,23,2.875,167.7333333333248,0.21109153452471507,1,0,1,7,3,37,7,3,41,0,0,0,0,0,5,8,2,0
difficulty-easy,20260712,1,0.12,0.45,0.2,0.18,3,30,9,629,3023197768,2782875979,true,false,774.1666666666199,795.1666666666199,9,8,7,180,24,8,3,13,50,46,4,13,4,0,0.08,0.92,18,2.25,167.7333333333248,0.2166630785791194,1,1,0,5,3,33,7,3,44,7,3,45,81.06666666659294,0.10471474703973886,5,11,4,0
difficulty-easy,20260712,1,0.12,0.45,0.2,0.18,3,30,9,630,2073975036,1899195470,true,false,857.3333333332109,878.3333333332109,9,8,7,180,22,6,3,14,50,46,4,14,4,0,0.08,0.92,22,2.75,167.7333333333248,0.19564541213065562,1,1,0,6,3,41,6,3,44,6,3,45,155.33333333319206,0.1811819595644023,5,5,2,0
difficulty-easy,20260712,1,0.12,0.45,0.2,0.18,3,30,9,631,3652397785,2927570378,true,false,747.5666666666441,768.5666666666441,9,8,7,180,19,6,3,3,40,32,8,3,8,0,0.2,0.8,17,2.125,167.7333333333248,0.22437240825789878,1,1,0,5,3,26,6,3,30,6,3,31,59.79999999994561,0.07999286574211542,4,11,3,0
difficulty-easy,20260712,1,0.12,0.45,0.2,0.18,3,30,9,632,1375985367,2442283987,true,false,784.9666666666101,805.9666666666101,9,8,7,180,16,4,2,5,34,31,3,5,3,0,0.08823529411764706,0.9117647058823529,14,1.75,167.7333333333248,0.21368210964372614,1,1,0,3,2,25,4,2,30,4,2,30,90.29999999991787,0.1150367319205797,5,10,3,0
difficulty-easy,20260712,1,0.12,0.45,0.2,0.18,3,30,9,633,1547203856,236484741,false,false,785.5333333332762,806.5333333332762,9,8,7,179,25,7,3,16,58,50,8,16,8,0,0.13793103448275862,0.8620689655172413,24,3,167.7333333333248,0.21352796401595983,1,0,1,7,3,46,7,3,50,0,0,0,0,0,3,7,2,0
difficulty-easy,20260712,1,0.12,0.45,0.2,0.18,3,30,9,634,362732310,1213913080,true,false,857.4666666665441,878.4666666665441,9,8,7,180,28,8,3,22,65,59,6,22,6,0,0.09230769230769231,0.9076923076923077,24,3,167.7333333333248,0.1956149898927252,1,1,0,7,3,42,7,3,55,8,3,58,158.89999999985548,0.18531332607667336,5,11,2,0
difficulty-easy,20260712,1,0.12,0.45,0.2,0.18,3,30,9,635,3429313339,3904234583,true,false,877.8333333331923,898.8333333331923,9,8,7,180,16,5,3,8,39,33,6,8,6,0,0.15384615384615385,0.8461538461538461,15,1.875,167.7333333333248,0.19107651414469537,1,1,0,4,3,25,4,3,30,4,3,32,181.66666666650144,0.20694892728292838,5,11,2,0
difficulty-easy,20260712,1,0.12,0.45,0.2,0.18,3,30,9,636,1306257152,2672874830,false,false,798.9999999999307,819.9999999999307,9,8,7,179,24,7,3,13,53,47,6,13,6,0,0.11320754716981132,0.8867924528301887,23,2.875,167.7333333333248,0.20992907801419192,1,0,1,7,3,38,7,3,45,0,0,0,0,0,5,5,2,0
difficulty-easy,20260712,1,0.12,0.45,0.2,0.18,3,30,9,637,1988667680,3122737113,true,false,768.4333333332918,789.4333333332918,9,8,7,180,27,8,3,11,55,48,7,11,7,0,0.12727272727272726,0.8727272727272727,24,3,167.7333333333248,0.2182796165358095,1,1,0,7,3,43,8,3,47,8,3,47,78.89999999992824,0.10267644124400187,6,8,3,0
difficulty-easy,20260712,1,0.12,0.45,0.2,0.18,3,30,9,638,1138004446,3535771489,true,false,794.7999999999345,815.7999999999345,9,8,7,180,23,8,3,2,37,33,4,2,4,0,0.10810810810810811,0.8918918918918919,18,2.25,167.7333333333248,0.21103841637309842,1,1,0,6,3,26,7,3,32,7,3,32,116.63333333322726,0.14674551249778167,3,9,2,0
difficulty-easy,20260712,1,0.12,0.45,0.2,0.18,3,30,9,639,841132105,1364585193,false,false,858.3666666665433,879.3666666665433,9,8,7,179,28,8,3,16,58,54,4,16,4,0,0.06896551724137931,0.9310344827586207,25,3.125,167.7333333333248,0.19540988699469794,1,0,1,7,3,42,8,3,54,0,0,0,0,0,5,14,2,0
difficulty-easy,20260712,1,0.12,0.45,0.2,0.18,3,30,9,640,1608804510,580400617,true,false,813.4333333332509,834.4333333332509,9,8,7,180,20,6,3,9,43,39,4,9,4,0,0.09302325581395349,0.9069767441860465,18,2.25,167.7333333333248,0.20620415522682678,1,1,0,5,3,29,6,3,36,6,3,37,120.06666666655747,0.1476048026880748,6,14,2,0
difficulty-easy,20260712,1,0.12,0.45,0.2,0.18,3,30,9,641,755959675,1024107300,false,false,828.2666666665707,849.2666666665707,9,8,7,179,19,6,3,3,36,32,4,3,4,0,0.1111111111111111,0.8888888888888888,16,2,167.7333333333248,0.2025112685125695,1,0,1,5,3,24,6,3,32,0,0,0,0,0,3,7,1,0
difficulty-easy,20260712,1,0.12,0.45,0.2,0.18,3,30,9,642,2553612874,1785521572,false,false,824.7666666665739,845.7666666665739,9,8,7,179,20,6,3,2,40,32,8,2,8,0,0.2,0.8,17,2.125,167.7333333333248,0.20337065028494158,1,0,1,5,2,26,6,3,31,0,0,0,0,0,5,14,2,0
difficulty-easy,20260712,1,0.12,0.45,0.2,0.18,3,30,9,643,1769472732,4136637795,true,false,802.8333333332605,823.8333333332605,9,8,7,180,21,6,3,5,38,36,2,5,2,0,0.05263157894736842,0.9473684210526315,18,2.25,167.7333333333248,0.2089267178742039,1,1,0,6,3,26,6,3,34,6,3,35,110.99999999989905,0.13826032800486915,5,11,2,0
difficulty-easy,20260712,1,0.12,0.45,0.2,0.18,3,30,9,644,942949003,2476174164,false,false,828.0333333332376,849.0333333332376,9,8,7,179,26,8,3,8,48,44,4,8,4,0,0.08333333333333333,0.9166666666666666,21,2.625,167.7333333333248,0.20256833460812068,1,0,1,6,3,33,8,3,44,0,0,0,0,0,3,5,2,0
difficulty-easy,20260712,1,0.12,0.45,0.2,0.18,3,30,9,645,823661900,2375260024,true,false,845.6333333332216,866.6333333332216,9,8,7,180,28,9,3,20,65,57,8,20,8,0,0.12307692307692308,0.8769230769230769,23,2.875,167.7333333333248,0.19835231976035353,1,1,0,7,3,38,8,3,54,8,3,56,157.43333333319015,0.18617209980670615,4,5,3,0
difficulty-easy,20260712,1,0.12,0.45,0.2,0.18,3,30,9,646,1297826274,877607524,true,false,798.3333333332646,819.3333333332646,9,8,7,180,28,9,3,10,53,47,6,10,6,0,0.11320754716981132,0.8867924528301887,24,3,167.7333333333248,0.2101043841336191,1,1,0,8,3,37,8,3,46,8,3,46,104.49999999990496,0.13089770354895278,4,14,4,0
difficulty-easy,20260712,1,0.12,0.45,0.2,0.18,3,30,9,647,836881381,1391609628,true,false,795.3999999999339,816.3999999999339,9,8,7,180,31,10,3,14,64,55,9,14,9,0,0.140625,0.859375,29,3.625,167.7333333333248,0.2108792221942906,1,1,0,9,2,47,9,2,52,9,2,53,105.26666666657093,0.13234431313374362,5,8,3,0
difficulty-easy,20260712,1,0.12,0.45,0.2,0.18,3,30,9,648,111562777,1457154861,true,false,817.3333333332473,838.3333333332473,9,8,7,180,17,5,3,2,30,28,2,2,2,0,0.06666666666666667,0.9333333333333333,15,1.875,167.7333333333248,0.205220228385003,1,1,0,4,3,25,5,3,27,5,3,27,128.46666666654983,0.15717781402923736,5,11,1,0
difficulty-easy,20260712,1,0.12,0.45,0.2,0.18,3,30,9,649,3190195160,636946522,false,false,788.69999999994,809.69999999994,9,8,7,179,17,5,3,3,32,29,3,3,3,0,0.09375,0.90625,14,1.75,167.7333333333248,0.21267063944888748,1,0,1,4,3,21,5,3,29,0,0,0,0,0,2,7,2,0
difficulty-easy,20260712,1,0.12,0.45,0.2,0.18,3,30,9,650,4237863102,2388582766,true,false,763.3333333332964,784.3333333332964,9,8,7,180,22,7,3,7,42,38,4,7,4,0,0.09523809523809523,0.9047619047619048,19,2.375,167.7333333333248,0.21973799126637497,1,1,0,5,3,31,6,3,37,6,3,37,79.06666666659476,0.10358078602611168,5,9,3,0
difficulty-easy,20260712,1,0.12,0.45,0.2,0.18,3,30,9,651,3169184037,4292022769,true,false,828.3666666665706,849.3666666665706,9,8,7,180,29,9,3,6,52,43,9,6,9,0,0.17307692307692307,0.8269230769230769,22,2.75,167.7333333333248,0.2024868214558902,1,1,0,6,3,32,9,3,43,9,3,43,153.4333333331938,0.1852239346503701,3,5,2,0
difficulty-easy,20260712,1,0.12,0.45,0.2,0.18,3,30,9,652,241884356,2159791804,true,false,828.4333333332372,849.4333333332372,9,8,7,180,23,7,3,16,53,49,4,16,4,0,0.07547169811320754,0.9245283018867925,20,2.5,167.7333333333248,0.20247052669699142,1,1,0,6,3,38,7,3,48,7,3,48,147.76666666653227,0.17836880859439433,4,5,2,0
difficulty-easy,20260712,1,0.12,0.45,0.2,0.18,3,30,9,653,3227218033,1736764771,true,false,834.2666666665652,855.2666666665652,9,8,7,180,30,9,3,14,58,54,4,14,4,0,0.06896551724137931,0.9310344827586207,28,3.5,167.7333333333248,0.20105481860317867,1,1,0,9,3,46,9,3,53,9,3,53,127.36666666655083,0.15266901070788674,5,10,2,0
difficulty-easy,20260712,1,0.12,0.45,0.2,0.18,3,30,9,654,781319029,3423851881,false,false,818.2999999999131,839.2999999999131,9,8,7,179,27,8,2,14,52,50,2,14,2,0,0.038461538461538464,0.9615384615384616,23,2.875,167.7333333333248,0.20497779950304607,1,0,1,7,2,39,8,2,50,0,0,0,0,0,6,13,2,0
difficulty-easy,20260712,1,0.12,0.45,0.2,0.18,3,30,9,655,181361444,1843279549,true,false,782.9666666666119,803.9666666666119,9,8,7,180,21,6,3,4,36,34,2,4,2,0,0.05555555555555555,0.9444444444444444,17,2.125,167.7333333333248,0.21422793648091004,1,1,0,5,3,26,5,3,32,6,3,33,90.26666666658457,0.11528800715218726,4,10,3,0
difficulty-easy,20260712,1,0.12,0.45,0.2,0.18,3,30,9,656,64837324,2081120623,false,false,835.6333333332307,856.6333333332307,9,8,7,179,25,7,3,19,61,53,8,19,8,0,0.13114754098360656,0.8688524590163934,23,2.875,167.7333333333248,0.20072599625036347,1,0,1,7,3,46,7,3,53,0,0,0,0,0,5,14,2,0
difficulty-easy,20260712,1,0.12,0.45,0.2,0.18,3,30,9,657,4187752163,3612727112,true,false,782.433333333279,803.433333333279,9,8,7,180,19,5,3,4,38,33,5,4,5,0,0.13157894736842105,0.868421052631579,15,1.875,167.7333333333248,0.21437396157287492,1,1,0,5,3,22,5,3,27,5,3,28,78.16666666659557,0.09990201508107314,5,9,3,0
difficulty-easy,20260712,1,0.12,0.45,0.2,0.18,3,30,9,658,3855698334,4294347294,false,false,855.7666666665457,876.7666666665457,9,8,7,179,20,6,3,12,49,42,7,12,7,0,0.14285714285714285,0.8571428571428571,18,2.25,167.7333333333248,0.19600358353135416,1,0,1,5,3,32,6,3,42,0,0,0,0,0,6,8,2,0
difficulty-easy,20260712,1,0.12,0.45,0.2,0.18,3,30,9,659,510286630,1780650605,true,false,837.5333333332289,858.5333333332289,9,8,7,180,25,8,3,6,51,40,11,6,11,0,0.21568627450980393,0.7843137254901961,18,2.25,167.7333333333248,0.20027063599460204,1,1,0,5,3,28,7,3,39,7,3,39,155.19999999985885,0.185306057470204,2,4,3,0
difficulty-easy,20260712,1,0.12,0.45,0.2,0.18,3,30,9,660,2725391036,2447484719,true,false,859.766666666542,880.766666666542,9,8,7,180,21,6,2,13,54,44,10,13,10,0,0.18518518518518517,0.8148148148148148,17,2.125,167.7333333333248,0.19509169154423578,1,1,0,4,2,30,6,2,44,6,2,44,154.19999999985976,0.1793509867016812,5,8,2,0
difficulty-easy,20260712,1,0.12,0.45,0.2,0.18,3,30,9,661,1635373822,3889945216,false,false,815.5666666665823,836.5666666665823,9,8,7,179,19,5,3,14,54,43,11,14,11,0,0.2037037037037037,0.7962962962962963,19,2.375,167.7333333333248,0.20566477295950727,1,0,1,5,3,42,5,3,43,0,0,0,0,0,3,4,2,0
difficulty-easy,20260712,1,0.12,0.45,0.2,0.18,3,30,9,662,1104958439,3470255740,false,false,782.866666666612,803.866666666612,9,8,7,179,28,8,3,17,59,55,4,17,4,0,0.06779661016949153,0.9322033898305084,26,3.25,167.7333333333248,0.21425530103040513,1,0,1,8,3,44,8,3,55,0,0,0,0,0,2,5,2,0
difficulty-easy,20260712,1,0.12,0.45,0.2,0.18,3,30,9,663,3520498753,370143761,false,false,782.9999999999452,803.9999999999452,9,8,7,179,25,8,3,13,54,48,6,13,6,0,0.1111111111111111,0.8888888888888888,22,2.75,167.7333333333248,0.2142188165176712,1,0,1,7,3,33,8,3,48,0,0,0,0,0,2,5,3,0
difficulty-easy,20260712,1,0.12,0.45,0.2,0.18,3,30,9,664,1276596334,4242158632,true,false,797.4666666665987,818.4666666665987,9,8,7,180,20,5,3,9,42,39,3,9,3,0,0.07142857142857142,0.9285714285714286,19,2.375,167.7333333333248,0.2103327202808967,1,1,0,5,3,29,5,3,34,5,3,34,92.63333333324908,0.11615950509938594,5,14,2,0
difficulty-easy,20260712,1,0.12,0.45,0.2,0.18,3,30,9,665,3979609670,2774045493,true,false,788.4666666666069,809.4666666666069,9,8,7,180,24,7,2,19,58,53,5,19,5,0,0.08620689655172414,0.9137931034482759,24,3,167.7333333333248,0.212733575716586,1,1,0,7,2,44,7,2,52,7,2,52,94.26666666658093,0.11955694597098344,6,9,2,0
difficulty-easy,20260712,1,0.12,0.45,0.2,0.18,3,30,9,666,817132538,1833245798,true,false,800.3333333332628,821.3333333332628,9,8,7,180,24,7,3,12,54,46,8,12,8,0,0.14814814814814814,0.8518518518518519,21,2.625,167.7333333333248,0.20957934194086578,1,1,0,6,3,37,7,3,45,7,3,45,112.96666666656392,0.14114952103278702,6,8,2,0
difficulty-easy,20260712,1,0.12,0.45,0.2,0.18,3,30,9,667,3360159985,906592706,true,false,773.7666666666203,794.7666666666203,9,8,7,180,18,6,2,9,43,37,6,9,6,0,0.13953488372093023,0.8604651162790697,15,1.875,167.7333333333248,0.2167750829276718,1,1,0,4,2,29,5,2,35,5,2,35,84.86666666658948,0.10967992073397825,5,11,2,0
difficulty-easy,20260712,1,0.12,0.45,0.2,0.18,3,30,9,668,1413863374,1347673873,false,false,771.866666666622,792.866666666622,9,8,7,179,25,7,3,8,51,43,8,8,8,0,0.1568627450980392,0.8431372549019608,22,2.75,167.7333333333248,0.2173086888927291,1,0,1,6,3,33,7,3,43,0,0,0,0,0,3,5,2,0
difficulty-easy,20260712,1,0.12,0.45,0.2,0.18,3,30,9,669,1042019324,3794812829,true,false,777.9999999999498,798.9999999999498,9,8,7,180,22,7,3,3,38,34,4,3,4,0,0.10526315789473684,0.8947368421052632,19,2.375,167.7333333333248,0.21559554413025145,1,1,0,6,3,28,6,3,32,6,3,33,81.8333333332589,0.10518423307617505,5,8,2,0
difficulty-easy,20260712,1,0.12,0.45,0.2,0.18,3,30,9,670,4185331876,2332283677,true,false,854.3333333332137,875.3333333332137,9,8,7,180,32,10,3,21,70,63,7,21,7,0,0.1,0.9,29,3.625,167.7333333333248,0.1963324229418825,1,1,0,9,3,50,10,3,61,10,3,62,157.29999999985694,0.18412017167367808,4,7,2,0
difficulty-easy,20260712,1,0.12,0.45,0.2,0.18,3,30,9,671,167348053,2569327882,true,false,781.2999999999467,802.2999999999467,9,8,7,180,16,5,3,2,30,26,4,2,4,0,0.13333333333333333,0.8666666666666667,8,1,167.7333333333248,0.21468492683135315,1,1,0,2,2,16,5,3,26,5,3,26,83.09999999992442,0.10636119288356596,5,14,1,0
difficulty-easy,20260712,1,0.12,0.45,0.2,0.18,3,30,9,672,3440328279,1018940332,true,false,777.7666666666166,798.7666666666166,9,8,7,180,23,7,3,6,43,38,5,6,5,0,0.11627906976744186,0.8837209302325582,16,2,167.7333333333248,0.21566022371748458,1,1,0,4,3,27,5,3,34,7,3,37,80.93333333325972,0.1040586294089036,5,8,3,0
difficulty-easy,20260712,1,0.12,0.45,0.2,0.18,3,30,9,673,944505794,2211348382,true,false,777.8999999999498,798.8999999999498,9,8,7,180,22,7,3,4,38,35,3,4,3,0,0.07894736842105263,0.9210526315789473,14,1.75,167.7333333333248,0.2156232592021283,1,1,0,4,3,22,6,3,31,6,3,34,102.29999999990696,0.13150790590039022,2,7,2,0
difficulty-easy,20260712,1,0.12,0.45,0.2,0.18,3,30,9,674,564354101,2345791749,true,false,822.8999999999089,843.8999999999089,9,8,7,180,21,6,3,14,57,45,12,14,12,0,0.21052631578947367,0.7894736842105263,18,2.25,167.7333333333248,0.20383197634383687,1,1,0,5,3,37,6,3,44,6,3,45,121.16666666655647,0.14724348847559834,4,5,4,0
difficulty-easy,20260712,1,0.12,0.45,0.2,0.18,3,30,9,675,1631060221,1083727272,false,false,835.5999999998974,856.5999999998974,9,8,7,179,25,7,3,11,50,45,5,11,5,0,0.1,0.9,20,2.5,167.7333333333248,0.200734003510466,1,0,1,6,3,32,7,3,45,0,0,0,0,0,3,5,2,0
difficulty-easy,20260712,1,0.12,0.45,0.2,0.18,3,30,9,676,813186321,715676576,false,false,788.8333333332732,809.8333333332732,9,8,7,179,17,5,3,0,31,26,5,0,5,0,0.16129032258064516,0.8387096774193549,15,1.875,167.7333333333248,0.21263469258399018,1,0,1,4,3,24,5,3,26,0,0,0,0,0,5,13,2,0
difficulty-easy,20260712,1,0.12,0.45,0.2,0.18,3,30,9,677,1425514635,2896623903,true,false,788.8333333332732,809.8333333332732,9,8,7,180,24,7,3,10,49,44,5,10,5,0,0.10204081632653061,0.8979591836734694,21,2.625,167.7333333333248,0.21263469258399018,1,1,0,6,3,33,7,3,43,7,3,43,88.29999999991969,0.11193746038444084,5,11,3,0
difficulty-easy,20260712,1,0.12,0.45,0.2,0.18,3,30,9,678,2538918723,2034560579,false,false,806.3666666665906,827.3666666665906,9,8,7,179,26,8,3,16,60,52,8,16,8,0,0.13333333333333333,0.8666666666666667,23,2.875,167.7333333333248,0.208011243851028,1,0,1,7,3,40,8,3,51,0,0,0,0,0,2,5,2,0
difficulty-easy,20260712,1,0.12,0.45,0.2,0.18,3,30,9,679,4182018455,1399800014,false,false,787.9999999999407,808.9999999999407,9,8,7,179,22,7,3,6,45,38,7,6,7,0,0.15555555555555556,0.8444444444444444,17,2.125,167.7333333333248,0.21285956006768708,1,0,1,5,3,28,7,3,38,0,0,0,0,0,2,4,3,0
difficulty-easy,20260712,1,0.12,0.45,0.2,0.18,3,30,9,680,2420817809,697640087,true,false,741.6333333333162,762.6333333333162,9,8,7,180,26,7,3,12,52,47,5,12,5,0,0.09615384615384616,0.9038461538461539,15,1.875,167.7333333333248,0.22616746820081174,1,1,0,4,3,24,7,3,45,7,3,45,56.23333333328219,0.07582363252274281,5,11,3,0
difficulty-easy,20260712,1,0.12,0.45,0.2,0.18,3,30,9,681,2301675713,4074376959,true,false,837.0333333332294,858.0333333332294,9,8,7,180,24,6,3,22,59,56,3,22,3,0,0.05084745762711865,0.9491525423728814,24,3,167.7333333333248,0.2003902672135864,1,1,0,6,3,47,6,3,55,6,3,56,161.89999999985275,0.19342120982821018,2,4,2,0
difficulty-easy,20260712,1,0.12,0.45,0.2,0.18,3,30,9,682,2006871289,1717008295,false,false,825.6333333332398,846.6333333332398,9,8,7,179,28,8,3,13,55,50,5,13,5,0,0.09090909090909091,0.9090909090909091,24,3,167.7333333333248,0.20315717227180402,1,0,1,7,3,42,8,3,50,0,0,0,0,0,6,6,2,0
difficulty-easy,20260712,1,0.12,0.45,0.2,0.18,3,30,9,683,1086214606,381463884,true,false,772.199999999955,793.199999999955,9,8,7,180,25,7,3,18,62,53,9,18,9,0,0.14516129032258066,0.8548387096774194,22,2.75,167.7333333333248,0.21721488388155213,1,1,0,6,3,40,7,3,51,7,3,52,91.03333333325054,0.11788828455485087,6,6,3,0
difficulty-easy,20260712,1,0.12,0.45,0.2,0.18,3,30,9,684,202632768,1848300030,true,false,791.6999999999373,812.6999999999373,9,8,7,180,21,6,3,2,38,33,5,2,5,0,0.13157894736842105,0.868421052631579,16,2,167.7333333333248,0.21186476358890752,1,1,0,4,3,26,6,3,32,6,3,32,117.73333333322626,0.14870952801974938,3,7,3,0
difficulty-easy,20260712,1,0.12,0.45,0.2,0.18,3,30,9,685,349546900,4120178960,true,false,828.4666666665705,849.4666666665705,9,8,7,180,27,9,3,15,57,51,6,15,6,0,0.10526315789473684,0.8947368421052632,22,2.75,167.7333333333248,0.20246238030097077,1,1,0,7,3,39,8,3,49,8,3,50,143.96666666653573,0.173774845095219,4,5,3,0
difficulty-easy,20260712,1,0.12,0.45,0.2,0.18,3,30,9,686,1258864475,1907216606,false,false,783.1333333332784,804.1333333332784,9,8,7,179,25,8,3,13,52,48,4,13,4,0,0.07692307692307693,0.9230769230769231,23,2.875,167.7333333333248,0.2141823444283688,1,0,1,7,3,40,8,3,45,0,0,0,0,0,6,14,3,0
difficulty-easy,20260712,1,0.12,0.45,0.2,0.18,3,30,9,687,3919233681,2494321887,false,false,818.5666666665795,839.5666666665795,9,8,7,179,26,8,3,13,56,49,7,13,7,0,0.125,0.875,21,2.625,167.7333333333248,0.20491102333348046,1,0,1,6,3,37,8,3,47,0,0,0,0,0,5,10,2,0
difficulty-easy,20260712,1,0.12,0.45,0.2,0.18,3,30,9,688,2960599837,141915056,false,false,796.9999999999325,817.9999999999325,9,8,7,179,25,7,3,19,59,54,5,19,5,0,0.0847457627118644,0.9152542372881356,21,2.625,167.7333333333248,0.2104558762024329,1,0,1,6,3,38,7,3,51,0,0,0,0,0,5,10,2,0
difficulty-easy,20260712,1,0.12,0.45,0.2,0.18,3,30,9,689,3848533342,1309648613,false,false,861.4333333332072,882.4333333332072,9,8,7,179,27,8,3,12,57,47,10,12,10,0,0.17543859649122806,0.8245614035087719,22,2.75,167.7333333333248,0.19471423596333554,1,0,1,6,3,38,7,3,46,0,0,0,0,0,5,14,3,0
difficulty-easy,20260712,1,0.12,0.45,0.2,0.18,3,30,9,690,1768729117,853147408,false,false,809.2999999999213,830.2999999999213,9,8,7,179,24,7,3,10,49,42,7,10,7,0,0.14285714285714285,0.8571428571428571,21,2.625,167.7333333333248,0.2072573005478081,1,0,1,6,3,34,6,3,41,0,0,0,0,0,5,14,2,0
difficulty-easy,20260712,1,0.12,0.45,0.2,0.18,3,30,9,691,1640149033,121826701,false,false,790.0666666666054,811.0666666666054,9,8,7,179,24,7,3,10,50,44,6,10,6,0,0.12,0.88,21,2.625,167.7333333333248,0.2123027592608275,1,0,1,6,3,37,7,3,44,0,0,0,0,0,4,5,2,0
difficulty-easy,20260712,1,0.12,0.45,0.2,0.18,3,30,9,692,3752818750,1007779581,true,false,801.5333333332617,822.5333333332617,9,8,7,180,24,7,3,15,54,49,5,15,5,0,0.09259259259259259,0.9074074074074074,21,2.625,167.7333333333248,0.2092655743159026,1,1,0,6,3,35,7,3,48,7,3,48,111.76666666656502,0.13944107127993222,5,11,2,0
difficulty-easy,20260712,1,0.12,0.45,0.2,0.18,3,30,9,693,2731503198,2292956513,true,false,815.2333333332492,836.2333333332492,9,8,7,180,30,9,3,18,65,58,7,18,7,0,0.1076923076923077,0.8923076923076924,23,2.875,167.7333333333248,0.2057488653555327,1,1,0,7,3,42,9,3,54,9,3,57,133.13333333321225,0.16330702866241892,5,7,2,0
difficulty-easy,20260712,1,0.12,0.45,0.2,0.18,3,30,9,694,991059121,891226421,true,false,787.7333333332742,808.7333333332742,9,8,7,180,27,8,3,18,61,55,6,18,6,0,0.09836065573770492,0.9016393442622951,25,3.125,167.7333333333248,0.21293161814489342,1,1,0,8,3,43,8,3,52,8,3,54,110.4333333332329,0.1401912660797747,5,10,2,0
difficulty-easy,20260712,1,0.12,0.45,0.2,0.18,3,30,9,695,2861841845,164782294,true,false,859.866666666542,880.866666666542,9,8,7,180,26,8,3,12,52,48,4,12,4,0,0.07692307692307693,0.9230769230769231,20,2.5,167.7333333333248,0.19506900294621157,1,1,0,6,3,37,8,3,45,8,3,47,167.63333333318087,0.19495270584571855,6,6,2,0
difficulty-easy,20260712,1,0.12,0.45,0.2,0.18,3,30,9,696,4052707316,1212565198,true,false,819.5666666665786,840.5666666665786,9,8,7,180,24,7,3,11,51,44,7,11,7,0,0.13725490196078433,0.8627450980392157,20,2.5,167.7333333333248,0.20466099971530827,1,1,0,5,3,34,6,3,43,6,3,43,133.96666666654482,0.16346036523352897,5,6,2,0
difficulty-easy,20260712,1,0.12,0.45,0.2,0.18,3,30,9,697,595991987,4122430800,true,false,763.6999999999628,784.6999999999628,9,8,7,180,25,8,3,6,44,40,4,6,4,0,0.09090909090909091,0.9090909090909091,17,2.125,167.7333333333248,0.21963249094321458,1,1,0,5,3,30,7,3,39,7,3,39,65.36666666660722,0.0855920736763263,5,11,3,0
difficulty-easy,20260712,1,0.12,0.45,0.2,0.18,3,30,9,698,1705235536,2653641326,false,false,798.5333333332644,819.5333333332644,9,8,7,179,31,9,3,13,60,54,6,13,6,0,0.1,0.9,29,3.625,167.7333333333248,0.2100517615628727,1,0,1,9,3,41,9,3,53,0,0,0,0,0,5,5,3,0
difficulty-easy,20260712,1,0.12,0.45,0.2,0.18,3,30,9,699,3814860407,3610048461,true,false,784.9333333332768,805.9333333332768,9,8,7,180,25,8,3,7,49,41,8,7,8,0,0.16326530612244897,0.8367346938775511,18,2.25,167.7333333333248,0.21369118396467243,1,1,0,5,3,31,7,3,40,7,3,40,98.06666666657748,0.1249363003226404,5,5,2,0
difficulty-easy,20260712,1,0.12,0.45,0.2,0.18,3,30,9,700,1774391284,1518088402,false,false,794.0666666666018,815.0666666666018,9,8,7,179,26,8,3,10,51,46,5,10,5,0,0.09803921568627451,0.9019607843137255,25,3.125,167.7333333333248,0.21123331374360485,1,0,1,8,3,38,8,3,44,0,0,0,0,0,6,11,2,0
difficulty-easy,20260712,1,0.12,0.45,0.2,0.18,3,30,9,701,2900260584,3847725860,true,false,768.899999999958,789.899999999958,9,8,7,180,20,6,2,1,38,31,7,1,7,0,0.18421052631578946,0.8157894736842105,15,1.875,167.7333333333248,0.21814713660207302,1,1,0,4,2,25,6,2,31,6,2,31,65.33333333327391,0.08496987037752306,5,11,2,0
difficulty-easy,20260712,1,0.12,0.45,0.2,0.18,3,30,9,702,107939827,392827864,true,false,799.9666666665964,820.9666666665964,9,8,7,180,22,7,3,11,51,43,8,11,8,0,0.1568627450980392,0.8431372549019608,18,2.25,167.7333333333248,0.2096754031418053,1,1,0,5,3,26,6,3,34,6,3,37,111.29999999989877,0.1391307971164322,4,11,3,0
difficulty-easy,20260712,1,0.12,0.45,0.2,0.18,3,30,9,703,4114042539,639829053,true,false,826.4999999999056,847.4999999999056,9,8,7,180,25,7,3,11,57,46,11,11,11,0,0.19298245614035087,0.8070175438596491,23,2.875,167.7333333333248,0.2029441419641185,1,1,0,7,3,34,7,3,45,7,3,45,155.6666666665251,0.18834442427893874,3,4,2,0
difficulty-easy,20260712,1,0.12,0.45,0.2,0.18,3,30,9,704,2780186965,510006271,false,false,863.0333333332057,884.0333333332057,9,8,7,179,33,10,3,26,75,69,6,26,6,0,0.08,0.92,30,3.75,167.7333333333248,0.19435325016416855,1,0,1,9,3,52,10,3,66,0,0,0,0,0,6,14,3,0
difficulty-easy,20260712,1,0.12,0.45,0.2,0.18,3,30,9,705,3410082497,4007072835,true,false,836.0999999998969,857.0999999998969,9,8,7,180,24,7,3,10,53,44,9,10,9,0,0.16981132075471697,0.8301886792452831,19,2.375,167.7333333333248,0.20061396164734538,1,1,0,6,3,31,7,3,43,7,3,43,153.4333333331938,0.18351074432868403,3,4,2,0
difficulty-easy,20260712,1,0.12,0.45,0.2,0.18,3,30,9,706,1216110065,846495100,false,false,791.6333333332707,812.6333333332707,9,8,7,179,26,8,3,11,54,47,7,11,7,0,0.12962962962962962,0.8703703703703703,23,2.875,167.7333333333248,0.21188260558339897,1,0,1,7,3,38,8,3,45,0,0,0,0,0,5,13,3,0
difficulty-easy,20260712,1,0.12,0.45,0.2,0.18,3,30,9,707,1192966801,3294587746,false,false,813.666666666584,834.666666666584,9,8,7,179,21,6,2,8,47,39,8,8,8,0,0.1702127659574468,0.8297872340425532,16,2,167.7333333333248,0.20614502253175973,1,0,1,4,2,31,6,2,39,0,0,0,0,0,6,14,2,0
difficulty-easy,20260712,1,0.12,0.45,0.2,0.18,3,30,9,708,2382129632,2781152697,false,false,862.5333333332062,883.5333333332062,9,8,7,179,30,8,3,25,70,65,5,25,5,0,0.07142857142857142,0.9285714285714286,27,3.375,167.7333333333248,0.19446591436081642,1,0,1,7,3,53,8,3,65,0,0,0,0,0,6,8,2,0
difficulty-easy,20260712,1,0.12,0.45,0.2,0.18,3,30,9,709,3784739712,2031165297,false,false,764.5333333332953,785.5333333332953,9,8,7,179,28,8,3,10,49,47,2,10,2,0,0.04081632653061224,0.9591836734693877,19,2.375,167.7333333333248,0.219393093826299,1,0,1,5,3,32,8,3,47,0,0,0,0,0,2,5,1,0
difficulty-easy,20260712,1,0.12,0.45,0.2,0.18,3,30,9,710,3660834151,3275572095,true,false,843.1333333332238,864.1333333332238,9,8,7,180,20,6,3,12,48,41,7,12,7,0,0.14583333333333334,0.8541666666666666,18,2.25,167.7333333333248,0.19894046018820263,1,1,0,5,3,33,5,3,39,5,3,40,147.56666666653246,0.17502174428704628,5,10,2,0
difficulty-easy,20260712,1,0.12,0.45,0.2,0.18,3,30,9,711,1874643723,1380493537,true,false,785.4666666666096,806.4666666666096,9,8,7,180,17,5,3,0,33,27,6,0,6,0,0.18181818181818182,0.8181818181818182,14,1.75,167.7333333333248,0.21354608725174457,1,1,0,4,3,22,5,3,26,5,3,27,90.73333333325081,0.11551519266668316,4,10,4,0
difficulty-easy,20260712,1,0.12,0.45,0.2,0.18,3,30,9,712,688534960,3148152272,true,false,852.6666666665485,873.6666666665485,9,8,7,180,28,8,3,14,61,51,10,14,10,0,0.16393442622950818,0.8360655737704918,24,3,167.7333333333248,0.19671618451917283,1,1,0,7,3,41,7,3,50,7,3,50,145.8999999998673,0.171110242376725,5,10,3,0
difficulty-easy,20260712,1,0.12,0.45,0.2,0.18,3,30,9,713,4157924518,3286684643,false,false,811.6333333332525,832.6333333332525,9,8,7,179,23,7,3,10,53,41,12,10,12,0,0.22641509433962265,0.7735849056603774,19,2.375,167.7333333333248,0.20666146453654133,1,0,1,6,3,32,6,3,40,0,0,0,0,0,4,7,2,0
difficulty-easy,20260712,1,0.12,0.45,0.2,0.18,3,30,9,714,3464541632,120299386,true,false,825.9666666665728,846.9666666665728,9,8,7,180,24,7,3,10,48,44,4,10,4,0,0.08333333333333333,0.9166666666666666,20,2.5,167.7333333333248,0.20307518463216093,1,1,0,6,3,36,7,3,43,7,3,43,155.6666666665251,0.18846603979160917,2,4,2,0
difficulty-easy,20260712,1,0.12,0.45,0.2,0.18,3,30,9,715,1991960357,3339081139,true,false,859.3333333332091,880.3333333332091,9,8,7,180,22,6,3,9,51,40,11,9,11,0,0.21568627450980393,0.7843137254901961,19,2.375,167.7333333333248,0.19519006982158538,1,1,0,5,3,33,6,3,39,6,3,40,157.36666666652354,0.1831264546158413,5,11,3,0
difficulty-easy,20260712,1,0.12,0.45,0.2,0.18,3,30,9,716,936182563,468170363,true,false,770.6333333332898,791.6333333332898,9,8,7,180,23,7,3,11,48,43,5,11,5,0,0.10416666666666667,0.8958333333333334,21,2.625,167.7333333333248,0.21765647303084165,1,1,0,6,3,35,6,3,42,6,3,42,97.2666666665782,0.12621653185680656,2,5,2,0
difficulty-easy,20260712,1,0.12,0.45,0.2,0.18,3,30,9,717,180068136,3151235029,true,false,810.9999999999197,831.9999999999197,9,8,7,180,20,5,3,7,45,37,8,7,8,0,0.17777777777777778,0.8222222222222222,15,1.875,167.7333333333248,0.20682285244555043,1,1,0,4,3,26,5,3,33,5,3,34,116.79999999989377,0.14401972872984628,2,9,2,0
difficulty-easy,20260712,1,0.12,0.45,0.2,0.18,3,30,9,718,4130380190,3735366068,true,false,798.7666666665975,819.7666666665975,9,8,7,180,25,7,3,34,74,69,5,34,5,0,0.06756756756756757,0.9324324324324325,24,3,167.7333333333248,0.20999040186955636,1,1,0,7,3,57,7,3,68,7,3,68,107.59999999990214,0.13470767433114983,5,9,2,0
difficulty-easy,20260712,1,0.12,0.45,0.2,0.18,3,30,9,719,1090715705,185043933,false,false,799.5333333332635,820.5333333332635,9,8,7,179,24,7,3,14,58,48,10,14,10,0,0.1724137931034483,0.8275862068965517,23,2.875,167.7333333333248,0.20978904360877942,1,0,1,7,3,36,7,3,48,0,0,0,0,0,7,13,3,0
difficulty-easy,20260712,1,0.12,0.45,0.2,0.18,3,30,9,720,2764268095,2551041108,false,false,822.3666666665761,843.3666666665761,9,8,7,179,29,9,3,21,61,58,3,21,3,0,0.04918032786885246,0.9508196721311475,27,3.375,167.7333333333248,0.2039641684569048,1,0,1,8,3,51,9,3,58,0,0,0,0,0,5,8,2,0
difficulty-easy,20260712,1,0.12,0.45,0.2,0.18,3,30,9,721,3511203347,1751379118,false,false,788.8999999999398,809.8999999999398,9,8,7,179,24,7,3,6,48,39,9,6,9,0,0.1875,0.8125,17,2.125,167.7333333333248,0.21261672370812218,1,0,1,5,2,28,7,3,39,0,0,0,0,0,6,11,2,0
difficulty-easy,20260712,1,0.12,0.45,0.2,0.18,3,30,9,722,852962383,2371581107,true,false,815.2666666665825,836.2666666665825,9,8,7,180,33,10,3,17,67,60,7,17,7,0,0.1044776119402985,0.8955223880597015,28,3.5,167.7333333333248,0.20574045302151703,1,1,0,8,3,46,10,3,57,10,3,59,122.6999999998884,0.15050290293552343,5,10,3,0
difficulty-easy,20260712,1,0.12,0.45,0.2,0.18,3,30,9,723,62455310,1218503078,true,false,782.7666666666121,803.7666666666121,9,8,7,180,18,5,3,2,32,30,2,2,2,0,0.0625,0.9375,13,1.625,167.7333333333248,0.2142826725716516,1,1,0,4,3,22,5,3,29,5,3,29,84.43333333325654,0.1078652642336104,5,8,2,0
difficulty-easy,20260712,1,0.12,0.45,0.2,0.18,3,30,9,724,296250896,1849573385,true,false,799.5999999999301,820.5999999999301,9,8,7,180,17,5,3,3,35,30,5,3,5,0,0.14285714285714285,0.8571428571428571,14,1.75,167.7333333333248,0.20977155244289578,1,1,0,4,3,23,5,3,29,5,3,29,119.76666666655774,0.1497832249456831,4,14,2,0
difficulty-easy,20260712,1,0.12,0.45,0.2,0.18,3,30,9,725,3382433168,765632659,false,false,841.499999999892,862.499999999892,9,8,7,179,25,7,3,16,54,51,3,16,3,0,0.05555555555555555,0.9444444444444444,22,2.75,167.7333333333248,0.19932659932661476,1,0,1,6,3,41,7,3,50,0,0,0,0,0,6,10,2,0
difficulty-easy,20260712,1,0.12,0.45,0.2,0.18,3,30,9,726,766308577,252863411,true,false,803.8333333332596,824.8333333332596,9,8,7,180,22,7,3,11,52,43,9,11,9,0,0.17307692307692307,0.8269230769230769,19,2.375,167.7333333333248,0.2086668048932285,1,1,0,6,3,30,7,3,40,7,3,42,109.89999999990005,0.13671988388958342,6,10,2,0
difficulty-easy,20260712,1,0.12,0.45,0.2,0.18,3,30,9,727,1955399639,57265766,false,false,825.43333333324,846.43333333324,9,8,7,179,22,6,3,10,49,42,7,10,7,0,0.14285714285714285,0.8571428571428571,19,2.375,167.7333333333248,0.20320639664016124,1,0,1,5,3,34,6,3,40,0,0,0,0,0,5,13,2,0
difficulty-easy,20260712,1,0.12,0.45,0.2,0.18,3,30,9,728,3032506243,3109546717,false,false,786.3999999999421,807.3999999999421,9,8,7,179,22,7,3,4,44,36,8,4,8,0,0.18181818181818182,0.8181818181818182,19,2.375,167.7333333333248,0.21329264157341957,1,0,1,6,3,29,7,3,36,0,0,0,0,0,4,13,2,0
difficulty-easy,20260712,1,0.12,0.45,0.2,0.18,3,30,9,729,3522334754,1141918378,true,false,787.6999999999409,808.6999999999409,9,8,7,180,14,4,2,3,36,27,9,3,9,0,0.25,0.75,12,1.5,167.7333333333248,0.21294062883501,1,1,0,3,2,20,4,2,26,4,2,26,96.99999999991178,0.12314332867832811,5,11,3,0
difficulty-easy,20260712,1,0.12,0.45,0.2,0.18,3,30,9,730,4194882459,1619463133,true,false,845.2999999998885,866.2999999998885,9,8,7,180,27,8,3,17,56,54,2,17,2,0,0.03571428571428571,0.9642857142857143,25,3.125,167.7333333333248,0.19843053748177797,1,1,0,7,3,46,8,3,54,8,3,54,155.6666666665251,0.1841555266373425,3,4,2,0
difficulty-easy,20260712,1,0.12,0.45,0.2,0.18,3,30,9,731,2018423786,332607320,false,false,780.233333333281,801.233333333281,9,8,7,179,24,7,3,28,67,62,5,28,5,0,0.07462686567164178,0.9253731343283582,22,2.75,167.7333333333248,0.2149784252574051,1,0,1,6,3,44,7,3,62,0,0,0,0,0,6,10,3,0
difficulty-easy,20260712,1,0.12,0.45,0.2,0.18,3,30,9,732,260331548,4232829428,false,false,832.2666666665671,853.2666666665671,9,8,7,179,28,8,3,13,55,51,4,13,4,0,0.07272727272727272,0.9272727272727272,24,3,167.7333333333248,0.20153796859982162,1,0,1,7,3,41,8,3,50,0,0,0,0,0,3,5,2,0
difficulty-easy,20260712,1,0.12,0.45,0.2,0.18,3,30,9,733,483607592,2378266940,false,false,846.5999999998874,867.5999999998874,9,8,7,179,24,7,3,13,52,45,7,13,7,0,0.1346153846153846,0.8653846153846154,21,2.625,167.7333333333248,0.19812583668006983,1,0,1,6,3,36,7,3,45,0,0,0,0,0,3,5,2,0
difficulty-easy,20260712,1,0.12,0.45,0.2,0.18,3,30,9,734,1812784062,4235663561,false,false,795.4666666666005,816.4666666666005,9,8,7,179,29,9,3,13,54,52,2,13,2,0,0.037037037037037035,0.9629629629629629,25,3.125,167.7333333333248,0.2108615487764064,1,0,1,7,3,44,9,3,52,0,0,0,0,0,5,11,2,0
difficulty-easy,20260712,1,0.12,0.45,0.2,0.18,3,30,9,735,3773622476,1448596898,true,false,785.1666666666099,806.1666666666099,9,8,7,180,18,5,3,6,38,34,4,6,4,0,0.10526315789473684,0.8947368421052632,17,2.125,167.7333333333248,0.21362767989811537,1,1,0,5,3,29,5,3,34,5,3,34,102.53333333324008,0.13058798556558798,2,7,2,0
difficulty-easy,20260712,1,0.12,0.45,0.2,0.18,3,30,9,736,218141347,3158373223,true,false,816.199999999915,837.199999999915,9,8,7,180,25,7,3,14,52,49,3,14,3,0,0.057692307692307696,0.9423076923076923,21,2.625,167.7333333333248,0.20550518663727305,1,1,0,6,3,38,7,3,47,7,3,49,105.46666666657075,0.12921669525432702,5,11,2,0
difficulty-easy,20260712,1,0.12,0.45,0.2,0.18,3,30,9,737,260353930,720757617,true,false,806.299999999924,827.299999999924,9,8,7,180,19,6,2,11,46,38,8,11,8,0,0.17391304347826086,0.8260869565217391,16,2,167.7333333333248,0.2080284426805663,1,1,0,4,2,28,4,2,36,5,2,37,110.5666666665661,0.13712844681455602,6,8,3,0
difficulty-easy,20260712,1,0.12,0.45,0.2,0.18,3,30,9,738,2661873670,1881500197,false,false,799.9333333332631,820.9333333332631,9,8,7,179,29,8,3,25,73,63,10,25,10,0,0.136986301369863,0.863013698630137,25,3.125,167.7333333333248,0.2096841403450365,1,0,1,7,3,52,8,3,63,0,0,0,0,0,5,10,2,0
difficulty-easy,20260712,1,0.12,0.45,0.2,0.18,3,30,9,739,684334782,3560309236,false,false,876.0333333331939,897.0333333331939,9,8,7,179,22,7,3,10,45,40,5,10,5,0,0.1111111111111111,0.8888888888888888,17,2.125,167.7333333333248,0.19146912217954204,1,0,1,5,3,27,7,3,40,0,0,0,0,0,5,6,3,0
difficulty-easy,20260712,1,0.12,0.45,0.2,0.18,3,30,9,740,2317301204,3458364922,false,false,856.0333333332121,877.0333333332121,9,8,7,179,22,6,3,7,44,38,6,7,6,0,0.13636363636363635,0.8636363636363636,13,1.625,167.7333333333248,0.19594252560260333,1,0,1,3,3,27,6,3,38,0,0,0,0,0,3,7,2,0
difficulty-easy,20260712,1,0.12,0.45,0.2,0.18,3,30,9,741,2247176260,4042019354,true,false,786.2333333332756,807.2333333332756,9,8,7,180,22,7,3,11,46,42,4,11,4,0,0.08695652173913043,0.9130434782608695,14,1.75,167.7333333333248,0.21333785559842766,1,1,0,3,2,29,6,3,40,6,3,41,93.79999999991469,0.11930300589297695,6,14,2,0
difficulty-easy,20260712,1,0.12,0.45,0.2,0.18,3,30,9,742,2267759867,3416593797,false,false,860.7666666665411,881.7666666665411,9,8,7,179,26,8,3,11,52,47,5,11,5,0,0.09615384615384616,0.9038461538461539,25,3.125,167.7333333333248,0.19486504279132857,1,0,1,8,3,40,8,3,46,0,0,0,0,0,5,14,2,0
difficulty-easy,20260712,1,0.12,0.45,0.2,0.18,3,30,9,743,3287906363,2181188330,false,false,803.4999999999266,824.4999999999266,9,8,7,179,24,7,3,15,52,49,3,15,3,0,0.057692307692307696,0.9423076923076923,22,2.75,167.7333333333248,0.20875337066999394,1,0,1,7,3,36,7,3,49,0,0,0,0,0,5,9,2,0
difficulty-easy,20260712,1,0.12,0.45,0.2,0.18,3,30,9,744,3010314409,3643350582,true,false,777.4333333332836,798.4333333332836,9,8,7,180,22,6,2,15,53,47,6,15,6,0,0.11320754716981132,0.8867924528301887,17,2.125,167.7333333333248,0.21575269047721415,1,1,0,4,2,35,6,2,46,6,2,46,90.29999999991787,0.11615143849409208,5,10,3,0
difficulty-easy,20260712,1,0.12,0.45,0.2,0.18,3,30,9,745,2067874691,2745601820,true,false,786.2666666666089,807.2666666666089,9,8,7,180,21,6,3,8,45,38,7,8,7,0,0.15555555555555556,0.8444444444444444,17,2.125,167.7333333333248,0.2133288112599675,1,1,0,5,3,29,5,3,36,6,3,38,111.39999999989868,0.1416822112937598,3,5,3,0
difficulty-easy,20260712,1,0.12,0.45,0.2,0.18,3,30,9,746,3054665302,4018630019,true,false,799.8666666665965,820.8666666665965,9,8,7,180,26,8,3,10,53,46,7,10,7,0,0.1320754716981132,0.8679245283018868,23,2.875,167.7333333333248,0.20970161693616374,1,1,0,7,3,39,8,3,45,8,3,45,111.06666666656565,0.13885647607923243,5,10,2,0
difficulty-easy,20260712,1,0.12,0.45,0.2,0.18,3,30,9,747,2907201686,696716408,true,false,809.3666666665879,830.3666666665879,9,8,7,180,30,9,3,10,53,49,4,10,4,0,0.07547169811320754,0.9245283018867925,25,3.125,167.7333333333248,0.20724022898563624,1,1,0,7,3,39,9,3,48,9,3,48,110.69999999989932,0.13677360899457613,5,10,2,0
difficulty-easy,20260712,1,0.12,0.45,0.2,0.18,3,30,9,748,2755338820,3229386445,true,false,792.3666666666034,813.3666666666034,9,8,7,180,22,6,3,12,50,44,6,12,6,0,0.12,0.88,19,2.375,167.7333333333248,0.21168650877119793,1,1,0,5,3,36,6,3,43,6,3,43,97.1999999999116,0.12267048083789411,5,8,2,0
difficulty-easy,20260712,1,0.12,0.45,0.2,0.18,3,30,9,749,407515357,1101767367,true,false,789.3999999999394,810.3999999999394,9,8,7,180,20,6,3,3,43,33,10,3,10,0,0.23255813953488372,0.7674418604651163,16,2,167.7333333333248,0.2124820538805899,1,1,0,4,3,26,6,3,32,6,3,32,111.23333333323217,0.14090870703476147,2,5,2,0
difficulty-easy,20260712,1,0.12,0.45,0.2,0.18,3,30,9,750,3085940981,3518683418,false,false,856.7666666665448,877.7666666665448,9,8,7,179,28,8,2,31,76,68,8,31,8,0,0.10526315789473684,0.8947368421052632,25,3.125,167.7333333333248,0.19577481227874022,1,0,1,7,2,55,8,2,67,0,0,0,0,0,4,5,3,0
difficulty-easy,20260712,1,0.12,0.45,0.2,0.18,3,30,9,751,3026047733,4163440902,true,false,776.599999999951,797.599999999951,9,8,7,180,20,6,3,3,37,33,4,3,4,0,0.10810810810810811,0.8918918918918919,20,2.5,167.7333333333248,0.21598420465276252,1,1,0,6,3,30,6,3,32,6,3,32,109.03333333323417,0.14039831745202297,2,7,1,0
difficulty-easy,20260712,1,0.12,0.45,0.2,0.18,3,30,9,752,2354835235,112819552,false,false,849.6333333332179,870.6333333332179,9,8,7,179,23,7,3,11,49,44,5,11,5,0,0.10204081632653061,0.8979591836734694,18,2.25,167.7333333333248,0.19741849425243937,1,0,1,5,3,36,7,3,44,0,0,0,0,0,6,8,3,0
difficulty-easy,20260712,1,0.12,0.45,0.2,0.18,3,30,9,753,2065721890,436408,true,false,788.9999999999397,809.9999999999397,9,8,7,180,25,7,3,4,42,39,3,4,3,0,0.07142857142857142,0.9285714285714286,19,2.375,167.7333333333248,0.21258977608788035,1,1,0,5,3,30,7,3,36,7,3,38,87.49999999992042,0.11089987325719532,7,10,3,0
difficulty-easy,20260712,1,0.12,0.45,0.2,0.18,3,30,9,754,2751029321,2167485277,true,false,783.0666666666118,804.0666666666118,9,8,7,180,22,6,3,8,41,40,1,8,1,0,0.024390243902439025,0.975609756097561,17,2.125,167.7333333333248,0.21420057892048766,1,1,0,4,3,30,6,3,40,6,3,40,100.93333333324154,0.1288949429591971,3,5,2,0
difficulty-easy,20260712,1,0.12,0.45,0.2,0.18,3,30,9,755,3530995222,2670576005,true,false,783.1333333332784,804.1333333332784,9,8,7,180,23,7,3,9,44,39,5,9,5,0,0.11363636363636363,0.8863636363636364,18,2.25,167.7333333333248,0.2141823444283688,1,1,0,5,3,30,6,3,38,7,3,39,83.09999999992442,0.10611219885919415,6,13,2,0
difficulty-easy,20260712,1,0.12,0.45,0.2,0.18,3,30,9,756,4115070971,1186530389,false,false,768.5999999999583,789.5999999999583,9,8,7,179,20,6,3,8,43,38,5,8,5,0,0.11627906976744186,0.8837209302325582,20,2.5,167.7333333333248,0.21823228380605503,1,0,1,6,3,35,6,3,38,0,0,0,0,0,2,7,2,0
difficulty-easy,20260712,1,0.12,0.45,0.2,0.18,3,30,9,757,1426091745,4254736877,true,false,780.1999999999477,801.1999999999477,9,8,7,180,21,6,3,4,37,34,3,4,3,0,0.08108108108108109,0.918918918918919,17,2.125,167.7333333333248,0.21498761001452965,1,1,0,5,3,28,6,3,33,6,3,33,102.09999999990714,0.1308638810560292,5,13,1,0
difficulty-easy,20260712,1,0.12,0.45,0.2,0.18,3,30,9,758,3064332573,3461972724,true,false,796.6333333332661,817.6333333332661,9,8,7,180,17,5,3,1,31,28,3,1,3,0,0.0967741935483871,0.9032258064516129,15,1.875,167.7333333333248,0.2105527427925925,1,1,0,5,3,23,5,3,27,5,3,28,87.53333333325372,0.10987907443817035,4,11,2,0
difficulty-easy,20260712,1,0.12,0.45,0.2,0.18,3,30,9,759,2777202901,166439979,true,false,761.199999999965,782.199999999965,9,8,7,180,26,8,3,14,54,50,4,14,4,0,0.07407407407407407,0.9259259259259259,24,3,167.7333333333248,0.2203538272902424,1,1,0,7,3,41,8,3,47,8,3,48,80.13333333326045,0.10527237694858661,5,6,3,0
difficulty-easy,20260712,1,0.12,0.45,0.2,0.18,3,30,9,760,1345309497,3901230667,false,false,840.1333333332266,861.1333333332266,9,8,7,179,21,6,2,8,42,39,3,8,3,0,0.07142857142857142,0.9285714285714286,19,2.375,167.7333333333248,0.19965084907159114,1,0,1,6,2,34,6,2,39,0,0,0,0,0,3,4,1,0
difficulty-easy,20260712,1,0.12,0.45,0.2,0.18,3,30,9,761,488953224,3755593786,false,false,797.2999999999322,818.2999999999322,9,8,7,179,26,7,3,15,54,50,4,15,4,0,0.07407407407407407,0.9259259259259259,24,3,167.7333333333248,0.21037668798863546,1,0,1,7,3,43,7,3,50,0,0,0,0,0,5,10,3,0
difficulty-easy,20260712,1,0.12,0.45,0.2,0.18,3,30,9,762,3594707740,1715922781,true,false,777.9999999999498,798.9999999999498,9,8,7,180,20,6,2,5,46,34,12,5,12,0,0.2608695652173913,0.7391304347826086,14,1.75,167.7333333333248,0.21559554413025145,1,1,0,4,2,22,5,2,29,5,2,29,81.13333333325954,0.10428449014558455,5,9,3,0
difficulty-easy,20260712,1,0.12,0.45,0.2,0.18,3,30,9,763,2596177083,739303810,false,false,789.8999999999389,810.8999999999389,9,8,7,179,24,7,3,5,51,39,12,5,12,0,0.23529411764705882,0.7647058823529411,23,2.875,167.7333333333248,0.21234755454277474,1,0,1,7,3,36,7,3,39,0,0,0,0,0,3,5,2,0
difficulty-easy,20260712,1,0.12,0.45,0.2,0.18,3,30,9,764,2247100917,3356027252,true,false,775.7666666666184,796.7666666666184,9,8,7,180,23,6,3,14,49,47,2,14,2,0,0.04081632653061224,0.9591836734693877,18,2.25,167.7333333333248,0.21621621621621864,1,1,0,5,3,35,6,3,45,6,3,46,78.26666666659548,0.10088944270175786,5,6,1,0
difficulty-easy,20260712,1,0.12,0.45,0.2,0.18,3,30,9,765,1371442500,195915653,false,false,846.3666666665542,867.3666666665542,9,8,7,179,20,6,2,12,48,42,6,12,6,0,0.125,0.875,18,2.25,167.7333333333248,0.19818045764248798,1,0,1,5,2,34,6,2,40,0,0,0,0,0,6,9,2,0
difficulty-easy,20260712,1,0.12,0.45,0.2,0.18,3,30,9,766,3472365803,3538668371,true,false,815.9999999999152,836.9999999999152,9,8,7,180,25,7,3,16,68,50,18,16,18,0,0.2647058823529412,0.7352941176470589,23,2.875,167.7333333333248,0.20555555555556645,1,1,0,6,3,43,7,3,50,7,3,50,110.36666666656629,0.13525326797374726,5,8,3,0
difficulty-easy,20260712,1,0.12,0.45,0.2,0.18,3,30,9,767,3792280040,1072733412,true,false,772.3666666666215,793.3666666666215,9,8,7,180,20,6,3,7,43,37,6,7,6,0,0.13953488372093023,0.8604651162790697,17,2.125,167.7333333333248,0.2171680117388131,1,1,0,5,3,28,6,3,36,6,3,36,104.39999999990505,0.13516896120138683,2,7,1,0
difficulty-easy,20260712,1,0.12,0.45,0.2,0.18,3,30,9,768,2570682428,1846743410,false,false,850.8666666665501,871.8666666665501,9,8,7,179,19,5,2,8,43,37,6,8,6,0,0.13953488372093023,0.8604651162790697,19,2.375,167.7333333333248,0.19713233565777769,1,0,1,5,2,32,5,2,37,0,0,0,0,0,5,11,2,0
difficulty-easy,20260712,1,0.12,0.45,0.2,0.18,3,30,9,769,3758154731,2255586417,true,false,845.1666666665553,866.1666666665553,9,8,7,180,26,8,3,13,58,49,9,13,9,0,0.15517241379310345,0.8448275862068966,25,3.125,167.7333333333248,0.19846184184580581,1,1,0,8,3,41,8,3,48,8,3,48,150.3333333331966,0.17787418655083778,5,11,3,0
difficulty-easy,20260712,1,0.12,0.45,0.2,0.18,3,30,9,770,3872526906,3936891916,false,false,830.833333333235,851.833333333235,9,8,7,179,26,8,3,24,66,60,6,24,6,0,0.09090909090909091,0.9090909090909091,24,3,167.7333333333248,0.20188565697092634,1,0,1,7,3,47,8,3,59,0,0,0,0,0,4,5,3,0
difficulty-easy,20260712,1,0.12,0.45,0.2,0.18,3,30,9,771,3738059080,1920334441,true,false,771.1333333332893,792.1333333332893,9,8,7,180,20,6,3,9,41,38,3,9,3,0,0.07317073170731707,0.926829268292683,16,2,167.7333333333248,0.21751534537909703,1,1,0,4,3,30,5,3,37,5,3,37,86.46666666658803,0.1121293334485082,5,10,2,0
difficulty-easy,20260712,1,0.12,0.45,0.2,0.18,3,30,9,772,1469527027,3953747778,false,false,813.1999999999177,834.1999999999177,9,8,7,179,28,8,3,16,58,54,4,16,4,0,0.06896551724137931,0.9310344827586207,24,3,167.7333333333248,0.20626332185605234,1,0,1,7,3,40,8,3,51,0,0,0,0,0,5,9,3,0
difficulty-easy,20260712,1,0.12,0.45,0.2,0.18,3,30,9,773,4189237266,1926588349,true,false,842.6333333332243,863.6333333332243,9,8,7,180,25,8,3,9,47,43,4,9,4,0,0.0851063829787234,0.9148936170212766,22,2.75,167.7333333333248,0.19905850706121267,1,1,0,7,3,35,7,3,41,7,3,42,154.7666666665259,0.18367024012011465,4,12,2,0
difficulty-easy,20260712,1,0.12,0.45,0.2,0.18,3,30,9,774,1588826978,2112436443,true,false,785.8666666666093,806.8666666666093,9,8,7,180,26,8,3,8,47,42,5,8,5,0,0.10638297872340426,0.8936170212765957,20,2.5,167.7333333333248,0.213437393959964,1,1,0,6,3,30,8,3,42,8,3,42,102.39999999990687,0.1303020020358598,2,7,3,0
difficulty-easy,20260712,1,0.12,0.45,0.2,0.18,3,30,9,775,4260184483,5191173,true,false,772.3666666666215,793.3666666666215,9,8,7,180,21,6,3,4,40,35,5,4,5,0,0.125,0.875,17,2.125,167.7333333333248,0.2171680117388131,1,1,0,5,3,28,6,3,33,6,3,34,81.63333333325909,0.10569246040300012,5,8,2,0
difficulty-easy,20260712,1,0.12,0.45,0.2,0.18,3,30,9,776,2487187788,3603625674,true,false,790.233333333272,811.233333333272,9,8,7,180,22,6,3,6,42,38,4,6,4,0,0.09523809523809523,0.9047619047619048,20,2.5,167.7333333333248,0.21225798287426223,1,1,0,6,3,29,6,3,36,6,3,37,90.36666666658448,0.11435441008975175,6,10,2,0
difficulty-easy,20260712,1,0.12,0.45,0.2,0.18,3,30,9,777,1127823771,3774550458,true,false,803.6666666665931,824.6666666665931,9,8,7,180,24,7,3,8,48,42,6,8,6,0,0.125,0.875,24,3,167.7333333333248,0.2087100788054834,1,1,0,7,3,36,7,3,41,7,3,41,102.93333333323972,0.12807963500611672,5,14,2,0
difficulty-easy,20260712,1,0.12,0.45,0.2,0.18,3,30,9,778,284213856,3806812309,true,false,844.6666666665558,865.6666666665558,9,8,7,180,35,11,3,23,77,68,9,23,9,0,0.11688311688311688,0.8831168831168831,29,3.625,167.7333333333248,0.1985793212312709,1,1,0,9,3,47,11,3,66,11,3,67,148.59999999986485,0.17592738752946058,5,13,3,0
difficulty-easy,20260712,1,0.12,0.45,0.2,0.18,3,30,9,779,3667062529,2045259788,false,false,832.4999999999002,853.4999999999002,9,8,7,179,24,6,3,10,46,43,3,10,3,0,0.06521739130434782,0.9347826086956522,22,2.75,167.7333333333248,0.2014814814814954,1,0,1,6,3,36,6,3,43,0,0,0,0,0,3,5,1,0
difficulty-easy,20260712,1,0.12,0.45,0.2,0.18,3,30,9,780,1809432821,677368294,true,false,769.4333333332909,790.4333333332909,9,8,7,180,18,5,2,5,41,33,8,5,8,0,0.1951219512195122,0.8048780487804879,16,2,167.7333333333248,0.21799592773902965,1,1,0,4,2,27,5,2,32,5,2,32,78.99999999992815,0.10267296278637851,5,13,2,0
difficulty-easy,20260712,1,0.12,0.45,0.2,0.18,3,30,9,781,2916207062,1763298922,false,false,794.4999999999347,815.4999999999347,9,8,7,179,27,8,3,11,60,46,14,11,14,0,0.23333333333333334,0.7666666666666667,20,2.5,167.7333333333248,0.21111810362912345,1,0,1,6,3,35,8,3,46,0,0,0,0,0,5,13,3,0
difficulty-easy,20260712,1,0.12,0.45,0.2,0.18,3,30,9,782,3342857797,3407299007,false,false,844.5333333332226,865.5333333332226,9,8,7,179,20,5,3,8,46,38,8,8,8,0,0.17391304347826086,0.8260869565217391,16,2,167.7333333333248,0.198610672560799,1,0,1,4,3,25,5,3,35,0,0,0,0,0,5,8,2,0
difficulty-easy,20260712,1,0.12,0.45,0.2,0.18,3,30,9,783,1315763576,2018296143,false,false,826.099999999906,847.099999999906,9,8,7,179,25,8,3,12,56,47,9,12,9,0,0.16071428571428573,0.8392857142857143,23,2.875,167.7333333333248,0.20304240810234098,1,0,1,7,3,37,8,3,46,0,0,0,0,0,3,7,2,0
difficulty-easy,20260712,1,0.12,0.45,0.2,0.18,3,30,9,784,2984691266,3608138582,false,false,835.0999999998978,856.0999999998978,9,8,7,179,24,6,3,11,48,44,4,11,4,0,0.08333333333333333,0.9166666666666666,19,2.375,167.7333333333248,0.20085418911908193,1,0,1,5,3,30,6,3,44,0,0,0,0,0,3,5,4,0
difficulty-easy,20260712,1,0.12,0.45,0.2,0.18,3,30,9,785,1922886851,2595674777,true,false,768.4333333332918,789.4333333332918,9,8,7,180,33,9,3,29,80,72,8,29,8,0,0.1,0.9,31,3.875,167.7333333333248,0.2182796165358095,1,1,0,9,3,58,9,3,71,9,3,71,79.99999999992724,0.104107925215718,5,9,3,0
difficulty-easy,20260712,1,0.12,0.45,0.2,0.18,3,30,9,786,4249769369,2740655705,true,false,766.7333333332933,787.7333333332933,9,8,7,180,24,8,3,12,53,45,8,12,8,0,0.1509433962264151,0.8490566037735849,20,2.5,167.7333333333248,0.21876358577515026,1,1,0,6,3,35,7,3,44,7,3,44,81.33333333325936,0.10607773237100722,5,8,2,0
difficulty-easy,20260712,1,0.12,0.45,0.2,0.18,3,30,9,787,603428489,87349890,true,false,783.4333333332781,804.4333333332781,9,8,7,180,23,7,2,7,51,40,11,7,11,0,0.21568627450980393,0.7843137254901961,20,2.5,167.7333333333248,0.2141003276177551,1,1,0,6,2,33,7,2,39,7,2,39,89.33333333325209,0.1140279964258925,5,10,2,0
difficulty-easy,20260712,1,0.12,0.45,0.2,0.18,3,30,9,788,1072790962,2123998443,true,false,760.9333333332986,781.9333333332986,9,8,7,180,27,8,3,19,59,55,4,19,4,0,0.06779661016949153,0.9322033898305084,23,2.875,167.7333333333248,0.22043104958822382,1,1,0,6,3,43,8,3,54,8,3,54,78.33333333326209,0.10294375328535,4,7,3,0
difficulty-easy,20260712,1,0.12,0.45,0.2,0.18,3,30,9,789,1753173396,2052633756,false,false,793.6333333332689,814.6333333332689,9,8,7,179,20,5,2,17,54,47,7,17,7,0,0.12962962962962962,0.8703703703703703,20,2.5,167.7333333333248,0.21134864967029915,1,0,1,5,2,39,5,2,45,0,0,0,0,0,6,12,2,0
difficulty-easy,20260712,1,0.12,0.45,0.2,0.18,3,30,9,790,1347862802,310539259,false,false,876.0999999998605,897.0999999998605,9,8,7,179,19,5,2,9,44,38,6,9,6,0,0.13636363636363635,0.8636363636363636,13,1.625,167.7333333333248,0.19145455237227657,1,0,1,4,2,21,5,2,37,0,0,0,0,0,5,6,3,0
difficulty-easy,20260712,1,0.12,0.45,0.2,0.18,3,30,9,791,3596697317,2915874004,false,false,849.866666666551,870.866666666551,9,8,7,179,27,7,3,17,56,54,2,17,2,0,0.03571428571428571,0.9642857142857143,26,3.25,167.7333333333248,0.1973642924380463,1,0,1,7,3,47,7,3,54,0,0,0,0,0,2,5,2,0
difficulty-easy,20260712,1,0.12,0.45,0.2,0.18,3,30,9,792,1354059086,4240608767,true,false,816.0666666665818,837.0666666665818,9,8,7,180,29,9,3,18,64,56,8,18,8,0,0.125,0.875,23,2.875,167.7333333333248,0.2055387631729543,1,1,0,7,3,40,8,3,50,8,3,52,128.99999999988268,0.15807532064361093,5,5,2,0
difficulty-easy,20260712,1,0.12,0.45,0.2,0.18,3,30,9,793,3748048276,1607255193,true,false,776.6666666666176,797.6666666666176,9,8,7,180,22,7,3,10,49,42,7,10,7,0,0.14285714285714285,0.8571428571428571,19,2.375,167.7333333333248,0.21596566523605415,1,1,0,6,3,30,7,3,40,7,3,41,82.8666666665913,0.10669527896986677,5,8,3,0
difficulty-easy,20260712,1,0.12,0.45,0.2,0.18,3,30,9,794,1645012224,62008368,true,false,797.8666666665983,818.8666666665983,9,8,7,180,26,8,3,15,53,50,3,15,3,0,0.05660377358490566,0.9433962264150944,20,2.5,167.7333333333248,0.21022727272728003,1,1,0,6,3,36,7,3,45,7,3,45,95.16666666658011,0.11927640374321724,5,11,3,0
difficulty-easy,20260712,1,0.12,0.45,0.2,0.18,3,30,9,795,1683197166,3127082066,true,false,770.6666666666231,791.6666666666231,9,8,7,180,18,6,3,0,33,26,7,0,7,0,0.21212121212121213,0.7878787878787878,14,1.75,167.7333333333248,0.21764705882353064,1,1,0,4,3,22,5,3,25,5,3,25,82.06666666659203,0.10648788927326558,5,8,3,0
difficulty-easy,20260712,1,0.12,0.45,0.2,0.18,3,30,9,796,1201565558,341390561,false,false,791.2999999999377,812.2999999999377,9,8,7,179,25,7,3,9,51,44,7,9,7,0,0.13725490196078433,0.8627450980392157,19,2.375,167.7333333333248,0.2119718606512549,1,0,1,5,3,32,7,3,44,0,0,0,0,0,2,5,2,0
difficulty-easy,20260712,1,0.12,0.45,0.2,0.18,3,30,9,797,3417487445,3021255383,true,false,821.4666666665769,842.4666666665769,9,8,7,180,24,8,3,3,42,35,7,3,7,0,0.16666666666666666,0.8333333333333334,18,2.25,167.7333333333248,0.2041876318779538,1,1,0,6,3,27,8,3,34,8,3,34,124.8999999998864,0.15204512254491973,6,8,2,0
difficulty-easy,20260712,1,0.12,0.45,0.2,0.18,3,30,9,798,2046770008,2776031163,true,false,763.7999999999627,784.7999999999627,9,8,7,180,23,7,3,8,48,41,7,8,7,0,0.14583333333333334,0.8541666666666666,19,2.375,167.7333333333248,0.21960373570742733,1,1,0,6,3,30,7,3,34,7,3,40,71.43333333326837,0.09352361001999457,4,14,4,0
difficulty-easy,20260712,1,0.12,0.45,0.2,0.18,3,30,9,799,721823856,3463009626,true,false,813.3999999999176,834.3999999999176,9,8,7,180,18,6,3,0,30,27,3,0,3,0,0.1,0.9,11,1.375,167.7333333333248,0.20621260552414777,1,1,0,3,2,19,5,3,25,6,3,26,124.7999999998865,0.1534300467173582,5,13,2,0
difficulty-easy,20260712,1,0.12,0.45,0.2,0.18,3,30,9,800,165387183,3927769366,false,false,767.3333333332928,788.3333333332928,9,8,7,179,21,6,3,6,40,36,4,6,4,0,0.1,0.9,18,2.25,167.7333333333248,0.21859252823631667,1,0,1,5,3,31,6,3,36,0,0,0,0,0,2,5,2,0
difficulty-easy,20260712,1,0.12,0.45,0.2,0.18,3,30,9,801,2974707878,1248245759,false,false,770.1666666666235,791.1666666666235,9,8,7,179,26,8,3,13,55,49,6,13,6,0,0.10909090909090909,0.8909090909090909,18,2.25,167.7333333333248,0.21778835749837808,1,0,1,5,3,38,8,3,49,0,0,0,0,0,3,5,4,0
difficulty-easy,20260712,1,0.12,0.45,0.2,0.18,3,30,9,802,104836340,1394170559,true,false,775.5999999999519,796.5999999999519,9,8,7,180,22,7,3,10,47,41,6,10,6,0,0.1276595744680851,0.8723404255319149,19,2.375,167.7333333333248,0.21626267835654356,1,1,0,5,3,34,6,3,40,6,3,40,96.96666666657848,0.12502148873979432,2,5,3,0
difficulty-easy,20260712,1,0.12,0.45,0.2,0.18,3,30,9,803,1982845648,4184283518,false,false,825.5999999999065,846.5999999999065,9,8,7,179,24,7,3,16,59,50,9,16,9,0,0.15254237288135594,0.847457627118644,21,2.625,167.7333333333248,0.20316537467701526,1,0,1,6,3,37,7,3,49,0,0,0,0,0,4,5,2,0
difficulty-easy,20260712,1,0.12,0.45,0.2,0.18,3,30,9,804,2716576660,471293196,true,false,786.0999999999424,807.0999999999424,9,8,7,180,24,7,3,12,54,46,8,12,8,0,0.14814814814814814,0.8518518518518519,20,2.5,167.7333333333248,0.21337404062248708,1,1,0,6,3,36,7,3,44,7,3,45,90.83333333325072,0.1155493363862834,4,8,3,0
difficulty-easy,20260712,1,0.12,0.45,0.2,0.18,3,30,9,805,648812958,2888263221,true,false,812.8333333332514,833.8333333332514,9,8,7,180,25,8,3,13,55,48,7,13,7,0,0.12727272727272726,0.8727272727272727,19,2.375,167.7333333333248,0.20635636661883333,1,1,0,6,3,35,8,3,46,8,3,47,126.56666666655155,0.15571047775259092,5,9,2,0
difficulty-easy,20260712,1,0.12,0.45,0.2,0.18,3,30,9,806,58153103,2691928363,false,false,769.0333333332912,790.0333333332912,9,8,7,179,24,7,3,12,55,46,9,12,9,0,0.16363636363636364,0.8363636363636363,23,2.875,167.7333333333248,0.21810931472411335,1,0,1,7,3,39,7,3,46,0,0,0,0,0,2,5,2,0
difficulty-easy,20260712,1,0.12,0.45,0.2,0.18,3,30,9,807,2442604449,682591649,true,false,847.9666666665528,868.9666666665528,9,8,7,180,28,9,3,16,59,54,5,16,5,0,0.0847457627118644,0.9152542372881356,25,3.125,167.7333333333248,0.19780651755180706,1,1,0,8,3,46,9,3,53,9,3,53,156.06666666652472,0.18404811509872127,6,13,2,0
difficulty-easy,20260712,1,0.12,0.45,0.2,0.18,3,30,9,808,12059247,4109343833,false,false,792.6999999999364,813.6999999999364,9,8,7,179,25,8,3,11,53,46,7,11,7,0,0.1320754716981132,0.8679245283018868,22,2.75,167.7333333333248,0.2115974937975757,1,0,1,7,3,37,8,3,46,0,0,0,0,0,5,10,3,0
difficulty-easy,20260712,1,0.12,0.45,0.2,0.18,3,30,9,809,1117515245,445449948,true,false,791.8999999999371,812.8999999999371,9,8,7,180,20,6,3,4,35,32,3,4,3,0,0.08571428571428572,0.9142857142857143,16,2,167.7333333333248,0.21181125562992564,1,1,0,4,2,26,5,2,30,6,3,32,92.03333333324963,0.11621837774120083,5,10,2,0
difficulty-easy,20260712,1,0.12,0.45,0.2,0.18,3,30,9,810,3324644424,3010352139,false,false,842.6333333332243,863.6333333332243,9,8,7,179,26,8,3,13,58,49,9,13,9,0,0.15517241379310345,0.8448275862068966,22,2.75,167.7333333333248,0.19905850706121267,1,0,1,6,3,43,8,3,49,0,0,0,0,0,4,6,3,0
difficulty-easy,20260712,1,0.12,0.45,0.2,0.18,3,30,9,811,2358361783,3026466951,true,false,770.0666666666236,791.0666666666236,9,8,7,180,29,9,3,15,64,53,11,15,11,0,0.171875,0.828125,23,2.875,167.7333333333248,0.2178166392520139,1,1,0,7,3,41,8,3,50,9,3,52,83.09999999992442,0.1079127348280613,5,8,4,0
difficulty-easy,20260712,1,0.12,0.45,0.2,0.18,3,30,9,812,4046434132,1052804434,true,false,773.9333333332868,794.9333333332868,9,8,7,180,21,6,3,8,43,39,4,8,4,0,0.09302325581395349,0.9069767441860465,19,2.375,167.7333333333248,0.21672840037901828,1,1,0,6,3,31,6,3,38,6,3,38,84.86666666658948,0.1096563011455697,5,14,2,0
difficulty-easy,20260712,1,0.12,0.45,0.2,0.18,3,30,9,813,1949936816,371756379,false,false,801.4333333332618,822.4333333332618,9,8,7,179,29,9,3,6,52,43,9,6,9,0,0.17307692307692307,0.8269230769230769,22,2.75,167.7333333333248,0.20929168572974227,1,0,1,7,3,30,9,3,42,0,0,0,0,0,5,13,3,0
difficulty-easy,20260712,1,0.12,0.45,0.2,0.18,3,30,9,814,1462474522,74605917,false,false,841.499999999892,862.499999999892,9,8,7,179,22,6,3,12,46,44,2,12,2,0,0.043478260869565216,0.9565217391304348,19,2.375,167.7333333333248,0.19932659932661476,1,0,1,6,3,33,6,3,44,0,0,0,0,0,5,8,2,0
difficulty-easy,20260712,1,0.12,0.45,0.2,0.18,3,30,9,815,27966155,776898047,false,false,864.6333333332043,885.6333333332043,9,8,7,179,26,8,3,17,57,53,4,17,4,0,0.07017543859649122,0.9298245614035088,24,3,167.7333333333248,0.19399360037011815,1,0,1,7,3,43,8,3,52,0,0,0,0,0,5,10,2,0
difficulty-easy,20260712,1,0.12,0.45,0.2,0.18,3,30,9,816,942355091,1332332344,false,false,783.2333333332783,804.2333333332783,9,8,7,179,21,6,2,8,48,39,9,8,9,0,0.1875,0.8125,18,2.25,167.7333333333248,0.21415499851045228,1,0,1,5,2,32,6,2,39,0,0,0,0,0,4,5,2,0
difficulty-easy,20260712,1,0.12,0.45,0.2,0.18,3,30,9,817,87414034,3564059356,true,false,788.1333333332739,809.1333333332739,9,8,7,180,23,7,3,1,38,33,5,1,5,0,0.13157894736842105,0.868421052631579,19,2.375,167.7333333333248,0.21282354931484196,1,1,0,5,2,29,6,2,31,7,3,32,111.39999999989868,0.1413466418540523,2,5,2,0
difficulty-easy,20260712,1,0.12,0.45,0.2,0.18,3,30,9,818,3290590003,3836990541,true,false,799.9333333332631,820.9333333332631,9,8,7,180,26,8,3,8,50,43,7,8,7,0,0.14,0.86,19,2.375,167.7333333333248,0.2096841403450365,1,1,0,5,3,30,7,3,40,7,3,42,111.39999999989868,0.13926160513364672,3,5,3,0
difficulty-easy,20260712,1,0.12,0.45,0.2,0.18,3,30,9,819,1982765469,3736259691,false,false,848.6999999998854,869.6999999998854,9,8,7,179,27,8,3,15,56,51,5,15,5,0,0.08928571428571429,0.9107142857142857,24,3,167.7333333333248,0.19763559954441787,1,0,1,7,3,45,8,3,51,0,0,0,0,0,5,8,2,0
difficulty-easy,20260712,1,0.12,0.45,0.2,0.18,3,30,9,820,1497376380,1298880230,false,false,796.5333333332662,817.5333333332662,9,8,7,179,29,9,3,16,64,55,9,16,9,0,0.140625,0.859375,26,3.25,167.7333333333248,0.21057917643120888,1,0,1,8,3,47,9,3,54,0,0,0,0,0,5,5,3,0
difficulty-easy,20260712,1,0.12,0.45,0.2,0.18,3,30,9,821,3759938402,2903810479,true,false,832.0333333332339,853.0333333332339,9,8,7,180,23,7,3,9,47,41,6,9,6,0,0.1276595744680851,0.8723404255319149,19,2.375,167.7333333333248,0.20159448740035835,1,1,0,5,2,36,7,3,41,7,3,41,137.53333333320825,0.16529786466875288,4,6,2,0
difficulty-easy,20260712,1,0.12,0.45,0.2,0.18,3,30,9,822,3809566379,3871925614,false,false,861.4999999998738,882.4999999998738,9,8,7,179,20,5,2,9,48,39,9,9,9,0,0.1875,0.8125,19,2.375,167.7333333333248,0.1946991681176429,1,0,1,5,2,31,5,2,38,0,0,0,0,0,4,5,2,0
difficulty-easy,20260712,1,0.12,0.45,0.2,0.18,3,30,9,823,1385997517,2626097015,false,false,800.8999999999289,821.8999999999289,9,8,7,179,26,7,3,16,57,52,5,16,5,0,0.08771929824561403,0.9122807017543859,21,2.625,167.7333333333248,0.20943105672785575,1,0,1,6,3,39,7,3,51,0,0,0,0,0,5,8,2,0
difficulty-easy,20260712,1,0.12,0.45,0.2,0.18,3,30,9,824,985599373,3430858962,true,false,820.8333333332441,841.8333333332441,9,8,7,180,26,8,3,9,51,45,6,9,6,0,0.11764705882352941,0.8823529411764706,24,3,167.7333333333248,0.20434517766498642,1,1,0,7,3,38,7,3,42,8,3,44,135.8666666665431,0.16552284263946135,5,5,2,0
difficulty-easy,20260712,1,0.12,0.45,0.2,0.18,3,30,9,825,3082067173,45968162,false,false,844.2666666665561,865.2666666665561,9,8,7,179,27,8,3,27,68,64,4,27,4,0,0.058823529411764705,0.9411764705882353,24,3,167.7333333333248,0.198673404927369,1,0,1,7,3,54,8,3,63,0,0,0,0,0,5,8,2,0
difficulty-easy,20260712,1,0.12,0.45,0.2,0.18,3,30,9,826,4025883179,3754167728,true,false,841.7999999998917,862.7999999998917,9,8,7,180,26,8,3,10,57,46,11,10,11,0,0.19298245614035087,0.8070175438596491,22,2.75,167.7333333333248,0.19925556347510853,1,1,0,6,3,35,8,3,45,8,3,45,163.76666666651772,0.19454343866303014,2,4,2,0
difficulty-easy,20260712,1,0.12,0.45,0.2,0.18,3,30,9,827,1715541228,3297340679,true,false,851.2333333332165,872.2333333332165,9,8,7,180,22,7,3,13,56,44,12,13,12,0,0.21428571428571427,0.7857142857142857,18,2.25,167.7333333333248,0.19704742138859047,1,1,0,5,3,31,6,3,39,6,3,43,148.36666666653173,0.17429611935609363,6,12,3,0
difficulty-easy,20260712,1,0.12,0.45,0.2,0.18,3,30,9,828,3844560595,176149372,false,false,837.7999999998954,858.7999999998954,9,8,7,179,21,6,2,9,48,40,8,9,8,0,0.16666666666666666,0.8333333333333334,21,2.625,167.7333333333248,0.20020689106391232,1,0,1,6,2,34,6,2,40,0,0,0,0,0,3,5,2,0
difficulty-easy,20260712,1,0.12,0.45,0.2,0.18,3,30,9,829,3271948229,4022346680,true,false,761.5999999999647,782.5999999999647,9,8,7,180,22,7,3,6,42,36,6,6,6,0,0.14285714285714285,0.8571428571428571,15,1.875,167.7333333333248,0.22023809523809423,1,1,0,4,3,25,7,3,35,7,3,35,83.03333333325781,0.10902485994388349,5,8,4,0
difficulty-easy,20260712,1,0.12,0.45,0.2,0.18,3,30,9,830,2624342900,127338509,true,false,826.2666666665725,847.2666666665725,9,8,7,180,27,8,3,18,63,54,9,18,9,0,0.14285714285714285,0.8571428571428571,19,2.375,167.7333333333248,0.2030014523156494,1,1,0,5,3,35,7,3,50,7,3,53,133.43333333321198,0.16148943036940516,5,8,2,0
difficulty-easy,20260712,1,0.12,0.45,0.2,0.18,3,30,9,831,3985384059,565086922,false,false,851.6333333332161,872.6333333332161,9,8,7,179,24,7,3,11,49,45,4,11,4,0,0.08163265306122448,0.9183673469387755,21,2.625,167.7333333333248,0.19695487103215142,1,0,1,6,3,38,7,3,45,0,0,0,0,0,5,11,3,0
difficulty-easy,20260712,1,0.12,0.45,0.2,0.18,3,30,9,832,2482119928,69857341,false,false,789.8666666666056,810.8666666666056,9,8,7,179,27,8,3,23,61,58,3,23,3,0,0.04918032786885246,0.9508196721311475,22,2.75,167.7333333333248,0.21235651586766258,1,0,1,6,3,46,7,3,55,0,0,0,0,0,5,10,3,0
difficulty-easy,20260712,1,0.12,0.45,0.2,0.18,3,30,9,833,2192694530,2777936228,true,false,837.1666666665626,858.1666666665626,9,8,7,180,25,8,3,4,44,39,5,4,5,0,0.11363636363636363,0.8863636363636364,21,2.625,167.7333333333248,0.20035835158273418,1,1,0,6,3,32,8,3,37,8,3,38,162.59999999985212,0.19422655783381126,4,5,2,0
difficulty-easy,20260712,1,0.12,0.45,0.2,0.18,3,30,9,834,1589795174,3530633589,true,false,802.1666666665944,823.1666666665944,9,8,7,180,20,6,3,4,41,34,7,4,7,0,0.17073170731707318,0.8292682926829268,15,1.875,167.7333333333248,0.2091003532100643,1,1,0,4,3,25,6,3,34,6,3,34,109.63333333323362,0.1366715146477168,5,11,3,0
difficulty-easy,20260712,1,0.12,0.45,0.2,0.18,3,30,9,835,3416270381,3528704129,true,false,843.7666666665566,864.7666666665566,9,8,7,180,27,8,3,17,59,54,5,17,5,0,0.0847457627118644,0.9152542372881356,24,3,167.7333333333248,0.19879113498994194,1,1,0,7,3,41,8,3,52,8,3,53,152.4999999998613,0.18073717062364936,5,6,2,0
difficulty-easy,20260712,1,0.12,0.45,0.2,0.18,3,30,9,836,3501050568,3227339646,false,false,849.0333333332185,870.0333333332185,9,8,7,179,23,7,3,17,60,50,10,17,10,0,0.16666666666666666,0.8333333333333334,23,2.875,167.7333333333248,0.1975580071453977,1,0,1,7,3,41,7,3,50,0,0,0,0,0,5,7,3,0
difficulty-easy,20260712,1,0.12,0.45,0.2,0.18,3,30,9,837,3524456790,3230836280,false,false,793.0666666666027,814.0666666666027,9,8,7,179,22,6,3,16,56,48,8,16,8,0,0.14285714285714285,0.8571428571428571,22,2.75,167.7333333333248,0.21149966375252816,1,0,1,6,3,38,6,3,48,0,0,0,0,0,6,9,2,0
difficulty-easy,20260712,1,0.12,0.45,0.2,0.18,3,30,9,838,2311838443,1249213492,true,false,764.2999999999622,785.2999999999622,9,8,7,180,23,7,3,5,45,38,7,5,7,0,0.15555555555555556,0.8444444444444444,19,2.375,167.7333333333248,0.21946007239740034,1,1,0,6,3,28,6,3,36,6,3,36,80.23333333326036,0.1049762309737856,5,10,2,0
difficulty-easy,20260712,1,0.12,0.45,0.2,0.18,3,30,9,839,3752865056,153446230,false,false,790.899999999938,811.899999999938,9,8,7,179,21,6,2,12,45,43,2,12,2,0,0.044444444444444446,0.9555555555555556,18,2.25,167.7333333333248,0.21207906604291052,1,0,1,5,2,31,5,2,37,0,0,0,0,0,5,13,3,0
difficulty-easy,20260712,1,0.12,0.45,0.2,0.18,3,30,9,840,1725435643,3396898838,false,false,782.3999999999457,803.3999999999457,9,8,7,179,16,5,3,0,28,23,5,0,5,0,0.17857142857142858,0.8214285714285714,9,1.125,167.7333333333248,0.21438309475119685,1,0,1,2,1,15,4,2,22,0,0,0,0,0,6,14,3,0
difficulty-easy,20260712,1,0.12,0.45,0.2,0.18,3,30,9,841,1170427681,1648818902,false,false,843.7666666665566,864.7666666665566,9,8,7,179,23,6,3,8,42,41,1,8,1,0,0.023809523809523808,0.9761904761904762,22,2.75,167.7333333333248,0.19879113498994194,1,0,1,6,3,37,6,3,41,0,0,0,0,0,5,11,2,0
difficulty-easy,20260712,1,0.12,0.45,0.2,0.18,3,30,9,842,441300434,1223096451,false,false,769.5999999999574,790.5999999999574,9,8,7,179,26,8,3,6,46,41,5,6,5,0,0.10869565217391304,0.8913043478260869,21,2.625,167.7333333333248,0.21794871794871892,1,0,1,6,3,33,8,3,41,0,0,0,0,0,3,7,2,0
difficulty-easy,20260712,1,0.12,0.45,0.2,0.18,3,30,9,843,1133442957,3457156969,true,false,875.266666666528,896.266666666528,9,8,7,180,27,8,3,15,56,51,5,15,5,0,0.08928571428571429,0.9107142857142857,23,2.875,167.7333333333248,0.19163683448855745,1,1,0,7,3,41,7,3,47,7,3,50,183.4999999998331,0.2096503922612486,4,7,2,0
difficulty-easy,20260712,1,0.12,0.45,0.2,0.18,3,30,9,844,856732729,28858934,false,false,787.1999999999414,808.1999999999414,9,8,7,179,25,7,3,9,46,44,2,9,2,0,0.043478260869565216,0.9565217391304348,21,2.625,167.7333333333248,0.21307588075881262,1,0,1,6,3,34,7,3,44,0,0,0,0,0,5,13,2,0
difficulty-easy,20260712,1,0.12,0.45,0.2,0.18,3,30,9,845,4163806264,2100357660,true,false,773.9333333332868,794.9333333332868,9,8,7,180,17,5,3,9,43,35,8,9,8,0,0.18604651162790697,0.813953488372093,16,2,167.7333333333248,0.21672840037901828,1,1,0,4,3,31,4,3,34,4,3,34,81.86666666659221,0.10577999827710888,5,8,3,0
difficulty-easy,20260712,1,0.12,0.45,0.2,0.18,3,30,9,846,200869486,31666031,false,false,782.2666666666125,803.2666666666125,9,8,7,179,20,6,3,21,54,49,5,21,5,0,0.09259259259259259,0.9074074074074074,16,2,167.7333333333248,0.2144196352480012,1,0,1,4,3,41,5,3,48,0,0,0,0,0,3,7,2,0
difficulty-easy,20260712,1,0.12,0.45,0.2,0.18,3,30,9,847,3132020252,1382526954,true,false,839.3333333332273,860.3333333332273,9,8,7,180,25,7,3,15,57,50,7,15,7,0,0.12280701754385964,0.8771929824561403,24,3,167.7333333333248,0.19984114376490783,1,1,0,7,3,41,7,3,49,7,3,49,159.89999999985457,0.19050833995219393,4,7,2,0
difficulty-easy,20260712,1,0.12,0.45,0.2,0.18,3,30,9,848,717910893,1331310769,true,false,808.9666666665883,829.9666666665883,9,8,7,180,26,7,3,20,58,56,2,20,2,0,0.034482758620689655,0.9655172413793104,24,3,167.7333333333248,0.2073427005645157,1,1,0,7,3,43,7,3,54,7,3,55,109.66666666656693,0.13556388808757372,6,9,2,0
difficulty-easy,20260712,1,0.12,0.45,0.2,0.18,3,30,9,849,1013893243,2151947869,true,false,811.2333333332529,832.2333333332529,9,8,7,180,27,8,3,11,51,48,3,11,3,0,0.058823529411764705,0.9411764705882353,22,2.75,167.7333333333248,0.20676336442454876,1,1,0,7,3,36,8,3,47,8,3,47,117.19999999989341,0.14447138102466003,5,8,2,0
difficulty-easy,20260712,1,0.12,0.45,0.2,0.18,3,30,9,850,1450922184,3119913132,true,false,824.1666666665744,845.1666666665744,9,8,7,180,27,8,3,8,52,45,7,8,7,0,0.1346153846153846,0.8653846153846154,23,2.875,167.7333333333248,0.20351870576340977,1,1,0,7,3,35,8,3,43,8,3,44,125.43333333321925,0.15219413549027294,5,6,2,0
difficulty-easy,20260712,1,0.12,0.45,0.2,0.18,3,30,9,851,1069027656,3274080874,false,false,796.9999999999325,817.9999999999325,9,8,7,179,27,8,3,15,59,52,7,15,7,0,0.11864406779661017,0.8813559322033898,24,3,167.7333333333248,0.2104558762024329,1,0,1,7,3,44,8,3,51,0,0,0,0,0,6,8,2,0
difficulty-easy,20260712,1,0.12,0.45,0.2,0.18,3,30,9,852,4151226807,3871960415,false,false,800.799999999929,821.799999999929,9,8,7,179,30,9,3,10,57,49,8,10,8,0,0.14035087719298245,0.8596491228070176,27,3.375,167.7333333333248,0.20945720945721735,1,0,1,9,3,42,9,3,49,0,0,0,0,0,7,8,3,0
difficulty-easy,20260712,1,0.12,0.45,0.2,0.18,3,30,9,853,482510555,1435982020,false,false,797.5666666665986,818.5666666665986,9,8,7,179,27,8,3,18,62,55,7,18,7,0,0.11290322580645161,0.8870967741935484,21,2.625,167.7333333333248,0.2103063484766236,1,0,1,6,3,38,8,3,54,0,0,0,0,0,3,5,2,0
difficulty-easy,20260712,1,0.12,0.45,0.2,0.18,3,30,9,854,4132429736,315207633,false,false,819.5999999999119,840.5999999999119,9,8,7,179,23,7,3,12,51,45,6,12,6,0,0.11764705882352941,0.8823529411764706,22,2.75,167.7333333333248,0.20465267610217522,1,0,1,7,3,35,7,3,45,0,0,0,0,0,2,5,2,0
difficulty-easy,20260712,1,0.12,0.45,0.2,0.18,3,30,9,855,670842282,667744369,true,false,780.9666666666137,801.9666666666137,9,8,7,180,20,6,3,4,39,34,5,4,5,0,0.1282051282051282,0.8717948717948718,14,1.75,167.7333333333248,0.21477655896538841,1,1,0,4,3,23,6,3,32,6,3,32,86.83333333325436,0.11118699048178785,4,8,3,0
difficulty-easy,20260712,1,0.12,0.45,0.2,0.18,3,30,9,856,2967258999,2464263276,false,false,828.0999999999042,849.0999999999042,9,8,7,179,19,5,3,10,47,39,8,10,8,0,0.1702127659574468,0.8297872340425532,16,2,167.7333333333248,0.20255202672786402,1,0,1,4,3,28,5,3,39,0,0,0,0,0,3,7,3,0
difficulty-easy,20260712,1,0.12,0.45,0.2,0.18,3,30,9,857,2012736043,925442168,true,false,804.0333333332594,825.0333333332594,9,8,7,180,25,8,3,7,52,41,11,7,11,0,0.21153846153846154,0.7884615384615384,20,2.5,167.7333333333248,0.20861489987978138,1,1,0,6,3,32,8,3,40,8,3,40,121.13333333322316,0.15065710376837732,3,5,3,0
difficulty-easy,20260712,1,0.12,0.45,0.2,0.18,3,30,9,858,2862593382,3596554863,true,false,771.866666666622,792.866666666622,9,8,7,180,24,8,3,7,47,40,7,7,7,0,0.14893617021276595,0.851063829787234,22,2.75,167.7333333333248,0.2173086888927291,1,1,0,7,3,32,7,3,39,7,3,39,77.83333333326254,0.1008377958195721,5,9,2,0
difficulty-easy,20260712,1,0.12,0.45,0.2,0.18,3,30,9,859,1839509716,2054870884,false,false,791.4333333332709,812.4333333332709,9,8,7,179,21,6,3,7,44,38,6,7,6,0,0.13636363636363635,0.8636363636363636,20,2.5,167.7333333333248,0.2119361496019939,1,0,1,6,3,30,6,3,38,0,0,0,0,0,3,5,2,0
difficulty-easy,20260712,1,0.12,0.45,0.2,0.18,3,30,9,860,2733196123,3247184895,true,false,810.7666666665866,831.7666666665866,9,8,7,180,27,8,3,20,62,57,5,20,5,0,0.08064516129032258,0.9193548387096774,27,3.375,167.7333333333248,0.20688237470707727,1,1,0,8,3,47,8,3,57,8,3,57,109.66666666656693,0.13526291986997216,5,10,2,0
difficulty-easy,20260712,1,0.12,0.45,0.2,0.18,3,30,9,861,4290372359,884524213,false,false,824.5333333332408,845.5333333332408,9,8,7,179,28,8,3,22,64,60,4,22,4,0,0.0625,0.9375,23,2.875,167.7333333333248,0.20342820181113797,1,0,1,7,3,42,8,3,60,0,0,0,0,0,2,3,2,0
difficulty-easy,20260712,1,0.12,0.45,0.2,0.18,3,30,9,862,471420196,2223584728,false,false,773.1666666666208,794.1666666666208,9,8,7,179,26,8,3,11,52,47,5,11,5,0,0.09615384615384616,0.9038461538461539,22,2.75,167.7333333333248,0.2169433067471456,1,0,1,7,3,36,8,3,47,0,0,0,0,0,3,5,2,0
difficulty-easy,20260712,1,0.12,0.45,0.2,0.18,3,30,9,863,3330617429,2097501188,true,false,851.6999999998827,872.6999999998827,9,8,7,180,24,7,3,11,54,45,9,11,9,0,0.16666666666666666,0.8333333333333334,20,2.5,167.7333333333248,0.19693945442450145,1,1,0,6,3,35,7,3,44,7,3,44,152.5999999998612,0.17917106962531668,5,5,2,0
difficulty-easy,20260712,1,0.12,0.45,0.2,0.18,3,30,9,864,3249695455,474980814,true,false,758.4666666666342,779.4666666666342,9,8,7,180,29,9,3,13,53,51,2,13,2,0,0.03773584905660377,0.9622641509433962,23,2.875,167.7333333333248,0.2211479300342779,1,1,0,7,3,35,8,3,50,8,3,50,57.03333333328146,0.07519557000960346,6,11,3,0
difficulty-easy,20260712,1,0.12,0.45,0.2,0.18,3,30,9,865,3628079851,76795565,true,false,775.6333333332852,796.6333333332852,9,8,7,180,23,7,3,5,46,38,8,5,8,0,0.17391304347826086,0.8260869565217391,19,2.375,167.7333333333248,0.21625338433108668,1,1,0,5,2,31,7,3,37,7,3,37,83.86666666659039,0.1081266921654505,6,9,3,0
difficulty-easy,20260712,1,0.12,0.45,0.2,0.18,3,30,9,866,2242546994,815404418,false,false,859.9666666665419,880.9666666665419,9,8,7,179,21,5,2,13,48,44,4,13,4,0,0.08333333333333333,0.9166666666666666,19,2.375,167.7333333333248,0.19504631962481003,1,0,1,5,2,32,5,2,44,0,0,0,0,0,5,5,2,0
difficulty-easy,20260712,1,0.12,0.45,0.2,0.18,3,30,9,867,2961591531,655916180,false,false,847.0333333332203,868.0333333332203,9,8,7,179,24,7,2,15,54,49,5,15,5,0,0.09259259259259259,0.9074074074074074,23,2.875,167.7333333333248,0.19802447758846228,1,0,1,7,2,42,7,2,48,0,0,0,0,0,6,8,2,0
difficulty-easy,20260712,1,0.12,0.45,0.2,0.18,3,30,9,868,3650372979,1178418308,false,false,794.1333333332684,815.1333333332684,9,8,7,179,28,9,3,11,54,49,5,11,5,0,0.09259259259259259,0.9074074074074074,24,3,167.7333333333248,0.211215580926803,1,0,1,7,3,42,9,3,49,0,0,0,0,0,6,11,2,0
difficulty-easy,20260712,1,0.12,0.45,0.2,0.18,3,30,9,869,931402158,3323158415,true,false,769.5666666666241,790.5666666666241,9,8,7,180,21,6,3,11,45,41,4,11,4,0,0.08888888888888889,0.9111111111111111,16,2,167.7333333333248,0.21795815827088935,1,1,0,4,3,29,5,3,40,5,3,40,72.9999999999336,0.09485857842067524,5,14,2,0
difficulty-easy,20260712,1,0.12,0.45,0.2,0.18,3,30,9,870,314278630,1671675124,true,false,830.6999999999018,851.6999999999018,9,8,7,180,27,8,3,14,61,51,10,14,10,0,0.16393442622950818,0.8360655737704918,22,2.75,167.7333333333248,0.20191806107300422,1,1,0,7,3,37,8,3,50,8,3,50,161.79999999985284,0.1947754905499843,2,4,3,0
difficulty-easy,20260712,1,0.12,0.45,0.2,0.18,3,30,9,871,3467323994,1131744714,true,false,814.33333333325,835.33333333325,9,8,7,180,16,4,3,3,35,29,6,3,6,0,0.17142857142857143,0.8285714285714286,13,1.625,167.7333333333248,0.2059762586983323,1,1,0,4,3,21,4,3,28,4,3,28,125.9333333332188,0.15464592713863898,5,11,4,0
difficulty-easy,20260712,1,0.12,0.45,0.2,0.18,3,30,9,872,956220800,486373091,false,false,811.133333333253,832.133333333253,9,8,7,179,25,8,3,6,43,41,2,6,2,0,0.046511627906976744,0.9534883720930233,15,1.875,167.7333333333248,0.20678885509987024,1,0,1,4,3,26,8,3,41,0,0,0,0,0,5,5,2,0
difficulty-easy,20260712,1,0.12,0.45,0.2,0.18,3,30,9,873,2252309232,3965898282,false,false,852.5333333332153,873.5333333332153,9,8,7,179,28,8,3,9,53,47,6,9,6,0,0.11320754716981132,0.8867924528301887,25,3.125,167.7333333333248,0.19674695026589148,1,0,1,7,3,40,8,3,46,0,0,0,0,0,3,5,2,0
difficulty-easy,20260712,1,0.12,0.45,0.2,0.18,3,30,9,874,1023824277,3756673096,true,false,793.9666666666019,814.9666666666019,9,8,7,180,27,9,3,6,45,42,3,6,3,0,0.06666666666666667,0.9333333333333333,21,2.625,167.7333333333248,0.21125991855242263,1,1,0,6,3,31,8,3,40,8,3,41,90.29999999991787,0.1137327343716259,6,8,3,0
difficulty-easy,20260712,1,0.12,0.45,0.2,0.18,3,30,9,875,3684845288,1472852911,true,false,773.7999999999536,794.7999999999536,9,8,7,180,24,7,3,10,50,44,6,10,6,0,0.12,0.88,22,2.75,167.7333333333248,0.21676574480916885,1,1,0,6,3,38,7,3,43,7,3,43,86.69999999992115,0.11204445593167013,5,8,2,0
difficulty-easy,20260712,1,0.12,0.45,0.2,0.18,3,30,9,876,2257786250,815857137,false,false,822.3666666665761,843.3666666665761,9,8,7,179,22,6,3,8,46,38,8,8,8,0,0.17391304347826086,0.8260869565217391,15,1.875,167.7333333333248,0.2039641684569048,1,0,1,4,3,28,6,3,38,0,0,0,0,0,3,7,2,0
difficulty-easy,20260712,1,0.12,0.45,0.2,0.18,3,30,9,877,1582753516,2379370547,true,false,780.999999999947,801.999999999947,9,8,7,180,20,6,3,10,43,40,3,10,3,0,0.06976744186046512,0.9302325581395349,18,2.25,167.7333333333248,0.2147673922321846,1,1,0,5,3,31,6,3,37,6,3,39,95.56666666657975,0.12236448997002078,4,11,2,0
difficulty-easy,20260712,1,0.12,0.45,0.2,0.18,3,30,9,878,492355597,2727418408,false,false,785.0999999999433,806.0999999999433,9,8,7,179,29,9,3,22,67,61,6,22,6,0,0.08955223880597014,0.9104477611940298,26,3.25,167.7333333333248,0.213645820065389,1,0,1,8,3,43,9,3,61,0,0,0,0,0,4,7,3,0
difficulty-easy,20260712,1,0.12,0.45,0.2,0.18,3,30,9,879,3964024349,2664315872,true,false,786.5666666666086,807.5666666666086,9,8,7,180,29,9,3,10,56,49,7,10,7,0,0.125,0.875,25,3.125,167.7333333333248,0.21324744670933232,1,1,0,7,3,38,9,3,47,9,3,48,100.66666666657511,0.1279823706402287,5,5,3,0
difficulty-easy,20260712,1,0.12,0.45,0.2,0.18,3,30,9,880,1004972003,3344116559,false,false,842.4999999998911,863.4999999998911,9,8,7,179,25,8,3,13,55,48,7,13,7,0,0.12727272727272726,0.8727272727272727,21,2.625,167.7333333333248,0.19909000989121242,1,0,1,6,3,40,8,3,47,0,0,0,0,0,5,6,2,0
difficulty-easy,20260712,1,0.12,0.45,0.2,0.18,3,30,9,881,454136920,265778106,true,false,786.0333333332758,807.0333333332758,9,8,7,180,19,5,3,3,37,32,5,3,5,0,0.13513513513513514,0.8648648648648649,16,2,167.7333333333248,0.2133921377380142,1,1,0,5,3,24,5,3,32,5,3,32,96.69999999991205,0.1230227725710349,2,5,2,0
difficulty-easy,20260712,1,0.12,0.45,0.2,0.18,3,30,9,882,1256329598,586362694,true,false,871.0333333331985,892.0333333331985,9,8,7,180,23,7,3,12,50,45,5,12,5,0,0.1,0.9,21,2.625,167.7333333333248,0.19256821399871887,1,1,0,6,3,34,7,3,42,7,3,44,166.99999999984811,0.19172630209315447,5,10,2,0
difficulty-easy,20260712,1,0.12,0.45,0.2,0.18,3,30,9,883,3537023914,351334951,true,false,810.3999999999203,831.3999999999203,9,8,7,180,19,5,3,3,40,32,8,3,8,0,0.2,0.8,17,2.125,167.7333333333248,0.20697597894045075,1,1,0,5,3,26,5,3,31,5,3,32,118.86666666655856,0.14667653833485964,6,13,2,0
difficulty-easy,20260712,1,0.12,0.45,0.2,0.18,3,30,9,884,2810103782,3880003851,false,false,802.6999999999273,823.6999999999273,9,8,7,179,24,7,3,10,42,42,0,10,0,0,0,1,20,2.5,167.7333333333248,0.20896142186787092,1,0,1,6,3,30,7,3,42,0,0,0,0,0,5,14,2,0
difficulty-easy,20260712,1,0.12,0.45,0.2,0.18,3,30,9,885,3875411731,2159143871,true,false,798.7333333332642,819.7333333332642,9,8,7,180,18,5,3,7,38,35,3,7,3,0,0.07894736842105263,0.9210526315789473,14,1.75,167.7333333333248,0.20999916534513727,1,1,0,3,3,24,5,3,32,5,3,34,103.33333333323935,0.12937150488262453,5,6,2,0
difficulty-easy,20260712,1,0.12,0.45,0.2,0.18,3,30,9,886,3231784451,1160104300,true,false,827.0333333332385,848.0333333332385,9,8,7,180,23,7,3,16,53,48,5,16,5,0,0.09433962264150944,0.9056603773584906,21,2.625,167.7333333333248,0.20281326830842453,1,1,0,6,3,42,7,3,47,7,3,47,131.23333333321398,0.15867961791128415,5,7,2,0
difficulty-easy,20260712,1,0.12,0.45,0.2,0.18,3,30,9,887,3714516358,1398947433,true,false,816.2999999999149,837.2999999999149,9,8,7,180,23,7,3,10,47,42,5,10,5,0,0.10638297872340426,0.8936170212765957,19,2.375,167.7333333333248,0.2054800114337159,1,1,0,5,3,33,6,3,41,6,3,41,124.8333333332198,0.1529258034218214,5,14,2,0
difficulty-easy,20260712,1,0.12,0.45,0.2,0.18,3,30,9,888,186538002,3971664940,true,false,755.2666666666371,776.2666666666371,9,8,7,180,20,6,2,3,37,33,4,3,4,0,0.10810810810810811,0.8918918918918919,15,1.875,167.7333333333248,0.22208491482036988,1,1,0,4,2,24,6,2,31,6,2,32,54.1666666666174,0.07171859828751813,4,13,2,0
difficulty-easy,20260712,1,0.12,0.45,0.2,0.18,3,30,9,889,1731160303,2224895412,true,false,795.633333333267,816.633333333267,9,8,7,180,21,6,3,6,43,37,6,6,6,0,0.13953488372093023,0.8604651162790697,17,2.125,167.7333333333248,0.21081737818929,1,1,0,5,3,25,6,3,34,6,3,36,102.13333333324044,0.12836733838859896,5,11,3,0
difficulty-easy,20260712,1,0.12,0.45,0.2,0.18,3,30,9,890,3978059364,1622789605,true,false,766.8666666666265,787.8666666666265,9,8,7,180,27,8,3,17,57,53,4,17,4,0,0.07017543859649122,0.9298245614035088,20,2.5,167.7333333333248,0.21872554985655945,1,1,0,6,3,34,7,3,45,7,3,45,77.69999999992933,0.10132139441876041,4,9,4,0
difficulty-easy,20260712,1,0.12,0.45,0.2,0.18,3,30,9,891,3688571001,1478679209,true,false,824.1666666665744,845.1666666665744,9,8,7,180,24,8,3,5,44,38,6,5,6,0,0.13636363636363635,0.8636363636363636,16,2,167.7333333333248,0.20351870576340977,1,1,0,4,2,24,7,3,35,7,3,37,128.76666666654955,0.15623862487348508,5,11,3,0
difficulty-easy,20260712,1,0.12,0.45,0.2,0.18,3,30,9,892,3007638644,3426144383,true,false,851.9999999998824,872.9999999998824,9,8,7,180,21,6,3,9,52,40,12,9,12,0,0.23076923076923078,0.7692307692307693,18,2.25,167.7333333333248,0.19687010954618303,1,1,0,5,3,33,6,3,40,6,3,40,144.766666666535,0.16991392801238847,5,11,3,0
difficulty-easy,20260712,1,0.12,0.45,0.2,0.18,3,30,9,893,3824768980,921130409,false,false,771.4666666666224,792.4666666666224,9,8,7,179,26,8,3,15,52,51,1,15,1,0,0.019230769230769232,0.9807692307692307,20,2.5,167.7333333333248,0.21742136190805533,1,0,1,6,3,37,8,3,51,0,0,0,0,0,3,5,3,0
difficulty-easy,20260712,1,0.12,0.45,0.2,0.18,3,30,9,894,3666819603,3407268388,true,false,815.3999999999157,836.3999999999157,9,8,7,180,20,6,3,8,44,38,6,8,6,0,0.13636363636363635,0.8636363636363636,19,2.375,167.7333333333248,0.20570681056333348,1,1,0,6,3,27,6,3,34,6,3,37,117.0666666665602,0.14356961818318897,5,13,2,0
difficulty-easy,20260712,1,0.12,0.45,0.2,0.18,3,30,9,895,565282796,2491287435,true,false,795.733333333267,816.733333333267,9,8,7,180,26,7,3,18,57,54,3,18,3,0,0.05263157894736842,0.9473684210526315,22,2.75,167.7333333333248,0.21079088471850552,1,1,0,6,3,37,7,3,53,7,3,53,114.26666666656274,0.14359919571033714,4,6,2,0
difficulty-easy,20260712,1,0.12,0.45,0.2,0.18,3,30,9,896,1034986187,1489091593,true,false,807.6333333332561,828.6333333332561,9,8,7,180,24,7,3,12,54,45,9,12,9,0,0.16666666666666666,0.8333333333333334,19,2.375,167.7333333333248,0.2076850055718447,1,1,0,6,3,35,7,3,43,7,3,45,110.99999999989905,0.13743860662830862,5,5,2,0
difficulty-easy,20260712,1,0.12,0.45,0.2,0.18,3,30,9,897,3094554290,2551589867,true,false,780.1333333332811,801.1333333332811,9,8,7,180,22,7,3,3,41,35,6,3,6,0,0.14634146341463414,0.8536585365853658,17,2.125,167.7333333333248,0.21500598188344217,1,1,0,5,3,26,6,3,33,6,3,33,102.56666666657338,0.13147325243537034,3,6,4,0
difficulty-easy,20260712,1,0.12,0.45,0.2,0.18,3,30,9,898,2410296034,1986038675,true,false,824.4333333332409,845.4333333332409,9,8,7,180,17,5,1,6,35,33,2,6,2,0,0.05714285714285714,0.9428571428571428,13,1.625,167.7333333333248,0.20345287672341844,1,1,0,3,1,23,5,1,32,5,1,32,120.33333333322389,0.14595884041552265,5,10,2,0
difficulty-easy,20260712,1,0.12,0.45,0.2,0.18,3,30,9,899,3664171361,797740433,true,false,813.4666666665842,834.4666666665842,9,8,7,180,27,8,3,12,51,49,2,12,2,0,0.0392156862745098,0.9607843137254902,22,2.75,167.7333333333248,0.2061957056220396,1,1,0,6,3,40,8,3,47,8,3,48,113.26666666656365,0.1392394689394056,5,11,2,0
difficulty-easy,20260712,1,0.12,0.45,0.2,0.18,3,30,9,900,3057833667,2951685231,false,false,794.2999999999349,815.2999999999349,9,8,7,179,16,4,3,1,34,27,7,1,7,0,0.20588235294117646,0.7941176470588235,13,1.625,167.7333333333248,0.211171261907766,1,0,1,3,3,21,4,3,27,0,0,0,0,0,5,14,2,0
difficulty-easy,20260712,1,0.12,0.45,0.2,0.18,3,30,9,901,3764476056,1104664335,true,false,783.8999999999444,804.8999999999444,9,8,7,180,20,6,3,4,38,32,6,4,6,0,0.15789473684210525,0.8421052631578947,13,1.625,167.7333333333248,0.21397287068929288,1,1,0,3,3,25,6,3,31,6,3,31,80.79999999992651,0.10307437173100172,5,11,2,0
difficulty-easy,20260712,1,0.12,0.45,0.2,0.18,3,30,9,902,3040325505,3846965674,true,false,820.9666666665773,841.9666666665773,9,8,7,180,24,8,3,14,51,47,4,14,4,0,0.0784313725490196,0.9215686274509803,20,2.5,167.7333333333248,0.20431198993058147,1,1,0,6,2,40,7,3,46,7,3,46,151.3999999998623,0.1844167444880573,2,3,2,0
difficulty-easy,20260712,1,0.12,0.45,0.2,0.18,3,30,9,903,3506744145,3173909350,true,false,788.5999999999401,809.5999999999401,9,8,7,180,24,7,3,11,51,45,6,11,6,0,0.11764705882352941,0.8823529411764706,19,2.375,167.7333333333248,0.21269760757461012,1,1,0,5,3,32,7,3,43,7,3,44,111.39999999989868,0.14126299771735626,3,5,2,0
difficulty-easy,20260712,1,0.12,0.45,0.2,0.18,3,30,9,904,2999006242,4226335763,false,false,812.0999999999187,833.0999999999187,9,8,7,179,26,8,2,30,70,66,4,30,4,0,0.05714285714285714,0.9428571428571428,25,3.125,167.7333333333248,0.2065427082050752,1,0,1,8,2,49,8,2,65,0,0,0,0,0,4,5,4,0
difficulty-easy,20260712,1,0.12,0.45,0.2,0.18,3,30,9,905,4047059182,1043503997,true,false,780.666666666614,801.666666666614,9,8,7,180,20,6,3,6,41,36,5,6,5,0,0.12195121951219512,0.8780487804878049,18,2.25,167.7333333333248,0.21485909479078066,1,1,0,5,3,30,6,3,35,6,3,35,102.53333333324008,0.1313407344149193,3,7,2,0
difficulty-easy,20260712,1,0.12,0.45,0.2,0.18,3,30,9,906,3230344576,24500391,false,false,847.8666666665529,868.8666666665529,9,8,7,179,18,5,2,12,45,40,5,12,5,0,0.1111111111111111,0.8888888888888888,16,2,167.7333333333248,0.197829847460309,1,0,1,4,2,31,5,2,40,0,0,0,0,0,4,5,2,0
difficulty-easy,20260712,1,0.12,0.45,0.2,0.18,3,30,9,907,3796108564,306858420,false,false,789.9666666666055,810.9666666666055,9,8,7,179,20,6,3,10,50,38,12,10,12,0,0.24,0.76,16,2,167.7333333333248,0.2123296341617846,1,0,1,4,3,31,6,3,37,0,0,0,0,0,7,11,5,0
difficulty-easy,20260712,1,0.12,0.45,0.2,0.18,3,30,9,908,3096250060,2490631564,true,false,772.6666666666213,793.6666666666213,9,8,7,180,19,6,3,8,41,37,4,8,4,0,0.0975609756097561,0.9024390243902439,18,2.25,167.7333333333248,0.21708369283865572,1,1,0,5,3,30,5,3,34,5,3,34,78.99999999992815,0.1022433132009484,5,10,3,0
difficulty-easy,20260712,1,0.12,0.45,0.2,0.18,3,30,9,909,644405032,2187483541,true,false,743.8666666666475,764.8666666666475,9,8,7,180,30,8,3,16,61,56,5,16,5,0,0.08196721311475409,0.9180327868852459,26,3.25,167.7333333333248,0.22548843878830765,1,1,0,7,3,48,8,3,55,8,3,55,57.066666666614765,0.07671625739373038,5,11,2,0
difficulty-easy,20260712,1,0.12,0.45,0.2,0.18,3,30,9,910,3197065273,2949260950,true,false,764.8666666666284,785.8666666666284,9,8,7,180,25,8,3,8,48,42,6,8,6,0,0.125,0.875,20,2.5,167.7333333333248,0.2192974810424473,1,1,0,6,3,32,7,3,40,8,3,41,79.93333333326063,0.10450623202292074,5,8,2,0
difficulty-easy,20260712,1,0.12,0.45,0.2,0.18,3,30,9,911,2776619879,2414410620,false,false,803.766666666593,824.766666666593,9,8,7,179,29,9,3,13,60,50,10,13,10,0,0.16666666666666666,0.8333333333333334,24,3,167.7333333333248,0.2086841123045745,1,0,1,7,3,41,8,3,49,0,0,0,0,0,4,5,4,0
difficulty-easy,20260712,1,0.12,0.45,0.2,0.18,3,30,9,912,1793074428,3251511099,false,false,795.3333333332673,816.3333333332673,9,8,7,179,23,7,3,6,43,39,4,6,4,0,0.09302325581395349,0.9069767441860465,17,2.125,167.7333333333248,0.21089689857502772,1,0,1,5,2,29,7,3,37,0,0,0,0,0,5,10,2,0
difficulty-easy,20260712,1,0.12,0.45,0.2,0.18,3,30,9,913,504352145,3667994689,false,false,793.2666666666025,814.2666666666025,9,8,7,179,26,8,3,11,54,47,7,11,7,0,0.12962962962962962,0.8703703703703703,20,2.5,167.7333333333248,0.21144634002858015,1,0,1,6,3,33,8,3,46,0,0,0,0,0,5,14,2,0
difficulty-easy,20260712,1,0.12,0.45,0.2,0.18,3,30,9,914,3065766968,1893731289,false,false,846.1999999998877,867.1999999998877,9,8,7,179,21,6,3,14,48,44,4,14,4,0,0.08333333333333333,0.9166666666666666,20,2.5,167.7333333333248,0.1982194910580797,1,0,1,6,3,36,6,3,42,0,0,0,0,0,5,8,2,0
difficulty-easy,20260712,1,0.12,0.45,0.2,0.18,3,30,9,915,1149341402,357686095,true,false,791.9666666666037,812.9666666666037,9,8,7,180,20,6,3,5,43,34,9,5,9,0,0.20930232558139536,0.7906976744186046,17,2.125,167.7333333333248,0.2117934256492337,1,1,0,5,3,26,5,3,33,5,3,33,111.5333333332319,0.14083084304883298,5,4,3,0
difficulty-easy,20260712,1,0.12,0.45,0.2,0.18,3,30,9,916,3540731945,4204597720,false,false,838.533333333228,859.533333333228,9,8,7,179,24,7,3,16,58,50,8,16,8,0,0.13793103448275862,0.8620689655172413,21,2.625,167.7333333333248,0.20003180155829128,1,0,1,6,3,41,7,3,50,0,0,0,0,0,2,5,3,0
difficulty-easy,20260712,1,0.12,0.45,0.2,0.18,3,30,9,917,1193013337,1378761208,false,false,860.8333333332077,881.8333333332077,9,8,7,179,28,8,3,30,72,68,4,30,4,0,0.05555555555555555,0.9444444444444444,25,3.125,167.7333333333248,0.19484995159730795,1,0,1,7,3,51,8,3,68,0,0,0,0,0,5,14,2,0
difficulty-easy,20260712,1,0.12,0.45,0.2,0.18,3,30,9,918,3086951538,3707035004,false,false,772.8666666666211,793.8666666666211,9,8,7,179,26,8,3,7,48,43,5,7,5,0,0.10416666666666667,0.8958333333333334,20,2.5,167.7333333333248,0.2170275166048495,1,0,1,6,3,32,8,3,43,0,0,0,0,0,3,5,3,0
difficulty-easy,20260712,1,0.12,0.45,0.2,0.18,3,30,9,919,59924655,3071167372,false,false,799.2333333332638,820.2333333332638,9,8,7,179,20,6,2,13,47,42,5,13,5,0,0.10638297872340426,0.8936170212765957,16,2,167.7333333333248,0.20986778996539107,1,0,1,4,2,36,6,2,41,0,0,0,0,0,6,10,2,0
difficulty-easy,20260712,1,0.12,0.45,0.2,0.18,3,30,9,920,1071924375,2659105351,true,false,859.3666666665424,880.3666666665424,9,8,7,180,27,9,3,11,54,46,8,11,8,0,0.14814814814814814,0.8518518518518519,19,2.375,167.7333333333248,0.1951824987394,1,1,0,6,3,30,7,3,39,8,3,45,179.93333333316968,0.2093790000386281,4,5,5,0
difficulty-easy,20260712,1,0.12,0.45,0.2,0.18,3,30,9,921,2689210652,1496640871,true,false,853.4666666665478,874.4666666665478,9,8,7,180,21,6,3,5,39,36,3,5,3,0,0.07692307692307693,0.9230769230769231,20,2.5,167.7333333333248,0.1965317919075318,1,1,0,6,3,32,6,3,35,6,3,35,155.56666666652518,0.18227620684254045,5,14,2,0
difficulty-easy,20260712,1,0.12,0.45,0.2,0.18,3,30,9,922,821904855,4092422009,true,false,767.8999999999589,788.8999999999589,9,8,7,180,26,8,3,6,47,41,6,6,6,0,0.1276595744680851,0.8723404255319149,21,2.625,167.7333333333248,0.21843121934279694,1,1,0,6,3,34,7,3,39,8,3,40,97.36666666657811,0.12679602378771104,2,5,2,0
difficulty-easy,20260712,1,0.12,0.45,0.2,0.18,3,30,9,923,1213368780,2345459639,true,false,747.8666666666438,768.8666666666438,9,8,7,180,25,7,3,14,56,48,8,14,8,0,0.14285714285714285,0.8571428571428571,23,2.875,167.7333333333248,0.22428240328043758,1,1,0,6,3,42,6,3,46,6,3,47,56.69999999994843,0.07581565341408918,5,11,3,0
difficulty-easy,20260712,1,0.12,0.45,0.2,0.18,3,30,9,924,3124433466,2710460627,true,false,767.3666666666261,788.3666666666261,9,8,7,180,19,6,3,4,39,33,6,4,6,0,0.15384615384615385,0.8461538461538461,14,1.75,167.7333333333248,0.21858303288302028,1,1,0,4,3,25,6,3,32,6,3,32,78.29999999992879,0.10203727031831752,5,8,2,0
difficulty-easy,20260712,1,0.12,0.45,0.2,0.18,3,30,9,925,2245915604,972488536,true,false,833.1666666665662,854.1666666665662,9,8,7,180,24,7,3,15,58,49,9,15,9,0,0.15517241379310345,0.8448275862068966,22,2.75,167.7333333333248,0.20132026405282458,1,1,0,6,3,41,7,3,48,7,3,48,148.96666666653118,0.1787957591516893,5,7,3,0
difficulty-easy,20260712,1,0.12,0.45,0.2,0.18,3,30,9,926,1466012397,4003162438,true,false,776.9999999999507,797.9999999999507,9,8,7,180,18,6,3,5,38,32,6,5,6,0,0.15789473684210525,0.8421052631578947,16,2,167.7333333333248,0.2158730158730186,1,1,0,5,3,23,5,3,31,5,3,31,79.5666666665943,0.10240240240231577,5,10,5,0
difficulty-easy,20260712,1,0.12,0.45,0.2,0.18,3,30,9,927,402262889,3515715558,false,false,833.6666666665658,854.6666666665658,9,8,7,179,24,7,3,16,55,50,5,16,5,0,0.09090909090909091,0.9090909090909091,23,2.875,167.7333333333248,0.20119952019193732,1,0,1,7,3,40,7,3,50,0,0,0,0,0,3,5,3,0
difficulty-easy,20260712,1,0.12,0.45,0.2,0.18,3,30,9,928,2602740465,1483003507,true,false,812.9666666665846,833.9666666665846,9,8,7,180,24,8,2,9,45,42,3,9,3,0,0.06666666666666667,0.9333333333333333,20,2.5,167.7333333333248,0.2063225224486552,1,1,0,6,2,35,7,2,41,7,2,41,110.89999999989914,0.1364139571117024,5,11,2,0
difficulty-easy,20260712,1,0.12,0.45,0.2,0.18,3,30,9,929,3284993541,868253878,true,false,811.799999999919,832.799999999919,9,8,7,180,30,9,3,11,56,51,5,11,5,0,0.08928571428571429,0.9107142857142857,23,2.875,167.7333333333248,0.20661903588733865,1,1,0,7,3,38,9,3,48,9,3,50,118.63333333322544,0.14613615833116195,5,10,2,0
difficulty-easy,20260712,1,0.12,0.45,0.2,0.18,3,30,9,930,942700194,485714837,false,false,771.433333333289,792.433333333289,9,8,7,179,22,7,3,4,37,36,1,4,1,0,0.02702702702702703,0.972972972972973,17,2.125,167.7333333333248,0.2174307566002693,1,0,1,5,3,26,7,3,36,0,0,0,0,0,3,6,2,0
difficulty-easy,20260712,1,0.12,0.45,0.2,0.18,3,30,9,931,2520856085,296332017,false,false,785.733333333276,806.733333333276,9,8,7,179,25,8,3,12,55,47,8,12,8,0,0.14545454545454545,0.8545454545454545,20,2.5,167.7333333333248,0.21347361276090746,1,0,1,6,3,34,8,3,47,0,0,0,0,0,4,5,2,0
difficulty-easy,20260712,1,0.12,0.45,0.2,0.18,3,30,9,932,2486346287,978657743,true,false,748.8666666666429,769.8666666666429,9,8,7,180,28,9,3,20,62,57,5,20,5,0,0.08064516129032258,0.9193548387096774,22,2.75,167.7333333333248,0.22398290750466943,1,1,0,7,3,37,8,3,47,8,3,56,52.433333333285645,0.0700169144484385,5,13,4,0
difficulty-easy,20260712,1,0.12,0.45,0.2,0.18,3,30,9,933,3323974632,665002779,true,false,806.7999999999236,827.7999999999236,9,8,7,180,22,7,3,5,49,37,12,5,12,0,0.24489795918367346,0.7551020408163265,19,2.375,167.7333333333248,0.2078995207403826,1,1,0,5,3,29,6,3,35,6,3,35,118.2666666665591,0.14658734093526316,4,13,2,0
difficulty-easy,20260712,1,0.12,0.45,0.2,0.18,3,30,9,934,272725077,2572975760,true,false,827.2333333332383,848.2333333332383,9,8,7,180,26,8,3,13,53,49,4,13,4,0,0.07547169811320754,0.9245283018867925,23,2.875,167.7333333333248,0.20276423419431527,1,1,0,7,3,36,8,3,47,8,3,49,115.76666666656138,0.13994439295632993,6,6,2,0
difficulty-easy,20260712,1,0.12,0.45,0.2,0.18,3,30,9,935,1602680924,356929749,true,false,790.566666666605,811.566666666605,9,8,7,180,18,5,3,4,38,32,6,4,6,0,0.15789473684210525,0.8421052631578947,16,2,167.7333333333248,0.21216848673947533,1,1,0,5,3,26,5,3,31,5,3,31,117.79999999989286,0.1490070413626117,2,7,2,0
difficulty-easy,20260712,1,0.12,0.45,0.2,0.18,3,30,9,936,2474483380,768412751,false,false,789.8666666666056,810.8666666666056,9,8,7,179,26,7,3,9,47,44,3,9,3,0,0.06382978723404255,0.9361702127659575,21,2.625,167.7333333333248,0.21235651586766258,1,0,1,6,3,32,7,3,44,0,0,0,0,0,5,11,2,0
difficulty-easy,20260712,1,0.12,0.45,0.2,0.18,3,30,9,937,2773434816,3623971566,false,false,781.9666666666128,802.9666666666128,9,8,7,179,18,5,3,0,38,28,10,0,10,0,0.2631578947368421,0.7368421052631579,16,2,167.7333333333248,0.21450189692655655,1,0,1,5,3,25,5,3,28,0,0,0,0,0,2,5,2,0
difficulty-easy,20260712,1,0.12,0.45,0.2,0.18,3,30,9,938,175318380,1622806700,false,false,814.5999999999165,835.5999999999165,9,8,7,179,23,7,3,7,46,38,8,7,8,0,0.17391304347826086,0.8260869565217391,21,2.625,167.7333333333248,0.20590883050987233,1,0,1,6,3,35,7,3,38,0,0,0,0,0,3,5,3,0
difficulty-easy,20260712,1,0.12,0.45,0.2,0.18,3,30,9,939,535835238,714751649,true,false,777.1666666666172,798.1666666666172,9,8,7,180,18,5,3,6,38,34,4,6,4,0,0.10526315789473684,0.8947368421052632,16,2,167.7333333333248,0.2158267209950703,1,1,0,5,3,24,5,3,30,5,3,30,92.73333333324899,0.1193223246835791,5,10,2,0
difficulty-easy,20260712,1,0.12,0.45,0.2,0.18,3,30,9,940,1739754714,530203535,true,false,806.8999999999235,827.8999999999235,9,8,7,180,26,8,3,21,61,57,4,21,4,0,0.06557377049180328,0.9344262295081968,23,2.875,167.7333333333248,0.20787375552527043,1,1,0,7,3,40,8,3,56,8,3,56,115.86666666656129,0.14359482794221376,6,8,2,0
difficulty-easy,20260712,1,0.12,0.45,0.2,0.18,3,30,9,941,3618987659,3115410064,false,false,791.4333333332709,812.4333333332709,9,8,7,179,33,10,3,25,71,68,3,25,3,0,0.04225352112676056,0.9577464788732394,29,3.625,167.7333333333248,0.2119361496019939,1,0,1,9,3,47,10,3,65,0,0,0,0,0,6,10,3,0
difficulty-easy,20260712,1,0.12,0.45,0.2,0.18,3,30,9,942,2086536537,4205027581,false,false,851.3666666665497,872.3666666665497,9,8,7,179,27,8,3,24,70,61,9,24,9,0,0.12857142857142856,0.8714285714285714,27,3.375,167.7333333333248,0.19701656160684528,1,0,1,8,3,49,8,3,61,0,0,0,0,0,3,5,2,0
difficulty-easy,20260712,1,0.12,0.45,0.2,0.18,3,30,9,943,2662488750,2711068908,true,false,816.4333333332481,837.4333333332481,9,8,7,180,23,7,3,11,51,44,7,11,7,0,0.13725490196078433,0.8627450980392157,21,2.625,167.7333333333248,0.20544645408893436,1,1,0,7,3,34,7,3,42,7,3,43,114.99999999989541,0.14085657126514606,7,8,2,0
difficulty-easy,20260712,1,0.12,0.45,0.2,0.18,3,30,9,944,3787713063,238302861,false,false,786.7999999999417,807.7999999999417,9,8,7,179,28,9,3,16,60,54,6,16,6,0,0.1,0.9,25,3.125,167.7333333333248,0.21318420606677327,1,0,1,8,3,47,9,3,53,0,0,0,0,0,3,5,3,0
difficulty-easy,20260712,1,0.12,0.45,0.2,0.18,3,30,9,945,3081263109,646658755,false,false,850.7999999998835,871.7999999998835,9,8,7,179,24,7,2,19,59,53,6,19,6,0,0.1016949152542373,0.8983050847457628,22,2.75,167.7333333333248,0.1971477824792522,1,0,1,7,2,43,7,2,52,0,0,0,0,0,5,9,4,0
difficulty-easy,20260712,1,0.12,0.45,0.2,0.18,3,30,9,946,1441428547,653327865,true,false,824.1666666665744,845.1666666665744,9,8,7,180,21,6,3,8,43,39,4,8,4,0,0.09302325581395349,0.9069767441860465,16,2,167.7333333333248,0.20351870576340977,1,1,0,4,3,28,6,3,38,6,3,38,135.13333333321043,0.16396359959542028,6,14,2,0
difficulty-easy,20260712,1,0.12,0.45,0.2,0.18,3,30,9,947,1345279160,1679115596,false,false,832.3999999999003,853.3999999999003,9,8,7,179,24,7,3,4,44,37,7,4,7,0,0.1590909090909091,0.8409090909090909,22,2.75,167.7333333333248,0.20150568636874686,1,0,1,7,3,32,7,3,37,0,0,0,0,0,3,5,3,0
difficulty-easy,20260712,1,0.12,0.45,0.2,0.18,3,30,9,948,3578699072,3628247524,true,false,783.9333333332777,804.9333333332777,9,8,7,180,19,6,3,0,32,28,4,0,4,0,0.125,0.875,19,2.375,167.7333333333248,0.21396377242963266,1,1,0,6,3,26,6,3,28,6,3,28,81.66666666659239,0.10417552512960054,4,10,3,0
difficulty-easy,20260712,1,0.12,0.45,0.2,0.18,3,30,9,949,2433015263,2996708795,true,false,776.7666666666175,797.7666666666175,9,8,7,180,22,7,2,9,41,41,0,9,0,0,0,1,18,2.25,167.7333333333248,0.2159378620778467,1,1,0,5,2,32,6,2,37,6,2,39,92.96666666658211,0.1196841608375591,5,11,3,0
difficulty-easy,20260712,1,0.12,0.45,0.2,0.18,3,30,9,950,445071897,2600849336,true,false,838.199999999895,859.199999999895,9,8,7,180,29,10,3,9,54,47,7,9,7,0,0.12962962962962962,0.8703703703703703,26,3.25,167.7333333333248,0.2001113497176638,1,1,0,8,3,38,9,3,44,9,3,46,151.83333333319524,0.18114212996088555,5,5,3,0
difficulty-easy,20260712,1,0.12,0.45,0.2,0.18,3,30,9,951,589512613,1310431026,false,false,806.4999999999238,827.4999999999238,9,8,7,179,24,7,3,7,49,41,8,7,8,0,0.16326530612244897,0.8367346938775511,20,2.5,167.7333333333248,0.20797685472205907,1,0,1,6,3,33,7,3,41,0,0,0,0,0,5,14,4,0
difficulty-easy,20260712,1,0.12,0.45,0.2,0.18,3,30,9,952,2908303188,2258518151,false,false,778.2999999999495,799.2999999999495,9,8,7,179,28,8,3,19,64,57,7,19,7,0,0.109375,0.890625,24,3,167.7333333333248,0.2155124416463262,1,0,1,7,3,42,8,3,55,0,0,0,0,0,4,7,3,0
difficulty-easy,20260712,1,0.12,0.45,0.2,0.18,3,30,9,953,3920574325,2292017706,true,false,789.1666666666063,810.1666666666063,9,8,7,180,19,6,3,2,34,31,3,2,3,0,0.08823529411764706,0.9117647058823529,13,1.625,167.7333333333248,0.2125448785638914,1,1,0,3,3,21,6,3,30,6,3,30,115.83333333322798,0.14677930306217973,2,5,2,0
difficulty-easy,20260712,1,0.12,0.45,0.2,0.18,3,30,9,954,3413126657,3865241069,true,false,786.166666666609,807.166666666609,9,8,7,180,22,7,2,14,53,45,8,14,8,0,0.1509433962264151,0.8490566037735849,18,2.25,167.7333333333248,0.21335594657621848,1,1,0,5,2,33,6,2,44,6,2,44,110.16666666656647,0.14013143947412493,3,7,4,0
difficulty-easy,20260712,1,0.12,0.45,0.2,0.18,3,30,9,955,2896586202,315623067,false,false,779.6333333332816,800.6333333332816,9,8,7,179,21,6,3,12,48,43,5,12,5,0,0.10416666666666667,0.8958333333333334,20,2.5,167.7333333333248,0.21514387105049715,1,0,1,6,3,35,6,3,42,0,0,0,0,0,3,5,2,0
difficulty-easy,20260712,1,0.12,0.45,0.2,0.18,3,30,9,956,3472520175,2309041618,true,false,770.8333333332896,791.8333333332896,9,8,7,180,22,7,3,7,46,39,7,7,7,0,0.15217391304347827,0.8478260869565217,19,2.375,167.7333333333248,0.21760000000000126,1,1,0,6,3,32,7,3,37,7,3,37,79.39999999992779,0.10300540540531757,4,7,2,0
difficulty-easy,20260712,1,0.12,0.45,0.2,0.18,3,30,9,957,1095532579,1591727351,false,false,860.4333333332081,881.4333333332081,9,8,7,179,33,10,3,14,66,57,9,14,9,0,0.13636363636363635,0.8636363636363636,28,3.5,167.7333333333248,0.19494053383955667,1,0,1,9,3,42,10,3,54,0,0,0,0,0,5,8,3,0
difficulty-easy,20260712,1,0.12,0.45,0.2,0.18,3,30,9,958,3188523528,13954226,false,false,778.8333333332823,799.8333333332823,9,8,7,179,28,9,3,11,52,49,3,11,3,0,0.057692307692307696,0.9423076923076923,24,3,167.7333333333248,0.21536486197303972,1,0,1,8,3,34,9,3,49,0,0,0,0,0,6,9,3,0
difficulty-easy,20260712,1,0.12,0.45,0.2,0.18,3,30,9,959,4261899638,3042559616,true,false,808.6666666665885,829.6666666665885,9,8,7,180,23,6,3,12,52,45,7,12,7,0,0.1346153846153846,0.8653846153846154,23,2.875,167.7333333333248,0.20741962077494766,1,1,0,6,3,39,6,3,42,6,3,43,109.06666666656747,0.13487221764209978,6,7,3,0
difficulty-easy,20260712,1,0.12,0.45,0.2,0.18,3,30,9,960,1687083484,1980570914,true,false,832.8666666665665,853.8666666665665,9,8,7,180,26,7,3,17,58,53,5,17,5,0,0.08620689655172414,0.9137931034482759,23,2.875,167.7333333333248,0.20139277995678975,1,1,0,6,3,43,7,3,52,7,3,52,156.53333333319097,0.18794524933948187,3,4,3,0
difficulty-easy,20260712,1,0.12,0.45,0.2,0.18,3,30,9,961,2287499379,678414123,true,false,733.1333333333239,754.1333333333239,9,8,7,180,19,6,3,5,38,33,5,5,5,0,0.13157894736842105,0.868421052631579,16,2,167.7333333333248,0.22878966990996674,1,1,0,5,3,26,5,3,31,5,3,32,54.733333333283554,0.07465672456117704,6,14,2,0
difficulty-easy,20260712,1,0.12,0.45,0.2,0.18,3,30,9,962,4258697595,686976379,false,false,853.266666666548,874.266666666548,9,8,7,179,25,7,3,15,59,49,10,15,10,0,0.1694915254237288,0.8305084745762712,18,2.25,167.7333333333248,0.19657785764514588,1,0,1,5,3,38,7,3,47,0,0,0,0,0,5,8,3,0
difficulty-easy,20260712,1,0.12,0.45,0.2,0.18,3,30,9,963,462238887,744800442,true,false,818.9999999999125,839.9999999999125,9,8,7,180,21,6,3,10,45,41,4,10,4,0,0.08888888888888889,0.9111111111111111,20,2.5,167.7333333333248,0.20480260480261628,1,1,0,6,3,34,6,3,37,6,3,39,129.89999999988186,0.1586080586079313,6,5,2,0
difficulty-easy,20260712,1,0.12,0.45,0.2,0.18,3,30,9,964,120531426,611215294,true,false,835.0666666665645,856.0666666665645,9,8,7,180,26,8,3,12,58,48,10,12,10,0,0.1724137931034483,0.8275862068965517,21,2.625,167.7333333333248,0.20086220661026502,1,1,0,6,3,35,8,3,48,8,3,48,155.56666666652518,0.18629251157577545,2,5,2,0
difficulty-easy,20260712,1,0.12,0.45,0.2,0.18,3,30,9,965,2196722015,856401051,false,false,800.8666666665956,821.8666666665956,9,8,7,179,24,7,3,17,58,51,7,17,7,0,0.1206896551724138,0.8793103448275862,23,2.875,167.7333333333248,0.20943977357863108,1,0,1,7,3,43,7,3,51,0,0,0,0,0,5,14,3,0
difficulty-easy,20260712,1,0.12,0.45,0.2,0.18,3,30,9,966,1687691848,1824544692,true,false,857.3999999998775,878.3999999998775,9,8,7,180,19,6,2,7,42,36,6,7,6,0,0.14285714285714285,0.8571428571428571,19,2.375,167.7333333333248,0.19563019982895818,1,1,0,6,2,30,6,2,35,6,2,36,146.66666666653327,0.17105979317302802,5,11,2,0
difficulty-easy,20260712,1,0.12,0.45,0.2,0.18,3,30,9,967,277546577,301367261,false,false,859.3333333332091,880.3333333332091,9,8,7,179,28,8,3,13,60,51,9,13,9,0,0.15,0.85,25,3.125,167.7333333333248,0.19519006982158538,1,0,1,7,3,44,8,3,50,0,0,0,0,0,5,8,2,0
difficulty-easy,20260712,1,0.12,0.45,0.2,0.18,3,30,9,968,2458585462,3677066272,true,false,775.4666666666187,796.4666666666187,9,8,7,180,26,8,3,22,64,58,6,22,6,0,0.09375,0.90625,22,2.75,167.7333333333248,0.2162998624484205,1,1,0,6,3,43,7,3,55,7,3,56,80.56666666659339,0.10389442916084728,5,8,3,0
difficulty-easy,20260712,1,0.12,0.45,0.2,0.18,3,30,9,969,658956673,639051345,true,false,824.2999999999076,845.2999999999076,9,8,7,180,22,7,3,11,51,43,8,11,8,0,0.1568627450980392,0.8431372549019608,21,2.625,167.7333333333248,0.20348578591937835,1,1,0,7,3,36,7,3,41,7,3,42,124.53333333322007,0.1510776820735582,5,8,2,0
difficulty-easy,20260712,1,0.12,0.45,0.2,0.18,3,30,9,970,1213978238,1111058557,false,false,804.099999999926,825.099999999926,9,8,7,179,27,8,3,14,54,50,4,14,4,0,0.07407407407407407,0.9259259259259259,22,2.75,167.7333333333248,0.20859760394644972,1,0,1,6,3,41,8,3,49,0,0,0,0,0,5,11,2,0
difficulty-easy,20260712,1,0.12,0.45,0.2,0.18,3,30,9,971,3809629347,1622747663,false,false,834.5333333332317,855.5333333332317,9,8,7,179,28,8,3,17,57,55,2,17,2,0,0.03508771929824561,0.9649122807017544,24,3,167.7333333333248,0.2009905735740676,1,0,1,7,3,46,8,3,54,0,0,0,0,0,2,5,2,0
difficulty-easy,20260712,1,0.12,0.45,0.2,0.18,3,30,9,972,3376765198,2177055838,true,false,758.6333333333007,779.6333333333007,9,8,7,180,23,7,3,5,40,37,3,5,3,0,0.075,0.925,18,2.25,167.7333333333248,0.22109934531394,1,1,0,5,3,28,6,3,36,6,3,36,78.59999999992851,0.10360736411959914,5,10,3,0
difficulty-easy,20260712,1,0.12,0.45,0.2,0.18,3,30,9,973,1172418238,629219332,true,false,790.233333333272,811.233333333272,9,8,7,180,27,8,3,19,63,56,7,19,7,0,0.1111111111111111,0.8888888888888888,23,2.875,167.7333333333248,0.21225798287426223,1,1,0,7,3,42,8,3,55,8,3,56,80.23333333326036,0.1015311933183447,5,10,2,0
difficulty-easy,20260712,1,0.12,0.45,0.2,0.18,3,30,9,974,3910719142,383489947,true,false,758.8333333333005,779.8333333333005,9,8,7,180,20,6,3,3,36,33,3,3,3,0,0.08333333333333333,0.9166666666666666,20,2.5,167.7333333333248,0.22104107182077581,1,1,0,6,3,30,6,3,32,6,3,32,72.46666666660076,0.09549747419275716,6,13,2,0
difficulty-easy,20260712,1,0.12,0.45,0.2,0.18,3,30,9,975,3966493012,2316709138,true,false,823.3333333332419,844.3333333332419,9,8,7,180,22,7,3,5,42,37,5,5,5,0,0.11904761904761904,0.8809523809523809,17,2.125,167.7333333333248,0.20372469635628757,1,1,0,5,3,25,7,3,36,7,3,36,131.4666666665471,0.1596761133601964,4,10,2,0
difficulty-easy,20260712,1,0.12,0.45,0.2,0.18,3,30,9,976,818227614,3004407232,true,false,802.6999999999273,823.6999999999273,9,8,7,180,23,7,3,1,41,33,8,1,8,0,0.1951219512195122,0.8048780487804879,17,2.125,167.7333333333248,0.20896142186787092,1,1,0,5,3,25,6,3,30,7,3,32,112.6999999998975,0.1404011461316902,5,11,2,0
difficulty-easy,20260712,1,0.12,0.45,0.2,0.18,3,30,9,977,1461362866,2485410031,false,false,850.7999999998835,871.7999999998835,9,8,7,179,31,9,3,12,64,53,11,12,11,0,0.171875,0.828125,30,3.75,167.7333333333248,0.1971477824792522,1,0,1,9,3,45,9,3,52,0,0,0,0,0,3,7,3,0
difficulty-easy,20260712,1,0.12,0.45,0.2,0.18,3,30,9,978,3612420950,113636708,false,false,780.333333333281,801.333333333281,9,8,7,179,24,7,3,6,43,40,3,6,3,0,0.06976744186046512,0.9302325581395349,20,2.5,167.7333333333248,0.21495087569415128,1,0,1,6,2,33,7,3,39,0,0,0,0,0,2,4,2,0
difficulty-easy,20260712,1,0.12,0.45,0.2,0.18,3,30,9,979,958016093,2276318793,true,false,798.1333333332648,819.1333333332648,9,8,7,180,25,8,3,13,50,47,3,13,3,0,0.06,0.94,21,2.625,167.7333333333248,0.21015703307718744,1,1,0,6,3,39,7,3,45,8,3,46,107.2333333332358,0.13435516204466047,6,10,2,0
difficulty-easy,20260712,1,0.12,0.45,0.2,0.18,3,30,9,980,565551732,4270869137,false,false,779.4333333332818,800.4333333332818,9,8,7,179,25,8,3,8,47,42,5,8,5,0,0.10638297872340426,0.8936170212765957,22,2.75,167.7333333333248,0.2151990762519812,1,0,1,7,3,37,8,3,42,0,0,0,0,0,2,5,3,0
difficulty-easy,20260712,1,0.12,0.45,0.2,0.18,3,30,9,981,2873724877,371137481,true,false,758.2999999999677,779.2999999999677,9,8,7,180,26,8,3,6,45,42,3,6,3,0,0.06666666666666667,0.9333333333333333,25,3.125,167.7333333333248,0.2211965361114756,1,1,0,8,3,37,8,3,41,8,3,41,57.69999999994752,0.07609125675847288,5,11,2,0
difficulty-easy,20260712,1,0.12,0.45,0.2,0.18,3,30,9,982,1006145271,3758812595,false,false,831.1333333332348,852.1333333332348,9,8,7,179,21,6,3,6,41,37,4,6,4,0,0.0975609756097561,0.9024390243902439,19,2.375,167.7333333333248,0.20181278575440526,1,0,1,6,3,28,6,3,36,0,0,0,0,0,3,7,2,0
difficulty-easy,20260712,1,0.12,0.45,0.2,0.18,3,30,9,983,3419587441,193384334,true,false,807.2333333332565,828.2333333332565,9,8,7,180,23,7,3,13,52,46,6,13,6,0,0.11538461538461539,0.8846153846153846,20,2.5,167.7333333333248,0.2077879175785697,1,1,0,6,3,37,7,3,44,7,3,45,116.49999999989404,0.14432010571074674,6,8,3,0
difficulty-easy,20260712,1,0.12,0.45,0.2,0.18,3,30,9,984,127526150,3698235621,true,false,798.0333333332649,819.0333333332649,9,8,7,180,26,8,3,5,50,41,9,5,9,0,0.18,0.82,21,2.625,167.7333333333248,0.2101833674449762,1,1,0,6,3,33,8,3,40,8,3,40,112.6999999998975,0.14122217117067853,5,7,2,0
difficulty-easy,20260712,1,0.12,0.45,0.2,0.18,3,30,9,985,1956947084,916410653,false,false,808.2999999999222,829.2999999999222,9,8,7,179,26,8,3,23,68,59,9,23,9,0,0.1323529411764706,0.8676470588235294,26,3.25,167.7333333333248,0.207513711905655,1,0,1,8,3,47,8,3,58,0,0,0,0,0,5,10,3,0
difficulty-easy,20260712,1,0.12,0.45,0.2,0.18,3,30,9,986,2914862651,3428820699,true,false,833.9333333332322,854.9333333332322,9,8,7,180,29,8,3,21,67,60,7,21,7,0,0.1044776119402985,0.8955223880597015,25,3.125,167.7333333333248,0.20113518266849284,1,1,0,7,3,44,8,3,58,8,3,59,154.36666666652627,0.18510672315917936,2,3,3,0
difficulty-easy,20260712,1,0.12,0.45,0.2,0.18,3,30,9,987,635096783,2784133832,true,false,808.4333333332554,829.4333333332554,9,8,7,180,16,4,3,7,36,33,3,7,3,0,0.08333333333333333,0.9166666666666666,14,1.75,167.7333333333248,0.2074794870737735,1,1,0,4,3,25,4,3,32,4,3,32,109.89999999990005,0.13594194532624085,5,8,2,0
difficulty-easy,20260712,1,0.12,0.45,0.2,0.18,3,30,9,988,4059015902,1973228943,false,false,843.9666666665564,864.9666666665564,9,8,7,179,24,7,3,19,58,53,5,19,5,0,0.08620689655172414,0.9137931034482759,18,2.25,167.7333333333248,0.1987440262253802,1,0,1,5,2,42,7,3,53,0,0,0,0,0,5,8,2,0
difficulty-easy,20260712,1,0.12,0.45,0.2,0.18,3,30,9,989,2918745987,2102025352,false,false,834.0333333332321,855.0333333332321,9,8,7,179,20,5,2,10,47,40,7,10,7,0,0.14893617021276595,0.851063829787234,17,2.125,167.7333333333248,0.20111106670398282,1,0,1,4,2,32,5,2,40,0,0,0,0,0,3,4,3,0
difficulty-easy,20260712,1,0.12,0.45,0.2,0.18,3,30,9,990,3313379949,4109451914,true,false,782.9666666666119,803.9666666666119,9,8,7,180,15,4,3,0,28,24,4,0,4,0,0.14285714285714285,0.8571428571428571,11,1.375,167.7333333333248,0.21422793648091004,1,1,0,3,2,18,4,3,23,4,3,24,84.69999999992297,0.10817829622367349,4,11,2,0
difficulty-easy,20260712,1,0.12,0.45,0.2,0.18,3,30,9,991,1676637696,296290578,true,false,775.6999999999518,796.6999999999518,9,8,7,180,21,6,3,3,43,34,9,3,9,0,0.20930232558139536,0.7906976744186046,16,2,167.7333333333248,0.2162347986764667,1,1,0,4,3,26,6,3,33,6,3,33,77.3999999999296,0.09978084310936497,5,10,3,0
difficulty-easy,20260712,1,0.12,0.45,0.2,0.18,3,30,9,992,1714921302,1727649748,true,false,831.266666666568,852.266666666568,9,8,7,180,23,7,3,16,51,48,3,16,3,0,0.058823529411764705,0.9411764705882353,20,2.5,167.7333333333248,0.20178041543028075,1,1,0,6,3,38,6,3,45,6,3,46,133.29999999987876,0.16035768706379172,5,12,2,0
difficulty-easy,20260712,1,0.12,0.45,0.2,0.18,3,30,9,993,4173353121,2385002023,true,false,848.1999999998859,869.1999999998859,9,8,7,180,25,8,3,12,54,46,8,12,8,0,0.14814814814814814,0.8518518518518519,19,2.375,167.7333333333248,0.19775210249156727,1,1,0,5,2,38,7,3,45,7,3,45,147.79999999986558,0.17425135581217338,5,13,2,0
difficulty-easy,20260712,1,0.12,0.45,0.2,0.18,3,30,9,994,481502886,1614118035,true,false,783.8999999999444,804.8999999999444,9,8,7,180,23,7,3,6,46,39,7,6,7,0,0.15217391304347827,0.8478260869565217,23,2.875,167.7333333333248,0.21397287068929288,1,1,0,7,3,38,7,3,39,7,3,39,87.06666666658748,0.11106858868043584,4,11,3,0
difficulty-easy,20260712,1,0.12,0.45,0.2,0.18,3,30,9,995,3099379630,1056517541,true,false,779.2666666666153,800.2666666666153,9,8,7,180,22,7,3,5,41,37,4,5,4,0,0.0975609756097561,0.9024390243902439,17,2.125,167.7333333333248,0.21524510223287174,1,1,0,5,2,25,7,3,32,7,3,36,91.53333333325008,0.11746086063810778,4,10,3,0
difficulty-easy,20260712,1,0.12,0.45,0.2,0.18,3,30,9,996,3686769458,3479322266,false,false,835.5666666665641,856.5666666665641,9,8,7,179,16,5,3,0,31,26,5,0,5,0,0.16129032258064516,0.8387096774193549,11,1.375,167.7333333333248,0.20074201140943718,1,0,1,3,2,18,5,3,26,0,0,0,0,0,3,7,2,0
difficulty-easy,20260712,1,0.12,0.45,0.2,0.18,3,30,9,997,1410639379,2654782746,false,false,777.9333333332831,798.9333333332831,9,8,7,179,27,8,3,12,54,49,5,12,5,0,0.09259259259259259,0.9074074074074074,22,2.75,167.7333333333248,0.21561402005313515,1,0,1,6,3,41,8,3,49,0,0,0,0,0,2,4,2,0
difficulty-easy,20260712,1,0.12,0.45,0.2,0.18,3,30,9,998,2623188868,3341151651,true,false,804.6666666665922,825.6666666665922,9,8,7,180,22,6,3,3,36,35,1,3,1,0,0.027777777777777776,0.9722222222222222,15,1.875,167.7333333333248,0.2084507042253608,1,1,0,4,3,24,6,3,31,6,3,34,117.1666666665601,0.14560894780435496,6,14,2,0
difficulty-easy,20260712,1,0.12,0.45,0.2,0.18,3,30,9,999,1552928479,4286439448,true,false,774.8666666666193,795.8666666666193,9,8,7,180,22,6,3,6,43,37,6,6,6,0,0.13953488372093023,0.8604651162790697,19,2.375,167.7333333333248,0.21646734922137364,1,1,0,5,3,31,6,3,36,6,3,36,80.09999999992715,0.10337262324692255,5,9,2,0
difficulty-easy,20260712,1,0.12,0.45,0.2,0.18,3,30,9,1000,269680255,104826553,true,false,779.1999999999487,800.1999999999487,9,8,7,180,24,7,3,9,48,43,5,9,5,0,0.10416666666666667,0.8958333333333334,22,2.75,167.7333333333248,0.2152635181382647,1,1,0,6,3,38,7,3,42,7,3,42,88.333333333253,0.11336413415459294,5,10,2,0
difficulty-easy,20260712,1,0.12,0.45,0.2,0.18,3,30,9,1001,1950426969,2122144294,true,false,801.9666666665946,822.9666666665946,9,8,7,180,29,9,3,8,54,46,8,8,8,0,0.14814814814814814,0.8518518518518519,23,2.875,167.7333333333248,0.20915250010391936,1,1,0,7,3,35,8,3,44,8,3,45,119.93333333322425,0.14954902531265019,5,6,3,0
difficulty-easy,20260712,1,0.12,0.45,0.2,0.18,3,30,9,1002,323712127,1393752954,true,false,817.5333333332471,838.5333333332471,9,8,7,180,20,6,3,2,34,32,2,2,2,0,0.058823529411764705,0.9411764705882353,15,1.875,167.7333333333248,0.20517002364838435,1,1,0,4,3,23,6,3,30,6,3,31,130.56666666654792,0.1597080649105786,5,11,1,0
difficulty-easy,20260712,1,0.12,0.45,0.2,0.18,3,30,9,1003,3165395713,3197372681,true,false,837.9999999998952,858.9999999998952,9,8,7,180,24,8,3,14,53,47,6,14,6,0,0.11320754716981132,0.8867924528301887,18,2.25,167.7333333333248,0.20015910898967276,1,1,0,5,3,36,7,3,44,7,3,46,154.99999999985903,0.18496420047718187,4,7,2,0
difficulty-easy,20260712,1,0.12,0.45,0.2,0.18,3,30,9,1004,3722055240,2805228360,false,false,840.4666666665596,861.4666666665596,9,8,7,179,23,6,3,13,53,46,7,13,7,0,0.1320754716981132,0.8679245283018868,21,2.625,167.7333333333248,0.19957166653448025,1,0,1,6,3,36,6,3,45,0,0,0,0,0,5,7,2,0
difficulty-easy,20260712,1,0.12,0.45,0.2,0.18,3,30,9,1005,1017605448,4174147395,true,false,793.6666666666022,814.6666666666022,9,8,7,180,24,7,3,9,49,43,6,9,6,0,0.12244897959183673,0.8775510204081632,20,2.5,167.7333333333248,0.21133977320454234,1,1,0,6,3,33,7,3,41,7,3,41,117.79999999989286,0.14842503149924707,2,6,2,0
difficulty-easy,20260712,1,0.12,0.45,0.2,0.18,3,30,9,1006,1461589554,700126599,true,false,829.7666666665693,850.7666666665693,9,8,7,180,22,7,3,20,60,52,8,20,8,0,0.13333333333333333,0.8666666666666667,20,2.5,167.7333333333248,0.20214518137630394,1,1,0,6,3,39,7,3,51,7,3,51,153.4333333331938,0.18491142088122578,3,5,2,0
difficulty-easy,20260712,1,0.12,0.45,0.2,0.18,3,30,9,1007,3369353292,3140395852,false,false,842.4666666665578,863.4666666665578,9,8,7,179,21,6,3,10,48,41,7,10,7,0,0.14583333333333334,0.8541666666666666,18,2.25,167.7333333333248,0.19909788715677748,1,0,1,5,3,32,6,3,41,0,0,0,0,0,3,5,2,0
difficulty-easy,20260712,1,0.12,0.45,0.2,0.18,3,30,9,1008,51194020,3281695844,false,false,801.2666666665953,822.2666666665953,9,8,7,179,24,7,3,21,66,55,11,21,11,0,0.16666666666666666,0.8333333333333334,21,2.625,167.7333333333248,0.20933521923621734,1,0,1,6,3,41,7,3,52,0,0,0,0,0,2,3,3,0
difficulty-easy,20260712,1,0.12,0.45,0.2,0.18,3,30,9,1009,4131673846,787761916,false,false,806.3999999999239,827.3999999999239,9,8,7,179,28,8,3,25,70,63,7,25,7,0,0.1,0.9,25,3.125,167.7333333333248,0.20800264550265454,1,0,1,7,3,54,8,3,63,0,0,0,0,0,3,7,3,0
difficulty-easy,20260712,1,0.12,0.45,0.2,0.18,3,30,9,1010,3293072552,946758833,true,false,762.3999999999639,783.3999999999639,9,8,7,180,24,7,3,9,48,43,5,9,5,0,0.10416666666666667,0.8958333333333334,19,2.375,167.7333333333248,0.2200069954529548,1,1,0,6,3,31,6,3,38,7,3,42,64.46666666660803,0.08455753760048673,5,11,3,0
difficulty-easy,20260712,1,0.12,0.45,0.2,0.18,3,30,9,1011,2663502007,386356492,true,false,769.2999999999577,790.2999999999577,9,8,7,180,24,8,3,7,46,39,7,7,7,0,0.15217391304347827,0.8478260869565217,19,2.375,167.7333333333248,0.2180337102994073,1,1,0,6,3,30,6,3,37,7,3,38,79.06666666659476,0.10277741669907592,5,10,2,0
difficulty-easy,20260712,1,0.12,0.45,0.2,0.18,3,30,9,1012,4224692755,2653808683,false,false,794.4999999999347,815.4999999999347,9,8,7,179,26,8,3,21,68,57,11,21,11,0,0.16176470588235295,0.8382352941176471,26,3.25,167.7333333333248,0.21111810362912345,1,0,1,8,3,48,8,3,57,0,0,0,0,0,5,8,3,0
difficulty-easy,20260712,1,0.12,0.45,0.2,0.18,3,30,9,1013,176653515,186042942,false,false,855.2999999998794,876.2999999998794,9,8,7,179,21,6,2,15,48,44,4,15,4,0,0.08333333333333333,0.9166666666666666,18,2.25,167.7333333333248,0.1961105265209265,1,0,1,5,2,35,5,2,42,0,0,0,0,0,5,11,3,0
difficulty-easy,20260712,1,0.12,0.45,0.2,0.18,3,30,9,1014,1091213574,3256916076,true,false,767.8666666666256,788.8666666666256,9,8,7,180,22,7,3,10,50,42,8,10,8,0,0.16,0.84,20,2.5,167.7333333333248,0.21844070151067949,1,1,0,6,3,35,7,3,41,7,3,42,78.79999999992833,0.10262198298306895,5,10,2,0
difficulty-easy,20260712,1,0.12,0.45,0.2,0.18,3,30,9,1015,1653624981,1396413615,true,false,830.9666666665682,851.9666666665682,9,8,7,180,25,8,3,28,65,62,3,28,3,0,0.046153846153846156,0.9538461538461539,24,3,167.7333333333248,0.20185326326769384,1,1,0,7,3,48,7,3,60,7,3,61,142.86666666653673,0.17192827630456936,4,6,2,0
difficulty-easy,20260712,1,0.12,0.45,0.2,0.18,3,30,9,1016,2775543002,1043022369,true,false,784.2333333332774,805.2333333332774,9,8,7,180,26,8,2,20,63,56,7,20,7,0,0.1111111111111111,0.8888888888888888,25,3.125,167.7333333333248,0.2138819228971013,1,1,0,8,2,48,8,2,53,8,2,55,90.26666666658457,0.11510179793419179,5,10,4,0
difficulty-easy,20260712,1,0.12,0.45,0.2,0.18,3,30,9,1017,1789204265,2291602340,true,false,751.3333333333073,772.3333333333073,9,8,7,180,17,5,2,3,35,30,5,3,5,0,0.14285714285714285,0.8571428571428571,12,1.5,167.7333333333248,0.223247559893519,1,1,0,3,2,20,5,2,27,5,2,29,60.43333333327837,0.08043478260862529,5,10,2,0
difficulty-easy,20260712,1,0.12,0.45,0.2,0.18,3,30,9,1018,1267733117,2059073604,false,false,776.1666666666181,797.1666666666181,9,8,7,179,21,6,2,11,46,42,4,11,4,0,0.08695652173913043,0.9130434782608695,19,2.375,167.7333333333248,0.216104788490447,1,0,1,5,2,39,6,2,42,0,0,0,0,0,3,7,2,0
difficulty-easy,20260712,1,0.12,0.45,0.2,0.18,3,30,9,1019,1244356243,801210554,false,false,808.833333333255,829.833333333255,9,8,7,179,28,8,3,10,54,46,8,10,8,0,0.14814814814814814,0.8518518518518519,24,3,167.7333333333248,0.20737688028024853,1,0,1,7,3,38,7,3,43,0,0,0,0,0,5,13,3,0
difficulty-easy,20260712,1,0.12,0.45,0.2,0.18,3,30,9,1020,1837441118,3250628065,true,false,762.8333333332969,783.8333333332969,9,8,7,180,25,8,3,5,44,40,4,5,4,0,0.09090909090909091,0.9090909090909091,20,2.5,167.7333333333248,0.21988201878959948,1,1,0,6,3,30,8,3,38,8,3,39,79.5666666665943,0.10430412934227412,5,7,2,0
difficulty-easy,20260712,1,0.12,0.45,0.2,0.18,3,30,9,1021,3731070425,4073488734,false,false,819.3333333332455,840.3333333332455,9,8,7,179,22,6,2,12,50,44,6,12,6,0,0.12,0.88,22,2.75,167.7333333333248,0.20471928397071942,1,0,1,6,2,39,6,2,44,0,0,0,0,0,3,5,3,0
difficulty-easy,20260712,1,0.12,0.45,0.2,0.18,3,30,9,1022,3945073189,3145441336,true,false,845.6666666665549,866.6666666665549,9,8,7,180,27,8,3,17,59,54,5,17,5,0,0.0847457627118644,0.9152542372881356,23,2.875,167.7333333333248,0.1983445013795983,1,1,0,6,3,41,8,3,53,8,3,53,161.53333333318642,0.19101300748901195,2,3,2,0
difficulty-easy,20260712,1,0.12,0.45,0.2,0.18,3,30,9,1023,2403268479,94637372,false,false,850.9333333332168,871.9333333332168,9,8,7,179,26,8,3,10,51,46,5,10,5,0,0.09803921568627451,0.9019607843137255,25,3.125,167.7333333333248,0.19711689125667634,1,0,1,8,3,40,8,3,46,0,0,0,0,0,3,5,2,0
difficulty-easy,20260712,1,0.12,0.45,0.2,0.18,3,30,9,1024,2080191606,1010933978,true,false,795.9999999999334,816.9999999999334,9,8,7,180,26,7,3,12,57,48,9,12,9,0,0.15789473684210525,0.8421052631578947,18,2.25,167.7333333333248,0.21072026800670707,1,1,0,5,3,30,7,3,47,7,3,47,119.19999999989159,0.1497487437184693,3,5,4,0
difficulty-easy,20260712,1,0.12,0.45,0.2,0.18,3,30,9,1025,173800117,3501957391,false,false,761.8666666666311,782.8666666666311,9,8,7,179,27,8,3,15,57,52,5,15,5,0,0.08771929824561403,0.9122807017543859,25,3.125,167.7333333333248,0.2201610080504016,1,0,1,8,3,41,8,3,52,0,0,0,0,0,2,5,2,0
difficulty-easy,20260712,1,0.12,0.45,0.2,0.18,3,30,9,1026,2164069321,1633973963,false,false,862.8999999998725,883.8999999998725,9,8,7,179,26,8,3,19,65,54,11,19,11,0,0.16923076923076924,0.8307692307692308,24,3,167.7333333333248,0.1943832811836245,1,0,1,7,3,45,7,3,51,0,0,0,0,0,6,13,2,0
difficulty-easy,20260712,1,0.12,0.45,0.2,0.18,3,30,9,1027,2964480438,688716603,true,false,749.099999999976,770.099999999976,9,8,7,180,23,7,3,4,41,36,5,4,5,0,0.12195121951219512,0.8780487804878049,18,2.25,167.7333333333248,0.22391314021269546,1,1,0,6,3,26,6,3,34,6,3,35,60.09999999994534,0.0802296088638997,5,14,2,0
difficulty-easy,20260712,1,0.12,0.45,0.2,0.18,3,30,9,1028,2240114495,644320615,true,false,786.933333333275,807.933333333275,9,8,7,180,20,6,3,3,36,33,3,3,3,0,0.08333333333333333,0.9166666666666666,17,2.125,167.7333333333248,0.21314808539478639,1,1,0,5,3,26,6,3,31,6,3,32,110.93333333323244,0.14096916299547696,2,5,1,0
difficulty-easy,20260712,1,0.12,0.45,0.2,0.18,3,30,9,1029,3866779460,1307717325,true,false,766.1666666666272,787.1666666666272,9,8,7,180,25,7,3,14,53,48,5,14,5,0,0.09433962264150944,0.9056603773584906,21,2.625,167.7333333333248,0.21892538612138365,1,1,0,6,3,34,7,3,47,7,3,47,102.29999999990696,0.13352186208385325,3,7,4,0
difficulty-easy,20260712,1,0.12,0.45,0.2,0.18,3,30,9,1030,2977187818,1642069979,true,false,849.7999999998844,870.7999999998844,9,8,7,180,30,9,3,24,74,64,10,24,10,0,0.13513513513513514,0.8648648648648649,28,3.5,167.7333333333248,0.19737977563349918,1,1,0,8,3,55,9,3,62,9,3,63,149.73333333319715,0.17619832117347317,5,11,3,0
difficulty-easy,20260712,1,0.12,0.45,0.2,0.18,3,30,9,1031,2381657595,1589992726,false,false,794.533333333268,815.533333333268,9,8,7,179,19,5,3,12,48,41,7,12,7,0,0.14583333333333334,0.8541666666666666,19,2.375,167.7333333333248,0.2111092465178787,1,0,1,5,3,35,5,3,41,0,0,0,0,0,4,6,2,0
difficulty-easy,20260712,1,0.12,0.45,0.2,0.18,3,30,9,1032,2150985253,635922455,false,false,829.8666666665692,850.8666666665692,9,8,7,179,27,7,3,11,56,48,8,11,8,0,0.14285714285714285,0.8571428571428571,23,2.875,167.7333333333248,0.20212082262212142,1,0,1,6,3,39,7,3,47,0,0,0,0,0,5,7,2,0
difficulty-easy,20260712,1,0.12,0.45,0.2,0.18,3,30,9,1033,3047270878,1825879003,false,false,797.5333333332653,818.5333333332653,9,8,7,179,23,7,2,14,57,47,10,14,10,0,0.17543859649122806,0.8245614035087719,22,2.75,167.7333333333248,0.21031513834323218,1,0,1,7,2,37,7,2,45,0,0,0,0,0,4,5,2,0
difficulty-easy,20260712,1,0.12,0.45,0.2,0.18,3,30,9,1034,3605484470,3356782374,true,false,779.5333333332817,800.5333333332817,9,8,7,180,18,5,3,4,35,32,3,4,3,0,0.08571428571428572,0.9142857142857143,14,1.75,167.7333333333248,0.21517147011032572,1,1,0,4,3,23,5,3,29,5,3,31,102.56666666657338,0.13157444624978215,3,7,1,0
difficulty-easy,20260712,1,0.12,0.45,0.2,0.18,3,30,9,1035,4244588478,3515451642,true,false,784.9999999999434,805.9999999999434,9,8,7,180,25,8,3,9,46,43,3,9,3,0,0.06521739130434782,0.9347826086956522,18,2.25,167.7333333333248,0.21367303609342278,1,1,0,5,3,30,7,3,41,8,3,42,93.33333333324845,0.11889596602962443,5,14,4,0
difficulty-easy,20260712,1,0.12,0.45,0.2,0.18,3,30,9,1036,3177819701,968719234,false,false,854.2999999998804,875.2999999998804,9,8,7,179,23,6,3,9,48,42,6,9,6,0,0.125,0.875,21,2.625,167.7333333333248,0.1963400834991786,1,0,1,6,3,34,6,3,42,0,0,0,0,0,6,13,2,0
difficulty-easy,20260712,1,0.12,0.45,0.2,0.18,3,30,9,1037,965949637,1745754709,true,false,758.7999999999672,779.7999999999672,9,8,7,180,21,6,2,3,40,34,6,3,6,0,0.15,0.85,19,2.375,167.7333333333248,0.22105078193638908,1,1,0,6,2,28,6,2,32,6,2,33,68.13333333327137,0.08979089790890131,5,10,3,0
difficulty-easy,20260712,1,0.12,0.45,0.2,0.18,3,30,9,1038,3289839780,3943478713,false,false,813.2666666665843,834.2666666665843,9,8,7,179,22,6,3,10,53,42,11,10,11,0,0.20754716981132076,0.7924528301886793,18,2.25,167.7333333333248,0.20624641364047272,1,0,1,5,3,31,6,3,42,0,0,0,0,0,3,5,2,0
difficulty-easy,20260712,1,0.12,0.45,0.2,0.18,3,30,9,1039,787684534,3871596814,true,false,820.8333333332441,841.8333333332441,9,8,7,180,21,7,3,3,44,33,11,3,11,0,0.25,0.75,17,2.125,167.7333333333248,0.20434517766498642,1,1,0,5,3,26,6,3,31,6,3,32,121.5999999998894,0.1481421319795768,5,8,4,0
difficulty-easy,20260712,1,0.12,0.45,0.2,0.18,3,30,9,1040,2058314458,2662885617,false,false,780.6333333332807,801.6333333332807,9,8,7,179,19,6,3,2,36,30,6,2,6,0,0.16666666666666666,0.8333333333333334,16,2,167.7333333333248,0.21486826935394693,1,0,1,5,3,23,6,3,30,0,0,0,0,0,3,5,3,0
difficulty-easy,20260712,1,0.12,0.45,0.2,0.18,3,30,9,1041,457564735,1306751984,true,false,774.5999999999528,795.5999999999528,9,8,7,180,24,7,3,10,53,44,9,10,9,0,0.16981132075471697,0.8301886792452831,20,2.5,167.7333333333248,0.21654187107324427,1,1,0,6,3,31,7,3,43,7,3,43,92.99999999991542,0.12006196746697789,5,11,3,0
difficulty-easy,20260712,1,0.12,0.45,0.2,0.18,3,30,9,1042,3181315813,3733534074,true,false,842.8999999998907,863.8999999998907,9,8,7,180,21,7,3,4,38,35,3,4,3,0,0.07894736842105263,0.9210526315789473,15,1.875,167.7333333333248,0.19899553130068398,1,1,0,4,3,24,6,3,31,7,3,34,145.16666666653464,0.17222288132228433,5,9,2,0
difficulty-easy,20260712,1,0.12,0.45,0.2,0.18,3,30,9,1043,124366119,1114143936,false,false,837.4999999998956,858.4999999998956,9,8,7,179,22,7,3,3,48,33,15,3,15,0,0.3125,0.6875,18,2.25,167.7333333333248,0.2002786069651889,1,0,1,5,3,27,7,3,33,0,0,0,0,0,3,7,2,0
difficulty-easy,20260712,1,0.12,0.45,0.2,0.18,3,30,9,1044,636840880,2309328551,true,false,819.6999999999118,840.6999999999118,9,8,7,180,23,7,3,11,50,44,6,11,6,0,0.12,0.88,20,2.5,167.7333333333248,0.20462770932456123,1,1,0,6,3,32,7,3,43,7,3,43,137.1333333332086,0.16729697856926115,4,7,2,0
difficulty-easy,20260712,1,0.12,0.45,0.2,0.18,3,30,9,1045,1936715493,2955459797,true,false,777.366666666617,798.366666666617,9,8,7,180,31,9,3,20,71,61,10,20,10,0,0.14084507042253522,0.8591549295774648,27,3.375,167.7333333333248,0.21577119334505662,1,1,0,8,3,50,9,3,59,9,3,60,78.33333333326209,0.10076754856129724,6,10,3,0
difficulty-easy,20260712,1,0.12,0.45,0.2,0.18,3,30,9,1046,3318413565,1304386496,false,false,832.366666666567,853.366666666567,9,8,7,179,24,7,3,12,51,44,7,12,7,0,0.13725490196078433,0.8627450980392157,21,2.625,167.7333333333248,0.2015137559569239,1,0,1,6,3,31,7,3,44,0,0,0,0,0,5,11,2,0
difficulty-easy,20260712,1,0.12,0.45,0.2,0.18,3,30,9,1047,220656317,718978957,false,false,821.1999999999105,842.1999999999105,9,8,7,179,21,6,2,6,42,36,6,6,6,0,0.14285714285714285,0.8571428571428571,18,2.25,167.7333333333248,0.2042539373275001,1,0,1,5,2,30,6,2,36,0,0,0,0,0,5,8,2,0
difficulty-easy,20260712,1,0.12,0.45,0.2,0.18,3,30,9,1048,2481950108,263387270,true,false,812.133333333252,833.133333333252,9,8,7,180,23,7,3,7,44,38,6,7,6,0,0.13636363636363635,0.8636363636363636,14,1.75,167.7333333333248,0.20653423083238578,1,1,0,4,3,23,7,3,37,7,3,37,116.23333333322762,0.14312099819394097,5,14,2,0
difficulty-easy,20260712,1,0.12,0.45,0.2,0.18,3,30,9,1049,1783678295,2385162156,true,false,918.1999999998222,939.1999999998222,9,8,7,180,28,8,3,20,63,58,5,20,5,0,0.07936507936507936,0.9206349206349206,27,3.375,167.7333333333248,0.18267625063532703,1,1,0,8,3,47,8,3,54,8,3,57,228.89999999979182,0.24929209322569826,6,10,2,0
difficulty-easy,20260712,1,0.12,0.45,0.2,0.18,3,30,9,1050,149455731,134912035,false,false,794.8999999999344,815.8999999999344,9,8,7,179,21,6,3,9,48,40,8,9,8,0,0.16666666666666666,0.8333333333333334,15,1.875,167.7333333333248,0.21101186732084368,1,0,1,4,3,28,6,3,39,0,0,0,0,0,5,14,2,0
difficulty-easy,20260712,1,0.12,0.45,0.2,0.18,3,30,9,1051,3271923921,39548055,true,false,834.0999999998987,855.0999999998987,9,8,7,180,29,9,3,17,65,56,9,17,9,0,0.13846153846153847,0.8615384615384616,25,3.125,167.7333333333248,0.20109499260681593,1,1,0,8,3,39,9,3,55,9,3,55,155.6666666665251,0.18662830196204772,3,4,3,0
difficulty-easy,20260712,1,0.12,0.45,0.2,0.18,3,30,9,1052,1417406491,2239117986,true,false,809.266666666588,830.266666666588,9,8,7,180,24,8,3,3,43,37,6,3,6,0,0.13953488372093023,0.8604651162790697,22,2.75,167.7333333333248,0.20726583738364912,1,1,0,7,3,34,8,3,36,8,3,36,115.53333333322826,0.14276299530427486,5,14,2,0
difficulty-easy,20260712,1,0.12,0.45,0.2,0.18,3,30,9,1053,3567932557,3435586071,false,false,791.9333333332704,812.9333333332704,9,8,7,179,24,7,3,9,45,43,2,9,2,0,0.044444444444444446,0.9555555555555556,18,2.25,167.7333333333248,0.21180234026433806,1,0,1,5,3,28,7,3,38,0,0,0,0,0,5,14,3,0
difficulty-easy,20260712,1,0.12,0.45,0.2,0.18,3,30,9,1054,2126074656,3768717102,true,false,858.7333333332097,879.7333333332097,9,8,7,180,23,6,2,16,53,49,4,16,4,0,0.07547169811320754,0.9245283018867925,19,2.375,167.7333333333248,0.19532644980981556,1,1,0,5,2,36,6,2,45,6,2,48,163.09999999985166,0.18993090598541473,5,11,2,0
difficulty-easy,20260712,1,0.12,0.45,0.2,0.18,3,30,9,1055,361258585,3937834108,false,false,778.6999999999491,799.6999999999491,9,8,7,179,27,8,3,13,60,50,10,13,10,0,0.16666666666666666,0.8333333333333334,25,3.125,167.7333333333248,0.21540173793930364,1,0,1,8,3,41,8,3,49,0,0,0,0,0,3,5,2,0
difficulty-easy,20260712,1,0.12,0.45,0.2,0.18,3,30,9,1056,1479568159,3859567345,true,false,781.2333333332801,802.2333333332801,9,8,7,180,19,6,3,0,36,29,7,0,7,0,0.19444444444444445,0.8055555555555556,14,1.75,167.7333333333248,0.2147032470026064,1,1,0,4,2,21,6,3,26,6,3,28,80.03333333326054,0.10244485215675982,5,11,2,0
difficulty-easy,20260712,1,0.12,0.45,0.2,0.18,3,30,9,1057,1678060935,2684758936,true,false,786.3666666666088,807.3666666666088,9,8,7,180,24,7,3,4,44,38,6,4,6,0,0.13636363636363635,0.8636363636363636,19,2.375,167.7333333333248,0.21330168284515766,1,1,0,5,3,31,7,3,37,7,3,37,111.29999999989877,0.14153702683214822,3,5,2,0
difficulty-easy,20260712,1,0.12,0.45,0.2,0.18,3,30,9,1058,1328946719,582740662,false,false,785.5333333332762,806.5333333332762,9,8,7,179,26,7,3,16,63,51,12,16,12,0,0.19047619047619047,0.8095238095238095,22,2.75,167.7333333333248,0.21352796401595983,1,0,1,6,3,40,7,3,51,0,0,0,0,0,3,7,3,0
difficulty-easy,20260712,1,0.12,0.45,0.2,0.18,3,30,9,1059,503465089,611566426,false,false,785.8666666666093,806.8666666666093,9,8,7,179,28,8,3,6,47,44,3,6,3,0,0.06382978723404255,0.9361702127659575,19,2.375,167.7333333333248,0.213437393959964,1,0,1,5,2,33,8,3,43,0,0,0,0,0,6,10,2,0
difficulty-easy,20260712,1,0.12,0.45,0.2,0.18,3,30,9,1060,3695434073,812589789,true,false,804.866666666592,825.866666666592,9,8,7,180,25,8,3,12,54,45,9,12,9,0,0.16666666666666666,0.8333333333333334,21,2.625,167.7333333333248,0.20839890665121388,1,1,0,6,2,37,6,2,43,6,2,43,114.36666666656265,0.14209392860089448,5,8,2,0
difficulty-easy,20260712,1,0.12,0.45,0.2,0.18,3,30,9,1061,645586045,426811389,false,false,771.8999999999553,792.8999999999553,9,8,7,179,26,8,3,13,56,48,8,13,8,0,0.14285714285714285,0.8571428571428571,22,2.75,167.7333333333248,0.2172993047458667,1,0,1,6,3,37,8,3,48,0,0,0,0,0,3,5,2,0
difficulty-easy,20260712,1,0.12,0.45,0.2,0.18,3,30,9,1062,4127156665,3904426308,false,false,794.3666666666015,815.3666666666015,9,8,7,179,26,7,3,19,58,55,3,19,3,0,0.05172413793103448,0.9482758620689655,23,2.875,167.7333333333248,0.21115353950737092,1,0,1,6,3,47,7,3,55,0,0,0,0,0,2,4,3,0
difficulty-easy,20260712,1,0.12,0.45,0.2,0.18,3,30,9,1063,4094603968,2992880673,true,false,846.1666666665544,867.1666666665544,9,8,7,180,26,8,3,11,52,46,6,11,6,0,0.11538461538461539,0.8846153846153846,20,2.5,167.7333333333248,0.1982272995863861,1,1,0,6,3,33,7,3,43,7,3,45,152.96666666652754,0.1807760488476043,5,7,2,0
difficulty-easy,20260712,1,0.12,0.45,0.2,0.18,3,30,9,1064,515314971,3039335306,true,false,806.633333333257,827.633333333257,9,8,7,180,24,7,3,16,59,50,9,16,9,0,0.15254237288135594,0.847457627118644,21,2.625,167.7333333333248,0.20794247696186702,1,1,0,6,3,41,7,3,49,7,3,49,120.03333333322416,0.14880780197516696,5,9,2,0
difficulty-easy,20260712,1,0.12,0.45,0.2,0.18,3,30,9,1065,2627986611,2873119751,true,false,775.8999999999517,796.8999999999517,9,8,7,180,16,5,3,0,33,26,7,0,7,0,0.21212121212121213,0.7878787878787878,13,1.625,167.7333333333248,0.21617906087554484,1,1,0,4,3,21,5,3,25,5,3,25,102.66666666657329,0.13231945697458394,3,6,2,0
difficulty-easy,20260712,1,0.12,0.45,0.2,0.18,3,30,9,1066,2731521344,777373295,false,false,767.8333333332923,788.8333333332923,9,8,7,179,25,8,3,12,53,45,8,12,8,0,0.1509433962264151,0.8490566037735849,20,2.5,167.7333333333248,0.21845018450184556,1,0,1,6,3,34,8,3,45,0,0,0,0,0,3,5,2,0
difficulty-easy,20260712,1,0.12,0.45,0.2,0.18,3,30,9,1067,4222969020,1430022732,false,false,827.4999999999047,848.4999999999047,9,8,7,179,22,6,3,5,41,36,5,5,5,0,0.12195121951219512,0.8780487804878049,18,2.25,167.7333333333248,0.20269889224573306,1,0,1,5,3,28,6,3,36,0,0,0,0,0,2,5,2,0
difficulty-easy,20260712,1,0.12,0.45,0.2,0.18,3,30,9,1068,1997459543,2466184659,true,false,810.4666666665869,831.4666666665869,9,8,7,180,29,8,3,23,73,62,11,23,11,0,0.1506849315068493,0.8493150684931506,24,3,167.7333333333248,0.2069589536892424,1,1,0,7,3,44,8,3,61,8,3,61,120.76666666655683,0.14900880151341045,6,5,3,0
difficulty-easy,20260712,1,0.12,0.45,0.2,0.18,3,30,9,1069,2059677226,1747399905,false,false,842.933333333224,863.933333333224,9,8,7,179,29,8,3,24,70,63,7,24,7,0,0.1,0.9,28,3.5,167.7333333333248,0.1989876621322523,1,0,1,8,3,49,8,3,63,0,0,0,0,0,4,7,3,0
difficulty-easy,20260712,1,0.12,0.45,0.2,0.18,3,30,9,1070,1815667476,2329579719,true,false,838.4999999998947,859.4999999998947,9,8,7,180,23,7,3,8,44,41,3,8,3,0,0.06818181818181818,0.9318181818181818,22,2.75,167.7333333333248,0.20003975352814055,1,1,0,7,3,34,7,3,40,7,3,40,146.66666666653327,0.17491552375259592,5,6,2,0
difficulty-easy,20260712,1,0.12,0.45,0.2,0.18,3,30,9,1071,419109569,4282657238,true,false,770.0666666666236,791.0666666666236,9,8,7,180,20,6,3,11,46,41,5,11,5,0,0.10869565217391304,0.8913043478260869,15,1.875,167.7333333333248,0.2178166392520139,1,1,0,4,3,25,6,3,38,6,3,39,80.6666666665933,0.10475283525226968,5,10,2,0
difficulty-easy,20260712,1,0.12,0.45,0.2,0.18,3,30,9,1072,1439090476,3703923917,true,false,788.6666666666067,809.6666666666067,9,8,7,180,18,5,2,8,41,36,5,8,5,0,0.12195121951219512,0.8780487804878049,16,2,167.7333333333248,0.21267962806424878,1,1,0,4,2,29,5,2,35,5,2,35,106.36666666656993,0.13486897717655708,4,9,4,0
difficulty-easy,20260712,1,0.12,0.45,0.2,0.18,3,30,9,1073,3495545275,3873713785,false,false,787.3999999999412,808.3999999999412,9,8,7,179,29,9,3,8,53,47,6,8,6,0,0.11320754716981132,0.8867924528301887,24,3,167.7333333333248,0.21302175937685716,1,0,1,8,3,38,9,3,46,0,0,0,0,0,6,10,2,0
difficulty-easy,20260712,1,0.12,0.45,0.2,0.18,3,30,9,1074,2939685664,2324890623,true,false,782.5666666666123,803.5666666666123,9,8,7,180,26,8,3,11,54,47,7,11,7,0,0.12962962962962962,0.8703703703703703,23,2.875,167.7333333333248,0.21433743664011984,1,1,0,7,3,40,8,3,46,8,3,46,77.46666666659621,0.09899050134165557,4,10,2,0
difficulty-easy,20260712,1,0.12,0.45,0.2,0.18,3,30,9,1075,1843369099,2724076158,true,false,824.9666666665737,845.9666666665737,9,8,7,180,25,8,3,10,50,44,6,10,6,0,0.12,0.88,20,2.5,167.7333333333248,0.20332134631703547,1,1,0,6,3,34,8,3,43,8,3,43,155.7333333331917,0.1887753040525386,2,4,2,0
difficulty-easy,20260712,1,0.12,0.45,0.2,0.18,3,30,9,1076,692760267,3793887307,false,false,837.2999999998958,858.2999999998958,9,8,7,179,25,7,3,19,58,54,4,19,4,0,0.06896551724137931,0.9310344827586207,23,2.875,167.7333333333248,0.20032644611650025,1,0,1,7,3,41,7,3,54,0,0,0,0,0,3,5,2,0
difficulty-easy,20260712,1,0.12,0.45,0.2,0.18,3,30,9,1077,1788159942,2887358901,true,false,835.233333333231,856.233333333231,9,8,7,180,27,8,3,13,55,50,5,13,5,0,0.09090909090909091,0.9090909090909091,19,2.375,167.7333333333248,0.20082212555375184,1,1,0,5,3,36,7,3,46,8,3,49,151.3999999998623,0.18126671189673246,2,3,2,0
difficulty-easy,20260712,1,0.12,0.45,0.2,0.18,3,30,9,1078,4004593307,2080696679,true,false,797.933333333265,818.933333333265,9,8,7,180,23,7,2,13,47,46,1,13,1,0,0.02127659574468085,0.9787234042553191,15,1.875,167.7333333333248,0.2102097084134086,1,1,0,4,2,27,6,2,44,6,2,44,109.26666666656729,0.1369370874758668,5,11,4,0
difficulty-easy,20260712,1,0.12,0.45,0.2,0.18,3,30,9,1079,3754762567,675796274,true,false,813.1666666665844,834.1666666665844,9,8,7,180,22,7,3,4,42,34,8,4,8,0,0.19047619047619047,0.8095238095238095,16,2,167.7333333333248,0.20627177700349467,1,1,0,5,3,23,5,3,28,5,3,29,128.79999999988286,0.1583931133427701,4,11,2,0
difficulty-easy,20260712,1,0.12,0.45,0.2,0.18,3,30,9,1080,3119013721,2942791146,false,false,834.4999999998984,855.4999999998984,9,8,7,179,27,8,3,21,68,58,10,21,10,0,0.14705882352941177,0.8529411764705882,24,3,167.7333333333248,0.2009986019572741,1,0,1,7,3,44,8,3,57,0,0,0,0,0,5,17,4,0
difficulty-easy,20260712,1,0.12,0.45,0.2,0.18,3,30,9,1081,2039167628,4187712939,true,false,755.9666666666365,776.9666666666365,9,8,7,180,25,7,3,11,51,46,5,11,5,0,0.09803921568627451,0.9019607843137255,25,3.125,167.7333333333248,0.22187927157281825,1,1,0,7,3,40,7,3,45,7,3,45,78.36666666659539,0.10366418272401587,5,10,2,0
difficulty-easy,20260712,1,0.12,0.45,0.2,0.18,3,30,9,1082,1979494358,527498774,true,false,794.199999999935,815.199999999935,9,8,7,180,18,6,3,0,34,27,7,0,7,0,0.20588235294117646,0.7941176470588235,14,1.75,167.7333333333248,0.2111978510870543,1,1,0,4,2,21,6,3,26,6,3,26,111.26666666656547,0.1400990514562762,2,5,2,0
difficulty-easy,20260712,1,0.12,0.45,0.2,0.18,3,30,9,1083,2162535159,104441580,true,false,819.0999999999124,840.0999999999124,9,8,7,180,25,8,3,14,61,49,12,14,12,0,0.19672131147540983,0.8032786885245902,23,2.875,167.7333333333248,0.204777601432478,1,1,0,7,3,36,8,3,42,8,3,47,130.3333333332148,0.15911773084266725,5,11,4,0
difficulty-easy,20260712,1,0.12,0.45,0.2,0.18,3,30,9,1084,1199214264,924731890,true,false,862.0999999998733,883.0999999998733,9,8,7,180,23,7,3,13,52,46,6,13,6,0,0.11538461538461539,0.8846153846153846,19,2.375,167.7333333333248,0.19456366237483988,1,1,0,5,3,33,7,3,41,7,3,45,161.3333333331866,0.18713992962905732,5,11,2,0
difficulty-easy,20260712,1,0.12,0.45,0.2,0.18,3,30,9,1085,855026596,3818725998,true,false,771.3999999999558,792.3999999999558,9,8,7,180,25,8,3,13,55,47,8,13,8,0,0.14545454545454545,0.8545454545454545,22,2.75,167.7333333333248,0.21744015210440032,1,1,0,7,3,37,7,3,45,7,3,46,79.99999999992724,0.10370754472379029,4,9,3,0
difficulty-easy,20260712,1,0.12,0.45,0.2,0.18,3,30,9,1086,1370705087,2130372772,false,false,855.5999999998792,876.5999999998792,9,8,7,179,23,6,2,21,65,54,11,21,11,0,0.16923076923076924,0.8307692307692308,19,2.375,167.7333333333248,0.19604176406422216,1,0,1,5,2,43,6,2,53,0,0,0,0,0,4,5,3,0
difficulty-easy,20260712,1,0.12,0.45,0.2,0.18,3,30,9,1087,2419897925,786072911,true,false,782.099999999946,803.099999999946,9,8,7,180,27,8,3,20,65,57,8,20,8,0,0.12307692307692308,0.8769230769230769,26,3.25,167.7333333333248,0.2144653283893829,1,1,0,8,3,50,8,3,56,8,3,56,83.53333333325736,0.10680646123675122,5,14,3,0
difficulty-easy,20260712,1,0.12,0.45,0.2,0.18,3,30,9,1088,2776881787,3605921168,true,false,805.2333333332583,826.2333333332583,9,8,7,180,19,6,3,6,44,35,9,6,9,0,0.20454545454545456,0.7954545454545454,17,2.125,167.7333333333248,0.2083040112596851,1,1,0,5,3,30,6,3,34,6,3,34,122.46666666655528,0.15208842157540262,5,9,2,0
difficulty-easy,20260712,1,0.12,0.45,0.2,0.18,3,30,9,1089,3075672514,3970257249,true,false,828.3999999999039,849.3999999999039,9,8,7,180,25,8,3,10,52,43,9,10,9,0,0.17307692307692307,0.8269230769230769,20,2.5,167.7333333333248,0.20247867374860484,1,1,0,6,3,31,7,3,42,7,3,42,155.6666666665251,0.1879124416544461,3,4,2,0
difficulty-easy,20260712,1,0.12,0.45,0.2,0.18,3,30,9,1090,2973502315,4196187302,true,false,783.4999999999447,804.4999999999447,9,8,7,180,29,9,3,14,53,53,0,14,0,0,0,1,26,3.25,167.7333333333248,0.21408211018932563,1,1,0,8,3,46,9,3,52,9,3,52,86.79999999992106,0.1107849393745082,4,11,3,0
difficulty-easy,20260712,1,0.12,0.45,0.2,0.18,3,30,9,1091,3024720023,375696264,true,false,805.8333333332578,826.8333333332578,9,8,7,180,27,8,3,14,60,51,9,14,9,0,0.15,0.85,23,2.875,167.7333333333248,0.20814891416753736,1,1,0,7,3,43,8,3,50,8,3,50,110.33333333323299,0.13691830403298036,6,10,3,0
difficulty-easy,20260712,1,0.12,0.45,0.2,0.18,3,30,9,1092,2935561978,2485336287,true,false,764.0666666666291,785.0666666666291,9,8,7,180,20,6,2,5,38,35,3,5,3,0,0.07894736842105263,0.9210526315789473,12,1.5,167.7333333333248,0.2195270918767992,1,1,0,3,2,22,5,2,32,5,2,32,77.73333333326264,0.1017363231828808,5,11,3,0
difficulty-easy,20260712,1,0.12,0.45,0.2,0.18,3,30,9,1093,138812241,959058928,false,false,767.2666666666262,788.2666666666262,9,8,7,179,22,6,3,8,43,40,3,8,3,0,0.06976744186046512,0.9302325581395349,18,2.25,167.7333333333248,0.2186115214180211,1,0,1,5,3,30,6,3,40,0,0,0,0,0,3,7,2,0
difficulty-easy,20260712,1,0.12,0.45,0.2,0.18,3,30,9,1094,3010520166,883455602,true,false,805.2999999999249,826.2999999999249,9,8,7,180,26,8,3,20,62,56,6,20,6,0,0.0967741935483871,0.9032258064516129,25,3.125,167.7333333333248,0.2082867668363845,1,1,0,8,3,44,8,3,55,8,3,55,111.49999999989859,0.13845771762064943,5,8,2,0
difficulty-easy,20260712,1,0.12,0.45,0.2,0.18,3,30,9,1095,4200500082,1465419485,true,false,843.3333333332237,864.3333333332237,9,8,7,180,24,8,3,8,52,41,11,8,11,0,0.21153846153846154,0.7884615384615384,20,2.5,167.7333333333248,0.1988932806324268,1,1,0,6,3,32,7,3,40,7,3,40,145.16666666653464,0.1721343873516445,5,10,2,0
difficulty-easy,20260712,1,0.12,0.45,0.2,0.18,3,30,9,1096,3310456696,3038804901,true,false,830.7666666665684,851.7666666665684,9,8,7,180,21,6,1,14,50,45,5,14,5,0,0.1,0.9,17,2.125,167.7333333333248,0.2019018577217967,1,1,0,4,1,38,6,1,44,6,1,44,150.56666666652973,0.18123821369804702,3,5,3,0
difficulty-easy,20260712,1,0.12,0.45,0.2,0.18,3,30,9,1097,49244587,113536693,true,false,775.5666666666186,796.5666666666186,9,8,7,180,22,6,3,12,53,44,9,12,9,0,0.16981132075471697,0.8301886792452831,21,2.625,167.7333333333248,0.21627197318090238,1,1,0,6,3,39,6,3,42,6,3,43,83.23333333325763,0.10731937937842798,5,11,2,0
difficulty-easy,20260712,1,0.12,0.45,0.2,0.18,3,30,9,1098,4000881526,3484405683,true,false,870.8333333331987,891.8333333331987,9,8,7,180,18,5,3,5,37,33,4,5,4,0,0.10810810810810811,0.8918918918918919,13,1.625,167.7333333333248,0.19261244019140755,1,1,0,3,3,23,5,3,32,5,3,32,169.69999999984566,0.1948708133969821,6,11,2,0
difficulty-easy,20260712,1,0.12,0.45,0.2,0.18,3,30,9,1099,2895489755,2159039177,false,false,796.5999999999328,817.5999999999328,9,8,7,179,24,7,3,8,48,41,7,8,7,0,0.14583333333333334,0.8541666666666666,18,2.25,167.7333333333248,0.21056155326806295,1,0,1,5,2,34,7,3,40,0,0,0,0,0,3,5,2,0
difficulty-easy,20260712,1,0.12,0.45,0.2,0.18,3,30,9,1100,1610675420,3806209579,false,false,775.933333333285,796.933333333285,9,8,7,179,24,7,3,11,57,45,12,11,12,0,0.21052631578947367,0.7894736842105263,23,2.875,167.7333333333248,0.21616977403557253,1,0,1,7,3,37,7,3,44,0,0,0,0,0,2,4,3,0
difficulty-easy,20260712,1,0.12,0.45,0.2,0.18,3,30,9,1101,3254056612,2053218975,false,false,851.2999999998831,872.2999999998831,9,8,7,179,29,9,3,10,57,48,9,10,9,0,0.15789473684210525,0.8421052631578947,24,3,167.7333333333248,0.1970319902893784,1,0,1,7,3,39,9,3,48,0,0,0,0,0,5,11,2,0
difficulty-easy,20260712,1,0.12,0.45,0.2,0.18,3,30,9,1102,2319805245,2577852223,true,false,765.2999999999613,786.2999999999613,9,8,7,180,28,8,3,17,62,55,7,17,7,0,0.11290322580645161,0.8870967741935484,26,3.25,167.7333333333248,0.21917330894202702,1,1,0,8,3,46,8,3,53,8,3,54,82.03333333325872,0.10719107975076816,5,8,4,0
difficulty-easy,20260712,1,0.12,0.45,0.2,0.18,3,30,9,1103,2807649167,2789091750,true,false,753.166666666639,774.166666666639,9,8,7,180,18,6,3,0,32,27,5,0,5,0,0.15625,0.84375,16,2,167.7333333333248,0.22270413808364367,1,1,0,5,3,25,6,3,27,6,3,27,56.79999999994834,0.07541491480409439,5,11,2,0
difficulty-easy,20260712,1,0.12,0.45,0.2,0.18,3,30,9,1104,2890782043,2519346073,false,false,791.4666666666042,812.4666666666042,9,8,7,179,23,7,3,7,44,38,6,7,6,0,0.13636363636363635,0.8636363636363636,17,2.125,167.7333333333248,0.2119272237196825,1,0,1,5,3,26,6,3,36,0,0,0,0,0,6,14,3,0
difficulty-easy,20260712,1,0.12,0.45,0.2,0.18,3,30,9,1105,2308842475,1361478871,true,false,755.4666666666369,776.4666666666369,9,8,7,180,17,5,3,11,40,38,2,11,2,0,0.05,0.95,15,1.875,167.7333333333248,0.22202612072008215,1,1,0,4,3,29,5,3,37,5,3,37,76.79999999993015,0.10165901870799485,5,6,2,0
difficulty-easy,20260712,1,0.12,0.45,0.2,0.18,3,30,9,1106,2310551829,260402370,false,false,854.8666666665465,875.8666666665465,9,8,7,179,27,8,3,4,46,41,5,4,5,0,0.10869565217391304,0.8913043478260869,22,2.75,167.7333333333248,0.19620993527257471,1,0,1,7,3,34,8,3,40,0,0,0,0,0,6,6,2,0
difficulty-easy,20260712,1,0.12,0.45,0.2,0.18,3,30,9,1107,2648864961,2240545470,false,false,842.4333333332245,863.4333333332245,9,8,7,179,30,9,3,18,65,58,7,18,7,0,0.1076923076923077,0.8923076923076924,24,3,167.7333333333248,0.19910576504571653,1,0,1,7,3,42,9,3,58,0,0,0,0,0,5,10,3,0
difficulty-easy,20260712,1,0.12,0.45,0.2,0.18,3,30,9,1108,2684841713,821943010,false,false,836.9333333332295,857.9333333332295,9,8,7,179,23,7,3,12,50,45,5,12,5,0,0.1,0.9,20,2.5,167.7333333333248,0.20041421061017875,1,0,1,6,3,36,7,3,44,0,0,0,0,0,3,5,2,0
difficulty-easy,20260712,1,0.12,0.45,0.2,0.18,3,30,9,1109,4195756781,1442262815,true,false,840.8666666665592,861.8666666665592,9,8,7,180,27,9,3,9,47,46,1,9,1,0,0.02127659574468085,0.9787234042553191,21,2.625,167.7333333333248,0.19947673035758293,1,1,0,6,2,36,8,3,43,9,3,45,140.86666666653855,0.16752556885739697,5,11,2,0
difficulty-easy,20260712,1,0.12,0.45,0.2,0.18,3,30,9,1110,993065601,50175478,false,false,767.3999999999594,788.3999999999594,9,8,7,179,25,7,3,15,57,50,7,15,7,0,0.12280701754385964,0.8771929824561403,22,2.75,167.7333333333248,0.21857353835461776,1,0,1,6,3,42,7,3,50,0,0,0,0,0,5,5,2,0
difficulty-easy,20260712,1,0.12,0.45,0.2,0.18,3,30,9,1111,4127414121,2252338141,true,false,772.3999999999548,793.3999999999548,9,8,7,180,22,7,3,2,38,34,4,2,4,0,0.10526315789473684,0.8947368421052632,17,2.125,167.7333333333248,0.217158639737616,1,1,0,5,2,26,7,3,33,7,3,33,89.23333333325218,0.11552736060753158,6,10,2,0
difficulty-easy,20260712,1,0.12,0.45,0.2,0.18,3,30,9,1112,3712345840,1071615846,true,false,815.7999999999154,836.7999999999154,9,8,7,180,25,7,3,21,63,56,7,21,7,0,0.1111111111111111,0.8888888888888888,23,2.875,167.7333333333248,0.2056059491705592,1,1,0,7,3,40,7,3,56,7,3,56,114.26666666656274,0.14006700988793158,5,8,2,0
difficulty-easy,20260712,1,0.12,0.45,0.2,0.18,3,30,9,1113,3938619071,2181371914,false,false,820.4666666665778,841.4666666665778,9,8,7,179,24,7,3,11,52,45,7,11,7,0,0.1346153846153846,0.8653846153846154,21,2.625,167.7333333333248,0.2044364995531116,1,0,1,6,3,37,7,3,44,0,0,0,0,0,6,11,2,0
difficulty-easy,20260712,1,0.12,0.45,0.2,0.18,3,30,9,1114,3912676143,3927890795,true,false,773.1333333332875,794.1333333332875,9,8,7,180,29,9,3,15,57,53,4,15,4,0,0.07017543859649122,0.9298245614035088,26,3.25,167.7333333333248,0.2169526601707356,1,1,0,8,3,45,8,3,52,8,3,52,77.2999999999297,0.09998275416047375,5,9,3,0
difficulty-easy,20260712,1,0.12,0.45,0.2,0.18,3,30,9,1115,143565222,2548765959,true,false,744.6333333333134,765.6333333333134,9,8,7,180,24,8,3,10,50,43,7,10,7,0,0.14,0.86,18,2.25,167.7333333333248,0.22525627825775005,1,1,0,6,3,31,8,3,42,8,3,42,51.999999999952706,0.06983302744073695,4,14,4,0
difficulty-easy,20260712,1,0.12,0.45,0.2,0.18,3,30,9,1116,1369411771,550246169,true,false,805.7999999999245,826.7999999999245,9,8,7,180,22,7,3,8,45,40,5,8,5,0,0.1111111111111111,0.8888888888888888,16,2,167.7333333333248,0.20815752461322973,1,1,0,4,3,31,7,3,38,7,3,39,117.99999999989268,0.1464383221641893,5,14,2,0
difficulty-easy,20260712,1,0.12,0.45,0.2,0.18,3,30,9,1117,2063688694,497636197,true,false,778.3666666666161,799.3666666666161,9,8,7,180,22,6,3,5,41,36,5,5,5,0,0.12195121951219512,0.8780487804878049,16,2,167.7333333333248,0.21549398312706397,1,1,0,4,3,29,5,3,34,6,3,35,90.06666666658475,0.11571238919094334,5,9,2,0
difficulty-easy,20260712,1,0.12,0.45,0.2,0.18,3,30,9,1118,1876181631,3455129903,false,false,865.0666666665372,886.0666666665372,9,8,7,179,22,6,3,8,48,40,8,8,8,0,0.16666666666666666,0.8333333333333334,20,2.5,167.7333333333248,0.19389642416771335,1,0,1,6,3,31,6,3,39,0,0,0,0,0,6,10,3,0
difficulty-easy,20260712,1,0.12,0.45,0.2,0.18,3,30,9,1119,2117384234,1649566856,false,false,774.6999999999528,795.6999999999528,9,8,7,179,24,7,3,6,46,38,8,6,8,0,0.17391304347826086,0.8260869565217391,15,1.875,167.7333333333248,0.21651391936663872,1,0,1,5,3,24,5,3,35,0,0,0,0,0,2,5,5,0
difficulty-easy,20260712,1,0.12,0.45,0.2,0.18,3,30,9,1120,2729360320,1856099162,true,false,823.133333333242,844.133333333242,9,8,7,180,24,7,2,15,52,48,4,15,4,0,0.07692307692307693,0.9230769230769231,21,2.625,167.7333333333248,0.203774196161023,1,1,0,6,2,38,7,2,47,7,2,47,153.4333333331938,0.18640155503346253,2,4,2,0
difficulty-easy,20260712,1,0.12,0.45,0.2,0.18,3,30,9,1121,1681120552,2140968776,false,false,851.6666666665494,872.6666666665494,9,8,7,179,29,8,3,31,77,70,7,31,7,0,0.09090909090909091,0.9090909090909091,28,3.5,167.7333333333248,0.19694716242663157,1,0,1,8,3,60,8,3,68,0,0,0,0,0,3,7,2,0
difficulty-easy,20260712,1,0.12,0.45,0.2,0.18,3,30,9,1122,3191459997,1801988314,true,false,796.2666666665998,817.2666666665998,9,8,7,180,27,9,3,11,53,48,5,11,5,0,0.09433962264150944,0.9056603773584906,19,2.375,167.7333333333248,0.21064969859344299,1,1,0,6,3,29,8,3,44,8,3,46,109.63333333323362,0.13768419290008727,5,11,3,0
difficulty-easy,20260712,1,0.12,0.45,0.2,0.18,3,30,9,1123,946104171,2255748603,false,false,810.0999999999206,831.0999999999206,9,8,7,179,26,7,3,12,56,48,8,12,8,0,0.14285714285714285,0.8571428571428571,24,3,167.7333333333248,0.20705262724767465,1,0,1,7,3,40,7,3,48,0,0,0,0,0,5,14,2,0
difficulty-easy,20260712,1,0.12,0.45,0.2,0.18,3,30,9,1124,368145703,1705254842,true,false,770.43333333329,791.43333333329,9,8,7,180,21,6,2,5,43,36,7,5,7,0,0.16279069767441862,0.8372093023255814,20,2.5,167.7333333333248,0.21771297538182094,1,1,0,6,2,31,6,2,34,6,2,35,79.46666666659439,0.10314541599956586,5,8,2,0
difficulty-easy,20260712,1,0.12,0.45,0.2,0.18,3,30,9,1125,3717192045,4285030500,false,false,845.4333333332218,866.4333333332218,9,8,7,179,20,5,3,9,42,39,3,9,3,0,0.07142857142857142,0.9285714285714286,19,2.375,167.7333333333248,0.19839924299177572,1,0,1,5,3,31,5,3,38,0,0,0,0,0,5,10,2,0
difficulty-easy,20260712,1,0.12,0.45,0.2,0.18,3,30,9,1126,1190648014,2143818247,true,false,849.5999999998846,870.5999999998846,9,8,7,180,24,8,3,18,60,52,8,18,8,0,0.13333333333333333,0.8666666666666667,21,2.625,167.7333333333248,0.19742623979913793,1,1,0,6,3,40,7,3,49,7,3,50,146.8666666665331,0.17286566227230818,5,11,2,0
difficulty-easy,20260712,1,0.12,0.45,0.2,0.18,3,30,9,1127,2152755312,4109502628,false,false,782.9333333332786,803.9333333332786,9,8,7,179,27,8,3,10,53,46,7,10,7,0,0.1320754716981132,0.8679245283018868,22,2.75,167.7333333333248,0.2142370572207125,1,0,1,6,3,39,8,3,45,0,0,0,0,0,4,5,2,0
difficulty-easy,20260712,1,0.12,0.45,0.2,0.18,3,30,9,1128,2660032779,4096933646,true,false,766.4999999999602,787.4999999999602,9,8,7,180,17,5,3,0,29,26,3,0,3,0,0.10344827586206896,0.896551724137931,14,1.75,167.7333333333248,0.2188301804740163,1,1,0,4,3,21,4,3,24,4,3,25,81.59999999992579,0.10645792563591654,5,8,2,0
difficulty-easy,20260712,1,0.12,0.45,0.2,0.18,3,30,9,1129,3648678354,2016360281,true,false,816.3666666665815,837.3666666665815,9,8,7,180,23,6,3,9,45,42,3,9,3,0,0.06666666666666667,0.9333333333333333,22,2.75,167.7333333333248,0.20546323139113423,1,1,0,6,3,34,6,3,40,6,3,40,119.73333333322444,0.14666612224887132,5,14,2,0
difficulty-easy,20260712,1,0.12,0.45,0.2,0.18,3,30,9,1130,1681924219,4064372209,false,false,829.4666666665696,850.4666666665696,9,8,7,179,25,7,3,11,49,46,3,11,3,0,0.061224489795918366,0.9387755102040817,18,2.25,167.7333333333248,0.20221829287897172,1,0,1,5,3,35,7,3,45,0,0,0,0,0,3,5,2,0
difficulty-easy,20260712,1,0.12,0.45,0.2,0.18,3,30,9,1131,1871168547,1953258638,true,false,822.8999999999089,843.8999999999089,9,8,7,180,20,5,2,18,54,48,6,18,6,0,0.1111111111111111,0.8888888888888888,19,2.375,167.7333333333248,0.20383197634383687,1,1,0,5,2,39,5,2,46,5,2,47,152.83333333319433,0.18572528051186202,2,5,2,0
difficulty-easy,20260712,1,0.12,0.45,0.2,0.18,3,30,9,1132,3944917221,2507682743,true,false,827.966666666571,848.966666666571,9,8,7,180,28,9,3,14,66,52,14,14,14,0,0.21212121212121213,0.7878787878787878,24,3,167.7333333333248,0.2025846451145507,1,1,0,7,3,42,9,3,51,9,3,51,155.6666666665251,0.1880107894841295,3,4,2,0
difficulty-easy,20260712,1,0.12,0.45,0.2,0.18,3,30,9,1133,3508545245,4209975344,true,false,821.3333333332437,842.3333333332437,9,8,7,180,25,7,3,9,50,44,6,9,6,0,0.12,0.88,22,2.75,167.7333333333248,0.20422077922079113,1,1,0,6,3,35,7,3,41,7,3,43,132.4333333332129,0.16124188311675408,5,8,3,0
difficulty-easy,20260712,1,0.12,0.45,0.2,0.18,3,30,9,1134,3470724073,1141440628,true,false,815.8333333332487,836.8333333332487,9,8,7,180,18,6,3,6,40,33,7,6,7,0,0.175,0.825,16,2,167.7333333333248,0.2055975485189077,1,1,0,5,3,26,5,3,31,5,3,32,121.5333333332228,0.14896833503563073,6,14,2,0
difficulty-easy,20260712,1,0.12,0.45,0.2,0.18,3,30,9,1135,4245119391,2085711400,true,false,765.3666666666279,786.3666666666279,9,8,7,180,20,6,3,7,42,37,5,7,5,0,0.11904761904761904,0.8809523809523809,16,2,167.7333333333248,0.2191542180218631,1,1,0,4,3,31,6,3,36,6,3,36,96.83333333324526,0.12651887983961957,2,5,2,0
difficulty-easy,20260712,1,0.12,0.45,0.2,0.18,3,30,9,1136,124506456,33353713,true,false,775.4333333332854,796.4333333332854,9,8,7,180,27,8,3,13,53,50,3,13,3,0,0.05660377358490566,0.9433962264150944,25,3.125,167.7333333333248,0.2163091604694173,1,1,0,7,3,39,8,3,48,8,3,48,87.49999999992042,0.11284013239899303,5,11,2,0
difficulty-easy,20260712,1,0.12,0.45,0.2,0.18,3,30,9,1137,2351026099,1253029056,true,false,819.6666666665785,840.6666666665785,9,8,7,180,25,8,3,11,55,46,9,11,9,0,0.16363636363636364,0.8363636363636363,21,2.625,167.7333333333248,0.2046360309068843,1,1,0,6,3,36,8,3,46,8,3,46,113.89999999989641,0.1389589263927312,6,8,3,0
difficulty-easy,20260712,1,0.12,0.45,0.2,0.18,3,30,9,1138,638933992,730599008,false,false,799.5333333332635,820.5333333332635,9,8,7,179,27,8,3,17,58,54,4,17,4,0,0.06896551724137931,0.9310344827586207,24,3,167.7333333333248,0.20978904360877942,1,0,1,7,3,38,8,3,51,0,0,0,0,0,5,7,2,0
difficulty-easy,20260712,1,0.12,0.45,0.2,0.18,3,30,9,1139,945879439,526909101,true,false,795.3333333332673,816.3333333332673,9,8,7,180,21,6,2,3,36,33,3,3,3,0,0.08333333333333333,0.9166666666666666,17,2.125,167.7333333333248,0.21089689857502772,1,1,0,5,2,25,5,2,32,5,2,32,98.63333333324363,0.12401508801330907,4,10,2,0
difficulty-easy,20260712,1,0.12,0.45,0.2,0.18,3,30,9,1140,3960954239,3187264026,true,false,781.0999999999469,802.0999999999469,9,8,7,180,21,6,3,7,44,38,6,7,6,0,0.13636363636363635,0.8636363636363636,18,2.25,167.7333333333248,0.21473989672684188,1,1,0,5,3,31,5,3,35,6,3,37,87.03333333325418,0.11142406008610944,6,10,2,0
difficulty-easy,20260712,1,0.12,0.45,0.2,0.18,3,30,9,1141,2917326090,681462298,false,false,771.7333333332888,792.7333333332888,9,8,7,179,18,5,3,3,36,31,5,3,5,0,0.1388888888888889,0.8611111111111112,16,2,167.7333333333248,0.21734623358673266,1,0,1,5,3,26,5,3,31,0,0,0,0,0,3,7,2,0
difficulty-easy,20260712,1,0.12,0.45,0.2,0.18,3,30,9,1142,1842963943,952733562,true,false,836.766666666563,857.766666666563,9,8,7,180,25,8,3,15,62,50,12,15,12,0,0.1935483870967742,0.8064516129032258,19,2.375,167.7333333333248,0.20045412898858173,1,1,0,6,3,37,8,3,49,8,3,49,155.6666666665251,0.18603354180760592,3,4,2,0
difficulty-easy,20260712,1,0.12,0.45,0.2,0.18,3,30,9,1143,3371478375,1726326197,true,false,822.9333333332422,843.9333333332422,9,8,7,180,28,8,3,16,62,54,8,16,8,0,0.12903225806451613,0.8709677419354839,26,3.25,167.7333333333248,0.2038237200259357,1,1,0,8,3,41,8,3,53,8,3,53,155.06666666652563,0.18843162670108085,2,4,3,0
difficulty-easy,20260712,1,0.12,0.45,0.2,0.18,3,30,9,1144,731898429,1402679150,false,false,798.6333333332643,819.6333333332643,9,8,7,179,25,8,3,14,51,47,4,14,4,0,0.0784313725490196,0.9215686274509803,20,2.5,167.7333333333248,0.210025460161116,1,0,1,6,3,37,8,3,47,0,0,0,0,0,5,14,2,0
difficulty-easy,20260712,1,0.12,0.45,0.2,0.18,3,30,9,1145,490356807,475571119,false,false,864.7333333332042,885.7333333332042,9,8,7,179,28,8,3,15,60,53,7,15,7,0,0.11666666666666667,0.8833333333333333,23,2.875,167.7333333333248,0.19397116644824977,1,0,1,7,3,40,8,3,51,0,0,0,0,0,5,8,2,0
difficulty-easy,20260712,1,0.12,0.45,0.2,0.18,3,30,9,1146,2564422628,1431107240,false,false,825.2666666665734,846.2666666665734,9,8,7,179,27,8,3,16,58,52,6,16,6,0,0.10344827586206896,0.896551724137931,23,2.875,167.7333333333248,0.20324743517248212,1,0,1,7,3,40,8,3,51,0,0,0,0,0,2,5,2,0
difficulty-easy,20260712,1,0.12,0.45,0.2,0.18,3,30,9,1147,3056224737,847581114,true,false,855.5333333332126,876.5333333332126,9,8,7,180,23,7,3,10,54,43,11,10,11,0,0.2037037037037037,0.7962962962962963,19,2.375,167.7333333333248,0.1960570404426266,1,1,0,5,3,29,7,3,40,7,3,41,170.2999999998451,0.19905711836655787,4,6,3,0
difficulty-easy,20260712,1,0.12,0.45,0.2,0.18,3,30,9,1148,2059265312,3056900943,false,false,799.4666666665969,820.4666666665969,9,8,7,179,26,8,3,12,58,48,10,12,10,0,0.1724137931034483,0.8275862068965517,23,2.875,167.7333333333248,0.20980653769180216,1,0,1,7,3,39,8,3,48,0,0,0,0,0,5,12,2,0
difficulty-easy,20260712,1,0.12,0.45,0.2,0.18,3,30,9,1149,4196493726,1671469120,false,false,791.5333333332708,812.5333333332708,9,8,7,179,23,7,3,10,47,43,4,10,4,0,0.0851063829787234,0.9148936170212766,20,2.5,167.7333333333248,0.2119093742103993,1,0,1,6,3,31,7,3,41,0,0,0,0,0,6,10,2,0
difficulty-easy,20260712,1,0.12,0.45,0.2,0.18,3,30,9,1150,3881523552,1413977166,false,false,823.6666666665749,844.6666666665749,9,8,7,179,31,9,3,25,74,66,8,25,8,0,0.10810810810810811,0.8918918918918919,28,3.5,167.7333333333248,0.20364225010118595,1,0,1,8,3,52,9,3,66,0,0,0,0,0,3,5,3,0
difficulty-easy,20260712,1,0.12,0.45,0.2,0.18,3,30,9,1151,2585153278,3404971733,false,false,799.8666666665965,820.8666666665965,9,8,7,179,23,7,3,8,42,39,3,8,3,0,0.07142857142857142,0.9285714285714286,17,2.125,167.7333333333248,0.20970161693616374,1,0,1,5,3,29,7,3,39,0,0,0,0,0,2,5,2,0
difficulty-easy,20260712,1,0.12,0.45,0.2,0.18,3,30,9,1152,303195848,2587403090,true,false,819.1333333332457,840.1333333332457,9,8,7,180,25,8,3,13,53,47,6,13,6,0,0.11320754716981132,0.8867924528301887,23,2.875,167.7333333333248,0.2047692683323953,1,1,0,7,3,35,7,3,46,7,3,46,137.43333333320834,0.16777895336521084,6,18,4,0
difficulty-easy,20260712,1,0.12,0.45,0.2,0.18,3,30,9,1153,1301553575,1489198977,false,false,834.7333333332315,855.7333333332315,9,8,7,179,21,6,3,5,40,34,6,5,6,0,0.15,0.85,17,2.125,167.7333333333248,0.2009424167398913,1,0,1,5,3,27,6,3,34,0,0,0,0,0,3,5,3,0
difficulty-easy,20260712,1,0.12,0.45,0.2,0.18,3,30,9,1154,2959826344,1558835145,true,false,822.133333333243,843.133333333243,9,8,7,180,28,9,3,7,51,44,7,7,7,0,0.13725490196078433,0.8627450980392157,20,2.5,167.7333333333248,0.20402205643854593,1,1,0,6,3,32,9,3,43,9,3,43,153.4666666665271,0.1866688290624521,3,4,2,0
difficulty-easy,20260712,1,0.12,0.45,0.2,0.18,3,30,9,1155,631419751,3162694561,true,false,793.8999999999353,814.8999999999353,9,8,7,180,19,6,3,2,32,31,1,2,1,0,0.03125,0.96875,12,1.5,167.7333333333248,0.21127765881513852,1,1,0,3,3,22,6,3,30,6,3,30,103.26666666657275,0.13007515640078243,3,6,1,0
difficulty-easy,20260712,1,0.12,0.45,0.2,0.18,3,30,9,1156,3884703700,4189822864,false,false,784.7999999999436,805.7999999999436,9,8,7,179,23,7,3,7,47,40,7,7,7,0,0.14893617021276595,0.851063829787234,21,2.625,167.7333333333248,0.21372748895685123,1,0,1,6,3,33,7,3,40,0,0,0,0,0,5,12,2,0
difficulty-easy,20260712,1,0.12,0.45,0.2,0.18,3,30,9,1157,1947027684,896592575,false,false,846.0333333332212,867.0333333332212,9,8,7,179,22,7,3,7,50,37,13,7,13,0,0.26,0.74,20,2.5,167.7333333333248,0.19825853985266187,1,0,1,6,3,34,7,3,37,0,0,0,0,0,5,9,4,0
difficulty-easy,20260712,1,0.12,0.45,0.2,0.18,3,30,9,1158,1287267269,3049378033,false,false,839.1666666665608,860.1666666665608,9,8,7,179,17,5,3,3,38,30,8,3,8,0,0.21052631578947367,0.7894736842105263,16,2,167.7333333333248,0.19988083416088892,1,0,1,5,3,24,5,3,30,0,0,0,0,0,3,5,2,0
difficulty-easy,20260712,1,0.12,0.45,0.2,0.18,3,30,9,1159,2181562480,33552581,true,false,772.199999999955,793.199999999955,9,8,7,180,15,4,3,5,34,30,4,5,4,0,0.11764705882352941,0.8823529411764706,14,1.75,167.7333333333248,0.21721488388155213,1,1,0,4,3,26,4,3,29,4,3,29,90.5999999999176,0.11732711732701745,5,11,2,0
difficulty-easy,20260712,1,0.12,0.45,0.2,0.18,3,30,9,1160,2216693740,3543091761,false,false,855.1999999998795,876.1999999998795,9,8,7,179,31,9,3,25,71,66,5,25,5,0,0.07042253521126761,0.9295774647887324,28,3.5,167.7333333333248,0.1961334580605103,1,0,1,8,3,50,9,3,65,0,0,0,0,0,2,5,2,0
difficulty-easy,20260712,1,0.12,0.45,0.2,0.18,3,30,9,1161,2408335553,1227174989,true,false,770.0666666666236,791.0666666666236,9,8,7,180,23,7,3,13,47,45,2,13,2,0,0.0425531914893617,0.9574468085106383,18,2.25,167.7333333333248,0.2178166392520139,1,1,0,5,3,34,6,3,44,6,3,44,79.16666666659467,0.10280495195212418,5,8,3,0
difficulty-easy,20260712,1,0.12,0.45,0.2,0.18,3,30,9,1162,609547358,2915542374,true,false,793.3333333332691,814.3333333332691,9,8,7,180,29,10,3,16,65,54,11,16,11,0,0.16923076923076924,0.8307692307692308,25,3.125,167.7333333333248,0.21142857142857777,1,1,0,8,3,44,9,3,53,9,3,53,88.86666666658584,0.11201680672259626,6,10,3,0
difficulty-easy,20260712,1,0.12,0.45,0.2,0.18,3,30,9,1163,1760411807,4000869575,false,false,828.5999999999037,849.5999999999037,9,8,7,179,21,6,2,3,34,31,3,3,3,0,0.08823529411764706,0.9117647058823529,16,2,167.7333333333248,0.20242980127123375,1,0,1,4,2,25,6,2,31,0,0,0,0,0,3,7,2,0
difficulty-easy,20260712,1,0.12,0.45,0.2,0.18,3,30,9,1164,2010378207,3873036952,true,false,748.9666666666428,769.9666666666428,9,8,7,180,24,8,3,5,42,38,4,5,4,0,0.09523809523809523,0.9047619047619048,18,2.25,167.7333333333248,0.22395300191374357,1,1,0,5,3,30,7,3,35,7,3,37,49.13333333328865,0.0656014953935959,5,11,2,0
difficulty-easy,20260712,1,0.12,0.45,0.2,0.18,3,30,9,1165,1993961856,4044999321,true,false,841.8666666665583,862.8666666665583,9,8,7,180,26,8,3,26,69,62,7,26,7,0,0.10144927536231885,0.8985507246376812,24,3,167.7333333333248,0.19923978460565375,1,1,0,7,3,53,7,3,59,8,3,61,143.89999999986912,0.17092968007588807,5,14,3,0
difficulty-easy,20260712,1,0.12,0.45,0.2,0.18,3,30,9,1166,3592968774,1837190402,true,false,809.8333333332541,830.8333333332541,9,8,7,180,25,8,3,5,47,40,7,5,7,0,0.14893617021276595,0.851063829787234,21,2.625,167.7333333333248,0.20712080675036987,1,1,0,6,2,34,8,3,39,8,3,39,119.66666666655783,0.14776703025301857,5,13,2,0
difficulty-easy,20260712,1,0.12,0.45,0.2,0.18,3,30,9,1167,3131063876,4108468355,false,false,774.1333333332866,795.1333333332866,9,8,7,179,17,5,3,0,34,27,7,0,7,0,0.20588235294117646,0.7941176470588235,15,1.875,167.7333333333248,0.21667240785394623,1,0,1,4,3,24,5,3,27,0,0,0,0,0,2,7,2,0
difficulty-easy,20260712,1,0.12,0.45,0.2,0.18,3,30,9,1168,2619876843,1136457579,false,false,819.2333333332456,840.2333333332456,9,8,7,179,25,7,3,29,69,64,5,29,5,0,0.07246376811594203,0.927536231884058,22,2.75,167.7333333333248,0.20474427310087817,1,0,1,6,3,51,7,3,62,0,0,0,0,0,6,14,2,0
difficulty-easy,20260712,1,0.12,0.45,0.2,0.18,3,30,9,1169,548725170,3869792924,false,false,854.4999999998802,875.4999999998802,9,8,7,179,26,8,3,10,55,46,9,10,9,0,0.16363636363636364,0.8363636363636363,21,2.625,167.7333333333248,0.19629412912036082,1,0,1,6,3,35,8,3,45,0,0,0,0,0,6,10,2,0
difficulty-easy,20260712,1,0.12,0.45,0.2,0.18,3,30,9,1170,3542621108,2902107788,true,false,789.033333333273,810.033333333273,9,8,7,180,18,5,3,3,36,31,5,3,5,0,0.1388888888888889,0.8611111111111112,18,2.25,167.7333333333248,0.2125807950656976,1,1,0,5,3,28,5,3,30,5,3,30,94.39999999991414,0.11964006590332646,5,9,3,0
difficulty-easy,20260712,1,0.12,0.45,0.2,0.18,3,30,9,1171,1955990498,1346023668,true,false,785.6666666666094,806.6666666666094,9,8,7,180,32,10,3,23,69,64,5,23,5,0,0.07246376811594203,0.927536231884058,29,3.625,167.7333333333248,0.21349172677132416,1,1,0,9,3,53,9,3,62,9,3,63,103.03333333323963,0.13114128128966543,4,7,2,0
difficulty-easy,20260712,1,0.12,0.45,0.2,0.18,3,30,9,1172,4266229350,4276225212,true,false,833.3999999998994,854.3999999998994,9,8,7,180,23,7,3,10,45,43,2,10,2,0,0.044444444444444446,0.9555555555555556,22,2.75,167.7333333333248,0.201263898888103,1,1,0,7,3,36,7,3,40,7,3,41,133.5999999998785,0.16030717542583947,5,14,1,0
difficulty-easy,20260712,1,0.12,0.45,0.2,0.18,3,30,9,1173,443587828,1169980039,false,false,793.433333333269,814.433333333269,9,8,7,179,25,7,3,10,52,44,8,10,8,0,0.15384615384615385,0.8461538461538461,20,2.5,167.7333333333248,0.21140192412721723,1,0,1,6,3,34,7,3,44,0,0,0,0,0,5,5,3,0
difficulty-easy,20260712,1,0.12,0.45,0.2,0.18,3,30,9,1174,3561664202,2892230139,false,false,790.3333333332719,811.3333333332719,9,8,7,179,26,8,3,6,47,42,5,6,5,0,0.10638297872340426,0.8936170212765957,23,2.875,167.7333333333248,0.2122311261071335,1,0,1,7,3,34,8,3,40,0,0,0,0,0,5,7,2,0
difficulty-easy,20260712,1,0.12,0.45,0.2,0.18,3,30,9,1175,1519312236,3385771188,true,false,864.933333333204,885.933333333204,9,8,7,180,21,6,3,9,48,40,8,9,8,0,0.16666666666666666,0.8333333333333334,17,2.125,167.7333333333248,0.19392631416681425,1,1,0,5,3,31,6,3,40,6,3,40,151.4999999998622,0.17515800832420786,6,10,2,0
difficulty-easy,20260712,1,0.12,0.45,0.2,0.18,3,30,9,1176,2729587666,1476732785,true,false,768.1333333332921,789.1333333332921,9,8,7,180,20,6,3,3,36,31,5,3,5,0,0.1388888888888889,0.8611111111111112,14,1.75,167.7333333333248,0.21836486721055434,1,1,0,3,3,22,5,3,29,5,3,30,81.53333333325918,0.10614476653349708,6,8,3,0
difficulty-easy,20260712,1,0.12,0.45,0.2,0.18,3,30,9,1177,1381591971,3110202825,true,false,763.1666666666299,784.1666666666299,9,8,7,180,29,9,3,19,63,57,6,19,6,0,0.09523809523809523,0.9047619047619048,24,3,167.7333333333248,0.21978597947149972,1,1,0,7,3,46,8,3,53,8,3,55,80.43333333326018,0.10539419087127852,5,10,3,0
difficulty-easy,20260712,1,0.12,0.45,0.2,0.18,3,30,9,1178,1777325201,3491524595,true,false,832.3333333332337,853.3333333332337,9,8,7,180,31,9,3,13,63,54,9,13,9,0,0.14285714285714285,0.8571428571428571,27,3.375,167.7333333333248,0.2015218261914436,1,1,0,8,3,44,9,3,52,9,3,53,148.53333333319824,0.17845414497382783,4,5,2,0
difficulty-easy,20260712,1,0.12,0.45,0.2,0.18,3,30,9,1179,1100311346,2716386227,true,false,779.4333333332818,800.4333333332818,9,8,7,180,26,8,2,11,53,46,7,11,7,0,0.1320754716981132,0.8679245283018868,20,2.5,167.7333333333248,0.2151990762519812,1,1,0,6,2,34,7,2,44,7,2,45,83.16666666659103,0.10670144977111132,5,7,3,0
difficulty-easy,20260712,1,0.12,0.45,0.2,0.18,3,30,9,1180,747802956,1293425423,true,false,782.6999999999455,803.6999999999455,9,8,7,180,28,9,3,13,56,50,6,13,6,0,0.10714285714285714,0.8928571428571429,23,2.875,167.7333333333248,0.2143009241514456,1,1,0,7,3,35,8,3,48,8,3,48,111.29999999989877,0.14220007665760384,2,6,3,0
difficulty-easy,20260712,1,0.12,0.45,0.2,0.18,3,30,9,1181,1928884151,4066400607,true,false,769.6999999999573,790.6999999999573,9,8,7,180,23,7,3,18,60,51,9,18,9,0,0.15,0.85,22,2.75,167.7333333333248,0.21792040188818254,1,1,0,7,3,43,7,3,49,7,3,50,80.06666666659385,0.10402321250694854,5,10,3,0
difficulty-easy,20260712,1,0.12,0.45,0.2,0.18,3,30,9,1182,2373037684,3830978284,true,false,812.6999999999182,833.6999999999182,9,8,7,180,28,8,3,11,56,49,7,11,7,0,0.125,0.875,24,3,167.7333333333248,0.20639022189410813,1,1,0,7,3,38,8,3,48,8,3,48,112.7333333332308,0.13871457282298777,5,8,2,0
difficulty-easy,20260712,1,0.12,0.45,0.2,0.18,3,30,9,1183,4185778485,1055022333,true,false,827.0333333332385,848.0333333332385,9,8,7,180,22,6,2,12,47,43,4,12,4,0,0.0851063829787234,0.9148936170212766,17,2.125,167.7333333333248,0.20281326830842453,1,1,0,5,2,25,6,2,39,6,2,39,152.5999999998612,0.1845149328925219,3,6,3,0
difficulty-easy,20260712,1,0.12,0.45,0.2,0.18,3,30,9,1184,4030695621,4023037126,false,false,820.266666666578,841.266666666578,9,8,7,179,28,9,3,16,61,54,7,16,7,0,0.11475409836065574,0.8852459016393442,26,3.25,167.7333333333248,0.20448634590378284,1,0,1,8,3,44,9,3,51,0,0,0,0,0,5,8,2,0
difficulty-easy,20260712,1,0.12,0.45,0.2,0.18,3,30,9,1185,1070342049,2941776586,true,false,771.866666666622,792.866666666622,9,8,7,180,18,5,3,10,45,38,7,10,7,0,0.15555555555555556,0.8444444444444444,17,2.125,167.7333333333248,0.2173086888927291,1,1,0,5,3,28,5,3,37,5,3,37,84.09999999992351,0.10895664190697234,5,11,2,0
difficulty-easy,20260712,1,0.12,0.45,0.2,0.18,3,30,9,1186,43014710,4044450265,false,false,800.3999999999294,821.3999999999294,9,8,7,179,21,6,3,11,45,42,3,11,3,0,0.06666666666666667,0.9333333333333333,20,2.5,167.7333333333248,0.2095618857238126,1,0,1,6,3,34,6,3,42,0,0,0,0,0,4,7,2,0
difficulty-easy,20260712,1,0.12,0.45,0.2,0.18,3,30,9,1187,3936337196,3302626409,true,false,776.1666666666181,797.1666666666181,9,8,7,180,18,5,3,5,37,32,5,5,5,0,0.13513513513513514,0.8648648648648649,15,1.875,167.7333333333248,0.216104788490447,1,1,0,4,3,24,4,3,30,5,3,31,91.13333333325045,0.1174146446209012,5,11,2,0
difficulty-easy,20260712,1,0.12,0.45,0.2,0.18,3,30,9,1188,1139549013,2209305752,false,false,800.3666666665961,821.3666666665961,9,8,7,179,30,9,2,19,67,59,8,19,8,0,0.11940298507462686,0.8805970149253731,27,3.375,167.7333333333248,0.2095706134688346,1,0,1,8,2,47,9,2,59,0,0,0,0,0,5,14,3,0
difficulty-easy,20260712,1,0.12,0.45,0.2,0.18,3,30,9,1189,1233737194,2962720777,true,false,815.6666666665822,836.6666666665822,9,8,7,180,28,9,3,23,65,59,6,23,6,0,0.09230769230769231,0.9076923076923077,24,3,167.7333333333248,0.20563955864324746,1,1,0,7,3,44,8,3,58,8,3,58,138.39999999987413,0.16967715570072145,4,6,3,0
difficulty-easy,20260712,1,0.12,0.45,0.2,0.18,3,30,9,1190,633326377,1384868455,false,false,787.8333333332741,808.8333333332741,9,8,7,179,17,5,3,3,40,29,11,3,11,0,0.275,0.725,15,1.875,167.7333333333248,0.2129045906494657,1,0,1,4,3,27,5,3,29,0,0,0,0,0,5,11,3,0
difficulty-easy,20260712,1,0.12,0.45,0.2,0.18,3,30,9,1191,15317135,2438755539,true,false,770.3666666666234,791.3666666666234,9,8,7,180,18,6,3,1,33,28,5,1,5,0,0.15151515151515152,0.8484848484848485,17,2.125,167.7333333333248,0.2177318160183474,1,1,0,5,3,25,5,3,27,5,3,27,78.13333333326227,0.10142356453628142,4,10,3,0
difficulty-easy,20260712,1,0.12,0.45,0.2,0.18,3,30,9,1192,785051278,1294541094,true,false,825.3666666665733,846.3666666665733,9,8,7,180,26,8,3,24,69,60,9,24,9,0,0.13043478260869565,0.8695652173913043,22,2.75,167.7333333333248,0.20322281006422652,1,1,0,6,3,42,8,3,59,8,3,59,129.2666666665491,0.15661726101518159,4,5,2,0
difficulty-easy,20260712,1,0.12,0.45,0.2,0.18,3,30,9,1193,841994960,1169645799,false,false,832.3999999999003,853.3999999999003,9,8,7,179,25,7,3,17,55,51,4,17,4,0,0.07272727272727272,0.9272727272727272,21,2.625,167.7333333333248,0.20150568636874686,1,0,1,6,3,40,7,3,51,0,0,0,0,0,3,5,3,0
difficulty-easy,20260712,1,0.12,0.45,0.2,0.18,3,30,9,1194,1756049801,2904352562,true,false,788.0666666666073,809.0666666666073,9,8,7,180,18,6,3,3,32,29,3,3,3,0,0.09375,0.90625,14,1.75,167.7333333333248,0.2128415531680959,1,1,0,4,3,25,5,3,28,5,3,28,117.79999999989286,0.14947973944662263,3,7,2,0
difficulty-easy,20260712,1,0.12,0.45,0.2,0.18,3,30,9,1195,1405971873,3354934575,true,false,818.833333333246,839.833333333246,9,8,7,180,26,8,3,10,51,46,5,10,5,0,0.09803921568627451,0.9019607843137255,23,2.875,167.7333333333248,0.20484429065745088,1,1,0,7,3,36,8,3,44,8,3,45,120.3666666665572,0.14699776104201512,6,10,2,0
difficulty-easy,20260712,1,0.12,0.45,0.2,0.18,3,30,9,1196,686942995,1191522323,true,false,815.8999999999153,836.8999999999153,9,8,7,180,24,8,3,17,59,50,9,17,9,0,0.15254237288135594,0.847457627118644,22,2.75,167.7333333333248,0.20558074927484032,1,1,0,7,3,41,7,3,48,7,3,49,118.83333333322526,0.1456469338561559,6,9,3,0
difficulty-easy,20260712,1,0.12,0.45,0.2,0.18,3,30,9,1197,2136953526,2220072296,true,false,820.9999999999106,841.9999999999106,9,8,7,180,24,7,3,11,51,44,7,11,7,0,0.13725490196078433,0.8627450980392157,22,2.75,167.7333333333248,0.20430369468129483,1,1,0,6,3,41,7,3,43,7,3,43,123.7666666665541,0.15075111652444284,5,7,2,0
difficulty-easy,20260712,1,0.12,0.45,0.2,0.18,3,30,9,1198,3299533511,4164188995,false,false,813.233333333251,834.233333333251,9,8,7,179,30,10,3,19,65,58,7,19,7,0,0.1076923076923077,0.8923076923076924,25,3.125,167.7333333333248,0.2062548674017401,1,0,1,8,3,44,10,3,57,0,0,0,0,0,5,8,2,0
difficulty-easy,20260712,1,0.12,0.45,0.2,0.18,3,30,9,1199,3182477788,3501828424,false,false,772.7999999999545,793.7999999999545,9,8,7,179,27,8,3,7,48,42,6,7,6,0,0.125,0.875,20,2.5,167.7333333333248,0.21704623878537097,1,0,1,6,3,30,8,3,42,0,0,0,0,0,2,7,4,0
difficulty-easy,20260712,1,0.12,0.45,0.2,0.18,3,30,9,1200,2272928860,1214482559,false,false,845.5999999998883,866.5999999998883,9,8,7,179,25,7,3,13,50,47,3,13,3,0,0.06,0.94,22,2.75,167.7333333333248,0.19836013875750586,1,0,1,6,3,38,7,3,45,0,0,0,0,0,4,10,3,0
difficulty-easy,20260712,1,0.12,0.45,0.2,0.18,3,30,9,1201,2885962864,2574540997,true,false,784.7666666666103,805.7666666666103,9,8,7,180,21,6,3,13,48,42,6,13,6,0,0.125,0.875,17,2.125,167.7333333333248,0.21373656713248548,1,1,0,4,3,29,6,3,41,6,3,41,91.36666666658357,0.11642526440970581,5,10,3,0
difficulty-easy,20260712,1,0.12,0.45,0.2,0.18,3,30,9,1202,2546326207,608766307,false,false,787.1666666666081,808.1666666666081,9,8,7,179,26,7,2,10,50,44,6,10,6,0,0.12,0.88,23,2.875,167.7333333333248,0.21308490366293112,1,0,1,6,2,39,7,2,44,0,0,0,0,0,6,8,2,0
difficulty-easy,20260712,1,0.12,0.45,0.2,0.18,3,30,9,1203,3170362507,307429260,true,false,776.9999999999507,797.9999999999507,9,8,7,180,21,7,3,1,40,31,9,1,9,0,0.225,0.775,15,1.875,167.7333333333248,0.2158730158730186,1,1,0,4,3,24,6,3,29,6,3,30,90.69999999991751,0.11673101673091797,5,11,3,0
difficulty-easy,20260712,1,0.12,0.45,0.2,0.18,3,30,9,1204,3398658789,721285388,false,false,846.999999999887,867.999999999887,9,8,7,179,27,8,3,8,53,44,9,8,9,0,0.16981132075471697,0.8301886792452831,22,2.75,167.7333333333248,0.19803227075955981,1,0,1,6,3,39,8,3,44,0,0,0,0,0,6,8,2,0
difficulty-easy,20260712,1,0.12,0.45,0.2,0.18,3,30,9,1205,3039582590,302525131,true,false,851.2666666665498,872.2666666665498,9,8,7,180,28,9,3,25,66,62,4,25,4,0,0.06060606060606061,0.9393939393939394,24,3,167.7333333333248,0.19703970553686406,1,1,0,7,3,50,8,3,59,8,3,61,154.46666666652618,0.1814550865375684,5,5,2,0
difficulty-easy,20260712,1,0.12,0.45,0.2,0.18,3,30,9,1206,2584144061,1044257095,false,false,837.6999999998955,858.6999999998955,9,8,7,179,26,8,3,19,62,55,7,19,7,0,0.11290322580645161,0.8870967741935484,24,3,167.7333333333248,0.20023079065697233,1,0,1,7,3,47,8,3,52,0,0,0,0,0,5,10,3,0
difficulty-easy,20260712,1,0.12,0.45,0.2,0.18,3,30,9,1207,927846492,1211628362,false,false,770.1333333332902,791.1333333332902,9,8,7,179,27,8,3,18,60,55,5,18,5,0,0.08333333333333333,0.9166666666666666,24,3,167.7333333333248,0.21779778393351912,1,0,1,7,3,42,8,3,54,0,0,0,0,0,3,7,2,0
difficulty-easy,20260712,1,0.12,0.45,0.2,0.18,3,30,9,1208,4131636149,2126874147,true,false,776.1666666666181,797.1666666666181,9,8,7,180,27,8,3,20,64,57,7,20,7,0,0.109375,0.890625,25,3.125,167.7333333333248,0.216104788490447,1,1,0,7,3,46,8,3,56,8,3,56,77.43333333326291,0.09976379643538899,5,7,2,0
difficulty-easy,20260712,1,0.12,0.45,0.2,0.18,3,30,9,1209,1737855019,3396597869,false,false,778.6999999999491,799.6999999999491,9,8,7,179,26,8,3,13,56,49,7,13,7,0,0.125,0.875,21,2.625,167.7333333333248,0.21540173793930364,1,0,1,6,3,40,8,3,49,0,0,0,0,0,3,4,2,0
difficulty-easy,20260712,1,0.12,0.45,0.2,0.18,3,30,9,1210,3277395191,3159115895,false,false,874.8999999998616,895.8999999998616,9,8,7,179,24,7,2,14,53,48,5,14,5,0,0.09433962264150944,0.9056603773584906,18,2.25,167.7333333333248,0.19171714862653025,1,0,1,5,2,34,7,2,47,0,0,0,0,0,6,10,2,0
difficulty-easy,20260712,1,0.12,0.45,0.2,0.18,3,30,9,1211,4055294810,3377475912,true,false,789.0999999999397,810.0999999999397,9,8,7,180,14,4,3,0,28,22,6,0,6,0,0.21428571428571427,0.7857142857142857,13,1.625,167.7333333333248,0.21256283529760184,1,1,0,4,3,19,4,3,22,4,3,22,102.33333333324026,0.12968360579552413,3,6,2,0
difficulty-easy,20260712,1,0.12,0.45,0.2,0.18,3,30,9,1212,1975604114,4038602013,true,false,776.9999999999507,797.9999999999507,9,8,7,180,17,5,1,11,42,37,5,11,5,0,0.11904761904761904,0.8809523809523809,16,2,167.7333333333248,0.2158730158730186,1,1,0,4,1,29,4,1,35,4,1,36,97.66666666657784,0.12569712569701935,5,11,3,0
difficulty-easy,20260712,1,0.12,0.45,0.2,0.18,3,30,9,1213,3420082738,2472699259,false,false,846.9666666665537,867.9666666665537,9,8,7,179,28,9,3,18,64,56,8,18,8,0,0.125,0.875,24,3,167.7333333333248,0.19804006454407552,1,0,1,7,3,44,9,3,54,0,0,0,0,0,5,6,2,0
difficulty-easy,20260712,1,0.12,0.45,0.2,0.18,3,30,9,1214,1108554718,2129272376,true,false,841.7333333332251,862.7333333332251,9,8,7,180,25,7,3,14,52,49,3,14,3,0,0.057692307692307696,0.9423076923076923,22,2.75,167.7333333333248,0.19927134484398823,1,1,0,7,3,39,7,3,48,7,3,48,154.26666666652636,0.18327261207018794,5,5,2,0
difficulty-easy,20260712,1,0.12,0.45,0.2,0.18,3,30,9,1215,2998437526,3410483603,true,false,799.9666666665964,820.9666666665964,9,8,7,180,18,5,3,1,39,29,10,1,10,0,0.2564102564102564,0.7435897435897436,16,2,167.7333333333248,0.2096754031418053,1,1,0,5,3,25,5,3,29,5,3,29,116.76666666656047,0.14596441518384606,2,8,2,0
difficulty-easy,20260712,1,0.12,0.45,0.2,0.18,3,30,9,1216,2238490736,101655700,true,false,828.0999999999042,849.0999999999042,9,8,7,180,21,6,3,8,47,39,8,8,8,0,0.1702127659574468,0.8297872340425532,18,2.25,167.7333333333248,0.20255202672786402,1,1,0,5,3,28,6,3,38,6,3,38,153.83333333319342,0.18576661433789546,3,3,2,0
difficulty-easy,20260712,1,0.12,0.45,0.2,0.18,3,30,9,1217,2558370249,467339465,true,false,825.0333333332403,846.0333333332403,9,8,7,180,27,8,3,14,55,51,4,14,4,0,0.07272727272727272,0.9272727272727272,22,2.75,167.7333333333248,0.20330491697306416,1,1,0,6,3,35,7,3,48,7,3,49,154.6999999998593,0.18750757545134752,2,4,2,0
difficulty-easy,20260712,1,0.12,0.45,0.2,0.18,3,30,9,1218,4290849042,3524134420,false,false,811.3333333332528,832.3333333332528,9,8,7,179,27,8,3,10,49,47,2,10,2,0,0.04081632653061224,0.9591836734693877,23,2.875,167.7333333333248,0.2067378800328777,1,0,1,7,3,35,8,3,47,0,0,0,0,0,3,4,2,0
difficulty-easy,20260712,1,0.12,0.45,0.2,0.18,3,30,9,1219,1083664952,1528667996,true,false,796.0999999999333,817.0999999999333,9,8,7,180,25,8,3,14,53,48,5,14,5,0,0.09433962264150944,0.9056603773584906,23,2.875,167.7333333333248,0.21069379893648896,1,1,0,7,3,38,7,3,47,7,3,47,102.89999999990641,0.12925511870357373,6,10,2,0
difficulty-easy,20260712,1,0.12,0.45,0.2,0.18,3,30,9,1220,2274800866,370555465,false,false,868.999999999867,889.999999999867,9,8,7,179,28,8,3,13,60,51,9,13,9,0,0.15,0.85,24,3,167.7333333333248,0.19301879555046084,1,0,1,7,3,41,8,3,49,0,0,0,0,0,3,7,3,0
difficulty-easy,20260712,1,0.12,0.45,0.2,0.18,3,30,9,1221,1181204962,4201821060,true,false,772.6999999999546,793.6999999999546,9,8,7,180,19,5,3,2,35,31,4,2,4,0,0.11428571428571428,0.8857142857142857,16,2,167.7333333333248,0.21707432811354296,1,1,0,5,3,25,5,3,30,5,3,30,102.29999999990696,0.13239290798487507,2,7,2,0
difficulty-easy,20260712,1,0.12,0.45,0.2,0.18,3,30,9,1222,2237359538,2580322930,true,false,791.9666666666037,812.9666666666037,9,8,7,180,16,5,3,0,31,25,6,0,6,0,0.1935483870967742,0.8064516129032258,15,1.875,167.7333333333248,0.2117934256492337,1,1,0,5,3,22,5,3,24,5,3,24,99.3666666665763,0.12546824361284253,4,14,2,0
difficulty-easy,20260712,1,0.12,0.45,0.2,0.18,3,30,9,1223,2747410791,3357442364,false,false,830.4666666665687,851.4666666665687,9,8,7,179,30,9,3,19,70,59,11,19,11,0,0.15714285714285714,0.8428571428571429,24,3,167.7333333333248,0.2019747932889274,1,0,1,7,3,41,9,3,58,0,0,0,0,0,3,7,2,0
difficulty-easy,20260712,1,0.12,0.45,0.2,0.18,3,30,9,1224,733812782,103707707,true,false,797.9666666665983,818.9666666665983,9,8,7,180,24,8,3,8,44,40,4,8,4,0,0.09090909090909091,0.9090909090909091,18,2.25,167.7333333333248,0.21020092735703977,1,1,0,5,3,31,8,3,39,8,3,39,109.69999999990023,0.13747441413581557,4,8,2,0
difficulty-easy,20260712,1,0.12,0.45,0.2,0.18,3,30,9,1225,1841467418,3960770622,true,false,825.6999999999064,846.6999999999064,9,8,7,180,19,5,3,6,38,35,3,6,3,0,0.07894736842105263,0.9210526315789473,18,2.25,167.7333333333248,0.2031407694481577,1,1,0,5,3,28,5,3,34,5,3,34,140.96666666653846,0.1707238302852785,4,5,2,0
difficulty-easy,20260712,1,0.12,0.45,0.2,0.18,3,30,9,1226,25303412,1652945384,true,false,789.6999999999391,810.6999999999391,9,8,7,180,23,7,3,12,54,45,9,12,9,0,0.16666666666666666,0.8333333333333334,23,2.875,167.7333333333248,0.21240133383986037,1,1,0,7,3,35,7,3,45,7,3,45,96.99999999991178,0.12283145498280265,3,5,2,0
difficulty-easy,20260712,1,0.12,0.45,0.2,0.18,3,30,9,1227,3585583267,3102212192,true,false,819.166666666579,840.166666666579,9,8,7,180,23,7,3,10,44,43,1,10,1,0,0.022727272727272728,0.9772727272727273,20,2.5,167.7333333333248,0.20476093591048963,1,1,0,6,3,34,7,3,42,7,3,42,121.89999999988913,0.14880976602226106,5,13,3,0
difficulty-easy,20260712,1,0.12,0.45,0.2,0.18,3,30,9,1228,2748893982,2056024193,false,false,794.0666666666018,815.0666666666018,9,8,7,179,24,7,3,9,49,43,6,9,6,0,0.12244897959183673,0.8775510204081632,23,2.875,167.7333333333248,0.21123331374360485,1,0,1,7,3,35,7,3,42,0,0,0,0,0,6,13,2,0
difficulty-easy,20260712,1,0.12,0.45,0.2,0.18,3,30,9,1229,1577243022,2109542710,true,false,746.1666666666454,767.1666666666454,9,8,7,180,18,5,2,10,42,38,4,10,4,0,0.09523809523809523,0.9047619047619048,18,2.25,167.7333333333248,0.22479338842974703,1,1,0,5,2,33,5,2,37,5,2,37,52.56666666661886,0.07044896135799021,5,13,3,0
difficulty-easy,20260712,1,0.12,0.45,0.2,0.18,3,30,9,1230,712531646,2279428904,true,false,816.533333333248,837.533333333248,9,8,7,180,23,6,3,20,61,53,8,20,8,0,0.13114754098360656,0.8688524590163934,21,2.625,167.7333333333248,0.205421293272382,1,1,0,5,3,41,6,3,52,6,3,52,109.93333333323335,0.1346342259959726,5,8,2,0
difficulty-easy,20260712,1,0.12,0.45,0.2,0.18,3,30,9,1231,1248915341,428852647,false,false,771.1999999999559,792.1999999999559,9,8,7,179,27,8,3,20,62,56,6,20,6,0,0.0967741935483871,0.9032258064516129,26,3.25,167.7333333333248,0.21749654218534023,1,0,1,8,3,48,8,3,56,0,0,0,0,0,2,5,2,0
difficulty-easy,20260712,1,0.12,0.45,0.2,0.18,3,30,9,1232,3134458600,3688983639,false,false,823.5333333332417,844.5333333332417,9,8,7,179,30,9,3,19,70,59,11,19,11,0,0.15714285714285714,0.8428571428571429,24,3,167.7333333333248,0.20367522059419996,1,0,1,7,3,45,9,3,57,0,0,0,0,0,5,10,4,0
difficulty-easy,20260712,1,0.12,0.45,0.2,0.18,3,30,9,1233,1503468738,3809564173,false,false,803.33333333326,824.33333333326,9,8,7,179,28,8,3,16,62,54,8,16,8,0,0.12903225806451613,0.8709677419354839,27,3.375,167.7333333333248,0.20879668049793373,1,0,1,8,3,44,8,3,52,0,0,0,0,0,5,7,2,0
difficulty-easy,20260712,1,0.12,0.45,0.2,0.18,3,30,9,1234,1167295398,2601903739,true,false,756.7333333333024,777.7333333333024,9,8,7,180,20,6,3,5,37,34,3,5,3,0,0.08108108108108109,0.918918918918919,15,1.875,167.7333333333248,0.2216544797815148,1,1,0,4,3,25,5,3,32,5,3,33,82.03333333325872,0.10840454585489659,5,9,2,0
difficulty-easy,20260712,1,0.12,0.45,0.2,0.18,3,30,9,1235,1139661995,415943599,false,false,843.3999999998903,864.3999999998903,9,8,7,179,24,7,2,17,60,51,9,17,9,0,0.15,0.85,24,3,167.7333333333248,0.19887755908625399,1,0,1,7,2,40,7,2,51,0,0,0,0,0,3,5,4,0
difficulty-easy,20260712,1,0.12,0.45,0.2,0.18,3,30,9,1236,3286612268,3843930984,false,false,824.2666666665743,845.2666666665743,9,8,7,179,28,8,3,20,60,58,2,20,2,0,0.03333333333333333,0.9666666666666667,24,3,167.7333333333248,0.20349401488192767,1,0,1,7,3,43,8,3,58,0,0,0,0,0,2,5,2,0
difficulty-easy,20260712,1,0.12,0.45,0.2,0.18,3,30,9,1237,1362296120,2567879092,true,false,769.4999999999575,790.4999999999575,9,8,7,180,22,7,3,3,38,34,4,3,4,0,0.10526315789473684,0.8947368421052632,19,2.375,167.7333333333248,0.21797704136885518,1,1,0,6,3,29,6,3,33,6,3,33,80.06666666659385,0.10405024907939996,6,8,1,0
difficulty-easy,20260712,1,0.12,0.45,0.2,0.18,3,30,9,1238,1258133808,738051364,false,false,855.2666666665461,876.2666666665461,9,8,7,179,28,8,3,14,59,52,7,14,7,0,0.11864406779661017,0.8813559322033898,27,3.375,167.7333333333248,0.19611816977162885,1,0,1,8,3,47,8,3,50,0,0,0,0,0,6,10,2,0
difficulty-easy,20260712,1,0.12,0.45,0.2,0.18,3,30,9,1239,3663702283,2417368751,true,false,840.6666666665594,861.6666666665594,9,8,7,180,25,8,3,7,48,42,6,7,6,0,0.125,0.875,23,2.875,167.7333333333248,0.19952418715306844,1,1,0,7,3,34,8,3,40,8,3,41,150.09999999986348,0.17854877081667245,5,5,3,0
difficulty-easy,20260712,1,0.12,0.45,0.2,0.18,3,30,9,1240,2945725963,2718939844,true,false,740.7999999999836,761.7999999999836,9,8,7,180,21,7,3,5,41,34,7,5,7,0,0.17073170731707318,0.8292682926829268,17,2.125,167.7333333333248,0.22642188624909357,1,1,0,5,3,29,6,3,33,6,3,33,60.13333333327864,0.08117350611943841,5,14,2,0
difficulty-easy,20260712,1,0.12,0.45,0.2,0.18,3,30,9,1241,1470181097,2284511717,true,false,798.3999999999312,819.3999999999312,9,8,7,180,25,8,3,7,48,42,6,7,6,0,0.125,0.875,21,2.625,167.7333333333248,0.2100868403473688,1,1,0,6,3,35,7,3,40,7,3,40,117.73333333322626,0.14746158984623797,2,7,2,0
difficulty-easy,20260712,1,0.12,0.45,0.2,0.18,3,30,9,1242,224845299,3951054185,false,false,786.8666666666084,807.8666666666084,9,8,7,179,31,9,3,20,70,61,9,20,9,0,0.12857142857142856,0.8714285714285714,27,3.375,167.7333333333248,0.2131661442006319,1,0,1,8,3,50,9,3,61,0,0,0,0,0,6,10,3,0
difficulty-easy,20260712,1,0.12,0.45,0.2,0.18,3,30,9,1243,3275950319,3043886232,false,false,870.3666666665324,891.3666666665324,9,8,7,179,24,7,3,9,49,43,6,9,6,0,0.12244897959183673,0.8775510204081632,24,3,167.7333333333248,0.19271571368390794,1,0,1,7,3,38,7,3,43,0,0,0,0,0,6,14,2,0
difficulty-easy,20260712,1,0.12,0.45,0.2,0.18,3,30,9,1244,4141744561,703660854,true,false,778.3333333332828,799.3333333332828,9,8,7,180,21,6,3,2,42,33,9,2,9,0,0.21428571428571427,0.7857142857142857,19,2.375,167.7333333333248,0.2155032119914377,1,1,0,6,3,28,6,3,32,6,3,32,102.39999999990687,0.13156316916477112,3,7,2,0
difficulty-easy,20260712,1,0.12,0.45,0.2,0.18,3,30,9,1245,4253618356,4106735377,false,false,826.3666666665724,847.3666666665724,9,8,7,179,20,6,3,4,41,33,8,4,8,0,0.1951219512195122,0.8048780487804879,14,1.75,167.7333333333248,0.20297688677343864,1,0,1,4,3,24,6,3,33,0,0,0,0,0,2,5,2,0
difficulty-easy,20260712,1,0.12,0.45,0.2,0.18,3,30,9,1246,341573615,4241829920,true,false,803.0666666665936,824.0666666665936,9,8,7,180,22,7,3,3,41,35,6,3,6,0,0.14634146341463414,0.8536585365853658,14,1.75,167.7333333333248,0.2088660136144862,1,1,0,4,3,22,6,3,30,6,3,30,108.03333333323508,0.13452598372892857,5,11,3,0
difficulty-easy,20260712,1,0.12,0.45,0.2,0.18,3,30,9,1247,1071611621,1923718218,true,false,787.2999999999413,808.2999999999413,9,8,7,180,27,8,3,18,61,55,6,18,6,0,0.09836065573770492,0.9016393442622951,24,3,167.7333333333248,0.21304881663068373,1,1,0,7,3,46,8,3,53,8,3,54,95.23333333324672,0.12096193742315994,5,8,3,0
difficulty-easy,20260712,1,0.12,0.45,0.2,0.18,3,30,9,1248,4287051561,4129424070,true,false,831.0999999999015,852.0999999999015,9,8,7,180,28,8,3,20,64,58,6,20,6,0,0.09375,0.90625,24,3,167.7333333333248,0.20182087995830186,1,1,0,7,3,50,8,3,56,8,3,57,153.83333333319342,0.18509605743377652,3,4,2,0
difficulty-easy,20260712,1,0.12,0.45,0.2,0.18,3,30,9,1249,975889816,3302977701,true,false,744.9333333333132,765.9333333333132,9,8,7,180,26,8,3,6,43,41,2,6,2,0,0.046511627906976744,0.9534883720930233,19,2.375,167.7333333333248,0.2251655629139019,1,1,0,5,3,33,7,3,40,7,3,40,59.36666666661267,0.07969393234286865,5,11,3,0
difficulty-easy,20260712,1,0.12,0.45,0.2,0.18,3,30,9,1250,855530073,79120488,true,false,777.8333333332832,798.8333333332832,9,8,7,180,28,9,3,5,47,42,5,5,5,0,0.10638297872340426,0.8936170212765957,22,2.75,167.7333333333248,0.21564173987572607,1,1,0,7,3,31,8,3,40,8,3,41,82.96666666659121,0.10666380972778644,6,10,2,0
difficulty-easy,20260712,1,0.12,0.45,0.2,0.18,3,30,9,1251,2582456742,1007336778,false,false,861.0666666665409,882.0666666665409,9,8,7,179,24,7,2,17,56,51,5,17,5,0,0.08928571428571429,0.9107142857142857,21,2.625,167.7333333333248,0.19479715082070606,1,0,1,6,2,37,7,2,51,0,0,0,0,0,5,11,2,0
difficulty-easy,20260712,1,0.12,0.45,0.2,0.18,3,30,9,1252,865250452,3283910978,true,false,792.766666666603,813.766666666603,9,8,7,180,24,7,3,14,55,48,7,14,7,0,0.12727272727272726,0.8727272727272727,22,2.75,167.7333333333248,0.21157969978556734,1,1,0,7,3,40,7,3,44,7,3,44,109.63333333323362,0.13829205735177533,5,7,2,0
difficulty-easy,20260712,1,0.12,0.45,0.2,0.18,3,30,9,1253,2238503563,2775949469,true,false,817.2333333332474,838.2333333332474,9,8,7,180,27,9,3,13,53,49,4,13,4,0,0.07547169811320754,0.9245283018867925,19,2.375,167.7333333333248,0.20524533996819647,1,1,0,5,2,35,7,2,45,8,3,48,110.5333333332328,0.13525308969275737,6,8,2,0
difficulty-easy,20260712,1,0.12,0.45,0.2,0.18,3,30,9,1254,994424400,2835077356,true,false,771.866666666622,792.866666666622,9,8,7,180,24,8,3,12,49,45,4,12,4,0,0.08163265306122448,0.9183673469387755,17,2.125,167.7333333333248,0.2173086888927291,1,1,0,5,3,30,7,3,44,7,3,44,77.43333333326291,0.1003195716012274,5,7,3,0
difficulty-easy,20260712,1,0.12,0.45,0.2,0.18,3,30,9,1255,3102270651,3354680876,true,false,808.5666666665886,829.5666666665886,9,8,7,180,28,9,3,8,54,45,9,8,9,0,0.16666666666666666,0.8333333333333334,21,2.625,167.7333333333248,0.20744527352929998,1,1,0,6,3,32,8,3,42,8,3,44,117.83333333322616,0.14573112915847491,5,5,3,0
difficulty-easy,20260712,1,0.12,0.45,0.2,0.18,3,30,9,1256,4239954273,625930797,false,false,795.3333333332673,816.3333333332673,9,8,7,179,26,8,3,23,70,59,11,23,11,0,0.15714285714285714,0.8428571428571429,24,3,167.7333333333248,0.21089689857502772,1,0,1,7,3,47,8,3,58,0,0,0,0,0,7,8,4,0
difficulty-easy,20260712,1,0.12,0.45,0.2,0.18,3,30,9,1257,1667965448,2781579386,true,false,825.2666666665734,846.2666666665734,9,8,7,180,28,8,3,14,63,52,11,14,11,0,0.1746031746031746,0.8253968253968254,24,3,167.7333333333248,0.20324743517248212,1,1,0,7,3,39,8,3,50,8,3,51,123.49999999988768,0.14964859843271058,5,9,4,0
difficulty-easy,20260712,1,0.12,0.45,0.2,0.18,3,30,9,1258,1166833491,590733298,true,false,800.5999999999292,821.5999999999292,9,8,7,180,23,6,3,14,53,47,6,14,6,0,0.11320754716981132,0.8867924528301887,21,2.625,167.7333333333248,0.2095095345157877,1,1,0,6,3,35,6,3,45,6,3,46,112.06666666656474,0.13997834957104005,4,6,2,0
difficulty-easy,20260712,1,0.12,0.45,0.2,0.18,3,30,9,1259,1036371020,715198113,true,false,806.7999999999236,827.7999999999236,9,8,7,180,27,8,3,8,45,45,0,8,0,0,0,1,21,2.625,167.7333333333248,0.2078995207403826,1,1,0,6,3,36,8,3,44,8,3,44,116.23333333322762,0.14406709634759374,6,8,1,0
difficulty-easy,20260712,1,0.12,0.45,0.2,0.18,3,30,9,1260,80465027,154852751,true,false,776.9666666666174,797.9666666666174,9,8,7,180,26,8,3,12,53,47,6,12,6,0,0.11320754716981132,0.8867924528301887,23,2.875,167.7333333333248,0.2158822772319732,1,1,0,7,3,38,7,3,46,7,3,46,84.66666666658966,0.1089707838173174,5,14,3,0
difficulty-easy,20260712,1,0.12,0.45,0.2,0.18,3,30,9,1261,3654090158,2108380938,false,false,837.6666666665622,858.6666666665622,9,8,7,179,23,7,3,10,50,43,7,10,7,0,0.14,0.86,20,2.5,167.7333333333248,0.20023875845604344,1,0,1,6,3,35,7,3,43,0,0,0,0,0,3,7,2,0
difficulty-easy,20260712,1,0.12,0.45,0.2,0.18,3,30,9,1262,3537484351,2376197948,true,false,833.6999999998991,854.6999999998991,9,8,7,180,26,8,3,15,53,50,3,15,3,0,0.05660377358490566,0.9433962264150944,18,2.25,167.7333333333248,0.2011914757506838,1,1,0,5,3,30,7,3,49,7,3,49,163.466666666518,0.19607372755971905,3,4,3,0
difficulty-easy,20260712,1,0.12,0.45,0.2,0.18,3,30,9,1263,4176018496,1921307281,false,false,830.4666666665687,851.4666666665687,9,8,7,179,30,9,3,17,62,57,5,17,5,0,0.08064516129032258,0.9193548387096774,24,3,167.7333333333248,0.2019747932889274,1,0,1,7,3,39,9,3,57,0,0,0,0,0,2,5,3,0
difficulty-easy,20260712,1,0.12,0.45,0.2,0.18,3,30,9,1264,1722072990,3380641561,false,false,783.633333333278,804.633333333278,9,8,7,179,16,4,3,4,39,30,9,4,9,0,0.23076923076923078,0.7692307692307693,15,1.875,167.7333333333248,0.21404568463142198,1,0,1,4,3,24,4,3,29,0,0,0,0,0,3,5,3,0
difficulty-easy,20260712,1,0.12,0.45,0.2,0.18,3,30,9,1265,401840058,1440264383,true,false,771.7999999999554,792.7999999999554,9,8,7,180,16,5,3,0,30,25,5,0,5,0,0.16666666666666666,0.8333333333333334,14,1.75,167.7333333333248,0.21732745961821,1,1,0,4,3,22,5,3,24,5,3,24,79.5999999999276,0.10313552733860094,5,9,2,0
difficulty-easy,20260712,1,0.12,0.45,0.2,0.18,3,30,9,1266,1047827281,2307118606,true,false,810.2666666665871,831.2666666665871,9,8,7,180,17,5,3,16,47,42,5,16,5,0,0.10638297872340426,0.8936170212765957,15,1.875,167.7333333333248,0.20701003784763197,1,1,0,4,3,30,4,3,40,4,3,41,119.16666666655829,0.14707092315275216,6,8,2,0
difficulty-easy,20260712,1,0.12,0.45,0.2,0.18,3,30,9,1267,3704737929,42247805,true,false,827.6666666665712,848.6666666665712,9,8,7,180,28,8,3,12,59,50,9,12,9,0,0.15254237288135594,0.847457627118644,21,2.625,167.7333333333248,0.20265807490939686,1,1,0,6,3,36,8,3,48,8,3,49,153.4333333331938,0.1853805879982418,2,5,3,0
difficulty-easy,20260712,1,0.12,0.45,0.2,0.18,3,30,9,1268,1783716482,3186732676,false,false,863.8999999998716,884.8999999998716,9,8,7,179,25,8,3,8,48,42,6,8,6,0,0.125,0.875,21,2.625,167.7333333333248,0.19415827449166537,1,0,1,6,3,38,8,3,42,0,0,0,0,0,6,9,2,0
difficulty-easy,20260712,1,0.12,0.45,0.2,0.18,3,30,9,1269,1023217627,3217119208,false,false,806.8666666665902,827.8666666665902,9,8,7,179,27,8,3,14,59,50,9,14,9,0,0.15254237288135594,0.847457627118644,21,2.625,167.7333333333248,0.2078823432206982,1,0,1,6,3,36,8,3,50,0,0,0,0,0,3,5,2,0
difficulty-easy,20260712,1,0.12,0.45,0.2,0.18,3,30,9,1270,2296712119,2768183132,true,false,822.7666666665757,843.7666666665757,9,8,7,180,25,7,3,11,54,46,8,11,8,0,0.14814814814814814,0.8518518518518519,19,2.375,167.7333333333248,0.2038650083053235,1,1,0,6,3,34,6,3,43,7,3,45,127.79999999988377,0.15532957906238856,5,11,2,0
difficulty-easy,20260712,1,0.12,0.45,0.2,0.18,3,30,9,1271,2589507544,4257745389,true,false,808.166666666589,829.166666666589,9,8,7,180,23,7,3,8,47,41,6,8,6,0,0.1276595744680851,0.8723404255319149,23,2.875,167.7333333333248,0.20754794803053114,1,1,0,7,3,36,7,3,40,7,3,40,102.46666666657347,0.12678902866560116,5,10,2,0
difficulty-easy,20260712,1,0.12,0.45,0.2,0.18,3,30,9,1272,2419005489,784308592,false,false,773.5999999999538,794.5999999999538,9,8,7,179,20,6,3,4,36,32,4,4,4,0,0.1111111111111111,0.8888888888888888,18,2.25,167.7333333333248,0.21682178559117737,1,0,1,5,3,27,6,3,32,0,0,0,0,0,2,5,2,0
difficulty-easy,20260712,1,0.12,0.45,0.2,0.18,3,30,9,1273,2662747104,2102691181,false,false,772.5999999999547,793.5999999999547,9,8,7,179,18,5,3,1,36,28,8,1,8,0,0.2222222222222222,0.7777777777777778,12,1.5,167.7333333333248,0.21710242471309169,1,0,1,4,3,18,5,3,28,0,0,0,0,0,3,7,3,0
difficulty-easy,20260712,1,0.12,0.45,0.2,0.18,3,30,9,1274,673427745,2746997032,false,false,834.8333333332314,855.8333333332314,9,8,7,179,25,7,3,9,51,44,7,9,7,0,0.13725490196078433,0.8627450980392157,21,2.625,167.7333333333248,0.20091834697545852,1,0,1,6,3,30,7,3,43,0,0,0,0,0,5,8,3,0
difficulty-easy,20260712,1,0.12,0.45,0.2,0.18,3,30,9,1275,3418427793,1653552714,true,false,833.5666666665659,854.5666666665659,9,8,7,180,24,7,3,14,55,48,7,14,7,0,0.12727272727272726,0.8727272727272727,21,2.625,167.7333333333248,0.20122365737594883,1,1,0,6,3,37,7,3,47,7,3,47,156.69999999985748,0.18798736353806106,5,7,2,0
difficulty-easy,20260712,1,0.12,0.45,0.2,0.18,3,30,9,1276,2979834812,854728924,true,false,771.3999999999558,792.3999999999558,9,8,7,180,20,6,3,4,45,33,12,4,12,0,0.26666666666666666,0.7333333333333333,15,1.875,167.7333333333248,0.21744015210440032,1,1,0,4,3,26,5,3,32,5,3,32,78.89999999992824,0.10228156598383817,5,7,3,0
difficulty-easy,20260712,1,0.12,0.45,0.2,0.18,3,30,9,1277,76844168,3106722835,false,false,836.6999999998964,857.6999999998964,9,8,7,179,23,7,3,15,51,48,3,15,3,0,0.058823529411764705,0.9411764705882353,21,2.625,167.7333333333248,0.20047010079281172,1,0,1,6,3,34,7,3,47,0,0,0,0,0,5,11,2,0
difficulty-easy,20260712,1,0.12,0.45,0.2,0.18,3,30,9,1278,2500672986,3539729978,true,false,792.2999999999367,813.2999999999367,9,8,7,180,22,6,3,16,54,48,6,16,6,0,0.1111111111111111,0.8888888888888888,20,2.5,167.7333333333248,0.2117043207539293,1,1,0,6,3,38,6,3,47,6,3,47,90.69999999991751,0.11447683958087183,5,11,2,0
difficulty-easy,20260712,1,0.12,0.45,0.2,0.18,3,30,9,1279,3514362992,2273634828,true,false,823.233333333242,844.233333333242,9,8,7,180,29,9,3,10,56,49,7,10,7,0,0.125,0.875,25,3.125,167.7333333333248,0.2037494432522291,1,1,0,7,3,42,9,3,47,9,3,48,144.09999999986894,0.17504150301642094,5,6,2,0
difficulty-easy,20260712,1,0.12,0.45,0.2,0.18,3,30,9,1280,52807102,724903832,true,false,837.3999999998957,858.3999999998957,9,8,7,180,26,8,3,8,54,44,10,8,10,0,0.18518518518518517,0.8148148148148148,25,3.125,167.7333333333248,0.20030252368443477,1,1,0,8,3,38,8,3,44,8,3,44,154.16666666652645,0.18410158426862389,3,3,2,0
difficulty-easy,20260712,1,0.12,0.45,0.2,0.18,3,30,9,1281,1929317495,3550265545,false,false,773.8333333332869,794.8333333332869,9,8,7,179,27,8,3,18,62,55,7,18,7,0,0.11290322580645161,0.8870967741935484,24,3,167.7333333333248,0.21675640749515598,1,0,1,7,3,44,8,3,55,0,0,0,0,0,2,5,2,0
difficulty-easy,20260712,1,0.12,0.45,0.2,0.18,3,30,9,1282,580347492,3785343703,false,false,861.1999999998741,882.1999999998741,9,8,7,179,19,5,3,9,40,37,3,9,3,0,0.075,0.925,16,2,167.7333333333248,0.19476699179441398,1,0,1,4,3,29,5,3,37,0,0,0,0,0,5,8,2,0
difficulty-easy,20260712,1,0.12,0.45,0.2,0.18,3,30,9,1283,1016919395,3871455254,false,false,823.0333333332421,844.0333333332421,9,8,7,179,30,9,3,16,59,54,5,16,5,0,0.0847457627118644,0.9152542372881356,26,3.25,167.7333333333248,0.20379895508486093,1,0,1,7,3,47,9,3,54,0,0,0,0,0,5,10,2,0
difficulty-easy,20260712,1,0.12,0.45,0.2,0.18,3,30,9,1284,548094393,475105775,false,false,811.799999999919,832.799999999919,9,8,7,179,24,7,3,6,41,40,1,6,1,0,0.024390243902439025,0.975609756097561,18,2.25,167.7333333333248,0.20661903588733865,1,0,1,5,3,29,7,3,39,0,0,0,0,0,5,14,2,0
difficulty-easy,20260712,1,0.12,0.45,0.2,0.18,3,30,9,1285,1508322075,3138125435,false,false,822.9999999999088,843.9999999999088,9,8,7,179,24,7,3,14,56,48,8,14,8,0,0.14285714285714285,0.8571428571428571,21,2.625,167.7333333333248,0.20380720939652902,1,0,1,6,3,37,7,3,48,0,0,0,0,0,3,5,2,0
difficulty-easy,20260712,1,0.12,0.45,0.2,0.18,3,30,9,1286,229181314,1874189858,true,false,855.9333333332122,876.9333333332122,9,8,7,180,26,8,3,10,53,46,7,10,7,0,0.1320754716981132,0.8679245283018868,25,3.125,167.7333333333248,0.19596541786745292,1,1,0,8,3,39,8,3,44,8,3,44,156.33333333319115,0.1826466235686735,6,14,2,0
difficulty-easy,20260712,1,0.12,0.45,0.2,0.18,3,30,9,1287,4082848676,1898771814,false,false,828.0999999999042,849.0999999999042,9,8,7,179,29,8,3,20,62,59,3,20,3,0,0.04838709677419355,0.9516129032258065,26,3.25,167.7333333333248,0.20255202672786402,1,0,1,8,3,41,8,3,59,0,0,0,0,0,3,5,2,0
difficulty-easy,20260712,1,0.12,0.45,0.2,0.18,3,30,9,1288,2605349175,1975938764,true,false,794.2666666666016,815.2666666666016,9,8,7,180,18,5,3,2,34,29,5,2,5,0,0.14705882352941177,0.8529411764705882,16,2,167.7333333333248,0.21118012422360902,1,1,0,5,3,24,5,3,27,5,3,29,97.56666666657793,0.12283867718640161,3,5,1,0
difficulty-easy,20260712,1,0.12,0.45,0.2,0.18,3,30,9,1289,1372249706,4205665210,true,false,783.5666666666114,804.5666666666114,9,8,7,180,27,8,3,19,58,56,2,19,2,0,0.034482758620689655,0.9655172413793104,24,3,167.7333333333248,0.21406389586081162,1,1,0,7,3,38,8,3,52,8,3,52,79.16666666659467,0.10103373463215244,5,7,4,0
difficulty-easy,20260712,1,0.12,0.45,0.2,0.18,3,30,9,1290,3832919337,428977446,false,false,772.8333333332878,793.8333333332878,9,8,7,179,22,7,3,9,46,41,5,9,5,0,0.10869565217391304,0.8913043478260869,20,2.5,167.7333333333248,0.2170368772913539,1,0,1,6,3,30,7,3,41,0,0,0,0,0,3,3,2,0
difficulty-easy,20260712,1,0.12,0.45,0.2,0.18,3,30,9,1291,2970440496,1139787901,true,false,810.7666666665866,831.7666666665866,9,8,7,180,26,8,3,7,49,43,6,7,6,0,0.12244897959183673,0.8775510204081632,20,2.5,167.7333333333248,0.20688237470707727,1,1,0,6,3,34,8,3,42,8,3,42,120.09999999989077,0.14813139826489655,5,13,3,0
difficulty-easy,20260712,1,0.12,0.45,0.2,0.18,3,30,9,1292,909396851,1003916495,true,false,777.9666666666164,798.9666666666164,9,8,7,180,21,6,3,9,43,40,3,9,3,0,0.06976744186046512,0.9302325581395349,18,2.25,167.7333333333248,0.2156047816958768,1,1,0,5,3,30,6,3,38,6,3,39,88.06666666658657,0.11320107973768231,4,11,2,0
difficulty-easy,20260712,1,0.12,0.45,0.2,0.18,3,30,9,1293,1741213556,1207762225,true,false,789.133333333273,810.133333333273,9,8,7,180,22,7,3,7,46,38,8,7,8,0,0.17391304347826086,0.8260869565217391,16,2,167.7333333333248,0.21255385655149653,1,1,0,4,3,28,6,3,37,6,3,37,92.63333333324908,0.11738616203420145,6,10,2,0
difficulty-easy,20260712,1,0.12,0.45,0.2,0.18,3,30,9,1294,441062206,866108406,true,false,773.3333333332873,794.3333333332873,9,8,7,180,20,7,3,1,34,30,4,1,4,0,0.11764705882352941,0.8823529411764706,17,2.125,167.7333333333248,0.2168965517241398,1,1,0,5,3,25,6,3,27,6,3,29,82.8999999999246,0.10719827586197785,5,8,2,0
difficulty-easy,20260712,1,0.12,0.45,0.2,0.18,3,30,9,1295,307265872,2139425267,false,false,824.0999999999078,845.0999999999078,9,8,7,179,25,7,3,15,53,49,4,15,4,0,0.07547169811320754,0.9245283018867925,23,2.875,167.7333333333248,0.2035351696800674,1,0,1,6,3,38,7,3,49,0,0,0,0,0,2,4,3,0
difficulty-easy,20260712,1,0.12,0.45,0.2,0.18,3,30,9,1296,2038617185,2930204440,false,false,874.6333333331952,895.6333333331952,9,8,7,179,19,5,3,11,46,39,7,11,7,0,0.15217391304347827,0.8478260869565217,16,2,167.7333333333248,0.1917756012043347,1,0,1,4,3,31,5,3,38,0,0,0,0,0,5,10,2,0
difficulty-easy,20260712,1,0.12,0.45,0.2,0.18,3,30,9,1297,1867222563,1959666673,false,false,830.1333333332357,851.1333333332357,9,8,7,179,20,6,2,6,43,34,9,6,9,0,0.20930232558139536,0.7906976744186046,17,2.125,167.7333333333248,0.20205589463541343,1,0,1,5,2,29,6,2,34,0,0,0,0,0,5,14,2,0
difficulty-easy,20260712,1,0.12,0.45,0.2,0.18,3,30,9,1298,1262209448,3683971206,true,false,842.266666666558,863.266666666558,9,8,7,180,20,6,2,12,45,41,4,12,4,0,0.08888888888888889,0.9111111111111111,16,2,167.7333333333248,0.1991451638436122,1,1,0,5,2,25,5,2,40,5,2,40,152.79999999986103,0.18141522874768176,6,11,2,0
difficulty-easy,20260712,1,0.12,0.45,0.2,0.18,3,30,9,1299,1165059280,3260585002,false,false,797.3666666665988,818.3666666665988,9,8,7,179,19,5,3,4,38,32,6,4,6,0,0.15789473684210525,0.8421052631578947,14,1.75,167.7333333333248,0.21035909869989433,1,0,1,4,3,23,5,3,31,0,0,0,0,0,5,11,5,0
difficulty-easy,20260712,1,0.12,0.45,0.2,0.18,3,30,9,1300,2892093623,2776647191,false,false,822.6333333332425,843.6333333332425,9,8,7,179,20,6,3,8,47,38,9,8,9,0,0.19148936170212766,0.8085106382978723,18,2.25,167.7333333333248,0.20389805097452487,1,0,1,5,3,30,6,3,38,0,0,0,0,0,2,4,2,0
difficulty-easy,20260712,1,0.12,0.45,0.2,0.18,3,30,9,1301,3240688206,873882735,false,false,807.8999999999226,828.8999999999226,9,8,7,179,20,6,3,1,33,29,4,1,4,0,0.12121212121212122,0.8787878787878788,17,2.125,167.7333333333248,0.20761645418163246,1,0,1,5,3,26,6,3,29,0,0,0,0,0,3,5,2,0
difficulty-easy,20260712,1,0.12,0.45,0.2,0.18,3,30,9,1302,2564331607,901171984,true,false,781.0333333332803,802.0333333332803,9,8,7,180,24,7,3,7,47,40,7,7,7,0,0.14893617021276595,0.851063829787234,20,2.5,167.7333333333248,0.21475822628142568,1,1,0,6,3,33,6,3,39,6,3,39,82.56666666659157,0.10571465152993535,5,8,2,0
difficulty-easy,20260712,1,0.12,0.45,0.2,0.18,3,30,9,1303,1057217948,4166569916,true,false,806.0333333332576,827.0333333332576,9,8,7,180,26,8,3,4,46,40,6,4,6,0,0.13043478260869565,0.8695652173913043,24,3,167.7333333333248,0.20809726644887377,1,1,0,8,3,36,8,3,39,8,3,39,110.59999999989941,0.13721516893417535,4,11,3,0
difficulty-easy,20260712,1,0.12,0.45,0.2,0.18,3,30,9,1304,3076671370,3196630104,true,false,770.1999999999568,791.1999999999568,9,8,7,180,24,7,3,4,43,37,6,4,6,0,0.13953488372093023,0.8604651162790697,17,2.125,167.7333333333248,0.2177789318791667,1,1,0,5,3,27,7,3,36,7,3,36,78.79999999992833,0.10231108802899604,5,8,2,0
difficulty-easy,20260712,1,0.12,0.45,0.2,0.18,3,30,9,1305,3921487241,201906027,false,false,839.9999999998934,860.9999999998934,9,8,7,179,21,6,3,13,49,44,5,13,5,0,0.10204081632653061,0.8979591836734694,15,1.875,167.7333333333248,0.19968253968255487,1,0,1,4,3,33,6,3,44,0,0,0,0,0,3,5,2,0
difficulty-easy,20260712,1,0.12,0.45,0.2,0.18,3,30,9,1306,3934040107,3652596960,true,false,827.9333333332377,848.9333333332377,9,8,7,180,21,6,3,12,51,43,8,12,8,0,0.1568627450980392,0.8431372549019608,15,1.875,167.7333333333248,0.20259280135277902,1,1,0,4,3,26,6,3,40,6,3,42,144.09999999986894,0.17404782993786005,4,6,2,0
difficulty-easy,20260712,1,0.12,0.45,0.2,0.18,3,30,9,1307,3693714112,2358530663,false,false,906.9999999998324,927.9999999998324,9,8,7,179,21,6,2,7,44,38,6,7,6,0,0.13636363636363635,0.8636363636363636,20,2.5,167.7333333333248,0.1849320102903592,1,0,1,6,2,33,6,2,37,0,0,0,0,0,6,8,2,0
difficulty-easy,20260712,1,0.12,0.45,0.2,0.18,3,30,9,1308,1207152569,3156788047,false,false,834.2999999998985,855.2999999998985,9,8,7,179,25,7,2,16,55,49,6,16,6,0,0.10909090909090909,0.8909090909090909,21,2.625,167.7333333333248,0.2010467857285691,1,0,1,6,2,40,6,2,48,0,0,0,0,0,5,5,2,0
difficulty-easy,20260712,1,0.12,0.45,0.2,0.18,3,30,9,1309,2388683259,4143218721,false,false,860.7333333332078,881.7333333332078,9,8,7,179,23,7,3,11,49,44,5,11,5,0,0.10204081632653061,0.8979591836734694,20,2.5,167.7333333333248,0.19487258926498635,1,0,1,6,3,35,7,3,43,0,0,0,0,0,5,13,2,0
difficulty-easy,20260712,1,0.12,0.45,0.2,0.18,3,30,9,1310,302697215,3902931243,true,false,823.0666666665754,844.0666666665754,9,8,7,180,31,10,3,16,65,57,8,16,8,0,0.12307692307692308,0.8769230769230769,29,3.625,167.7333333333248,0.20379070144177472,1,1,0,9,3,47,10,3,54,10,3,56,135.09999999987713,0.16414223230182906,6,13,2,0
difficulty-easy,20260712,1,0.12,0.45,0.2,0.18,3,30,9,1311,2445006911,3575829158,false,false,841.6333333332252,862.6333333332252,9,8,7,179,29,8,3,19,68,58,10,19,10,0,0.14705882352941177,0.8529411764705882,25,3.125,167.7333333333248,0.19929502158502874,1,0,1,7,3,42,8,3,57,0,0,0,0,0,3,5,2,0
difficulty-easy,20260712,1,0.12,0.45,0.2,0.18,3,30,9,1312,2298428222,181788892,true,false,794.9999999999343,815.9999999999343,9,8,7,180,30,9,3,19,63,59,4,19,4,0,0.06349206349206349,0.9365079365079365,25,3.125,167.7333333333248,0.2109853249475958,1,1,0,7,3,46,8,3,55,8,3,55,91.19999999991705,0.11471698113198062,5,10,2,0
difficulty-easy,20260712,1,0.12,0.45,0.2,0.18,3,30,9,1313,3713218308,671281683,false,false,762.8999999999635,783.8999999999635,9,8,7,179,24,7,3,18,59,51,8,18,8,0,0.13559322033898305,0.864406779661017,20,2.5,167.7333333333248,0.21986280421199741,1,0,1,6,3,36,7,3,51,0,0,0,0,0,2,4,3,0
difficulty-easy,20260712,1,0.12,0.45,0.2,0.18,3,30,9,1314,14612483,3830664290,false,false,830.0999999999024,851.0999999999024,9,8,7,179,28,8,2,14,56,52,4,14,4,0,0.07142857142857142,0.9285714285714286,24,3,167.7333333333248,0.20206400835242083,1,0,1,7,2,42,8,2,52,0,0,0,0,0,3,5,2,0
difficulty-easy,20260712,1,0.12,0.45,0.2,0.18,3,30,9,1315,3794031594,198013277,true,false,818.7666666665793,839.7666666665793,9,8,7,180,25,7,3,12,60,47,13,12,13,0,0.21666666666666667,0.7833333333333333,24,3,167.7333333333248,0.2048609697512633,1,1,0,7,3,36,7,3,46,7,3,46,153.4333333331938,0.18739567642373914,2,5,3,0
difficulty-easy,20260712,1,0.12,0.45,0.2,0.18,3,30,9,1316,2280415173,3043206460,false,false,831.1999999999014,852.1999999999014,9,8,7,179,26,8,3,12,58,48,10,12,10,0,0.1724137931034483,0.8275862068965517,22,2.75,167.7333333333248,0.20179659929420682,1,0,1,7,3,39,8,3,48,0,0,0,0,0,3,5,3,0
difficulty-easy,20260712,1,0.12,0.45,0.2,0.18,3,30,9,1317,112406439,1108635730,false,false,785.5333333332762,806.5333333332762,9,8,7,179,24,7,3,10,52,44,8,10,8,0,0.15384615384615385,0.8461538461538461,20,2.5,167.7333333333248,0.21352796401595983,1,0,1,6,3,34,7,3,43,0,0,0,0,0,4,5,2,0
difficulty-easy,20260712,1,0.12,0.45,0.2,0.18,3,30,9,1318,2936691470,3049047064,true,false,800.2333333332629,821.2333333332629,9,8,7,180,16,5,3,0,30,25,5,0,5,0,0.16666666666666666,0.8333333333333334,12,1.5,167.7333333333248,0.2096055317199228,1,1,0,3,2,20,5,3,24,5,3,24,110.33333333323299,0.1378764527011822,5,17,2,0
difficulty-easy,20260712,1,0.12,0.45,0.2,0.18,3,30,9,1319,1761200781,1879910554,true,false,791.333333333271,812.333333333271,9,8,7,180,24,7,3,10,50,44,6,10,6,0,0.12,0.88,20,2.5,167.7333333333248,0.2119629317607473,1,1,0,6,3,34,7,3,43,7,3,44,93.53333333324827,0.1181971356359591,6,7,2,0
difficulty-easy,20260712,1,0.12,0.45,0.2,0.18,3,30,9,1320,204964597,652364840,true,false,750.6666666666413,771.6666666666413,9,8,7,180,18,5,3,0,33,28,5,0,5,0,0.15151515151515152,0.8484848484848485,14,1.75,167.7333333333248,0.22344582593250062,1,1,0,4,3,22,5,3,26,5,3,27,49.59999999995489,0.06607460035518192,5,11,2,0
difficulty-easy,20260712,1,0.12,0.45,0.2,0.18,3,30,9,1321,3971312269,1351382607,true,false,877.366666666526,898.366666666526,9,8,7,180,15,5,3,0,30,23,7,0,7,0,0.23333333333333334,0.7666666666666667,10,1.25,167.7333333333248,0.19117814672696898,1,1,0,2,2,16,4,3,22,4,3,22,162.89999999985184,0.1856692374908377,5,13,2,0
difficulty-easy,20260712,1,0.12,0.45,0.2,0.18,3,30,9,1322,1789113573,4172855108,true,false,821.7333333332433,842.7333333332433,9,8,7,180,27,8,3,15,60,52,8,15,8,0,0.13333333333333333,0.8666666666666667,24,3,167.7333333333248,0.20412136946293588,1,1,0,7,3,39,8,3,51,8,3,51,135.36666666654355,0.1647330845366198,4,6,2,0
difficulty-easy,20260712,1,0.12,0.45,0.2,0.18,3,30,9,1323,4170904801,2086915430,true,false,806.0666666665909,827.0666666665909,9,8,7,180,26,8,3,16,63,52,11,16,11,0,0.1746031746031746,0.8253968253968254,23,2.875,167.7333333333248,0.20808866098752035,1,1,0,7,3,38,8,3,51,8,3,51,116.16666666656101,0.1441154577783954,4,9,2,0
difficulty-easy,20260712,1,0.12,0.45,0.2,0.18,3,30,9,1324,3142560041,2405150588,true,false,793.8999999999353,814.8999999999353,9,8,7,180,27,8,3,9,48,45,3,9,3,0,0.0625,0.9375,19,2.375,167.7333333333248,0.21127765881513852,1,1,0,5,3,32,7,3,42,7,3,43,92.13333333324954,0.11605155981012351,6,10,2,0
difficulty-easy,20260712,1,0.12,0.45,0.2,0.18,3,30,9,1325,2224178334,3789677008,true,false,774.5999999999528,795.5999999999528,9,8,7,180,24,8,3,4,40,38,2,4,2,0,0.05,0.95,20,2.5,167.7333333333248,0.21654187107324427,1,1,0,6,3,32,8,3,36,8,3,37,91.79999999991651,0.11851278078998463,5,13,3,0
difficulty-easy,20260712,1,0.12,0.45,0.2,0.18,3,30,9,1326,125826033,718652217,false,false,829.5333333332362,850.5333333332362,9,8,7,179,30,9,3,18,62,58,4,18,4,0,0.06451612903225806,0.9354838709677419,26,3.25,167.7333333333248,0.20220204130837952,1,0,1,8,3,45,9,3,58,0,0,0,0,0,3,5,2,0
difficulty-easy,20260712,1,0.12,0.45,0.2,0.18,3,30,9,1327,824025752,2928662500,true,false,777.2999999999504,798.2999999999504,9,8,7,180,19,6,3,8,39,35,4,8,4,0,0.10256410256410256,0.8974358974358975,15,1.875,167.7333333333248,0.21578969938676895,1,1,0,4,3,27,5,3,34,5,3,34,102.53333333324008,0.1319096016123075,3,7,3,0
difficulty-easy,20260712,1,0.12,0.45,0.2,0.18,3,30,9,1328,2695266634,2218912661,false,false,860.0999999998751,881.0999999998751,9,8,7,179,32,10,3,20,65,60,5,20,5,0,0.07692307692307693,0.9230769230769231,28,3.5,167.7333333333248,0.1950160834011733,1,0,1,8,3,50,10,3,60,0,0,0,0,0,5,8,5,0
difficulty-easy,20260712,1,0.12,0.45,0.2,0.18,3,30,9,1329,1466880049,1218704985,true,false,762.6333333332971,783.6333333332971,9,8,7,180,26,8,3,12,59,48,11,12,11,0,0.1864406779661017,0.8135593220338984,25,3.125,167.7333333333248,0.219939682678438,1,1,0,8,3,37,8,3,46,8,3,47,81.733333333259,0.10717251628121363,5,10,2,0
difficulty-easy,20260712,1,0.12,0.45,0.2,0.18,3,30,9,1330,91322939,763107350,true,false,797.6999999999318,818.6999999999318,9,8,7,180,29,9,3,10,53,49,4,10,4,0,0.07547169811320754,0.9245283018867925,27,3.375,167.7333333333248,0.21027119635619798,1,1,0,8,3,41,9,3,47,9,3,48,110.16666666656647,0.13810538631888666,5,8,2,0
difficulty-easy,20260712,1,0.12,0.45,0.2,0.18,3,30,9,1331,3299337650,3067809833,false,false,849.4666666665514,870.4666666665514,9,8,7,179,21,6,3,11,48,41,7,11,7,0,0.14583333333333334,0.8541666666666666,19,2.375,167.7333333333248,0.19745722806468477,1,0,1,6,3,32,6,3,40,0,0,0,0,0,6,10,2,0
difficulty-easy,20260712,1,0.12,0.45,0.2,0.18,3,30,9,1332,676694004,3831778475,true,false,791.4333333332709,812.4333333332709,9,8,7,180,28,8,3,14,60,52,8,14,8,0,0.13333333333333333,0.8666666666666667,21,2.625,167.7333333333248,0.2119361496019939,1,1,0,6,3,33,8,3,48,8,3,50,78.59999999992851,0.09931348186825766,5,10,3,0
difficulty-easy,20260712,1,0.12,0.45,0.2,0.18,3,30,9,1333,724592320,849692793,true,false,780.4333333332809,801.4333333332809,9,8,7,180,17,5,3,1,40,28,12,1,12,0,0.3,0.7,15,1.875,167.7333333333248,0.2149233331909658,1,1,0,4,3,24,5,3,28,5,3,28,86.26666666658821,0.11053688121974203,5,10,2,0
difficulty-easy,20260712,1,0.12,0.45,0.2,0.18,3,30,9,1334,697151780,1016871422,false,false,861.4999999998738,882.4999999998738,9,8,7,179,26,8,3,21,71,57,14,21,14,0,0.19718309859154928,0.8028169014084507,22,2.75,167.7333333333248,0.1946991681176429,1,0,1,7,3,41,8,3,55,0,0,0,0,0,6,10,2,0
difficulty-easy,20260712,1,0.12,0.45,0.2,0.18,3,30,9,1335,981569967,2642572785,true,false,808.7333333332551,829.7333333332551,9,8,7,180,29,8,3,24,71,63,8,24,8,0,0.11267605633802817,0.8873239436619719,24,3,167.7333333333248,0.20740252246312052,1,1,0,7,3,46,8,3,60,8,3,62,115.63333333322817,0.14298079300952848,5,8,3,0
difficulty-easy,20260712,1,0.12,0.45,0.2,0.18,3,30,9,1336,1926075576,3954407217,true,false,809.7666666665875,830.7666666665875,9,8,7,180,21,6,2,17,55,47,8,17,8,0,0.14545454545454545,0.8545454545454545,20,2.5,167.7333333333248,0.207137858642417,1,1,0,5,2,41,5,2,46,5,2,46,125.79999999988559,0.15535339398167936,6,8,4,0
difficulty-easy,20260712,1,0.12,0.45,0.2,0.18,3,30,9,1337,2543561749,3318229175,true,false,834.0666666665654,855.0666666665654,9,8,7,180,25,8,3,14,52,48,4,14,4,0,0.07692307692307693,0.9230769230769231,22,2.75,167.7333333333248,0.2011030293342001,1,1,0,7,3,38,7,3,47,7,3,47,148.69999999986476,0.17828311086230053,4,7,3,0
difficulty-easy,20260712,1,0.12,0.45,0.2,0.18,3,30,9,1338,555996533,4119108310,false,false,783.8999999999444,804.8999999999444,9,8,7,179,18,5,3,9,44,37,7,9,7,0,0.1590909090909091,0.8409090909090909,18,2.25,167.7333333333248,0.21397287068929288,1,0,1,5,3,34,5,3,36,0,0,0,0,0,5,14,2,0
difficulty-easy,20260712,1,0.12,0.45,0.2,0.18,3,30,9,1339,3654094922,2034321352,true,false,803.2333333332601,824.2333333332601,9,8,7,180,16,5,3,1,31,26,5,1,5,0,0.16129032258064516,0.8387096774193549,14,1.75,167.7333333333248,0.20882267502179536,1,1,0,4,3,22,4,3,24,4,3,25,112.16666666656465,0.1396439390794392,5,11,2,0
difficulty-easy,20260712,1,0.12,0.45,0.2,0.18,3,30,9,1340,3759039250,3302572513,true,false,822.3999999999094,843.3999999999094,9,8,7,180,31,9,3,33,79,74,5,33,5,0,0.06329113924050633,0.9367088607594937,28,3.5,167.7333333333248,0.20395590142673065,1,1,0,8,3,57,9,3,74,9,3,74,108.59999999990123,0.13205252918277383,4,10,3,0
difficulty-easy,20260712,1,0.12,0.45,0.2,0.18,3,30,9,1341,847562075,3566414415,true,false,827.7333333332379,848.7333333332379,9,8,7,180,26,7,3,20,62,56,6,20,6,0,0.0967741935483871,0.9032258064516129,24,3,167.7333333333248,0.20264175257733263,1,1,0,7,3,51,7,3,54,7,3,55,153.03333333319415,0.1848824097936676,3,4,2,0
difficulty-easy,20260712,1,0.12,0.45,0.2,0.18,3,30,9,1342,3690767893,2346633160,true,false,807.8666666665893,828.8666666665893,9,8,7,180,21,6,3,8,44,38,6,8,6,0,0.13636363636363635,0.8636363636363636,19,2.375,167.7333333333248,0.2076250206304764,1,1,0,5,3,31,5,3,36,6,3,37,117.99999999989268,0.14606370688220496,5,14,2,0
difficulty-easy,20260712,1,0.12,0.45,0.2,0.18,3,30,9,1343,2570245115,1224371628,false,false,838.0666666665618,859.0666666665618,9,8,7,179,28,8,3,16,58,53,5,16,5,0,0.08620689655172414,0.9137931034482759,26,3.25,167.7333333333248,0.20014318669956144,1,0,1,7,3,43,8,3,53,0,0,0,0,0,3,5,2,0
difficulty-easy,20260712,1,0.12,0.45,0.2,0.18,3,30,9,1344,4095965,393855579,true,false,816.8333333332478,837.8333333332478,9,8,7,180,23,7,3,6,45,38,7,6,7,0,0.15555555555555556,0.8444444444444444,19,2.375,167.7333333333248,0.20534584778617715,1,1,0,5,3,33,6,3,37,6,3,37,131.99999999987995,0.161599673535883,5,11,2,0
difficulty-easy,20260712,1,0.12,0.45,0.2,0.18,3,30,9,1345,458522544,1866562103,true,false,783.199999999945,804.199999999945,9,8,7,180,23,7,3,16,57,49,8,16,8,0,0.14035087719298245,0.8596491228070176,19,2.375,167.7333333333248,0.21416411304052166,1,1,0,5,3,40,6,3,45,6,3,47,88.56666666658612,0.11308307797062352,5,14,2,0
difficulty-easy,20260712,1,0.12,0.45,0.2,0.18,3,30,9,1346,2867563514,1028772528,false,false,839.1666666665608,860.1666666665608,9,8,7,179,23,7,3,17,59,50,9,17,9,0,0.15254237288135594,0.847457627118644,23,2.875,167.7333333333248,0.19988083416088892,1,0,1,7,3,42,7,3,49,0,0,0,0,0,2,5,2,0
difficulty-easy,20260712,1,0.12,0.45,0.2,0.18,3,30,9,1347,3170321811,3718629573,true,false,828.6999999999036,849.6999999999036,9,8,7,180,27,8,3,15,52,51,1,15,1,0,0.019230769230769232,0.9807692307692307,24,3,167.7333333333248,0.20240537387877916,1,1,0,7,3,44,7,3,48,7,3,50,130.86666666654764,0.1579180242145081,5,9,1,0
difficulty-easy,20260712,1,0.12,0.45,0.2,0.18,3,30,9,1348,2143826762,3055368319,true,false,775.7333333332851,796.7333333332851,9,8,7,180,21,6,3,8,43,39,4,8,4,0,0.09302325581395349,0.9069767441860465,18,2.25,167.7333333333248,0.21622550704709764,1,1,0,5,3,29,6,3,36,6,3,38,84.06666666659021,0.10837057408034818,5,14,2,0
difficulty-easy,20260712,1,0.12,0.45,0.2,0.18,3,30,9,1349,2548414555,726313100,false,false,778.0666666666164,799.0666666666164,9,8,7,179,23,7,2,12,53,45,8,12,8,0,0.1509433962264151,0.8490566037735849,20,2.5,167.7333333333248,0.2155770713734928,1,0,1,6,2,36,7,2,45,0,0,0,0,0,4,7,2,0
difficulty-easy,20260712,1,0.12,0.45,0.2,0.18,3,30,9,1350,4219816594,1437832850,true,false,779.9666666666146,800.9666666666146,9,8,7,180,24,7,3,6,44,40,4,6,4,0,0.09090909090909091,0.9090909090909091,19,2.375,167.7333333333248,0.2150519252959562,1,1,0,5,3,30,7,3,40,7,3,40,102.56666666657338,0.13150134621126572,2,6,3,0
difficulty-easy,20260712,1,0.12,0.45,0.2,0.18,3,30,9,1351,4212995224,661101114,false,false,765.4666666666278,786.4666666666278,9,8,7,179,20,6,3,7,40,37,3,7,3,0,0.075,0.925,18,2.25,167.7333333333248,0.2191255878766765,1,0,1,5,3,32,6,3,37,0,0,0,0,0,2,5,2,0
difficulty-easy,20260712,1,0.12,0.45,0.2,0.18,3,30,9,1352,2282478586,3830905120,false,false,847.2666666665534,868.2666666665534,9,8,7,179,20,6,3,8,45,38,7,8,7,0,0.15555555555555556,0.8444444444444444,20,2.5,167.7333333333248,0.19796994256040665,1,0,1,6,3,33,6,3,38,0,0,0,0,0,3,7,2,0
difficulty-easy,20260712,1,0.12,0.45,0.2,0.18,3,30,9,1353,2624029122,3819114008,true,false,808.5333333332553,829.5333333332553,9,8,7,180,22,6,2,17,57,49,8,17,8,0,0.14035087719298245,0.8596491228070176,19,2.375,167.7333333333248,0.20745382585752925,1,1,0,5,1,41,6,2,48,6,2,48,114.73333333322898,0.1419030343006762,6,8,3,0
difficulty-easy,20260712,1,0.12,0.45,0.2,0.18,3,30,9,1354,1533979207,3378705857,false,false,816.8333333332478,837.8333333332478,9,8,7,179,24,7,3,12,53,46,7,12,7,0,0.1320754716981132,0.8679245283018868,21,2.625,167.7333333333248,0.20534584778617715,1,0,1,6,3,39,7,3,46,0,0,0,0,0,5,11,2,0
difficulty-easy,20260712,1,0.12,0.45,0.2,0.18,3,30,9,1355,482853733,2485018342,true,false,803.5666666665932,824.5666666665932,9,8,7,180,24,7,3,9,45,42,3,9,3,0,0.06666666666666667,0.9333333333333333,20,2.5,167.7333333333248,0.20873605176920412,1,1,0,5,3,35,6,3,40,6,3,41,108.63333333323453,0.13518894926773692,5,10,2,0
difficulty-easy,20260712,1,0.12,0.45,0.2,0.18,3,30,9,1356,420120503,899479315,false,false,833.1333333332329,854.1333333332329,9,8,7,179,27,8,3,12,56,49,7,12,7,0,0.125,0.875,19,2.375,167.7333333333248,0.20132831879652519,1,0,1,5,3,36,8,3,49,0,0,0,0,0,4,7,2,0
difficulty-easy,20260712,1,0.12,0.45,0.2,0.18,3,30,9,1357,3332586768,3217900032,false,false,790.3999999999385,811.3999999999385,9,8,7,179,22,6,3,11,46,43,3,11,3,0,0.06521739130434782,0.9347826086956522,19,2.375,167.7333333333248,0.21221322537112583,1,0,1,6,3,30,6,3,38,0,0,0,0,0,5,5,2,0
difficulty-easy,20260712,1,0.12,0.45,0.2,0.18,3,30,9,1358,598789759,1392244212,false,false,765.0333333332949,786.0333333332949,9,8,7,179,25,8,3,8,47,43,4,8,4,0,0.0851063829787234,0.9148936170212766,19,2.375,167.7333333333248,0.21924970589516782,1,0,1,6,3,33,8,3,43,0,0,0,0,0,2,7,2,0
difficulty-easy,20260712,1,0.12,0.45,0.2,0.18,3,30,9,1359,1508576934,2893460548,true,false,814.3666666665833,835.3666666665833,9,8,7,180,19,5,3,7,43,36,7,7,7,0,0.16279069767441862,0.8372093023255814,15,1.875,167.7333333333248,0.20596782775982395,1,1,0,4,3,25,5,3,33,5,3,34,126.59999999988486,0.15545822929871617,6,11,3,0
difficulty-easy,20260712,1,0.12,0.45,0.2,0.18,3,30,9,1360,3536072934,2931022374,true,false,793.4999999999357,814.4999999999357,9,8,7,180,22,6,3,5,41,37,4,5,4,0,0.0975609756097561,0.9024390243902439,19,2.375,167.7333333333248,0.21138416299097465,1,1,0,5,3,31,6,3,36,6,3,36,113.39999999989686,0.14291115311897423,3,5,3,0
difficulty-easy,20260712,1,0.12,0.45,0.2,0.18,3,30,9,1361,684604653,149686528,true,false,836.6333333332298,857.6333333332298,9,8,7,180,19,6,3,0,34,29,5,0,5,0,0.14705882352941177,0.8529411764705882,17,2.125,167.7333333333248,0.20048607514245056,1,1,0,5,3,25,6,3,27,6,3,29,120.3666666665572,0.14387027371597128,5,13,2,0
difficulty-easy,20260712,1,0.12,0.45,0.2,0.18,3,30,9,1362,2338176565,1099164146,true,false,833.8999999998989,854.8999999998989,9,8,7,180,29,9,3,18,63,56,7,18,7,0,0.1111111111111111,0.8888888888888888,24,3,167.7333333333248,0.2011432226086403,1,1,0,7,3,45,8,3,54,8,3,55,134.43333333321107,0.16121037694355123,6,8,2,0
difficulty-easy,20260712,1,0.12,0.45,0.2,0.18,3,30,9,1363,168035226,2485605274,true,false,771.0333333332894,792.0333333332894,9,8,7,180,20,6,3,4,38,34,4,4,4,0,0.10526315789473684,0.8947368421052632,19,2.375,167.7333333333248,0.21754355626648353,1,1,0,6,3,29,6,3,33,6,3,33,101.09999999990805,0.13112273572251154,2,5,1,0
difficulty-easy,20260712,1,0.12,0.45,0.2,0.18,3,30,9,1364,1547920208,936155656,true,false,774.4333333332863,795.4333333332863,9,8,7,180,18,5,3,1,32,28,4,1,4,0,0.125,0.875,15,1.875,167.7333333333248,0.21658847329230185,1,1,0,4,3,24,5,3,27,5,3,27,80.99999999992633,0.1045926053457555,7,8,2,0
difficulty-easy,20260712,1,0.12,0.45,0.2,0.18,3,30,9,1365,2555891351,801403331,true,false,788.033333333274,809.033333333274,9,8,7,180,19,6,3,11,45,39,6,11,6,0,0.13333333333333333,0.8666666666666667,16,2,167.7333333333248,0.21285055623705101,1,1,0,4,3,32,5,3,37,5,3,38,103.69999999990569,0.13159341821400977,4,6,3,0
difficulty-easy,20260712,1,0.12,0.45,0.2,0.18,3,30,9,1366,1582530058,4125187491,true,false,747.1666666666445,768.1666666666445,9,8,7,180,15,5,2,1,30,25,5,1,5,0,0.16666666666666666,0.8333333333333334,8,1,167.7333333333248,0.22449252732544694,1,1,0,2,1,14,4,2,24,4,2,24,56.26666666661549,0.07530671425378162,5,11,2,0
difficulty-easy,20260712,1,0.12,0.45,0.2,0.18,3,30,9,1367,2737942545,1820831055,false,false,779.1999999999487,800.1999999999487,9,8,7,179,16,4,3,2,32,27,5,2,5,0,0.15625,0.84375,13,1.625,167.7333333333248,0.2152635181382647,1,0,1,3,2,22,4,3,26,0,0,0,0,0,3,5,2,0
difficulty-easy,20260712,1,0.12,0.45,0.2,0.18,3,30,9,1368,2614801165,2798586020,true,false,818.4666666665796,839.4666666665796,9,8,7,180,24,7,2,34,73,68,5,34,5,0,0.0684931506849315,0.9315068493150684,22,2.75,167.7333333333248,0.20493605929788544,1,1,0,6,2,58,7,2,66,7,2,67,124.53333333322007,0.15215443512246474,6,8,2,0
difficulty-easy,20260712,1,0.12,0.45,0.2,0.18,3,30,9,1369,1076740404,1487939253,false,false,844.4333333332227,865.4333333332227,9,8,7,179,23,7,3,13,50,45,5,13,5,0,0.1,0.9,20,2.5,167.7333333333248,0.1986341925551811,1,0,1,6,3,34,7,3,44,0,0,0,0,0,2,6,2,0
difficulty-easy,20260712,1,0.12,0.45,0.2,0.18,3,30,9,1370,1990213396,2274566312,false,false,808.8666666665883,829.8666666665883,9,8,7,179,25,7,2,17,63,52,11,17,11,0,0.1746031746031746,0.8253968253968254,24,3,167.7333333333248,0.20736833429490772,1,0,1,7,2,45,7,2,52,0,0,0,0,0,6,9,3,0
difficulty-easy,20260712,1,0.12,0.45,0.2,0.18,3,30,9,1371,2868866469,1481189326,false,false,783.5999999999447,804.5999999999447,9,8,7,179,25,8,3,11,50,46,4,11,4,0,0.08,0.92,23,2.875,167.7333333333248,0.2140547898587757,1,0,1,7,3,36,8,3,46,0,0,0,0,0,3,6,2,0
difficulty-easy,20260712,1,0.12,0.45,0.2,0.18,3,30,9,1372,1616171864,354667584,false,false,782.6999999999455,803.6999999999455,9,8,7,179,24,7,3,9,49,43,6,9,6,0,0.12244897959183673,0.8775510204081632,22,2.75,167.7333333333248,0.2143009241514456,1,0,1,7,3,38,7,3,42,0,0,0,0,0,3,5,2,0
difficulty-easy,20260712,1,0.12,0.45,0.2,0.18,3,30,9,1373,1799978416,1475524140,false,false,790.4333333332718,811.4333333332718,9,8,7,179,27,8,3,12,54,48,6,12,6,0,0.1111111111111111,0.8888888888888888,26,3.25,167.7333333333248,0.21220427613545884,1,0,1,8,3,42,8,3,48,0,0,0,0,0,5,11,2,0
difficulty-easy,20260712,1,0.12,0.45,0.2,0.18,3,30,9,1374,3784546534,1522486002,false,false,832.3333333332337,853.3333333332337,9,8,7,179,28,9,3,16,59,52,7,16,7,0,0.11864406779661017,0.8813559322033898,25,3.125,167.7333333333248,0.2015218261914436,1,0,1,8,3,40,9,3,52,0,0,0,0,0,3,5,3,0
difficulty-easy,20260712,1,0.12,0.45,0.2,0.18,3,30,9,1375,447028931,1236637799,true,false,846.0333333332212,867.0333333332212,9,8,7,180,26,8,3,27,71,63,8,27,8,0,0.11267605633802817,0.8873239436619719,24,3,167.7333333333248,0.19825853985266187,1,1,0,7,3,52,8,3,62,8,3,62,158.26666666652272,0.18706906741248616,5,7,3,0
difficulty-easy,20260712,1,0.12,0.45,0.2,0.18,3,30,9,1376,1315491242,1198150294,true,false,822.9999999999088,843.9999999999088,9,8,7,180,22,7,3,5,43,36,7,5,7,0,0.16279069767441862,0.8372093023255814,18,2.25,167.7333333333248,0.20380720939652902,1,1,0,5,3,27,6,3,35,6,3,35,118.59999999989213,0.14410692588080834,6,14,1,0
difficulty-easy,20260712,1,0.12,0.45,0.2,0.18,3,30,9,1377,1451962620,4058211116,true,false,825.4999999999065,846.4999999999065,9,8,7,180,26,8,3,10,50,45,5,10,5,0,0.1,0.9,21,2.625,167.7333333333248,0.20318998586716389,1,1,0,6,3,35,7,3,43,8,3,44,118.83333333322526,0.14395315970107656,6,8,2,0
difficulty-easy,20260712,1,0.12,0.45,0.2,0.18,3,30,9,1378,889414974,165503197,true,false,800.3333333332628,821.3333333332628,9,8,7,180,19,6,3,8,43,37,6,8,6,0,0.13953488372093023,0.8604651162790697,19,2.375,167.7333333333248,0.20957934194086578,1,1,0,6,3,28,6,3,31,6,3,35,106.0333333332369,0.13248646397323563,5,13,2,0
difficulty-easy,20260712,1,0.12,0.45,0.2,0.18,3,30,9,1379,1885552251,537779928,false,false,838.9333333332277,859.9333333332277,9,8,7,179,29,9,3,11,59,50,9,11,9,0,0.15254237288135594,0.847457627118644,25,3.125,167.7333333333248,0.1999364272091695,1,0,1,8,3,39,9,3,48,0,0,0,0,0,3,5,2,0
difficulty-easy,20260712,1,0.12,0.45,0.2,0.18,3,30,9,1380,2620329606,4182488587,true,false,789.1666666666063,810.1666666666063,9,8,7,180,21,6,2,12,48,43,5,12,5,0,0.10416666666666667,0.8958333333333334,18,2.25,167.7333333333248,0.2125448785638914,1,1,0,5,2,30,6,2,42,6,2,42,99.33333333324299,0.12587117212238724,5,11,3,0
difficulty-easy,20260712,1,0.12,0.45,0.2,0.18,3,30,9,1381,3237762175,2787974804,false,false,787.6333333332743,808.6333333332743,9,8,7,179,18,5,3,10,42,36,6,10,6,0,0.14285714285714285,0.8571428571428571,16,2,167.7333333333248,0.21295865250328497,1,0,1,4,3,29,5,3,36,0,0,0,0,0,5,14,2,0
difficulty-easy,20260712,1,0.12,0.45,0.2,0.18,3,30,9,1382,1582209672,4035317716,true,false,868.3333333332009,889.3333333332009,9,8,7,180,30,9,3,21,75,61,14,21,14,0,0.18666666666666668,0.8133333333333334,24,3,167.7333333333248,0.19316698656431905,1,1,0,7,3,46,9,3,59,9,3,61,158.89999999985548,0.18299424184247184,6,11,3,0
difficulty-easy,20260712,1,0.12,0.45,0.2,0.18,3,30,9,1383,3172323864,3012540913,true,false,777.0666666666173,798.0666666666173,9,8,7,180,28,9,3,25,65,62,3,25,3,0,0.046153846153846156,0.9538461538461539,21,2.625,167.7333333333248,0.21585449553878105,1,1,0,6,3,40,7,3,57,8,3,61,79.533333333261,0.10235072065880155,6,8,3,0
difficulty-easy,20260712,1,0.12,0.45,0.2,0.18,3,30,9,1384,2058805711,2768986832,true,false,840.2666666665598,861.2666666665598,9,8,7,180,30,10,3,14,60,52,8,14,8,0,0.13333333333333333,0.8666666666666667,26,3.25,167.7333333333248,0.19961916851794603,1,1,0,8,3,43,9,3,51,9,3,51,150.86666666652945,0.17954617581706042,4,5,2,0
difficulty-easy,20260712,1,0.12,0.45,0.2,0.18,3,30,9,1385,2586930285,1319033511,true,false,788.9999999999397,809.9999999999397,9,8,7,180,24,7,3,13,53,47,6,13,6,0,0.11320754716981132,0.8867924528301887,23,2.875,167.7333333333248,0.21258977608788035,1,1,0,7,3,39,7,3,43,7,3,43,90.19999999991796,0.11432192648913163,4,11,3,0
difficulty-easy,20260712,1,0.12,0.45,0.2,0.18,3,30,9,1386,3532272835,1218641449,false,false,802.3666666665943,823.3666666665943,9,8,7,179,19,5,3,5,37,33,4,5,4,0,0.10810810810810811,0.8918918918918919,14,1.75,167.7333333333248,0.2090482323127497,1,0,1,4,3,23,5,3,32,0,0,0,0,0,5,13,2,0
difficulty-easy,20260712,1,0.12,0.45,0.2,0.18,3,30,9,1387,998138492,977896932,true,false,814.9999999999161,835.9999999999161,9,8,7,180,25,8,3,14,54,48,6,14,6,0,0.1111111111111111,0.8888888888888888,22,2.75,167.7333333333248,0.2058077709611559,1,1,0,6,3,41,7,3,47,7,3,47,118.79999999989195,0.1457668711655266,5,7,2,0
difficulty-easy,20260712,1,0.12,0.45,0.2,0.18,3,30,9,1388,1032963927,2801711981,true,false,778.3666666666161,799.3666666666161,9,8,7,180,15,4,2,2,31,27,4,2,4,0,0.12903225806451613,0.8709677419354839,12,1.5,167.7333333333248,0.21549398312706397,1,1,0,3,2,23,4,2,26,4,2,26,77.99999999992906,0.10020984112021,5,9,2,0
difficulty-easy,20260712,1,0.12,0.45,0.2,0.18,3,30,9,1389,3769532148,3024563152,true,false,748.1333333333102,769.1333333333102,9,8,7,180,16,5,3,0,28,26,2,0,2,0,0.07142857142857142,0.9285714285714286,13,1.625,167.7333333333248,0.22420245945463818,1,1,0,4,3,19,5,3,25,5,3,25,52.16666666661922,0.06972910354654362,5,14,2,0
difficulty-easy,20260712,1,0.12,0.45,0.2,0.18,3,30,9,1390,624334700,893091084,true,false,808.3666666665888,829.3666666665888,9,8,7,180,26,8,3,9,50,45,5,9,5,0,0.1,0.9,22,2.75,167.7333333333248,0.20749659807843918,1,1,0,7,3,33,8,3,44,8,3,44,117.29999999989332,0.14510741825067577,6,10,3,0
difficulty-easy,20260712,1,0.12,0.45,0.2,0.18,3,30,9,1391,2416551159,4018004138,false,false,780.9333333332804,801.9333333332804,9,8,7,179,22,6,3,6,46,38,8,6,8,0,0.17391304347826086,0.8260869565217391,18,2.25,167.7333333333248,0.2147857264811373,1,0,1,5,3,29,6,3,38,0,0,0,0,0,2,7,3,0
difficulty-easy,20260712,1,0.12,0.45,0.2,0.18,3,30,9,1392,2702979352,931524797,true,false,838.3999999998948,859.3999999998948,9,8,7,180,24,7,3,16,56,50,6,16,6,0,0.10714285714285714,0.8928571428571429,23,2.875,167.7333333333248,0.20006361323156707,1,1,0,7,3,42,7,3,48,7,3,50,121.86666666655583,0.14535623409657814,6,10,3,0
difficulty-easy,20260712,1,0.12,0.45,0.2,0.18,3,30,9,1393,4081264794,2215497340,true,false,769.8333333332905,790.8333333332905,9,8,7,180,23,7,3,13,54,46,8,13,8,0,0.14814814814814814,0.8518518518518519,18,2.25,167.7333333333248,0.21788265858411013,1,1,0,5,3,37,6,3,42,6,3,42,96.69999999991205,0.12561160424323545,3,5,3,0
difficulty-easy,20260712,1,0.12,0.45,0.2,0.18,3,30,9,1394,3351564261,3929532112,true,false,826.4666666665723,847.4666666665723,9,8,7,180,29,9,3,13,57,51,6,13,6,0,0.10526315789473684,0.8947368421052632,21,2.625,167.7333333333248,0.2029523271759425,1,1,0,6,3,37,8,3,49,8,3,50,134.8333333332107,0.16314430910691227,5,7,4,0
difficulty-easy,20260712,1,0.12,0.45,0.2,0.18,3,30,9,1395,2180608612,619523386,true,false,802.666666666594,823.666666666594,9,8,7,180,27,8,3,17,63,54,9,17,9,0,0.14285714285714285,0.8571428571428571,24,3,167.7333333333248,0.20897009966778238,1,1,0,7,3,40,8,3,53,8,3,53,113.96666666656301,0.14198504983377078,5,8,2,0
difficulty-easy,20260712,1,0.12,0.45,0.2,0.18,3,30,9,1396,2107976222,805816324,false,false,769.2333333332911,790.2333333332911,9,8,7,179,22,6,3,21,61,53,8,21,8,0,0.13114754098360656,0.8688524590163934,22,2.75,167.7333333333248,0.21805260649131258,1,0,1,6,3,45,6,3,52,0,0,0,0,0,3,5,2,0
difficulty-easy,20260712,1,0.12,0.45,0.2,0.18,3,30,9,1397,1516043184,1079814500,true,false,768.3333333332919,789.3333333332919,9,8,7,180,27,8,3,11,55,48,7,11,7,0,0.12727272727272726,0.8727272727272727,19,2.375,167.7333333333248,0.21830802603036942,1,1,0,5,3,31,8,3,47,8,3,47,79.23333333326127,0.10312364425153867,6,6,3,0
difficulty-easy,20260712,1,0.12,0.45,0.2,0.18,3,30,9,1398,1666551077,1033772973,false,false,852.9666666665482,873.9666666665482,9,8,7,179,29,9,3,13,55,52,3,13,3,0,0.05454545454545454,0.9454545454545454,26,3.25,167.7333333333248,0.19664699675643607,1,0,1,8,3,45,9,3,51,0,0,0,0,0,5,11,2,0
difficulty-easy,20260712,1,0.12,0.45,0.2,0.18,3,30,9,1399,2393656919,2587899022,true,false,826.0333333332394,847.0333333332394,9,8,7,180,30,9,3,23,71,62,9,23,9,0,0.1267605633802817,0.8732394366197183,25,3.125,167.7333333333248,0.20305879504460336,1,1,0,7,3,44,8,3,60,8,3,61,134.39999999987776,0.1627052984139781,4,5,3,0
difficulty-easy,20260712,1,0.12,0.45,0.2,0.18,3,30,9,1400,1717916534,14655604,true,false,821.1999999999105,842.1999999999105,9,8,7,180,25,7,3,11,51,46,5,11,5,0,0.09803921568627451,0.9019607843137255,23,2.875,167.7333333333248,0.2042539373275001,1,1,0,7,3,39,7,3,45,7,3,45,156.13333333319133,0.190128267575753,2,4,2,0
difficulty-easy,20260712,1,0.12,0.45,0.2,0.18,3,30,9,1401,3472998338,1733323767,false,false,874.1333333331957,895.1333333331957,9,8,7,179,25,7,2,18,60,52,8,18,8,0,0.13333333333333333,0.8666666666666667,24,3,167.7333333333248,0.191885295912162,1,0,1,7,2,45,7,2,50,0,0,0,0,0,6,10,3,0
difficulty-easy,20260712,1,0.12,0.45,0.2,0.18,3,30,9,1402,457973989,2891083656,true,false,775.0666666666191,796.0666666666191,9,8,7,180,27,8,3,16,57,53,4,16,4,0,0.07017543859649122,0.9298245614035088,24,3,167.7333333333248,0.21641149148460576,1,1,0,7,3,42,8,3,51,8,3,52,81.29999999992606,0.10489420264914551,5,8,2,0
difficulty-easy,20260712,1,0.12,0.45,0.2,0.18,3,30,9,1403,1018615448,1348588512,true,false,769.666666666624,790.666666666624,9,8,7,180,18,5,3,2,33,28,5,2,5,0,0.15151515151515152,0.8484848484848485,13,1.625,167.7333333333248,0.21792983975747177,1,1,0,3,3,23,5,3,26,5,3,27,88.56666666658612,0.1150714595061815,5,10,1,0
difficulty-easy,20260712,1,0.12,0.45,0.2,0.18,3,30,9,1404,4021733383,829861786,true,false,817.0666666665809,838.0666666665809,9,8,7,180,21,6,3,7,46,38,8,7,8,0,0.17391304347826086,0.8260869565217391,18,2.25,167.7333333333248,0.20528720626632962,1,1,0,5,3,28,6,3,37,6,3,37,119.73333333322444,0.14654046997377246,7,8,2,0
difficulty-easy,20260712,1,0.12,0.45,0.2,0.18,3,30,9,1405,2762748846,879349935,false,false,825.766666666573,846.766666666573,9,8,7,179,21,6,2,16,58,47,11,16,11,0,0.1896551724137931,0.8103448275862069,18,2.25,167.7333333333248,0.20312436927301153,1,0,1,5,2,37,6,2,45,0,0,0,0,0,4,7,4,0
difficulty-easy,20260712,1,0.12,0.45,0.2,0.18,3,30,9,1406,2953006338,4029567265,false,false,816.2666666665816,837.2666666665816,9,8,7,179,31,10,3,15,64,56,8,15,8,0,0.125,0.875,23,2.875,167.7333333333248,0.20548840248285968,1,0,1,7,3,40,10,3,56,0,0,0,0,0,3,5,4,0
difficulty-easy,20260712,1,0.12,0.45,0.2,0.18,3,30,9,1407,91933904,861015565,true,false,797.7666666665984,818.7666666665984,9,8,7,180,20,6,3,9,49,39,10,9,10,0,0.20408163265306123,0.7959183673469388,18,2.25,167.7333333333248,0.2102536247023012,1,1,0,6,3,31,6,3,38,6,3,38,117.66666666655965,0.1474950904607484,3,7,2,0
difficulty-easy,20260712,1,0.12,0.45,0.2,0.18,3,30,9,1408,2718709947,2267197307,true,false,765.4999999999611,786.4999999999611,9,8,7,180,23,7,2,20,62,53,9,20,9,0,0.14516129032258066,0.8548387096774194,19,2.375,167.7333333333248,0.2191160461571957,1,1,0,5,2,46,7,2,51,7,2,52,79.23333333326127,0.10350533420413494,5,8,3,0
difficulty-easy,20260712,1,0.12,0.45,0.2,0.18,3,30,9,1409,3121549591,1598247950,true,false,738.5999999999856,759.5999999999856,9,8,7,180,24,7,3,6,41,40,1,6,1,0,0.024390243902439025,0.975609756097561,21,2.625,167.7333333333248,0.22709630833106967,1,1,0,6,3,31,7,3,38,7,3,39,49.53333333328828,0.06706381442362476,4,11,2,0
difficulty-easy,20260712,1,0.12,0.45,0.2,0.18,3,30,9,1410,1650801053,80855623,true,false,839.6999999998936,860.6999999998936,9,8,7,180,31,9,3,16,63,57,6,16,6,0,0.09523809523809523,0.9047619047619048,26,3.25,167.7333333333248,0.19975388035410985,1,1,0,7,3,45,9,3,56,9,3,56,143.36666666653628,0.1707355801673865,4,5,2,0
difficulty-easy,20260712,1,0.12,0.45,0.2,0.18,3,30,9,1411,2693373391,879554987,true,false,812.2666666665853,833.2666666665853,9,8,7,180,30,9,3,13,60,53,7,13,7,0,0.11666666666666667,0.8833333333333333,22,2.75,167.7333333333248,0.20650032829941925,1,1,0,6,3,37,8,3,47,8,3,48,109.73333333323353,0.1350952068285184,6,8,3,0
difficulty-easy,20260712,1,0.12,0.45,0.2,0.18,3,30,9,1412,109281444,2605153020,true,false,807.3666666665897,828.3666666665897,9,8,7,180,26,8,3,11,53,47,6,11,6,0,0.11320754716981132,0.8867924528301887,20,2.5,167.7333333333248,0.20775360224599412,1,1,0,6,3,38,8,3,45,8,3,46,109.4333333332338,0.1355435366003603,5,8,3,0
difficulty-easy,20260712,1,0.12,0.45,0.2,0.18,3,30,9,1413,1243741257,2321950223,false,false,770.8666666666229,791.8666666666229,9,8,7,179,29,9,3,12,55,50,5,12,5,0,0.09090909090909091,0.9090909090909091,27,3.375,167.7333333333248,0.2175905906771612,1,0,1,8,3,42,9,3,50,0,0,0,0,0,3,5,3,0
difficulty-easy,20260712,1,0.12,0.45,0.2,0.18,3,30,9,1414,1943141195,1585567558,true,false,777.0999999999506,798.0999999999506,9,8,7,180,23,7,3,7,46,39,7,7,7,0,0.15217391304347827,0.8478260869565217,22,2.75,167.7333333333248,0.2158452365632936,1,1,0,6,3,34,6,3,38,6,3,38,92.03333333324963,0.11843177626207115,5,10,3,0
difficulty-easy,20260712,1,0.12,0.45,0.2,0.18,3,30,9,1415,4119452679,784932727,true,false,845.6333333332216,866.6333333332216,9,8,7,180,18,5,1,10,43,37,6,10,6,0,0.13953488372093023,0.8604651162790697,14,1.75,167.7333333333248,0.19835231976035353,1,1,0,4,1,27,5,1,36,5,1,36,157.43333333319015,0.18617209980670615,6,9,2,0
difficulty-easy,20260712,1,0.12,0.45,0.2,0.18,3,30,9,1416,2182569915,2020307481,true,false,786.9666666666083,807.9666666666083,9,8,7,180,21,7,3,0,34,30,4,0,4,0,0.11764705882352941,0.8823529411764706,14,1.75,167.7333333333248,0.21313905713923154,1,1,0,4,3,21,6,3,29,6,3,29,99.19999999990978,0.12605362361800646,4,11,3,0
difficulty-easy,20260712,1,0.12,0.45,0.2,0.18,3,30,9,1417,1187932658,3993170415,false,false,770.5333333332899,791.5333333332899,9,8,7,179,27,8,3,8,49,44,5,8,5,0,0.10204081632653061,0.8979591836734694,21,2.625,167.7333333333248,0.217684720539887,1,0,1,6,3,33,8,3,44,0,0,0,0,0,2,5,2,0
difficulty-easy,20260712,1,0.12,0.45,0.2,0.18,3,30,9,1418,1049333392,2205986197,true,false,836.33333333323,857.33333333323,9,8,7,180,25,8,3,11,50,45,5,11,5,0,0.1,0.9,22,2.75,167.7333333333248,0.2005579912315809,1,1,0,7,3,35,7,3,44,7,3,44,155.6666666665251,0.18612993224377558,3,4,2,0
difficulty-easy,20260712,1,0.12,0.45,0.2,0.18,3,30,9,1419,3454181395,2339030600,true,false,830.8666666665683,851.8666666665683,9,8,7,180,24,8,3,12,50,45,5,12,5,0,0.1,0.9,21,2.625,167.7333333333248,0.20187755757042203,1,1,0,7,3,35,7,3,43,7,3,44,136.79999999987558,0.1646473561741456,6,9,2,0
difficulty-easy,20260712,1,0.12,0.45,0.2,0.18,3,30,9,1420,3246549558,1887408620,true,false,796.3333333332664,817.3333333332664,9,8,7,180,19,6,3,4,37,33,4,4,4,0,0.10810810810810811,0.8918918918918919,14,1.75,167.7333333333248,0.21063206362495465,1,1,0,4,3,25,6,3,32,6,3,32,96.96666666657848,0.1217664294682963,4,14,2,0
difficulty-easy,20260712,1,0.12,0.45,0.2,0.18,3,30,9,1421,1828065635,1335615994,false,false,852.499999999882,873.499999999882,9,8,7,179,25,7,3,21,68,55,13,21,13,0,0.19117647058823528,0.8088235294117647,22,2.75,167.7333333333248,0.19675464320627334,1,0,1,6,3,43,7,3,53,0,0,0,0,0,6,8,4,0
difficulty-easy,20260712,1,0.12,0.45,0.2,0.18,3,30,9,1422,779825936,352927133,true,false,829.2333333332365,850.2333333332365,9,8,7,180,31,10,3,15,64,56,8,15,8,0,0.125,0.875,25,3.125,167.7333333333248,0.20227519395426827,1,1,0,8,3,40,10,3,55,10,3,56,154.6999999998593,0.18655786469414806,2,3,3,0
difficulty-easy,20260712,1,0.12,0.45,0.2,0.18,3,30,9,1423,1014440150,423642970,true,false,779.9999999999479,800.9999999999479,9,8,7,180,18,5,3,9,41,37,4,9,4,0,0.0975609756097561,0.9024390243902439,18,2.25,167.7333333333248,0.21504273504273844,1,1,0,5,3,31,5,3,36,5,3,36,89.79999999991833,0.1151282051281081,5,10,2,0
difficulty-easy,20260712,1,0.12,0.45,0.2,0.18,3,30,9,1424,1961354832,2316665286,true,false,852.833333333215,873.833333333215,9,8,7,180,23,7,3,5,43,38,5,5,5,0,0.11627906976744186,0.8837209302325582,19,2.375,167.7333333333248,0.19667774086380466,1,1,0,5,3,32,7,3,38,7,3,38,151.3333333331957,0.17744772327521988,5,7,2,0
difficulty-easy,20260712,1,0.12,0.45,0.2,0.18,3,30,9,1425,3647637256,3345612581,false,false,830.1333333332357,851.1333333332357,9,8,7,179,21,6,2,8,45,39,6,8,6,0,0.13333333333333333,0.8666666666666667,18,2.25,167.7333333333248,0.20205589463541343,1,0,1,5,2,30,6,2,39,0,0,0,0,0,4,5,2,0
difficulty-easy,20260712,1,0.12,0.45,0.2,0.18,3,30,9,1426,2308938081,3888211605,true,false,814.8666666665829,835.8666666665829,9,8,7,180,26,8,3,14,60,49,11,14,11,0,0.18333333333333332,0.8166666666666667,21,2.625,167.7333333333248,0.2058414464534182,1,1,0,6,2,43,8,3,49,8,3,49,126.16666666655192,0.15483105620538928,5,10,2,0
difficulty-easy,20260712,1,0.12,0.45,0.2,0.18,3,30,9,1427,1853151324,3536685038,true,false,839.1666666665608,860.1666666665608,9,8,7,180,29,9,3,14,59,53,6,14,6,0,0.1016949152542373,0.8983050847457628,23,2.875,167.7333333333248,0.19988083416088892,1,1,0,7,3,36,9,3,50,9,3,52,150.06666666653018,0.17882820258178644,5,7,2,0
difficulty-easy,20260712,1,0.12,0.45,0.2,0.18,3,30,9,1428,2106057821,3688916383,false,false,812.1666666665853,833.1666666665853,9,8,7,179,14,3,2,1,31,25,6,1,6,0,0.1935483870967742,0.8064516129032258,13,1.625,167.7333333333248,0.20652575415556115,1,0,1,3,2,22,3,2,25,0,0,0,0,0,5,11,2,0
difficulty-easy,20260712,1,0.12,0.45,0.2,0.18,3,30,9,1429,744807292,2167823946,true,false,825.6333333332398,846.6333333332398,9,8,7,180,25,8,3,7,47,41,6,7,6,0,0.1276595744680851,0.8723404255319149,24,3,167.7333333333248,0.20315717227180402,1,1,0,7,3,35,7,3,40,7,3,40,155.6666666665251,0.18854212927434624,3,4,2,0
difficulty-easy,20260712,1,0.12,0.45,0.2,0.18,3,30,9,1430,46795019,110635507,true,false,888.2666666665161,909.2666666665161,9,8,7,180,31,9,3,12,61,52,9,12,9,0,0.14754098360655737,0.8524590163934426,26,3.25,167.7333333333248,0.18883218252779183,1,1,0,7,3,44,8,3,50,8,3,51,188.73333333316168,0.21247373161197125,5,10,2,0
difficulty-easy,20260712,1,0.12,0.45,0.2,0.18,3,30,9,1431,491926830,843151783,true,false,769.7666666666239,790.7666666666239,9,8,7,180,26,8,3,3,44,39,5,3,5,0,0.11363636363636363,0.8863636363636364,22,2.75,167.7333333333248,0.2179015286017418,1,1,0,7,3,30,8,3,38,8,3,38,84.59999999992306,0.10990343394092723,5,8,2,0
difficulty-easy,20260712,1,0.12,0.45,0.2,0.18,3,30,9,1432,4238915691,2728818815,false,false,802.1666666665944,823.1666666665944,9,8,7,179,25,7,3,24,65,58,7,24,7,0,0.1076923076923077,0.8923076923076924,22,2.75,167.7333333333248,0.2091003532100643,1,0,1,6,3,44,7,3,56,0,0,0,0,0,5,9,2,0
difficulty-easy,20260712,1,0.12,0.45,0.2,0.18,3,30,9,1433,3998085525,4267022294,false,false,858.0333333332103,879.0333333332103,9,8,7,179,23,7,3,5,44,38,6,5,6,0,0.13636363636363635,0.8636363636363636,19,2.375,167.7333333333248,0.19548580086245543,1,0,1,5,3,31,7,3,38,0,0,0,0,0,6,10,2,0
difficulty-easy,20260712,1,0.12,0.45,0.2,0.18,3,30,9,1434,2826396269,1597084327,true,false,812.7666666665848,833.7666666665848,9,8,7,180,20,6,3,3,35,33,2,3,2,0,0.05714285714285714,0.9428571428571428,14,1.75,167.7333333333248,0.20637329286799208,1,1,0,4,3,23,5,3,30,6,3,32,113.69999999989659,0.13989254808666862,5,11,1,0
difficulty-easy,20260712,1,0.12,0.45,0.2,0.18,3,30,9,1435,4284714702,3080782343,true,false,793.2333333332692,814.2333333332692,9,8,7,180,25,8,3,14,51,48,3,14,3,0,0.058823529411764705,0.9411764705882353,22,2.75,167.7333333333248,0.21145522544859227,1,1,0,7,3,36,7,3,46,7,3,47,105.39999999990414,0.13287389166690675,5,7,2,0
difficulty-easy,20260712,1,0.12,0.45,0.2,0.18,3,30,9,1436,1228942572,221684043,true,false,756.8333333333023,777.8333333333023,9,8,7,180,28,9,2,12,55,50,5,12,5,0,0.09090909090909091,0.9090909090909091,23,2.875,167.7333333333248,0.22162519268883285,1,1,0,7,2,34,8,2,40,8,2,42,67.69999999993843,0.0894516626292991,5,10,5,0
difficulty-easy,20260712,1,0.12,0.45,0.2,0.18,3,30,9,1437,3091601401,660098536,true,false,785.399999999943,806.399999999943,9,8,7,180,27,8,3,15,58,51,7,15,7,0,0.1206896551724138,0.8793103448275862,22,2.75,167.7333333333248,0.21356421356421817,1,1,0,6,3,38,7,3,49,7,3,49,84.29999999992333,0.10733384262787045,6,8,2,0
difficulty-easy,20260712,1,0.12,0.45,0.2,0.18,3,30,9,1438,2210859317,3817481350,false,false,864.7666666665375,885.7666666665375,9,8,7,179,27,8,3,23,66,60,6,23,6,0,0.09090909090909091,0.9090909090909091,23,2.875,167.7333333333248,0.19396368962727886,1,0,1,7,3,46,8,3,59,0,0,0,0,0,5,10,2,0
difficulty-easy,20260712,1,0.12,0.45,0.2,0.18,3,30,9,1439,4145481006,2257677039,true,false,798.266666666598,819.266666666598,9,8,7,180,18,6,3,0,32,27,5,0,5,0,0.15625,0.84375,12,1.5,167.7333333333248,0.21012193085018277,1,1,0,3,2,20,5,3,26,5,3,26,117.83333333322616,0.14761149156493608,3,7,2,0
difficulty-easy,20260712,1,0.12,0.45,0.2,0.18,3,30,9,1440,2431007853,4192829870,false,false,835.9333333332304,856.9333333332304,9,8,7,179,26,8,3,20,60,54,6,20,6,0,0.1,0.9,21,2.625,167.7333333333248,0.20065395964591928,1,0,1,6,3,46,8,3,54,0,0,0,0,0,5,11,2,0
difficulty-easy,20260712,1,0.12,0.45,0.2,0.18,3,30,9,1441,2078660932,3065061280,true,false,775.8666666666184,796.8666666666184,9,8,7,180,23,7,3,4,41,35,6,4,6,0,0.14634146341463414,0.8536585365853658,19,2.375,167.7333333333248,0.21618834851349275,1,1,0,5,3,29,7,3,34,7,3,34,88.76666666658593,0.11440969238691115,5,10,3,0
difficulty-easy,20260712,1,0.12,0.45,0.2,0.18,3,30,9,1442,3581055584,3468343660,false,false,849.3999999998848,870.3999999998848,9,8,7,179,24,7,3,13,49,46,3,13,3,0,0.061224489795918366,0.9387755102040817,19,2.375,167.7333333333248,0.19747272584571174,1,0,1,5,3,35,7,3,46,0,0,0,0,0,3,5,2,0
difficulty-easy,20260712,1,0.12,0.45,0.2,0.18,3,30,9,1443,2556664431,2877628068,true,false,815.0333333332494,836.0333333332494,9,8,7,180,22,7,3,4,38,35,3,4,3,0,0.07894736842105263,0.9210526315789473,17,2.125,167.7333333333248,0.20579935380967085,1,1,0,5,3,26,7,3,34,7,3,34,123.26666666655456,0.1512412580261346,5,13,3,0
difficulty-easy,20260712,1,0.12,0.45,0.2,0.18,3,30,9,1444,2063344331,3188537931,true,false,780.7333333332806,801.7333333332806,9,8,7,180,25,7,3,18,64,53,11,18,11,0,0.171875,0.828125,22,2.75,167.7333333333248,0.2148407480146906,1,1,0,6,3,43,7,3,53,7,3,53,77.2999999999297,0.09900947826821141,4,10,3,0
difficulty-easy,20260712,1,0.12,0.45,0.2,0.18,3,30,9,1445,118482452,2175629748,true,false,774.833333333286,795.833333333286,9,8,7,180,22,7,3,2,38,34,4,2,4,0,0.10526315789473684,0.8947368421052632,16,2,167.7333333333248,0.21647666164766838,1,1,0,5,3,24,7,3,32,7,3,33,81.33333333325936,0.10496881049679199,4,8,1,0
difficulty-easy,20260712,1,0.12,0.45,0.2,0.18,3,30,9,1446,208385454,2872474048,false,false,770.766666666623,791.766666666623,9,8,7,179,25,7,3,14,55,49,6,14,6,0,0.10909090909090909,0.8909090909090909,24,3,167.7333333333248,0.2176188210872304,1,0,1,7,3,41,7,3,48,0,0,0,0,0,3,7,2,0
difficulty-easy,20260712,1,0.12,0.45,0.2,0.18,3,30,9,1447,146940412,1528219387,true,false,787.4333333332745,808.4333333332745,9,8,7,180,21,6,2,8,42,38,4,8,4,0,0.09523809523809523,0.9047619047619048,15,1.875,167.7333333333248,0.21301274181941834,1,1,0,4,2,29,6,2,37,6,2,37,102.93333333323972,0.13072006095743224,5,8,3,0
difficulty-easy,20260712,1,0.12,0.45,0.2,0.18,3,30,9,1448,3086259429,1872469143,true,false,774.0333333332867,795.0333333332867,9,8,7,180,22,7,3,8,45,39,6,8,6,0,0.13333333333333333,0.8666666666666667,18,2.25,167.7333333333248,0.21670040049954986,1,1,0,5,3,28,6,3,37,7,3,38,81.26666666659276,0.10499117178407173,6,8,4,0
difficulty-easy,20260712,1,0.12,0.45,0.2,0.18,3,30,9,1449,2017057859,3718079298,true,false,778.4333333332827,799.4333333332827,9,8,7,180,26,8,3,6,45,42,3,6,3,0,0.06666666666666667,0.9333333333333333,21,2.625,167.7333333333248,0.2154755277694545,1,1,0,7,3,30,8,3,40,8,3,41,96.73333333324535,0.1242666895044555,3,5,3,0
difficulty-easy,20260712,1,0.12,0.45,0.2,0.18,3,30,9,1450,369619123,3215430831,false,false,854.1333333332138,875.1333333332138,9,8,7,179,30,9,3,18,67,58,9,18,9,0,0.13432835820895522,0.8656716417910447,24,3,167.7333333333248,0.19637839525446643,1,0,1,7,3,40,9,3,57,0,0,0,0,0,5,11,3,0
difficulty-easy,20260712,1,0.12,0.45,0.2,0.18,3,30,9,1451,666052733,2580982335,true,false,848.5333333332189,869.5333333332189,9,8,7,180,19,6,3,0,32,26,6,0,6,0,0.1875,0.8125,14,1.75,167.7333333333248,0.19767441860466775,1,1,0,4,3,22,6,3,26,6,3,26,157.16666666652372,0.1852215587679269,5,14,2,0
difficulty-easy,20260712,1,0.12,0.45,0.2,0.18,3,30,9,1452,3191953106,2256910373,true,false,772.633333333288,793.633333333288,9,8,7,180,23,7,3,7,47,40,7,7,7,0,0.14893617021276595,0.851063829787234,17,2.125,167.7333333333248,0.21709305837180376,1,1,0,5,3,27,7,3,39,7,3,39,80.93333333325972,0.10474998921428597,6,8,3,0
difficulty-easy,20260712,1,0.12,0.45,0.2,0.18,3,30,9,1453,589245208,2496989620,false,false,824.7999999999072,845.7999999999072,9,8,7,179,29,9,3,11,62,50,12,11,12,0,0.1935483870967742,0.8064516129032258,25,3.125,167.7333333333248,0.20336243129648846,1,0,1,8,3,40,9,3,50,0,0,0,0,0,3,7,3,0
difficulty-easy,20260712,1,0.12,0.45,0.2,0.18,3,30,9,1454,50171048,4154438050,false,false,820.3333333332446,841.3333333332446,9,8,7,179,21,6,3,10,47,41,6,10,6,0,0.1276595744680851,0.8723404255319149,19,2.375,167.7333333333248,0.20446972775295766,1,0,1,6,3,34,6,3,41,0,0,0,0,0,5,11,2,0
difficulty-easy,20260712,1,0.12,0.45,0.2,0.18,3,30,9,1455,3941659038,1519333268,true,false,740.2333333333174,761.2333333333174,9,8,7,180,25,8,3,9,46,43,3,9,3,0,0.06521739130434782,0.9347826086956522,23,2.875,167.7333333333248,0.22659521772413438,1,1,0,7,3,35,7,3,40,7,3,42,57.499999999947704,0.07767820957348891,5,10,2,0
difficulty-easy,20260712,1,0.12,0.45,0.2,0.18,3,30,9,1456,2966946574,4111618207,true,false,850.9999999998834,871.9999999998834,9,8,7,180,25,8,3,7,49,40,9,7,9,0,0.1836734693877551,0.8163265306122449,21,2.625,167.7333333333248,0.1971014492753793,1,1,0,6,3,35,7,3,39,7,3,39,159.66666666652145,0.18762240501356445,5,14,2,0
difficulty-easy,20260712,1,0.12,0.45,0.2,0.18,3,30,9,1457,2134101481,945022034,true,false,783.0333333332785,804.0333333332785,9,8,7,180,19,6,3,7,39,35,4,7,4,0,0.10256410256410256,0.8974358974358975,15,1.875,167.7333333333248,0.2142096973308968,1,1,0,4,3,27,5,3,34,5,3,34,82.39999999992506,0.1052317908985537,6,8,2,0
difficulty-easy,20260712,1,0.12,0.45,0.2,0.18,3,30,9,1458,2094916903,149566907,false,false,799.7333333332633,820.7333333332633,9,8,7,179,24,7,3,6,48,38,10,6,10,0,0.20833333333333334,0.7916666666666666,17,2.125,167.7333333333248,0.20973657885962757,1,0,1,5,3,27,7,3,37,0,0,0,0,0,7,5,2,0
difficulty-easy,20260712,1,0.12,0.45,0.2,0.18,3,30,9,1459,1620724672,3879132232,true,false,771.7666666666221,792.7666666666221,9,8,7,180,24,7,3,16,57,50,7,16,7,0,0.12280701754385964,0.8771929824561403,21,2.625,167.7333333333248,0.21733684619703858,1,1,0,6,3,42,7,3,48,7,3,49,93.56666666658157,0.12123698872705953,5,13,2,0
difficulty-easy,20260712,1,0.12,0.45,0.2,0.18,3,30,9,1460,4138069270,1189562202,false,false,829.06666666657,850.06666666657,9,8,7,179,32,9,3,21,65,63,2,21,2,0,0.03076923076923077,0.9692307692307692,31,3.875,167.7333333333248,0.20231585718881998,1,0,1,9,3,52,9,3,61,0,0,0,0,0,6,8,2,0
difficulty-easy,20260712,1,0.12,0.45,0.2,0.18,3,30,9,1461,704545360,1128571146,true,false,826.0333333332394,847.0333333332394,9,8,7,180,32,10,3,25,78,67,11,25,11,0,0.14102564102564102,0.8589743589743589,28,3.5,167.7333333333248,0.20305879504460336,1,1,0,9,3,47,10,3,65,10,3,66,142.26666666653728,0.1722287236187645,5,5,3,0
difficulty-easy,20260712,1,0.12,0.45,0.2,0.18,3,30,9,1462,948215446,1334299619,true,false,842.1666666665581,863.1666666665581,9,8,7,180,27,8,3,18,64,55,9,18,9,0,0.140625,0.859375,25,3.125,167.7333333333248,0.1991688106075754,1,1,0,8,3,42,8,3,51,8,3,54,146.8333333331998,0.1743518701759969,5,14,4,0
difficulty-easy,20260712,1,0.12,0.45,0.2,0.18,3,30,9,1463,3959837227,4089197829,true,false,848.5666666665522,869.5666666665522,9,8,7,180,32,10,3,26,73,67,6,26,6,0,0.0821917808219178,0.9178082191780822,26,3.25,167.7333333333248,0.1976666535727078,1,1,0,8,3,46,9,3,66,9,3,66,158.23333333318942,0.1864713045526308,4,7,4,0
difficulty-easy,20260712,1,0.12,0.45,0.2,0.18,3,30,9,1464,2925153113,1874751629,false,false,794.8333333332678,815.8333333332678,9,8,7,179,23,7,3,20,62,53,9,20,9,0,0.14516129032258066,0.8548387096774194,21,2.625,167.7333333333248,0.21102956594674602,1,0,1,6,3,41,6,3,50,0,0,0,0,0,5,8,3,0
difficulty-easy,20260712,1,0.12,0.45,0.2,0.18,3,30,9,1465,3130945098,3422560127,true,false,792.43333333327,813.43333333327,9,8,7,180,29,9,3,10,57,49,8,10,8,0,0.14035087719298245,0.8596491228070176,24,3,167.7333333333248,0.21166869978547706,1,1,0,7,3,38,9,3,48,9,3,48,90.6666666665842,0.11441551339745694,5,10,3,0
difficulty-easy,20260712,1,0.12,0.45,0.2,0.18,3,30,9,1466,3520818369,3314168775,false,false,858.7999999998763,879.7999999998763,9,8,7,179,24,7,3,11,53,45,8,11,8,0,0.1509433962264151,0.8490566037735849,21,2.625,167.7333333333248,0.1953112870672438,1,0,1,6,3,36,7,3,45,0,0,0,0,0,6,14,2,0
difficulty-easy,20260712,1,0.12,0.45,0.2,0.18,3,30,9,1467,1046161072,429583519,true,false,755.7333333333033,776.7333333333033,9,8,7,180,15,5,3,0,27,23,4,0,4,0,0.14814814814814814,0.8518518518518519,12,1.5,167.7333333333248,0.22194777699364607,1,1,0,3,3,19,4,3,22,4,3,22,79.06666666659476,0.10462244177831408,6,10,1,0
difficulty-easy,20260712,1,0.12,0.45,0.2,0.18,3,30,9,1468,464470109,3726012733,true,false,766.4333333332936,787.4333333332936,9,8,7,180,20,5,1,8,43,38,5,8,5,0,0.11627906976744186,0.8837209302325582,20,2.5,167.7333333333248,0.2188492149784719,1,1,0,5,1,34,5,1,36,5,1,37,76.99999999992997,0.10046535902222498,5,10,2,0
difficulty-easy,20260712,1,0.12,0.45,0.2,0.18,3,30,9,1469,3408394907,2653624917,true,false,785.5666666666095,806.5666666666095,9,8,7,180,21,6,3,7,42,38,4,7,4,0,0.09523809523809523,0.9047619047619048,21,2.625,167.7333333333248,0.213518903551581,1,1,0,6,3,34,6,3,37,6,3,37,111.39999999989868,0.14180846098346006,2,5,2,0
difficulty-easy,20260712,1,0.12,0.45,0.2,0.18,3,30,9,1470,3658675983,4203919491,true,false,766.5333333332935,787.5333333332935,9,8,7,180,19,5,3,4,35,32,3,4,3,0,0.08571428571428572,0.9142857142857143,13,1.625,167.7333333333248,0.21882066446338516,1,1,0,3,2,23,4,3,30,5,3,31,78.433333333262,0.10232214298130032,5,10,2,0
difficulty-easy,20260712,1,0.12,0.45,0.2,0.18,3,30,9,1471,1548100666,639816693,false,false,831.7333333332342,852.7333333332342,9,8,7,179,24,7,3,14,55,48,7,14,7,0,0.12727272727272726,0.8727272727272727,20,2.5,167.7333333333248,0.20166720102598362,1,0,1,6,3,36,7,3,48,0,0,0,0,0,3,7,3,0
difficulty-easy,20260712,1,0.12,0.45,0.2,0.18,3,30,9,1472,1782213530,2297220723,true,false,769.5666666666241,790.5666666666241,9,8,7,180,16,5,3,5,40,30,10,5,10,0,0.25,0.75,13,1.625,167.7333333333248,0.21795815827088935,1,1,0,3,3,23,4,3,29,4,3,29,102.33333333324026,0.13297526746642602,2,7,2,0
difficulty-easy,20260712,1,0.12,0.45,0.2,0.18,3,30,9,1473,665431124,2239715535,true,false,796.7666666665993,817.7666666665993,9,8,7,180,23,7,2,12,48,45,3,12,3,0,0.0625,0.9375,23,2.875,167.7333333333248,0.21051750826256826,1,1,0,7,2,38,7,2,42,7,2,44,104.06666666657202,0.13061122034880243,6,8,2,0
difficulty-easy,20260712,1,0.12,0.45,0.2,0.18,3,30,9,1474,3042119314,3050258750,true,false,807.4666666665896,828.4666666665896,9,8,7,180,24,7,3,19,60,53,7,19,7,0,0.11666666666666667,0.8833333333333333,20,2.5,167.7333333333248,0.2077278731836288,1,1,0,6,3,32,7,3,45,7,3,48,119.69999999989113,0.14824141347411973,6,5,2,0
difficulty-easy,20260712,1,0.12,0.45,0.2,0.18,3,30,9,1475,4148641767,3009423931,true,false,772.4999999999548,793.4999999999548,9,8,7,180,21,6,3,8,49,39,10,8,10,0,0.20408163265306123,0.7959183673469388,19,2.375,167.7333333333248,0.21713052858684093,1,1,0,6,3,30,6,3,38,6,3,38,80.19999999992706,0.10381877022644888,4,10,2,0
difficulty-easy,20260712,1,0.12,0.45,0.2,0.18,3,30,9,1476,1185772713,1678881011,true,false,797.5999999999319,818.5999999999319,9,8,7,180,19,6,3,2,33,30,3,2,3,0,0.09090909090909091,0.9090909090909091,16,2,167.7333333333248,0.210297559344708,1,1,0,4,3,27,5,3,29,5,3,29,111.39999999989868,0.1396690070209481,3,5,2,0
difficulty-easy,20260712,1,0.12,0.45,0.2,0.18,3,30,9,1477,1066253985,3753879363,true,false,775.6999999999518,796.6999999999518,9,8,7,180,24,7,3,5,46,39,7,5,7,0,0.15217391304347827,0.8478260869565217,19,2.375,167.7333333333248,0.2162347986764667,1,1,0,6,3,28,7,3,38,7,3,38,81.26666666659276,0.10476558807090086,5,8,2,0
difficulty-easy,20260712,1,0.12,0.45,0.2,0.18,3,30,9,1478,3292807594,2633142362,false,false,800.3666666665961,821.3666666665961,9,8,7,179,24,7,3,4,41,36,5,4,5,0,0.12195121951219512,0.8780487804878049,18,2.25,167.7333333333248,0.2095706134688346,1,0,1,5,3,27,6,3,34,0,0,0,0,0,5,14,3,0
difficulty-easy,20260712,1,0.12,0.45,0.2,0.18,3,30,9,1479,1879514704,1497094582,true,false,761.5999999999647,782.5999999999647,9,8,7,180,21,6,3,8,40,38,2,8,2,0,0.05,0.95,18,2.25,167.7333333333248,0.22023809523809423,1,1,0,5,3,35,6,3,38,6,3,38,72.933333333267,0.0957633053220462,6,12,1,0
difficulty-easy,20260712,1,0.12,0.45,0.2,0.18,3,30,9,1480,3605829411,3486675116,true,false,830.5333333332353,851.5333333332353,9,8,7,180,18,5,2,2,36,29,7,2,7,0,0.19444444444444445,0.8055555555555556,11,1.375,167.7333333333248,0.2019585808316077,1,1,0,2,2,21,5,2,28,5,2,28,145.33333333320115,0.17498795954392957,4,11,2,0
difficulty-easy,20260712,1,0.12,0.45,0.2,0.18,3,30,9,1481,2289191647,778844619,true,false,836.7333333332297,857.7333333332297,9,8,7,180,21,6,3,10,50,41,9,10,9,0,0.18,0.82,21,2.625,167.7333333333248,0.20046211457255866,1,1,0,6,3,32,6,3,39,6,3,40,150.83333333319615,0.18026452075517668,3,3,2,0
difficulty-easy,20260712,1,0.12,0.45,0.2,0.18,3,30,9,1482,339471208,243101072,true,false,775.3999999999521,796.3999999999521,9,8,7,180,23,8,3,8,48,40,8,8,8,0,0.16666666666666666,0.8333333333333334,16,2,167.7333333333248,0.21631845928983126,1,1,0,5,3,26,7,3,39,7,3,39,80.16666666659376,0.10338749892519823,5,8,3,0
difficulty-easy,20260712,1,0.12,0.45,0.2,0.18,3,30,9,1483,429705868,968170252,false,false,793.6666666666022,814.6666666666022,9,8,7,179,23,7,3,12,48,45,3,12,3,0,0.0625,0.9375,20,2.5,167.7333333333248,0.21133977320454234,1,0,1,6,3,31,7,3,45,0,0,0,0,0,2,4,2,0
difficulty-easy,20260712,1,0.12,0.45,0.2,0.18,3,30,9,1484,3652241661,2355513842,false,false,787.3666666666079,808.3666666666079,9,8,7,179,23,7,3,7,45,40,5,7,5,0,0.1111111111111111,0.8888888888888888,22,2.75,167.7333333333248,0.21303077769781634,1,0,1,7,3,36,7,3,40,0,0,0,0,0,6,8,2,0
difficulty-easy,20260712,1,0.12,0.45,0.2,0.18,3,30,9,1485,1521631439,1481715983,true,false,767.6666666666258,788.6666666666258,9,8,7,180,20,5,3,5,42,35,7,5,7,0,0.16666666666666666,0.8333333333333334,17,2.125,167.7333333333248,0.21849761181068222,1,1,0,5,3,25,5,3,35,5,3,35,71.46666666660167,0.0930959617888912,5,14,2,0
difficulty-easy,20260712,1,0.12,0.45,0.2,0.18,3,30,9,1486,908201407,3494761038,true,false,771.3333333332891,792.3333333332891,9,8,7,180,20,6,3,18,51,48,3,18,3,0,0.058823529411764705,0.9411764705882353,19,2.375,167.7333333333248,0.21745894554883458,1,1,0,6,3,36,6,3,46,6,3,47,60.833333333278006,0.0788677614519639,5,11,2,0
difficulty-easy,20260712,1,0.12,0.45,0.2,0.18,3,30,9,1487,985432234,3120127940,true,false,783.4666666666114,804.4666666666114,9,8,7,180,17,5,3,7,41,33,8,7,8,0,0.1951219512195122,0.8048780487804879,16,2,167.7333333333248,0.21409121851600146,1,1,0,4,3,29,4,3,32,4,3,32,97.2333333332449,0.12410653505775837,4,5,2,0
difficulty-easy,20260712,1,0.12,0.45,0.2,0.18,3,30,9,1488,4103422583,1117735546,true,false,801.0333333332621,822.0333333332621,9,8,7,180,25,8,3,9,48,44,4,9,4,0,0.08333333333333333,0.9166666666666666,22,2.75,167.7333333333248,0.2093961965794262,1,1,0,7,3,35,8,3,43,8,3,43,111.19999999989886,0.13882068994204413,5,11,3,0
difficulty-easy,20260712,1,0.12,0.45,0.2,0.18,3,30,9,1489,2155341657,3567635106,true,false,789.5666666666059,810.5666666666059,9,8,7,180,24,7,3,6,46,40,6,6,6,0,0.13043478260869565,0.8695652173913043,21,2.625,167.7333333333248,0.21243720184067763,1,1,0,6,3,34,7,3,39,7,3,39,101.13333333324135,0.12808713640382802,5,14,2,0
difficulty-easy,20260712,1,0.12,0.45,0.2,0.18,3,30,9,1490,414696184,3581004085,true,false,781.5999999999465,802.5999999999465,9,8,7,180,27,8,3,14,54,51,3,14,3,0,0.05555555555555555,0.9444444444444444,24,3,167.7333333333248,0.21460252473558888,1,1,0,7,3,42,8,3,50,8,3,50,97.49999999991132,0.12474411463653787,4,5,2,0
difficulty-easy,20260712,1,0.12,0.45,0.2,0.18,3,30,9,1491,1028977586,2090564200,false,false,788.8333333332732,809.8333333332732,9,8,7,179,26,8,3,21,63,56,7,21,7,0,0.1111111111111111,0.8888888888888888,23,2.875,167.7333333333248,0.21263469258399018,1,0,1,7,3,45,8,3,56,0,0,0,0,0,2,5,3,0
difficulty-easy,20260712,1,0.12,0.45,0.2,0.18,3,30,9,1492,100550840,2859171210,true,false,807.833333333256,828.833333333256,9,8,7,180,23,7,3,22,63,55,8,22,8,0,0.12698412698412698,0.873015873015873,19,2.375,167.7333333333248,0.20763358778626886,1,1,0,6,3,43,7,3,53,7,3,54,111.96666666656483,0.138601196616351,6,8,2,0
difficulty-easy,20260712,1,0.12,0.45,0.2,0.18,3,30,9,1493,2124435105,4250271281,false,false,864.4666666665378,885.4666666665378,9,8,7,179,23,7,3,4,42,37,5,4,5,0,0.11904761904761904,0.8809523809523809,22,2.75,167.7333333333248,0.19403100177375238,1,0,1,7,3,33,7,3,37,0,0,0,0,0,5,8,2,0
difficulty-easy,20260712,1,0.12,0.45,0.2,0.18,3,30,9,1494,3865301820,3185817908,false,false,848.9333333332186,869.9333333332186,9,8,7,179,23,7,2,7,48,39,9,7,9,0,0.1875,0.8125,20,2.5,167.7333333333248,0.19758127846711263,1,0,1,6,2,32,7,2,39,0,0,0,0,0,2,4,2,0
difficulty-easy,20260712,1,0.12,0.45,0.2,0.18,3,30,9,1495,960195752,818114625,true,false,818.0333333332467,839.0333333332467,9,8,7,180,19,5,3,8,43,37,6,8,6,0,0.13953488372093023,0.8604651162790697,15,1.875,167.7333333333248,0.2050446192086825,1,1,0,4,3,25,5,3,33,5,3,33,130.09999999988167,0.1590399739210653,6,11,2,0
difficulty-easy,20260712,1,0.12,0.45,0.2,0.18,3,30,9,1496,2822754628,1299151215,true,false,783.9999999999443,804.9999999999443,9,8,7,180,24,8,3,5,40,38,2,5,2,0,0.05,0.95,19,2.375,167.7333333333248,0.2139455782312968,1,1,0,6,3,29,7,3,37,7,3,37,87.03333333325418,0.11101190476181169,6,13,3,0
difficulty-easy,20260712,1,0.12,0.45,0.2,0.18,3,30,9,1497,199447654,1132322112,true,false,779.6333333332816,800.6333333332816,9,8,7,180,26,7,3,9,49,45,4,9,4,0,0.08163265306122448,0.9183673469387755,23,2.875,167.7333333333248,0.21514387105049715,1,1,0,7,3,37,7,3,43,7,3,43,102.56666666657338,0.13155756979765726,3,7,2,0
difficulty-easy,20260712,1,0.12,0.45,0.2,0.18,3,30,9,1498,424859150,3302200338,false,false,835.1666666665644,856.1666666665644,9,8,7,179,29,9,3,16,58,53,5,16,5,0,0.08620689655172414,0.9137931034482759,24,3,167.7333333333248,0.20083815605668967,1,0,1,7,3,41,8,3,52,0,0,0,0,0,3,7,2,0
difficulty-easy,20260712,1,0.12,0.45,0.2,0.18,3,30,9,1499,1789294733,3021713100,false,false,806.1333333332575,827.1333333332575,9,8,7,179,23,7,3,10,49,43,6,10,6,0,0.12244897959183673,0.8775510204081632,17,2.125,167.7333333333248,0.2080714521998105,1,0,1,5,3,34,7,3,42,0,0,0,0,0,5,8,2,0
difficulty-easy,20260712,1,0.12,0.45,0.2,0.18,3,30,9,1500,3463621640,3154235089,false,false,880.4666666665232,901.4666666665232,9,8,7,179,24,8,3,4,41,38,3,4,3,0,0.07317073170731707,0.926829268292683,20,2.5,167.7333333333248,0.19050503520862283,1,0,1,6,3,31,8,3,38,0,0,0,0,0,5,13,3,0
difficulty-easy,20260712,1,0.12,0.45,0.2,0.18,3,30,9,1501,35398399,56706668,true,false,786.4333333332754,807.4333333332754,9,8,7,180,29,8,3,16,61,55,6,16,6,0,0.09836065573770492,0.9016393442622951,24,3,167.7333333333248,0.21328360106811828,1,1,0,6,3,43,8,3,53,8,3,54,98.23333333324399,0.1249099309116067,5,5,2,0
difficulty-easy,20260712,1,0.12,0.45,0.2,0.18,3,30,9,1502,3611429269,1263417732,true,false,832.6333333332334,853.6333333332334,9,8,7,180,21,6,2,13,52,43,9,13,9,0,0.17307692307692307,0.8269230769230769,18,2.25,167.7333333333248,0.20144921734258167,1,1,0,5,2,36,6,2,42,6,2,42,155.6666666665251,0.1869570439167426,2,4,2,0
difficulty-easy,20260712,1,0.12,0.45,0.2,0.18,3,30,9,1503,490156872,1650105488,true,false,812.0333333332521,833.0333333332521,9,8,7,180,30,10,3,18,63,56,7,18,7,0,0.1111111111111111,0.8888888888888888,24,3,167.7333333333248,0.20655966503839115,1,1,0,7,3,44,9,3,55,9,3,55,110.83333333323253,0.1364886498911091,5,10,2,0
difficulty-easy,20260712,1,0.12,0.45,0.2,0.18,3,30,9,1504,3231670155,2665790555,true,false,786.0666666666091,807.0666666666091,9,8,7,180,23,8,3,4,39,36,3,4,3,0,0.07692307692307693,0.9230769230769231,16,2,167.7333333333248,0.2133830887965445,1,1,0,5,3,26,7,3,35,7,3,35,119.79999999989104,0.15240437621902275,3,6,3,0
difficulty-easy,20260712,1,0.12,0.45,0.2,0.18,3,30,9,1505,1202636433,646884313,true,false,772.4333333332881,793.4333333332881,9,8,7,180,24,7,3,17,57,51,6,17,6,0,0.10526315789473684,0.8947368421052632,20,2.5,167.7333333333248,0.21714926854529143,1,1,0,6,3,34,7,3,50,7,3,50,102.33333333324026,0.13248176757421945,2,7,4,0
difficulty-easy,20260712,1,0.12,0.45,0.2,0.18,3,30,9,1506,1003942675,1776359722,true,false,771.8333333332887,792.8333333332887,9,8,7,180,24,7,3,11,50,43,7,11,7,0,0.14,0.86,19,2.375,167.7333333333248,0.21731807385014187,1,1,0,5,2,34,6,2,41,7,3,43,80.86666666659312,0.10477218743243075,5,8,3,0
difficulty-easy,20260712,1,0.12,0.45,0.2,0.18,3,30,9,1507,2159294512,2152422525,true,false,810.2333333332538,831.2333333332538,9,8,7,180,14,3,2,3,35,27,8,3,8,0,0.22857142857142856,0.7714285714285715,14,1.75,167.7333333333248,0.20701855432592414,1,1,0,3,2,25,3,2,27,3,2,27,108.49999999990132,0.13391204179855018,4,10,2,0
difficulty-easy,20260712,1,0.12,0.45,0.2,0.18,3,30,9,1508,2859772447,580369724,false,false,826.9999999999052,847.9999999999052,9,8,7,179,24,7,3,16,60,50,10,16,10,0,0.16666666666666666,0.8333333333333334,21,2.625,167.7333333333248,0.20282144296655868,1,0,1,6,3,42,7,3,49,0,0,0,0,0,6,11,2,0
difficulty-easy,20260712,1,0.12,0.45,0.2,0.18,3,30,9,1509,804721273,4133577512,false,false,782.7999999999454,803.7999999999454,9,8,7,179,21,6,3,5,38,36,2,5,2,0,0.05263157894736842,0.9473684210526315,16,2,167.7333333333248,0.2142735479475428,1,0,1,4,3,29,6,3,35,0,0,0,0,0,2,6,1,0
difficulty-easy,20260712,1,0.12,0.45,0.2,0.18,3,30,9,1510,3249385213,836164389,false,false,855.466666666546,876.466666666546,9,8,7,179,17,5,2,5,35,32,3,5,3,0,0.08571428571428572,0.9142857142857143,14,1.75,167.7333333333248,0.1960723192020127,1,0,1,4,2,24,5,2,32,0,0,0,0,0,5,8,2,0
difficulty-easy,20260712,1,0.12,0.45,0.2,0.18,3,30,9,1511,865527162,587247844,false,false,831.933333333234,852.933333333234,9,8,7,179,29,9,3,9,55,47,8,9,8,0,0.14545454545454545,0.8545454545454545,24,3,167.7333333333248,0.20161871944868756,1,0,1,7,3,37,9,3,47,0,0,0,0,0,2,5,3,0
difficulty-easy,20260712,1,0.12,0.45,0.2,0.18,3,30,9,1512,947446884,307990528,false,false,773.8333333332869,794.8333333332869,9,8,7,179,19,5,3,9,43,38,5,9,5,0,0.11627906976744186,0.8837209302325582,18,2.25,167.7333333333248,0.21675640749515598,1,0,1,5,3,27,5,3,38,0,0,0,0,0,3,6,2,0
difficulty-easy,20260712,1,0.12,0.45,0.2,0.18,3,30,9,1513,3782117513,2048347469,true,false,791.0666666666045,812.0666666666045,9,8,7,180,24,7,3,20,58,54,4,20,4,0,0.06896551724137931,0.9310344827586207,20,2.5,167.7333333333248,0.21203438395416058,1,1,0,5,3,42,7,3,52,7,3,53,95.73333333324626,0.12101803472095118,5,9,2,0
difficulty-easy,20260712,1,0.12,0.45,0.2,0.18,3,30,9,1514,3476305550,1220801227,true,false,837.3999999998957,858.3999999998957,9,8,7,180,17,5,2,3,38,30,8,3,8,0,0.21052631578947367,0.7894736842105263,13,1.625,167.7333333333248,0.20030252368443477,1,1,0,4,2,19,5,2,27,5,2,29,150.2999999998633,0.17948411750642707,6,14,2,0
difficulty-easy,20260712,1,0.12,0.45,0.2,0.18,3,30,9,1515,2303802464,1765526458,false,false,777.2333333332838,798.2333333332838,9,8,7,179,25,8,3,10,53,45,8,10,8,0,0.1509433962264151,0.8490566037735849,23,2.875,167.7333333333248,0.21580820860316785,1,0,1,7,3,36,8,3,45,0,0,0,0,0,3,5,2,0
difficulty-easy,20260712,1,0.12,0.45,0.2,0.18,3,30,9,1516,4001508749,998841172,true,false,820.599999999911,841.599999999911,9,8,7,180,22,6,3,5,38,37,1,5,1,0,0.02631578947368421,0.9736842105263158,21,2.625,167.7333333333248,0.2044032821512832,1,1,0,6,3,32,6,3,36,6,3,36,113.8333333332298,0.13871963603855977,4,11,1,0
difficulty-easy,20260712,1,0.12,0.45,0.2,0.18,3,30,9,1517,828193020,3546505739,true,false,828.4999999999038,849.4999999999038,9,8,7,180,26,7,3,13,52,49,3,13,3,0,0.057692307692307696,0.9423076923076923,23,2.875,167.7333333333248,0.2024542345604638,1,1,0,7,3,37,7,3,48,7,3,48,155.6666666665251,0.1878897606113979,3,4,1,0
difficulty-easy,20260712,1,0.12,0.45,0.2,0.18,3,30,9,1518,3832558392,199118982,false,false,801.133333333262,822.133333333262,9,8,7,179,29,9,3,10,57,49,8,10,8,0,0.14035087719298245,0.8596491228070176,26,3.25,167.7333333333248,0.20937005908297376,1,0,1,8,3,44,9,3,48,0,0,0,0,0,6,6,3,0
difficulty-easy,20260712,1,0.12,0.45,0.2,0.18,3,30,9,1519,434237370,161406663,true,false,791.2999999999377,812.2999999999377,9,8,7,180,16,5,3,0,26,25,1,0,1,0,0.038461538461538464,0.9615384615384616,13,1.625,167.7333333333248,0.2119718606512549,1,1,0,4,3,20,4,3,24,4,3,24,111.23333333323217,0.14057036943414752,3,5,1,0
difficulty-easy,20260712,1,0.12,0.45,0.2,0.18,3,30,9,1520,395042804,1951787021,false,false,782.2666666666125,803.2666666666125,9,8,7,179,26,7,3,24,64,60,4,24,4,0,0.0625,0.9375,25,3.125,167.7333333333248,0.2144196352480012,1,0,1,7,3,47,7,3,60,0,0,0,0,0,3,7,3,0
difficulty-easy,20260712,1,0.12,0.45,0.2,0.18,3,30,9,1521,2883794342,3635807618,true,false,800.7333333332624,821.7333333332624,9,8,7,180,21,6,2,12,50,43,7,12,7,0,0.14,0.86,19,2.375,167.7333333333248,0.20947464823912204,1,1,0,5,2,38,6,2,42,6,2,42,108.49999999990132,0.1355007909415256,5,9,2,0
difficulty-easy,20260712,1,0.12,0.45,0.2,0.18,3,30,9,1522,2637064751,3679493051,false,false,857.999999999877,878.999999999877,9,8,7,179,29,8,3,23,71,62,9,23,9,0,0.1267605633802817,0.8732394366197183,28,3.5,167.7333333333248,0.19549339549341357,1,0,1,8,3,56,8,3,62,0,0,0,0,0,5,8,2,0
difficulty-easy,20260712,1,0.12,0.45,0.2,0.18,3,30,9,1523,3062781195,3816213809,false,false,789.3333333332728,810.3333333332728,9,8,7,179,27,8,3,12,58,49,9,12,9,0,0.15517241379310345,0.8448275862068966,26,3.25,167.7333333333248,0.2125000000000055,1,0,1,8,3,43,8,3,48,0,0,0,0,0,5,13,2,0
difficulty-easy,20260712,1,0.12,0.45,0.2,0.18,3,30,9,1524,741859890,3359771011,true,false,739.6999999999846,760.6999999999846,9,8,7,180,18,5,2,6,39,34,5,6,5,0,0.1282051282051282,0.8717948717948718,17,2.125,167.7333333333248,0.22675859582713032,1,1,0,5,2,31,5,2,33,5,2,33,59.89999999994552,0.0809787751790547,5,11,2,0
difficulty-easy,20260712,1,0.12,0.45,0.2,0.18,3,30,9,1525,4114450298,1735909045,true,false,819.833333333245,840.833333333245,9,8,7,180,25,7,3,6,47,41,6,6,6,0,0.1276595744680851,0.8723404255319149,16,2,167.7333333333248,0.2045944297621584,1,1,0,5,3,25,5,3,32,6,3,35,129.09999999988258,0.15747103069716994,4,11,3,0
difficulty-easy,20260712,1,0.12,0.45,0.2,0.18,3,30,9,1526,1159283310,3051666557,false,false,814.43333333325,835.43333333325,9,8,7,179,21,6,3,3,40,34,6,3,6,0,0.15,0.85,16,2,167.7333333333248,0.20595096795318868,1,0,1,5,3,25,6,3,34,0,0,0,0,0,3,5,3,0
difficulty-easy,20260712,1,0.12,0.45,0.2,0.18,3,30,9,1527,2797484939,806577120,true,false,751.6666666666404,772.6666666666404,9,8,7,180,18,6,3,2,31,29,2,2,2,0,0.06451612903225806,0.9354838709677419,14,1.75,167.7333333333248,0.2231485587583113,1,1,0,4,3,25,5,3,28,5,3,28,57.66666666661422,0.07671840354760474,4,11,2,0
difficulty-easy,20260712,1,0.12,0.45,0.2,0.18,3,30,9,1528,1428844091,3874710856,true,false,844.1666666665562,865.1666666665562,9,8,7,180,23,7,3,4,45,36,9,4,9,0,0.2,0.8,19,2.375,167.7333333333248,0.19869693978283917,1,1,0,5,3,31,6,3,34,7,3,35,153.39999999986048,0.1817176702861369,5,13,3,0
difficulty-easy,20260712,1,0.12,0.45,0.2,0.18,3,30,9,1529,455151851,4117246610,true,false,828.9666666665701,849.9666666665701,9,8,7,180,22,6,3,4,38,36,2,4,2,0,0.05263157894736842,0.9473684210526315,18,2.25,167.7333333333248,0.20234026297801802,1,1,0,5,3,27,6,3,34,6,3,35,131.09999999988077,0.1581486991835973,5,11,2,0
difficulty-easy,20260712,1,0.12,0.45,0.2,0.18,3,30,9,1530,440880142,1133278424,false,false,810.4999999999202,831.4999999999202,9,8,7,179,23,7,3,4,43,37,6,4,6,0,0.13953488372093023,0.8604651162790697,22,2.75,167.7333333333248,0.2069504421139313,1,0,1,7,3,33,7,3,37,0,0,0,0,0,5,9,2,0
difficulty-easy,20260712,1,0.12,0.45,0.2,0.18,3,30,9,1531,3630784087,1351656495,true,false,829.8666666665692,850.8666666665692,9,8,7,180,31,9,3,18,64,59,5,18,5,0,0.078125,0.921875,24,3,167.7333333333248,0.20212082262212142,1,1,0,7,3,45,9,3,59,9,3,59,154.6999999998593,0.18641548843172895,2,4,3,0
difficulty-easy,20260712,1,0.12,0.45,0.2,0.18,3,30,9,1532,1561417157,35121275,true,false,775.833333333285,796.833333333285,9,8,7,180,28,8,3,14,53,50,3,14,3,0,0.05660377358490566,0.9433962264150944,22,2.75,167.7333333333248,0.2161976369495191,1,1,0,7,3,34,8,3,50,8,3,50,78.66666666659512,0.10139634801280345,4,8,5,0
difficulty-easy,20260712,1,0.12,0.45,0.2,0.18,3,30,9,1533,1974104226,2326544320,false,false,856.5999999998783,877.5999999998783,9,8,7,179,22,6,3,12,52,42,10,12,10,0,0.19230769230769232,0.8076923076923077,18,2.25,167.7333333333248,0.19581290372793442,1,0,1,5,3,34,5,3,40,0,0,0,0,0,5,11,2,0
difficulty-easy,20260712,1,0.12,0.45,0.2,0.18,3,30,9,1534,1532527713,3800689364,false,false,814.1999999999168,835.1999999999168,9,8,7,179,26,8,3,11,52,47,5,11,5,0,0.09615384615384616,0.9038461538461539,20,2.5,167.7333333333248,0.20600998935561524,1,0,1,6,3,34,8,3,47,0,0,0,0,0,3,7,2,0
difficulty-easy,20260712,1,0.12,0.45,0.2,0.18,3,30,9,1535,1308034298,3050030893,true,false,798.1999999999314,819.1999999999314,9,8,7,180,18,6,3,0,30,27,3,0,3,0,0.1,0.9,13,1.625,167.7333333333248,0.21013948049779405,1,1,0,4,3,18,5,3,24,6,3,26,97.09999999991169,0.12164870959649215,5,11,2,0
difficulty-easy,20260712,1,0.12,0.45,0.2,0.18,3,30,9,1536,1924065304,4149210022,true,false,841.833333333225,862.833333333225,9,8,7,180,24,7,3,20,60,54,6,20,6,0,0.1,0.9,21,2.625,167.7333333333248,0.19924767372799015,1,1,0,6,3,44,7,3,52,7,3,53,148.99999999986449,0.17699465452371846,5,11,2,0
difficulty-easy,20260712,1,0.12,0.45,0.2,0.18,3,30,9,1537,1090950183,4084543517,false,false,795.5333333332671,816.5333333332671,9,8,7,179,18,5,2,4,36,32,4,4,4,0,0.1111111111111111,0.8888888888888888,15,1.875,167.7333333333248,0.21084387832063028,1,0,1,4,2,27,5,2,32,0,0,0,0,0,2,5,2,0
difficulty-easy,20260712,1,0.12,0.45,0.2,0.18,3,30,9,1538,1805314133,1213460971,true,false,830.5333333332353,851.5333333332353,9,8,7,180,27,8,3,17,60,53,7,17,7,0,0.11666666666666667,0.8833333333333333,23,2.875,167.7333333333248,0.2019585808316077,1,1,0,6,3,43,8,3,52,8,3,52,154.7333333331926,0.18630598811993604,2,4,2,0
difficulty-easy,20260712,1,0.12,0.45,0.2,0.18,3,30,9,1539,963915366,781900851,true,false,822.3999999999094,843.3999999999094,9,8,7,180,23,7,3,19,58,52,6,19,6,0,0.10344827586206896,0.896551724137931,22,2.75,167.7333333333248,0.20395590142673065,1,1,0,7,3,42,7,3,51,7,3,51,155.6999999998584,0.18932392996093816,2,4,2,0
difficulty-easy,20260712,1,0.12,0.45,0.2,0.18,3,30,9,1540,812908300,3653278796,false,false,782.099999999946,803.099999999946,9,8,7,179,23,6,3,17,55,50,5,17,5,0,0.09090909090909091,0.9090909090909091,19,2.375,167.7333333333248,0.2144653283893829,1,0,1,5,3,39,6,3,49,0,0,0,0,0,2,5,2,0
difficulty-easy,20260712,1,0.12,0.45,0.2,0.18,3,30,9,1541,1135073865,1293151067,false,false,790.5999999999383,811.5999999999383,9,8,7,179,25,7,3,21,63,56,7,21,7,0,0.1111111111111111,0.8888888888888888,25,3.125,167.7333333333248,0.21215954127667327,1,0,1,7,3,46,7,3,56,0,0,0,0,0,4,5,4,0
difficulty-easy,20260712,1,0.12,0.45,0.2,0.18,3,30,9,1542,1059157713,1273765843,true,false,779.3333333332819,800.3333333332819,9,8,7,180,20,6,3,3,36,33,3,3,3,0,0.08333333333333333,0.9166666666666666,19,2.375,167.7333333333248,0.21522668947818974,1,1,0,5,3,30,5,3,31,5,3,31,89.96666666658484,0.11544054747637825,6,11,2,0
difficulty-easy,20260712,1,0.12,0.45,0.2,0.18,3,30,9,1543,105386649,3146178067,true,false,829.4999999999029,850.4999999999029,9,8,7,180,26,8,3,11,56,47,9,11,9,0,0.16071428571428573,0.8392857142857143,25,3.125,167.7333333333248,0.20221016676714215,1,1,0,8,3,41,8,3,46,8,3,46,154.6999999998593,0.18649789029521086,3,4,3,0
difficulty-easy,20260712,1,0.12,0.45,0.2,0.18,3,30,9,1544,1715259275,3734288553,true,false,784.0999999999442,805.0999999999442,9,8,7,180,24,8,3,4,41,37,4,4,4,0,0.0975609756097561,0.9024390243902439,20,2.5,167.7333333333248,0.21391829273477456,1,1,0,6,3,31,7,3,35,7,3,36,97.76666666657775,0.12468647706489569,5,11,3,0
difficulty-easy,20260712,1,0.12,0.45,0.2,0.18,3,30,9,1545,3498249785,3680555332,false,false,778.5999999999492,799.5999999999492,9,8,7,179,28,9,3,20,66,58,8,20,8,0,0.12121212121212122,0.8787878787878788,24,3,167.7333333333248,0.21542940320233206,1,0,1,7,3,46,9,3,58,0,0,0,0,0,4,6,3,0
difficulty-easy,20260712,1,0.12,0.45,0.2,0.18,3,30,9,1546,1818187653,1754204317,true,false,836.3666666665633,857.3666666665633,9,8,7,180,28,8,3,39,84,77,7,39,7,0,0.08333333333333333,0.9166666666666666,24,3,167.7333333333248,0.20054999800726817,1,1,0,7,3,63,8,3,75,8,3,76,142.566666666537,0.17045952732041922,5,5,3,0
difficulty-easy,20260712,1,0.12,0.45,0.2,0.18,3,30,9,1547,3869725461,3350299287,true,false,830.6333333332352,851.6333333332352,9,8,7,180,26,8,3,13,54,48,6,13,6,0,0.1111111111111111,0.8888888888888888,21,2.625,167.7333333333248,0.20193426702517508,1,1,0,6,3,41,8,3,47,8,3,47,153.4666666665271,0.18475861792192128,3,5,2,0
difficulty-easy,20260712,1,0.12,0.45,0.2,0.18,3,30,9,1548,2512980159,1949491231,true,false,803.5333333332599,824.5333333332599,9,8,7,180,25,8,3,6,45,41,4,6,4,0,0.08888888888888889,0.9111111111111111,23,2.875,167.7333333333248,0.20874471086037516,1,1,0,7,3,35,7,3,39,7,3,39,100.5999999999085,0.12519704637839257,5,14,2,0
difficulty-easy,20260712,1,0.12,0.45,0.2,0.18,3,30,9,1549,3865371842,1926427192,false,false,862.3333333332064,883.3333333332064,9,8,7,179,25,7,3,5,47,39,8,5,8,0,0.1702127659574468,0.8297872340425532,24,3,167.7333333333248,0.19451101662158812,1,0,1,7,3,35,7,3,39,0,0,0,0,0,6,9,3,0
difficulty-easy,20260712,1,0.12,0.45,0.2,0.18,3,30,9,1550,2613442649,2734557639,false,false,805.0666666665918,826.0666666665918,9,8,7,179,27,8,3,12,53,49,4,12,4,0,0.07547169811320754,0.9245283018867925,23,2.875,167.7333333333248,0.2083471348128607,1,0,1,7,3,38,8,3,48,0,0,0,0,0,4,5,2,0
difficulty-easy,20260712,1,0.12,0.45,0.2,0.18,3,30,9,1551,3203055036,2644113258,true,false,796.1999999999332,817.1999999999332,9,8,7,180,19,5,3,3,41,32,9,3,9,0,0.21951219512195122,0.7804878048780488,18,2.25,167.7333333333248,0.2106673365151204,1,1,0,5,3,28,5,3,32,5,3,32,111.39999999989868,0.1399145943229189,2,5,3,0
difficulty-easy,20260712,1,0.12,0.45,0.2,0.18,3,30,9,1552,1343009065,4179046407,false,false,777.1666666666172,798.1666666666172,9,8,7,179,23,7,3,8,49,41,8,8,8,0,0.16326530612244897,0.8367346938775511,20,2.5,167.7333333333248,0.2158267209950703,1,0,1,6,3,30,7,3,41,0,0,0,0,0,4,6,2,0
difficulty-easy,20260712,1,0.12,0.45,0.2,0.18,3,30,9,1553,555140538,2258626728,true,false,794.966666666601,815.966666666601,9,8,7,180,21,6,2,18,56,49,7,18,7,0,0.125,0.875,21,2.625,167.7333333333248,0.2109941716633888,1,1,0,6,2,40,6,2,45,6,2,45,113.7666666665632,0.1431087257326168,3,7,2,0
difficulty-easy,20260712,1,0.12,0.45,0.2,0.18,3,30,9,1554,1610083477,2800245190,true,false,829.4333333332363,850.4333333332363,9,8,7,180,27,8,3,11,56,48,8,11,8,0,0.14285714285714285,0.8571428571428571,22,2.75,167.7333333333248,0.20222641964394697,1,1,0,6,3,39,8,3,46,8,3,47,153.4999999998604,0.18506610939180768,4,6,3,0
difficulty-easy,20260712,1,0.12,0.45,0.2,0.18,3,30,9,1555,389692178,3451327784,false,false,847.2666666665534,868.2666666665534,9,8,7,179,25,7,2,20,60,55,5,20,5,0,0.08333333333333333,0.9166666666666666,25,3.125,167.7333333333248,0.19796994256040665,1,0,1,7,2,48,7,2,54,0,0,0,0,0,6,8,1,0
difficulty-easy,20260712,1,0.12,0.45,0.2,0.18,3,30,9,1556,4257604510,2989242975,true,false,816.4999999999147,837.4999999999147,9,8,7,180,21,6,2,9,48,40,8,9,8,0,0.16666666666666666,0.8333333333333334,20,2.5,167.7333333333248,0.20542967952644495,1,1,0,6,2,34,6,2,39,6,2,39,121.5333333332228,0.14884670340873912,5,14,3,0
difficulty-easy,20260712,1,0.12,0.45,0.2,0.18,3,30,9,1557,3729537561,852131087,true,false,849.7666666665511,870.7666666665511,9,8,7,180,23,7,3,11,47,43,4,11,4,0,0.0851063829787234,0.9148936170212766,20,2.5,167.7333333333248,0.19738751814225192,1,1,0,6,3,33,6,3,40,6,3,42,168.966666666513,0.1988388969519507,6,5,2,0
difficulty-easy,20260712,1,0.12,0.45,0.2,0.18,3,30,9,1558,169931200,1586674588,true,false,834.6999999998982,855.6999999998982,9,8,7,180,28,8,3,15,58,53,5,15,5,0,0.08620689655172414,0.9137931034482759,27,3.375,167.7333333333248,0.20095044127632114,1,1,0,8,3,46,8,3,53,8,3,53,153.4333333331938,0.18381853759819397,3,4,2,0
difficulty-easy,20260712,1,0.12,0.45,0.2,0.18,3,30,9,1559,3740726927,2005288302,false,false,832.4666666665669,853.4666666665669,9,8,7,179,25,7,3,12,51,47,4,12,4,0,0.0784313725490196,0.9215686274509803,23,2.875,167.7333333333248,0.20148954913111022,1,0,1,7,3,34,7,3,47,0,0,0,0,0,5,8,2,0
difficulty-easy,20260712,1,0.12,0.45,0.2,0.18,3,30,9,1560,1833973199,1461882974,false,false,837.2333333332292,858.2333333332292,9,8,7,179,25,7,3,10,49,44,5,10,5,0,0.10204081632653061,0.8979591836734694,19,2.375,167.7333333333248,0.20034239757934347,1,0,1,5,3,31,7,3,44,0,0,0,0,0,3,7,2,0
difficulty-easy,20260712,1,0.12,0.45,0.2,0.18,3,30,9,1561,2680744691,2609112988,true,false,814.0666666665836,835.0666666665836,9,8,7,180,27,9,3,10,51,46,5,10,5,0,0.09803921568627451,0.9019607843137255,25,3.125,167.7333333333248,0.2060437310621676,1,1,0,8,3,41,8,3,44,8,3,45,125.9666666665521,0.1547375317335578,5,8,3,0
difficulty-easy,20260712,1,0.12,0.45,0.2,0.18,3,30,9,1562,1440036873,3854538157,false,false,766.7666666666266,787.7666666666266,9,8,7,179,23,7,3,12,53,45,8,12,8,0,0.1509433962264151,0.8490566037735849,21,2.625,167.7333333333248,0.21875407555536264,1,0,1,6,3,38,7,3,45,0,0,0,0,0,3,5,3,0
difficulty-easy,20260712,1,0.12,0.45,0.2,0.18,3,30,9,1563,150074530,129649060,true,false,785.1999999999432,806.1999999999432,9,8,7,180,23,7,3,2,39,35,4,2,4,0,0.10256410256410256,0.8974358974358975,18,2.25,167.7333333333248,0.21361861096960894,1,1,0,5,3,26,7,3,34,7,3,34,111.33333333323208,0.14178977755124825,3,5,2,0
difficulty-easy,20260712,1,0.12,0.45,0.2,0.18,3,30,9,1564,2768789008,3882689486,false,false,752.7333333333061,773.7333333333061,9,8,7,179,34,10,3,23,68,65,3,23,3,0,0.04411764705882353,0.9558823529411765,30,3.75,167.7333333333248,0.2228323443450503,1,0,1,9,3,53,9,3,64,0,0,0,0,0,3,7,2,0
difficulty-easy,20260712,1,0.12,0.45,0.2,0.18,3,30,9,1565,1913288450,852766507,true,false,813.666666666584,834.666666666584,9,8,7,180,21,7,3,1,35,31,4,1,4,0,0.11428571428571428,0.8857142857142857,15,1.875,167.7333333333248,0.20614502253175973,1,1,0,4,3,23,6,3,29,6,3,30,112.7666666665641,0.13859074149927353,5,11,2,0
difficulty-easy,20260712,1,0.12,0.45,0.2,0.18,3,30,9,1566,3751994166,2839641982,true,false,795.6666666666003,816.6666666666003,9,8,7,180,19,6,3,7,39,35,4,7,4,0,0.10256410256410256,0.8974358974358975,16,2,167.7333333333248,0.2108085462924241,1,1,0,5,3,26,6,3,34,6,3,34,114.26666666656274,0.14361122748207658,3,5,2,0
difficulty-easy,20260712,1,0.12,0.45,0.2,0.18,3,30,9,1567,232896590,3002318324,true,false,797.0333333332658,818.0333333332658,9,8,7,180,29,9,3,20,67,59,8,20,8,0,0.11940298507462686,0.8805970149253731,25,3.125,167.7333333333248,0.2104470745681975,1,1,0,8,3,48,9,3,58,9,3,58,110.59999999989941,0.138764585337178,4,4,2,0
difficulty-easy,20260712,1,0.12,0.45,0.2,0.18,3,30,9,1568,2073213762,977040957,true,false,773.4333333332872,794.4333333332872,9,8,7,180,19,6,3,5,42,34,8,5,8,0,0.19047619047619047,0.8095238095238095,19,2.375,167.7333333333248,0.21686850838253863,1,1,0,6,3,30,6,3,33,6,3,33,87.36666666658721,0.112959531095021,5,14,2,0
difficulty-easy,20260712,1,0.12,0.45,0.2,0.18,3,30,9,1569,2966298811,436364509,true,false,837.7666666665621,858.7666666665621,9,8,7,180,17,5,3,0,33,27,6,0,6,0,0.18181818181818182,0.8181818181818182,10,1.25,167.7333333333248,0.20021485696098246,1,1,0,3,2,18,5,3,26,5,3,27,135.36666666654355,0.1615803923127686,4,14,2,0
difficulty-easy,20260712,1,0.12,0.45,0.2,0.18,3,30,9,1570,776531135,913362129,true,false,738.4666666666524,759.4666666666524,9,8,7,180,28,9,3,15,55,52,3,15,3,0,0.05454545454545454,0.9454545454545454,26,3.25,167.7333333333248,0.22713731154644043,1,1,0,8,3,44,8,3,51,8,3,51,51.9666666666194,0.07037103908994367,4,11,3,0
difficulty-easy,20260712,1,0.12,0.45,0.2,0.18,3,30,9,1571,2322935623,4100383488,true,false,779.1666666666154,800.1666666666154,9,8,7,180,21,6,3,6,44,36,8,6,8,0,0.18181818181818182,0.8181818181818182,18,2.25,167.7333333333248,0.2152727272727305,1,1,0,5,3,28,6,3,33,6,3,34,101.5999999999076,0.1303957219250237,5,11,3,0
difficulty-easy,20260712,1,0.12,0.45,0.2,0.18,3,30,9,1572,1054278251,2574962361,true,false,851.5666666665495,872.5666666665495,9,8,7,180,27,8,3,17,63,54,9,17,9,0,0.14285714285714285,0.8571428571428571,24,3,167.7333333333248,0.19697029005364372,1,1,0,7,3,39,8,3,51,8,3,52,167.8333333331807,0.197087720671551,5,7,2,0
difficulty-easy,20260712,1,0.12,0.45,0.2,0.18,3,30,9,1573,296011829,2875414796,true,false,806.0333333332576,827.0333333332576,9,8,7,180,24,8,3,18,62,52,10,18,10,0,0.16129032258064516,0.8387096774193549,21,2.625,167.7333333333248,0.20809726644887377,1,1,0,7,3,37,8,3,51,8,3,51,119.73333333322444,0.14854637938865517,5,7,3,0
difficulty-easy,20260712,1,0.12,0.45,0.2,0.18,3,30,9,1574,529771430,2149519227,true,false,840.2999999998931,861.2999999998931,9,8,7,180,25,8,3,8,49,42,7,8,7,0,0.14285714285714285,0.8571428571428571,21,2.625,167.7333333333248,0.19961124995042978,1,1,0,6,3,32,7,3,41,7,3,41,155.6666666665251,0.1852512991390514,2,4,3,0
difficulty-easy,20260712,1,0.12,0.45,0.2,0.18,3,30,9,1575,1134724225,3029001459,true,false,814.33333333325,835.33333333325,9,8,7,180,19,5,3,9,39,38,1,9,1,0,0.02564102564102564,0.9743589743589743,15,1.875,167.7333333333248,0.2059762586983323,1,1,0,4,3,24,5,3,37,5,3,37,115.9666666665612,0.14240687679071598,6,11,2,0
difficulty-easy,20260712,1,0.12,0.45,0.2,0.18,3,30,9,1576,2729684654,207332149,false,false,802.1666666665944,823.1666666665944,9,8,7,179,29,8,3,26,73,64,9,26,9,0,0.1232876712328767,0.8767123287671232,25,3.125,167.7333333333248,0.2091003532100643,1,0,1,7,3,50,8,3,64,0,0,0,0,0,5,8,2,0
difficulty-easy,20260712,1,0.12,0.45,0.2,0.18,3,30,9,1577,1260102908,3887737449,false,false,787.7666666666075,808.7666666666075,9,8,7,179,30,9,3,19,65,59,6,19,6,0,0.09230769230769231,0.9076923076923077,26,3.25,167.7333333333248,0.21292260821732836,1,0,1,8,3,42,9,3,59,0,0,0,0,0,5,8,3,0
difficulty-easy,20260712,1,0.12,0.45,0.2,0.18,3,30,9,1578,2801023050,2844785214,false,false,792.2999999999367,813.2999999999367,9,8,7,179,27,9,3,18,62,55,7,18,7,0,0.11290322580645161,0.8870967741935484,24,3,167.7333333333248,0.2117043207539293,1,0,1,8,3,43,9,3,53,0,0,0,0,0,6,10,2,0
difficulty-easy,20260712,1,0.12,0.45,0.2,0.18,3,30,9,1579,1686874442,708707554,true,false,848.2999999998858,869.2999999998858,9,8,7,180,23,7,3,17,54,50,4,17,4,0,0.07407407407407407,0.9259259259259259,21,2.625,167.7333333333248,0.1977287909151802,1,1,0,6,3,40,7,3,48,7,3,49,153.4666666665271,0.18091084129028379,6,12,2,0
difficulty-easy,20260712,1,0.12,0.45,0.2,0.18,3,30,9,1580,1758633470,868220174,true,false,796.5666666665995,817.5666666665995,9,8,7,180,29,9,3,27,75,65,10,27,10,0,0.13333333333333333,0.8666666666666667,21,2.625,167.7333333333248,0.21057036448090422,1,1,0,6,3,49,8,3,62,8,3,64,95.39999999991323,0.11976398711125406,5,8,4,0
difficulty-easy,20260712,1,0.12,0.45,0.2,0.18,3,30,9,1581,395920127,3746720294,true,false,770.3666666666234,791.3666666666234,9,8,7,180,23,7,3,8,45,41,4,8,4,0,0.08888888888888889,0.9111111111111111,18,2.25,167.7333333333248,0.2177318160183474,1,1,0,5,3,30,7,3,38,7,3,40,81.19999999992615,0.10540435290545287,5,8,3,0
difficulty-easy,20260712,1,0.12,0.45,0.2,0.18,3,30,9,1582,2176728299,199414761,false,false,824.1666666665744,845.1666666665744,9,8,7,179,30,9,3,16,58,54,4,16,4,0,0.06896551724137931,0.9310344827586207,22,2.75,167.7333333333248,0.20351870576340977,1,0,1,6,3,43,9,3,54,0,0,0,0,0,4,7,2,0
difficulty-easy,20260712,1,0.12,0.45,0.2,0.18,3,30,9,1583,3653955367,1536929755,false,false,836.1666666665635,857.1666666665635,9,8,7,179,18,5,2,11,43,39,4,11,4,0,0.09302325581395349,0.9069767441860465,18,2.25,167.7333333333248,0.20059796691251205,1,0,1,5,2,34,5,2,39,0,0,0,0,0,5,10,2,0
difficulty-easy,20260712,1,0.12,0.45,0.2,0.18,3,30,9,1584,3144345962,2834371681,true,false,807.0999999999233,828.0999999999233,9,8,7,180,24,8,3,7,44,41,3,7,3,0,0.06818181818181818,0.9318181818181818,22,2.75,167.7333333333248,0.20782224424896634,1,1,0,7,3,36,8,3,40,8,3,40,111.79999999989832,0.13852062941383836,5,11,2,0
difficulty-easy,20260712,1,0.12,0.45,0.2,0.18,3,30,9,1585,2233935428,849260240,false,false,815.6999999999155,836.6999999999155,9,8,7,179,27,8,3,18,56,55,1,18,1,0,0.017857142857142856,0.9821428571428571,23,2.875,167.7333333333248,0.2056311552449947,1,0,1,7,3,42,8,3,54,0,0,0,0,0,6,10,3,0
difficulty-easy,20260712,1,0.12,0.45,0.2,0.18,3,30,9,1586,4133738105,617006948,false,false,772.9999999999543,793.9999999999543,9,8,7,179,25,7,3,5,48,39,9,5,9,0,0.1875,0.8125,19,2.375,167.7333333333248,0.21699008193186897,1,0,1,5,3,30,7,3,39,0,0,0,0,0,3,5,3,0
difficulty-easy,20260712,1,0.12,0.45,0.2,0.18,3,30,9,1587,367143544,450863255,false,false,839.3333333332273,860.3333333332273,9,8,7,179,27,8,3,25,68,62,6,25,6,0,0.08823529411764706,0.9117647058823529,23,2.875,167.7333333333248,0.19984114376490783,1,0,1,7,3,47,8,3,62,0,0,0,0,0,6,10,2,0
difficulty-easy,20260712,1,0.12,0.45,0.2,0.18,3,30,9,1588,3015612619,2948837664,true,false,839.5333333332271,860.5333333332271,9,8,7,180,26,9,3,14,62,49,13,14,13,0,0.20967741935483872,0.7903225806451613,22,2.75,167.7333333333248,0.1997935360914945,1,1,0,7,3,41,8,3,47,8,3,48,144.19999999986885,0.17176209004989332,5,5,3,0
difficulty-easy,20260712,1,0.12,0.45,0.2,0.18,3,30,9,1589,1812886764,1144276297,true,false,783.2666666666116,804.2666666666116,9,8,7,180,26,8,3,17,56,53,3,17,3,0,0.05357142857142857,0.9464285714285714,23,2.875,167.7333333333248,0.2141458847561536,1,1,0,7,3,38,8,3,50,8,3,52,79.19999999992797,0.10111498850957554,5,8,3,0
difficulty-easy,20260712,1,0.12,0.45,0.2,0.18,3,30,9,1590,834861342,1662756386,true,false,790.9999999999379,811.9999999999379,9,8,7,180,26,8,3,11,51,46,5,11,5,0,0.09803921568627451,0.9019607843137255,21,2.625,167.7333333333248,0.21205225453013649,1,1,0,6,3,38,7,3,45,7,3,45,111.19999999989886,0.14058154235133702,2,5,2,0
difficulty-easy,20260712,1,0.12,0.45,0.2,0.18,3,30,9,1591,1466648662,3935829973,false,false,782.5999999999456,803.5999999999456,9,8,7,179,26,7,3,17,62,52,10,17,10,0,0.16129032258064516,0.8387096774193549,20,2.5,167.7333333333248,0.21432830735156716,1,0,1,5,3,41,7,3,51,0,0,0,0,0,3,5,2,0
difficulty-easy,20260712,1,0.12,0.45,0.2,0.18,3,30,9,1592,2762230351,1111080271,true,false,826.7999999999054,847.7999999999054,9,8,7,180,23,7,3,6,43,36,7,6,7,0,0.16279069767441862,0.8372093023255814,17,2.125,167.7333333333248,0.2028705047573101,1,1,0,4,3,28,7,3,36,7,3,36,127.63333333321725,0.15437026286070618,5,11,2,0
difficulty-easy,20260712,1,0.12,0.45,0.2,0.18,3,30,9,1593,369425925,254557200,true,false,746.9666666666446,767.9666666666446,9,8,7,180,20,6,3,3,36,33,3,3,3,0,0.08333333333333333,0.9166666666666666,18,2.25,167.7333333333248,0.22455263510196316,1,1,0,5,3,27,6,3,32,6,3,32,57.03333333328146,0.07635325092590005,5,11,1,0
difficulty-easy,20260712,1,0.12,0.45,0.2,0.18,3,30,9,1594,1984466106,1457779494,true,false,786.499999999942,807.499999999942,9,8,7,180,15,4,3,3,30,27,3,3,3,0,0.1,0.9,14,1.75,167.7333333333248,0.2132655223564363,1,1,0,4,3,24,4,3,26,4,3,27,79.99999999992724,0.10171646535274398,5,8,1,0
difficulty-easy,20260712,1,0.12,0.45,0.2,0.18,3,30,9,1595,1231908475,1748629991,true,false,776.6999999999509,797.6999999999509,9,8,7,180,18,5,3,4,39,32,7,4,7,0,0.1794871794871795,0.8205128205128205,16,2,167.7333333333248,0.21595639672117342,1,1,0,4,3,28,5,3,30,5,3,31,89.13333333325227,0.11475902321779052,5,11,2,0
difficulty-easy,20260712,1,0.12,0.45,0.2,0.18,3,30,9,1596,3361511348,4118670575,true,false,782.5999999999456,803.5999999999456,9,8,7,180,20,7,3,8,40,38,2,8,2,0,0.05,0.95,17,2.125,167.7333333333248,0.21432830735156716,1,1,0,5,3,29,6,3,36,6,3,36,108.59999999990123,0.13876820853553384,2,7,2,0
difficulty-easy,20260712,1,0.12,0.45,0.2,0.18,3,30,9,1597,1273959213,1285405559,true,false,877.9999999998588,898.9999999998588,9,8,7,180,27,8,3,19,64,56,8,19,8,0,0.125,0.875,24,3,167.7333333333248,0.19104024297648264,1,1,0,7,3,50,8,3,55,8,3,56,165.93333333318242,0.18899012908110377,5,13,3,0
difficulty-easy,20260712,1,0.12,0.45,0.2,0.18,3,30,9,1598,470951953,4113497603,true,false,789.3999999999394,810.3999999999394,9,8,7,180,15,4,3,1,33,26,7,1,7,0,0.21212121212121213,0.7878787878787878,14,1.75,167.7333333333248,0.2124820538805899,1,1,0,4,3,22,4,3,26,4,3,26,79.16666666659467,0.10028713791056593,5,14,2,0
difficulty-easy,20260712,1,0.12,0.45,0.2,0.18,3,30,9,1599,2813996067,2405202960,true,false,777.9333333332831,798.9333333332831,9,8,7,180,19,5,3,3,35,32,3,3,3,0,0.08571428571428572,0.9142857142857143,14,1.75,167.7333333333248,0.21561402005313515,1,1,0,4,3,23,5,3,31,5,3,31,100.96666666657484,0.1297883280485663,3,4,2,0
difficulty-easy,20260712,1,0.12,0.45,0.2,0.18,3,30,9,1600,850879844,3127721413,true,false,832.2666666665671,853.2666666665671,9,8,7,180,23,7,3,10,48,43,5,10,5,0,0.10416666666666667,0.8958333333333334,20,2.5,167.7333333333248,0.20153796859982162,1,1,0,6,3,33,7,3,42,7,3,42,139.79999999987285,0.16797500801012044,6,14,3,0
difficulty-easy,20260712,1,0.12,0.45,0.2,0.18,3,30,9,1601,3745203368,2539772872,true,false,771.7333333332888,792.7333333332888,9,8,7,180,21,6,2,6,42,37,5,6,5,0,0.11904761904761904,0.8809523809523809,17,2.125,167.7333333333248,0.21734623358673266,1,1,0,5,2,28,6,2,36,6,2,36,79.43333333326109,0.1029284727020547,5,8,2,0
difficulty-easy,20260712,1,0.12,0.45,0.2,0.18,3,30,9,1602,3426382556,1133548149,true,false,815.6666666665822,836.6666666665822,9,8,7,180,24,7,3,23,61,57,4,23,4,0,0.06557377049180328,0.9344262295081968,21,2.625,167.7333333333248,0.20563955864324746,1,1,0,6,3,47,7,3,53,7,3,55,120.03333333322416,0.1471597874947731,5,13,2,0
difficulty-easy,20260712,1,0.12,0.45,0.2,0.18,3,30,9,1603,1902418137,3564781845,false,false,817.633333333247,838.633333333247,9,8,7,179,27,7,3,14,56,50,6,14,6,0,0.10714285714285714,0.8928571428571429,19,2.375,167.7333333333248,0.2051449304904511,1,0,1,5,3,34,7,3,49,0,0,0,0,0,6,14,2,0
difficulty-easy,20260712,1,0.12,0.45,0.2,0.18,3,30,9,1604,1713294900,1493244546,false,false,769.7333333332906,790.7333333332906,9,8,7,179,29,8,3,19,60,58,2,19,2,0,0.03333333333333333,0.9666666666666667,27,3.375,167.7333333333248,0.21791096483630795,1,0,1,8,3,52,8,3,58,0,0,0,0,0,2,7,2,0
difficulty-easy,20260712,1,0.12,0.45,0.2,0.18,3,30,9,1605,944032020,3116792619,true,false,818.4333333332463,839.4333333332463,9,8,7,180,28,8,3,12,54,50,4,12,4,0,0.07407407407407407,0.9259259259259259,21,2.625,167.7333333333248,0.20494440597891414,1,1,0,6,3,34,8,3,46,8,3,46,128.79999999988286,0.15737384433661453,5,11,3,0
difficulty-easy,20260712,1,0.12,0.45,0.2,0.18,3,30,9,1606,204377967,1474576983,true,false,774.8999999999526,795.8999999999526,9,8,7,180,21,6,3,13,52,44,8,13,8,0,0.15384615384615385,0.8461538461538461,19,2.375,167.7333333333248,0.2164580375962512,1,1,0,5,3,38,6,3,42,6,3,43,88.66666666658602,0.11442336645578972,5,10,2,0
difficulty-easy,20260712,1,0.12,0.45,0.2,0.18,3,30,9,1607,2632184317,1120749966,true,false,798.6333333332643,819.6333333332643,9,8,7,180,22,7,2,11,46,41,5,11,5,0,0.10869565217391304,0.8913043478260869,18,2.25,167.7333333333248,0.210025460161116,1,1,0,5,2,36,7,2,40,7,2,40,129.66666666654874,0.16236069952822732,2,5,2,0
difficulty-easy,20260712,1,0.12,0.45,0.2,0.18,3,30,9,1608,2771745933,3374335963,true,false,787.6333333332743,808.6333333332743,9,8,7,180,20,6,2,9,43,39,4,9,4,0,0.09302325581395349,0.9069767441860465,16,2,167.7333333333248,0.21295865250328497,1,1,0,4,2,30,6,2,38,6,2,38,83.56666666659066,0.10609843835955426,5,8,2,0
difficulty-easy,20260712,1,0.12,0.45,0.2,0.18,3,30,9,1609,642626419,655498824,true,false,796.2666666665998,817.2666666665998,9,8,7,180,25,8,3,6,42,40,2,6,2,0,0.047619047619047616,0.9523809523809523,17,2.125,167.7333333333248,0.21064969859344299,1,1,0,5,3,28,6,3,36,7,3,39,107.43333333323562,0.13492129939707548,5,6,2,0
difficulty-easy,20260712,1,0.12,0.45,0.2,0.18,3,30,9,1610,904110219,1804626112,true,false,811.5666666665859,832.5666666665859,9,8,7,180,15,4,2,6,33,31,2,6,2,0,0.06060606060606061,0.9393939393939394,14,1.75,167.7333333333248,0.20667844087568263,1,1,0,4,2,23,4,2,30,4,2,30,133.53333333321189,0.16453772538697808,3,5,1,0
difficulty-easy,20260712,1,0.12,0.45,0.2,0.18,3,30,9,1611,646724435,1445318751,false,false,840.8333333332259,861.8333333332259,9,8,7,179,24,7,2,16,57,50,7,16,7,0,0.12280701754385964,0.8771929824561403,21,2.625,167.7333333333248,0.19948463825571403,1,0,1,6,2,45,7,2,50,0,0,0,0,0,3,5,2,0
difficulty-easy,20260712,1,0.12,0.45,0.2,0.18,3,30,9,1612,4124218531,990100336,true,false,773.1999999999541,794.1999999999541,9,8,7,180,18,5,2,1,31,28,3,1,3,0,0.0967741935483871,0.9032258064516129,15,1.875,167.7333333333248,0.21693395413002425,1,1,0,4,2,22,5,2,27,5,2,27,74.36666666659903,0.09618037592680218,5,10,2,0
difficulty-easy,20260712,1,0.12,0.45,0.2,0.18,3,30,9,1613,2475891101,4186859689,false,false,809.8333333332541,830.8333333332541,9,8,7,179,25,8,3,7,47,40,7,7,7,0,0.14893617021276595,0.851063829787234,20,2.5,167.7333333333248,0.20712080675036987,1,0,1,6,3,35,8,3,40,0,0,0,0,0,5,11,2,0
difficulty-easy,20260712,1,0.12,0.45,0.2,0.18,3,30,9,1614,2151468966,3065351494,false,false,839.0999999998942,860.0999999998942,9,8,7,179,24,7,2,9,48,41,7,9,7,0,0.14583333333333334,0.8541666666666666,21,2.625,167.7333333333248,0.19989671473405546,1,0,1,6,2,36,6,2,40,0,0,0,0,0,5,7,2,0
difficulty-easy,20260712,1,0.12,0.45,0.2,0.18,3,30,9,1615,211761820,655126450,false,false,844.2333333332228,865.2333333332228,9,8,7,179,25,7,3,8,51,43,8,8,8,0,0.1568627450980392,0.8431372549019608,18,2.25,167.7333333333248,0.19868124925969924,1,0,1,5,3,31,7,3,40,0,0,0,0,0,6,9,2,0
difficulty-easy,20260712,1,0.12,0.45,0.2,0.18,3,30,9,1616,1606584372,912032989,false,false,796.4666666665996,817.4666666665996,9,8,7,179,24,7,2,15,57,47,10,15,10,0,0.17543859649122806,0.8245614035087719,19,2.375,167.7333333333248,0.21059680254457885,1,0,1,5,2,35,6,2,46,0,0,0,0,0,3,5,4,0
difficulty-easy,20260712,1,0.12,0.45,0.2,0.18,3,30,9,1617,1119121219,3290576230,false,false,794.0666666666018,815.0666666666018,9,8,7,179,26,7,3,15,60,51,9,15,9,0,0.15,0.85,24,3,167.7333333333248,0.21123331374360485,1,0,1,7,3,40,7,3,51,0,0,0,0,0,6,10,3,0
difficulty-easy,20260712,1,0.12,0.45,0.2,0.18,3,30,9,1618,1191402886,4079543959,true,false,744.2666666666471,765.2666666666471,9,8,7,180,19,6,3,2,37,30,7,2,7,0,0.1891891891891892,0.8108108108108109,14,1.75,167.7333333333248,0.22536725188104068,1,1,0,4,2,23,5,3,28,5,3,29,53.93333333328428,0.07246506628442184,5,13,2,0
difficulty-easy,20260712,1,0.12,0.45,0.2,0.18,3,30,9,1619,1622184507,3269994822,false,false,848.866666666552,869.866666666552,9,8,7,179,28,8,3,20,72,57,15,20,15,0,0.20833333333333334,0.7916666666666666,23,2.875,167.7333333333248,0.19759679572765348,1,0,1,7,3,44,7,3,54,0,0,0,0,0,3,5,3,0
difficulty-easy,20260712,1,0.12,0.45,0.2,0.18,3,30,9,1620,2033638224,2982534722,true,false,849.2333333332183,870.2333333332183,9,8,7,180,31,9,3,11,64,52,12,11,12,0,0.1875,0.8125,25,3.125,167.7333333333248,0.19751148094361287,1,1,0,7,3,41,9,3,51,9,3,51,158.39999999985594,0.1865211759624886,5,14,4,0
difficulty-easy,20260712,1,0.12,0.45,0.2,0.18,3,30,9,1621,3862476844,2445331476,false,false,828.9666666665701,849.9666666665701,9,8,7,179,22,6,3,16,56,48,8,16,8,0,0.14285714285714285,0.8571428571428571,19,2.375,167.7333333333248,0.20234026297801802,1,0,1,5,3,40,6,3,48,0,0,0,0,0,2,5,2,0
difficulty-easy,20260712,1,0.12,0.45,0.2,0.18,3,30,9,1622,1978062118,3369772113,false,false,784.5333333332771,805.5333333332771,9,8,7,179,27,8,3,5,50,42,8,5,8,0,0.16,0.84,21,2.625,167.7333333333248,0.2138001359619351,1,0,1,6,3,33,8,3,42,0,0,0,0,0,3,5,3,0
difficulty-easy,20260712,1,0.12,0.45,0.2,0.18,3,30,9,1623,990438655,1083563825,false,false,791.7666666666039,812.7666666666039,9,8,7,179,28,8,3,11,58,49,9,11,9,0,0.15517241379310345,0.8448275862068966,24,3,167.7333333333248,0.21184692459900403,1,0,1,7,3,40,8,3,49,0,0,0,0,0,6,8,3,0
difficulty-easy,20260712,1,0.12,0.45,0.2,0.18,3,30,9,1624,1938108939,3347759357,true,false,789.8999999999389,810.8999999999389,9,8,7,180,23,7,3,3,37,36,1,3,1,0,0.02702702702702703,0.972972972972973,17,2.125,167.7333333333248,0.21234755454277474,1,1,0,5,3,25,7,3,35,7,3,35,89.76666666658502,0.11364307718267118,5,10,3,0
difficulty-easy,20260712,1,0.12,0.45,0.2,0.18,3,30,9,1625,3492245489,3985520382,false,false,809.1333333332548,830.1333333332548,9,8,7,179,19,5,3,5,41,34,7,5,7,0,0.17073170731707318,0.8292682926829268,19,2.375,167.7333333333248,0.2072999917607412,1,0,1,5,3,30,5,3,33,0,0,0,0,0,6,10,3,0
difficulty-easy,20260712,1,0.12,0.45,0.2,0.18,3,30,9,1626,1126474784,1967110429,true,false,827.0333333332385,848.0333333332385,9,8,7,180,26,8,3,9,52,45,7,9,7,0,0.1346153846153846,0.8653846153846154,22,2.75,167.7333333333248,0.20281326830842453,1,1,0,6,3,37,8,3,44,8,3,44,155.6666666665251,0.18822296561993826,3,4,2,0
difficulty-easy,20260712,1,0.12,0.45,0.2,0.18,3,30,9,1627,2199153017,4213073907,false,false,855.8333333332123,876.8333333332123,9,8,7,179,28,8,3,12,57,50,7,12,7,0,0.12280701754385964,0.8771929824561403,21,2.625,167.7333333333248,0.1959883154820041,1,0,1,5,3,40,8,3,48,0,0,0,0,0,5,10,3,0
difficulty-easy,20260712,1,0.12,0.45,0.2,0.18,3,30,9,1628,2808733791,2885817310,true,false,772.2333333332883,793.2333333332883,9,8,7,180,20,6,3,4,38,34,4,4,4,0,0.10526315789473684,0.8947368421052632,16,2,167.7333333333248,0.21720550783442125,1,1,0,5,3,25,6,3,31,6,3,32,85.83333333325527,0.11114947986350447,5,8,2,0
difficulty-easy,20260712,1,0.12,0.45,0.2,0.18,3,30,9,1629,4123110526,3941507256,false,false,832.8666666665665,853.8666666665665,9,8,7,179,26,8,3,14,61,50,11,14,11,0,0.18032786885245902,0.819672131147541,24,3,167.7333333333248,0.20139277995678975,1,0,1,8,3,37,8,3,47,0,0,0,0,0,5,10,4,0
difficulty-easy,20260712,1,0.12,0.45,0.2,0.18,3,30,9,1630,1356609117,1537558073,true,false,787.7999999999408,808.7999999999408,9,8,7,180,23,7,2,13,49,44,5,13,5,0,0.10204081632653061,0.8979591836734694,19,2.375,167.7333333333248,0.21291359905221807,1,1,0,5,2,35,7,2,43,7,2,43,96.43333333324563,0.12240839468552027,5,11,2,0
difficulty-easy,20260712,1,0.12,0.45,0.2,0.18,3,30,9,1631,2154039194,2644765364,true,false,835.999999999897,856.999999999897,9,8,7,180,22,7,3,1,35,33,2,1,2,0,0.05714285714285714,0.9428571428571428,20,2.5,167.7333333333248,0.20063795853270988,1,1,0,6,3,30,7,3,32,7,3,32,140.2999999998724,0.16782296650704506,5,14,1,0
difficulty-easy,20260712,1,0.12,0.45,0.2,0.18,3,30,9,1632,2254814302,2097166563,true,false,767.9999999999588,788.9999999999588,9,8,7,180,22,7,3,10,45,42,3,10,3,0,0.06666666666666667,0.9333333333333333,19,2.375,167.7333333333248,0.21840277777777836,1,1,0,6,3,30,6,3,37,6,3,38,79.96666666659394,0.10412326388879976,5,6,3,0
difficulty-easy,20260712,1,0.12,0.45,0.2,0.18,3,30,9,1633,1273182761,3431407071,true,false,828.6666666665703,849.6666666665703,9,8,7,180,23,7,2,7,41,39,2,7,2,0,0.04878048780487805,0.9512195121951219,17,2.125,167.7333333333248,0.2024135156878652,1,1,0,5,2,31,7,2,37,7,2,38,148.56666666653155,0.17928399034579504,5,11,2,0
difficulty-easy,20260712,1,0.12,0.45,0.2,0.18,3,30,9,1634,2205605547,4252198964,true,false,780.666666666614,801.666666666614,9,8,7,180,23,7,3,2,40,34,6,2,6,0,0.15,0.85,18,2.25,167.7333333333248,0.21485909479078066,1,1,0,5,3,27,6,3,33,6,3,33,96.96666666657848,0.12421007685728226,3,5,2,0
difficulty-easy,20260712,1,0.12,0.45,0.2,0.18,3,30,9,1635,1386919427,861816099,true,false,780.4666666666142,801.4666666666142,9,8,7,180,22,7,3,12,47,43,4,12,4,0,0.0851063829787234,0.9148936170212766,18,2.25,167.7333333333248,0.21491415392500565,1,1,0,5,3,34,7,3,42,7,3,42,98.03333333324417,0.12560861023308803,5,5,2,0
difficulty-easy,20260712,1,0.12,0.45,0.2,0.18,3,30,9,1636,4015682266,2731703662,false,false,828.8666666665702,849.8666666665702,9,8,7,179,24,7,3,25,71,59,12,25,12,0,0.16901408450704225,0.8309859154929577,21,2.625,167.7333333333248,0.20236467465617025,1,0,1,6,3,46,7,3,59,0,0,0,0,0,3,5,2,0
difficulty-easy,20260712,1,0.12,0.45,0.2,0.18,3,30,9,1637,2362479638,2641833302,true,false,789.4333333332727,810.4333333332727,9,8,7,180,25,8,3,16,56,51,5,16,5,0,0.08928571428571429,0.9107142857142857,22,2.75,167.7333333333248,0.2124730819575278,1,1,0,7,3,38,8,3,49,8,3,50,104.49999999990496,0.132373432419769,5,7,2,0
difficulty-easy,20260712,1,0.12,0.45,0.2,0.18,3,30,9,1638,3988059173,3855757454,true,false,787.6999999999409,808.6999999999409,9,8,7,180,23,6,3,8,48,40,8,8,8,0,0.16666666666666666,0.8333333333333334,19,2.375,167.7333333333248,0.21294062883501,1,1,0,6,3,29,6,3,38,6,3,38,110.4333333332329,0.1401971985949488,3,7,2,0
difficulty-easy,20260712,1,0.12,0.45,0.2,0.18,3,30,9,1639,2407461864,4221364618,false,false,844.5666666665559,865.5666666665559,9,8,7,179,25,7,3,18,60,53,7,18,7,0,0.11666666666666667,0.8833333333333333,22,2.75,167.7333333333248,0.19860283380038693,1,0,1,6,3,43,7,3,52,0,0,0,0,0,6,14,2,0
difficulty-easy,20260712,1,0.12,0.45,0.2,0.18,3,30,9,1640,3216794904,1748646642,true,false,836.766666666563,857.766666666563,9,8,7,180,25,7,3,13,54,48,6,13,6,0,0.1111111111111111,0.8888888888888888,22,2.75,167.7333333333248,0.20045412898858173,1,1,0,6,3,38,7,3,48,7,3,48,129.69999999988204,0.15500139425554488,4,5,2,0
difficulty-easy,20260712,1,0.12,0.45,0.2,0.18,3,30,9,1641,3945119817,2795097427,true,false,797.2999999999322,818.2999999999322,9,8,7,180,27,7,3,23,66,60,6,23,6,0,0.09090909090909091,0.9090909090909091,23,2.875,167.7333333333248,0.21037668798863546,1,1,0,6,3,39,7,3,59,7,3,59,109.89999999990005,0.1378402107110365,5,8,3,0
difficulty-easy,20260712,1,0.12,0.45,0.2,0.18,3,30,9,1642,4063052773,2906500584,true,false,781.6666666666131,802.6666666666131,9,8,7,180,20,6,3,6,42,36,6,6,6,0,0.14285714285714285,0.8571428571428571,18,2.25,167.7333333333248,0.21458422174840464,1,1,0,5,3,29,6,3,34,6,3,35,96.96666666657848,0.1240511727077848,2,5,2,0
difficulty-easy,20260712,1,0.12,0.45,0.2,0.18,3,30,9,1643,4086590538,2046831421,true,false,774.3333333332864,795.3333333332864,9,8,7,180,31,8,3,18,64,59,5,18,5,0,0.078125,0.921875,27,3.375,167.7333333333248,0.21661644425312307,1,1,0,7,3,46,8,3,58,8,3,58,79.03333333326145,0.10206629358579368,6,8,3,0
difficulty-easy,20260712,1,0.12,0.45,0.2,0.18,3,30,9,1644,3562156571,1874788555,false,false,911.899999999828,932.899999999828,9,8,7,179,25,7,3,14,56,49,7,14,7,0,0.125,0.875,24,3,167.7333333333248,0.18393829732794872,1,0,1,7,3,42,7,3,47,0,0,0,0,0,6,6,2,0
difficulty-easy,20260712,1,0.12,0.45,0.2,0.18,3,30,9,1645,2528917131,3563906505,false,false,848.4666666665523,869.4666666665523,9,8,7,179,27,8,3,16,58,52,6,16,6,0,0.10344827586206896,0.896551724137931,23,2.875,167.7333333333248,0.19768995049895585,1,0,1,7,3,38,8,3,52,0,0,0,0,0,3,7,3,0
difficulty-easy,20260712,1,0.12,0.45,0.2,0.18,3,30,9,1646,756591036,3950507155,false,false,774.9333333332859,795.9333333332859,9,8,7,179,22,6,2,25,65,57,8,25,8,0,0.12307692307692308,0.8769230769230769,21,2.625,167.7333333333248,0.2164487267721977,1,0,1,6,2,43,6,2,57,0,0,0,0,0,3,5,3,0
difficulty-easy,20260712,1,0.12,0.45,0.2,0.18,3,30,9,1647,348678980,2329984862,true,false,793.6999999999355,814.6999999999355,9,8,7,180,14,4,3,0,30,24,6,0,6,0,0.2,0.8,11,1.375,167.7333333333248,0.2113308974843624,1,1,0,3,3,20,4,3,23,4,3,23,85.73333333325536,0.10801730292712905,5,8,2,0
difficulty-easy,20260712,1,0.12,0.45,0.2,0.18,3,30,9,1648,3044154795,1137363634,true,false,864.5333333332044,885.5333333332044,9,8,7,180,24,7,2,15,61,49,12,15,12,0,0.19672131147540983,0.8032786885245902,18,2.25,167.7333333333248,0.19401603948182042,1,1,0,5,1,34,6,1,47,6,1,47,156.36666666652445,0.18086829117814748,5,11,2,0
difficulty-easy,20260712,1,0.12,0.45,0.2,0.18,3,30,9,1649,1677838478,1250040221,false,false,836.3999999998966,857.3999999998966,9,8,7,179,27,8,3,15,60,52,8,15,8,0,0.13333333333333333,0.8666666666666667,26,3.25,167.7333333333248,0.20054200542006878,1,0,1,8,3,44,8,3,51,0,0,0,0,0,2,5,3,0
difficulty-easy,20260712,1,0.12,0.45,0.2,0.18,3,30,9,1650,39443219,53553606,true,false,812.2999999999186,833.2999999999186,9,8,7,180,25,7,2,27,67,61,6,27,6,0,0.08955223880597014,0.9104477611940298,23,2.875,167.7333333333248,0.2064918544051971,1,1,0,6,2,46,7,2,60,7,2,60,120.29999999989059,0.14809799335208992,5,9,2,0
difficulty-easy,20260712,1,0.12,0.45,0.2,0.18,3,30,9,1651,1076577026,2469285881,true,false,773.1333333332875,794.1333333332875,9,8,7,180,18,6,3,1,30,28,2,1,2,0,0.06666666666666667,0.9333333333333333,14,1.75,167.7333333333248,0.2169526601707356,1,1,0,4,2,22,6,3,26,6,3,27,93.06666666658202,0.12037595929971658,5,9,1,0
difficulty-easy,20260712,1,0.12,0.45,0.2,0.18,3,30,9,1652,3725664849,2799269246,true,false,827.2999999999049,848.2999999999049,9,8,7,180,22,7,3,3,42,34,8,3,8,0,0.19047619047619047,0.8095238095238095,13,1.625,167.7333333333248,0.20274789475806124,1,1,0,4,2,21,5,3,29,7,3,33,132.19999999987976,0.15979692977141902,5,11,4,0
difficulty-easy,20260712,1,0.12,0.45,0.2,0.18,3,30,9,1653,4036849515,2588371525,true,false,799.8999999999298,820.8999999999298,9,8,7,180,18,5,3,8,43,36,7,8,7,0,0.16279069767441862,0.8372093023255814,15,1.875,167.7333333333248,0.20969287827645894,1,1,0,4,3,28,5,3,35,5,3,35,103.06666666657293,0.1288494395131666,5,14,2,0
difficulty-easy,20260712,1,0.12,0.45,0.2,0.18,3,30,9,1654,2695079442,1679359106,false,false,826.3666666665724,847.3666666665724,9,8,7,179,27,8,3,16,59,52,7,16,7,0,0.11864406779661017,0.8813559322033898,22,2.75,167.7333333333248,0.20297688677343864,1,0,1,7,3,44,8,3,52,0,0,0,0,0,5,11,3,0
difficulty-easy,20260712,1,0.12,0.45,0.2,0.18,3,30,9,1655,2724637199,1966286588,true,false,770.9666666666228,791.9666666666228,9,8,7,180,31,9,3,14,57,55,2,14,2,0,0.03508771929824561,0.9649122807017544,26,3.25,167.7333333333248,0.21756236759047212,1,1,0,8,3,40,9,3,53,9,3,54,102.13333333324044,0.13247438280934704,2,6,3,0
difficulty-easy,20260712,1,0.12,0.45,0.2,0.18,3,30,9,1656,1333218338,3668909617,true,false,789.7333333332724,810.7333333332724,9,8,7,180,19,5,3,3,37,32,5,3,5,0,0.13513513513513514,0.8648648648648649,15,1.875,167.7333333333248,0.21239236873206702,1,1,0,4,3,23,5,3,28,5,3,31,98.73333333324354,0.12502110417007997,6,10,2,0
difficulty-easy,20260712,1,0.12,0.45,0.2,0.18,3,30,9,1657,754434356,1615432292,true,false,802.1333333332611,823.1333333332611,9,8,7,180,19,6,3,5,39,34,5,5,5,0,0.1282051282051282,0.8717948717948718,17,2.125,167.7333333333248,0.20910904255319968,1,1,0,5,3,26,6,3,33,6,3,33,106.79999999990287,0.13314494680840153,5,14,2,0
difficulty-easy,20260712,1,0.12,0.45,0.2,0.18,3,30,9,1658,2736131032,3207039426,false,false,785.4666666666096,806.4666666666096,9,8,7,179,24,7,3,9,47,43,4,9,4,0,0.0851063829787234,0.9148936170212766,20,2.5,167.7333333333248,0.21354608725174457,1,0,1,5,3,38,7,3,43,0,0,0,0,0,3,7,2,0
difficulty-easy,20260712,1,0.12,0.45,0.2,0.18,3,30,9,1659,2723931066,2514181296,true,false,816.4333333332481,837.4333333332481,9,8,7,180,27,8,3,13,55,49,6,13,6,0,0.10909090909090909,0.8909090909090909,25,3.125,167.7333333333248,0.20544645408893436,1,1,0,7,3,45,8,3,48,8,3,48,132.7333333332126,0.16257706283414827,5,11,4,0
difficulty-easy,20260712,1,0.12,0.45,0.2,0.18,3,30,9,1660,2334337787,2850991303,true,false,784.4333333332772,805.4333333332772,9,8,7,180,19,6,3,1,32,29,3,1,3,0,0.09375,0.90625,16,2,167.7333333333248,0.2138273913228277,1,1,0,5,3,23,5,3,28,5,3,28,117.79999999989286,0.15017209875481402,2,7,1,0
difficulty-easy,20260712,1,0.12,0.45,0.2,0.18,3,30,9,1661,1266099205,1894439015,true,false,804.099999999926,825.099999999926,9,8,7,180,26,8,3,8,48,44,4,8,4,0,0.08333333333333333,0.9166666666666666,21,2.625,167.7333333333248,0.20859760394644972,1,1,0,6,3,34,8,3,43,8,3,43,120.3666666665572,0.1496911661069124,5,11,2,0
difficulty-easy,20260712,1,0.12,0.45,0.2,0.18,3,30,9,1662,520889642,557510197,true,false,806.8999999999235,827.8999999999235,9,8,7,180,22,6,2,12,52,44,8,12,8,0,0.15384615384615385,0.8461538461538461,21,2.625,167.7333333333248,0.20787375552527043,1,1,0,6,2,36,6,2,42,6,2,42,116.63333333322726,0.14454496633193495,6,9,2,0
difficulty-easy,20260712,1,0.12,0.45,0.2,0.18,3,30,9,1663,1260677615,2583180806,true,false,821.5333333332435,842.5333333332435,9,8,7,180,24,7,3,8,51,42,9,8,9,0,0.17647058823529413,0.8235294117647058,23,2.875,167.7333333333248,0.20417106224134926,1,1,0,7,3,35,7,3,42,7,3,42,120.4666666665571,0.14663637101343457,5,10,3,0
difficulty-easy,20260712,1,0.12,0.45,0.2,0.18,3,30,9,1664,3552221107,179007511,true,false,776.2999999999513,797.2999999999513,9,8,7,180,17,5,3,1,32,28,4,1,4,0,0.125,0.875,12,1.5,167.7333333333248,0.21606767143286787,1,1,0,3,2,22,5,3,26,5,3,27,84.33333333325663,0.1086349778864639,5,11,2,0
difficulty-easy,20260712,1,0.12,0.45,0.2,0.18,3,30,9,1665,259799642,2735410752,true,false,788.2666666666071,809.2666666666071,9,8,7,180,22,7,2,17,52,49,3,17,3,0,0.057692307692307696,0.9423076923076923,20,2.5,167.7333333333248,0.21278755074425423,1,1,0,6,2,40,7,2,45,7,2,48,113.63333333322998,0.1441559539917607,3,5,3,0
difficulty-easy,20260712,1,0.12,0.45,0.2,0.18,3,30,9,1666,3077405529,415050556,true,false,811.0666666665863,832.0666666665863,9,8,7,180,24,7,3,11,50,44,6,11,6,0,0.12,0.88,21,2.625,167.7333333333248,0.20680585237548257,1,1,0,6,3,37,6,3,41,7,3,43,120.3666666665572,0.14840539207615788,5,8,2,0
difficulty-easy,20260712,1,0.12,0.45,0.2,0.18,3,30,9,1667,4272924565,2642118112,true,false,828.1666666665708,849.1666666665708,9,8,7,180,20,5,3,4,45,34,11,4,11,0,0.24444444444444444,0.7555555555555555,17,2.125,167.7333333333248,0.20253572147314655,1,1,0,5,3,28,5,3,33,5,3,34,128.86666666654946,0.15560474944644523,5,14,2,0
difficulty-easy,20260712,1,0.12,0.45,0.2,0.18,3,30,9,1668,4140269631,1816907991,true,false,795.299999999934,816.299999999934,9,8,7,180,22,7,3,4,43,35,8,4,8,0,0.18604651162790697,0.813953488372093,17,2.125,167.7333333333248,0.210905737876699,1,1,0,5,3,30,6,3,34,6,3,34,112.6666666665642,0.14166561884392498,5,7,2,0
difficulty-easy,20260712,1,0.12,0.45,0.2,0.18,3,30,9,1669,2464241335,655059594,true,false,799.69999999993,820.69999999993,9,8,7,180,20,6,2,5,41,35,6,5,6,0,0.14634146341463414,0.8536585365853658,18,2.25,167.7333333333248,0.20974532116211014,1,1,0,5,2,31,6,2,33,6,2,34,106.16666666657011,0.1327581176273345,4,11,3,0
difficulty-easy,20260712,1,0.12,0.45,0.2,0.18,3,30,9,1670,2978207930,3152979957,true,false,832.5999999999001,853.5999999999001,9,8,7,180,30,9,3,16,63,55,8,16,8,0,0.12698412698412698,0.873015873015873,24,3,167.7333333333248,0.20145728240853342,1,1,0,7,3,41,8,3,52,8,3,53,140.63333333320543,0.16890863960271715,5,10,2,0
difficulty-easy,20260712,1,0.12,0.45,0.2,0.18,3,30,9,1671,3085039974,3452637749,false,false,836.6666666665631,857.6666666665631,9,8,7,179,20,6,2,9,43,38,5,9,5,0,0.11627906976744186,0.8837209302325582,15,1.875,167.7333333333248,0.20047808764941702,1,0,1,4,2,27,6,2,38,0,0,0,0,0,4,5,2,0
difficulty-easy,20260712,1,0.12,0.45,0.2,0.18,3,30,9,1672,3235551498,2207461817,true,false,852.066666666549,873.066666666549,9,8,7,180,24,7,3,8,48,42,6,8,6,0,0.125,0.875,21,2.625,167.7333333333248,0.1968547062045395,1,1,0,6,3,33,7,3,40,7,3,41,163.33333333318478,0.19169079101776934,6,14,2,0
difficulty-easy,20260712,1,0.12,0.45,0.2,0.18,3,30,9,1673,267241003,3575971144,true,false,813.1666666665844,834.1666666665844,9,8,7,180,17,5,3,0,32,27,5,0,5,0,0.15625,0.84375,14,1.75,167.7333333333248,0.20627177700349467,1,1,0,4,3,22,5,3,26,5,3,26,122.13333333322225,0.15019471203103252,5,14,2,0
difficulty-easy,20260712,1,0.12,0.45,0.2,0.18,3,30,9,1674,409936665,934346618,false,false,809.6666666665876,830.6666666665876,9,8,7,179,22,6,2,14,53,45,8,14,8,0,0.1509433962264151,0.8490566037735849,18,2.25,167.7333333333248,0.207163441745584,1,0,1,5,2,34,6,2,45,0,0,0,0,0,3,4,2,0
difficulty-easy,20260712,1,0.12,0.45,0.2,0.18,3,30,9,1675,4132242150,1206004605,true,false,838.5999999998946,859.5999999998946,9,8,7,180,30,9,3,7,55,47,8,7,8,0,0.14545454545454545,0.8545454545454545,23,2.875,167.7333333333248,0.20001589951507973,1,1,0,7,3,35,9,3,46,9,3,47,134.7666666665441,0.16070434851724424,5,7,2,0
difficulty-easy,20260712,1,0.12,0.45,0.2,0.18,3,30,9,1676,2328038279,1147714475,false,false,828.1999999999041,849.1999999999041,9,8,7,179,24,7,3,18,54,51,3,18,3,0,0.05555555555555555,0.9444444444444444,20,2.5,167.7333333333248,0.2025275698301669,1,0,1,6,3,39,7,3,47,0,0,0,0,0,3,7,2,0
difficulty-easy,20260712,1,0.12,0.45,0.2,0.18,3,30,9,1677,189410126,2313866928,true,false,831.6999999999009,852.6999999999009,9,8,7,180,23,7,3,12,49,44,5,12,5,0,0.10204081632653061,0.8979591836734694,21,2.625,167.7333333333248,0.20167528355578307,1,1,0,6,3,36,6,3,41,6,3,43,141.4999999998713,0.17013346158457157,5,14,2,0
difficulty-easy,20260712,1,0.12,0.45,0.2,0.18,3,30,9,1678,371826869,2525581703,false,false,868.1999999998677,889.1999999998677,9,8,7,179,24,7,3,19,61,51,10,19,10,0,0.16393442622950818,0.8360655737704918,22,2.75,167.7333333333248,0.19319665207711398,1,0,1,6,3,39,6,3,50,0,0,0,0,0,6,14,2,0
difficulty-easy,20260712,1,0.12,0.45,0.2,0.18,3,30,9,1679,898560426,3085524053,true,false,833.3999999998994,854.3999999998994,9,8,7,180,28,8,3,34,78,72,6,34,6,0,0.07692307692307693,0.9230769230769231,26,3.25,167.7333333333248,0.201263898888103,1,1,0,7,3,57,8,3,69,8,3,70,153.03333333319415,0.18362530997505716,3,5,3,0
difficulty-easy,20260712,1,0.12,0.45,0.2,0.18,3,30,9,1680,4082294756,4047769159,true,false,795.0999999999342,816.0999999999342,9,8,7,180,20,5,3,6,45,36,9,6,9,0,0.2,0.8,17,2.125,167.7333333333248,0.2109587892508347,1,1,0,5,3,28,5,3,33,5,3,33,105.13333333323772,0.1322265543117173,3,5,2,0
difficulty-easy,20260712,1,0.12,0.45,0.2,0.18,3,30,9,1681,2403535187,1959139526,true,false,773.4333333332872,794.4333333332872,9,8,7,180,23,8,3,10,48,42,6,10,6,0,0.125,0.875,20,2.5,167.7333333333248,0.21686850838253863,1,1,0,6,3,35,7,3,41,7,3,41,102.7666666665732,0.1328707494719381,3,7,2,0
difficulty-easy,20260712,1,0.12,0.45,0.2,0.18,3,30,9,1682,3416941874,1052745565,true,false,830.5999999999019,851.5999999999019,9,8,7,180,31,10,3,20,67,60,7,20,7,0,0.1044776119402985,0.8955223880597015,27,3.375,167.7333333333248,0.20194237097681747,1,1,0,8,3,46,9,3,58,9,3,59,145.39999999986776,0.17505417770272685,5,10,2,0
difficulty-easy,20260712,1,0.12,0.45,0.2,0.18,3,30,9,1683,3778471043,3239917479,true,false,775.9666666666183,796.9666666666183,9,8,7,180,26,8,3,17,57,52,5,17,5,0,0.08771929824561403,0.9122807017543859,24,3,167.7333333333248,0.21616048799347298,1,1,0,7,3,47,7,3,51,7,3,51,80.89999999992642,0.10425705571536338,5,6,3,0
difficulty-easy,20260712,1,0.12,0.45,0.2,0.18,3,30,9,1684,1526633375,2786622247,false,false,804.4666666665923,825.4666666665923,9,8,7,179,30,9,3,15,57,53,4,15,4,0,0.07017543859649122,0.9298245614035088,27,3.375,167.7333333333248,0.20850252755449608,1,0,1,8,3,46,8,3,52,0,0,0,0,0,6,10,2,0
difficulty-easy,20260712,1,0.12,0.45,0.2,0.18,3,30,9,1685,1934870644,1096449958,false,false,806.1333333332575,827.1333333332575,9,8,7,179,28,9,3,10,56,48,8,10,8,0,0.14285714285714285,0.8571428571428571,22,2.75,167.7333333333248,0.2080714521998105,1,0,1,7,3,36,9,3,47,0,0,0,0,0,6,14,3,0
difficulty-easy,20260712,1,0.12,0.45,0.2,0.18,3,30,9,1686,2333131909,3854792448,true,false,794.2999999999349,815.2999999999349,9,8,7,180,25,8,3,11,46,46,0,11,0,0,0,1,22,2.75,167.7333333333248,0.211171261907766,1,1,0,7,3,38,7,3,44,7,3,44,111.39999999989868,0.14024927609204055,3,5,3,0
difficulty-easy,20260712,1,0.12,0.45,0.2,0.18,3,30,9,1687,58336183,3205835831,true,false,774.4999999999529,795.4999999999529,9,8,7,180,20,6,3,13,55,43,12,13,12,0,0.21818181818181817,0.7818181818181819,19,2.375,167.7333333333248,0.2165698299978502,1,1,0,6,3,35,6,3,38,6,3,38,90.16666666658466,0.11641919517958702,4,10,3,0
difficulty-easy,20260712,1,0.12,0.45,0.2,0.18,3,30,9,1688,2601499885,3085781697,true,false,835.7333333332306,856.7333333332306,9,8,7,180,25,7,3,28,75,63,12,28,12,0,0.16,0.84,22,2.75,167.7333333333248,0.2007019783025033,1,1,0,6,3,51,7,3,63,7,3,63,151.59999999986212,0.18139757498390327,3,3,3,0
difficulty-easy,20260712,1,0.12,0.45,0.2,0.18,3,30,9,1689,1263495605,2361367007,false,false,864.7666666665375,885.7666666665375,9,8,7,179,27,8,3,23,69,60,9,23,9,0,0.13043478260869565,0.8695652173913043,23,2.875,167.7333333333248,0.19396368962727886,1,0,1,7,3,41,8,3,58,0,0,0,0,0,5,10,3,0
difficulty-easy,20260712,1,0.12,0.45,0.2,0.18,3,30,9,1690,3675586930,777210262,false,false,836.0666666665636,857.0666666665636,9,8,7,179,23,6,2,27,66,59,7,27,7,0,0.10606060606060606,0.8939393939393939,20,2.5,167.7333333333248,0.20062195997130866,1,0,1,6,2,41,6,2,58,0,0,0,0,0,4,6,2,0
difficulty-easy,20260712,1,0.12,0.45,0.2,0.18,3,30,9,1691,3209694864,4088703596,true,false,843.8666666665565,864.8666666665565,9,8,7,180,24,7,3,20,60,54,6,20,6,0,0.1,0.9,24,3,167.7333333333248,0.19876757781641652,1,1,0,7,3,48,7,3,53,7,3,53,150.53333333319642,0.17838521093365786,5,7,2,0
difficulty-easy,20260712,1,0.12,0.45,0.2,0.18,3,30,9,1692,776683978,1828215408,true,false,865.69999999987,886.69999999987,9,8,7,180,29,9,3,17,64,56,8,17,8,0,0.125,0.875,29,3.625,167.7333333333248,0.19375457240770472,1,1,0,9,3,50,9,3,55,9,3,55,161.26666666652,0.1862847021676611,6,13,3,0
difficulty-easy,20260712,1,0.12,0.45,0.2,0.18,3,30,9,1693,2499016117,3399998673,true,false,759.3999999999667,780.3999999999667,9,8,7,180,24,8,3,7,45,40,5,7,5,0,0.1111111111111111,0.8888888888888888,20,2.5,167.7333333333248,0.22087613027828834,1,1,0,6,3,30,8,3,39,8,3,39,53.49999999995134,0.07045035554378942,5,13,3,0
difficulty-easy,20260712,1,0.12,0.45,0.2,0.18,3,30,9,1694,1622167692,207413371,true,false,772.2999999999549,793.2999999999549,9,8,7,180,12,3,2,0,28,20,8,0,8,0,0.2857142857142857,0.7142857142857143,7,0.875,167.7333333333248,0.21718675816824368,1,1,0,1,1,15,3,2,19,3,2,19,96.83333333324526,0.12538305494399962,3,5,2,0
difficulty-easy,20260712,1,0.12,0.45,0.2,0.18,3,30,9,1695,2699588815,783995965,true,false,782.6999999999455,803.6999999999455,9,8,7,180,28,8,3,24,70,62,8,24,8,0,0.11428571428571428,0.8857142857142857,23,2.875,167.7333333333248,0.2143009241514456,1,1,0,7,3,47,8,3,61,8,3,61,87.73333333325354,0.11209062646385544,5,8,3,0
difficulty-easy,20260712,1,0.12,0.45,0.2,0.18,3,30,9,1696,1858983455,773603366,true,false,836.4333333332299,857.4333333332299,9,8,7,180,23,7,3,7,48,39,9,7,9,0,0.1875,0.8125,18,2.25,167.7333333333248,0.20053401346990657,1,1,0,5,3,31,7,3,38,7,3,38,153.4333333331938,0.1834376120829069,3,5,2,0
difficulty-easy,20260712,1,0.12,0.45,0.2,0.18,3,30,9,1697,2332549629,446622794,true,false,770.6333333332898,791.6333333332898,9,8,7,180,22,7,3,2,39,34,5,2,5,0,0.1282051282051282,0.8717948717948718,16,2,167.7333333333248,0.21765647303084165,1,1,0,4,3,26,7,3,32,7,3,33,81.23333333325945,0.10541113369946456,5,8,2,0
difficulty-easy,20260712,1,0.12,0.45,0.2,0.18,3,30,9,1698,968249774,3506158674,true,false,837.6999999998955,858.6999999998955,9,8,7,180,27,7,3,24,70,61,9,24,9,0,0.12857142857142856,0.8714285714285714,23,2.875,167.7333333333248,0.20023079065697233,1,1,0,6,3,47,7,3,59,7,3,60,121.09999999988986,0.1445624925389817,6,6,3,0
difficulty-easy,20260712,1,0.12,0.45,0.2,0.18,3,30,9,1699,2398345295,925909698,true,false,840.8999999998925,861.8999999998925,9,8,7,180,28,9,3,14,56,51,5,14,5,0,0.08928571428571429,0.9107142857142857,26,3.25,167.7333333333248,0.19946882308639105,1,1,0,8,3,45,8,3,50,8,3,50,153.4666666665271,0.18250287390480044,2,5,2,0
difficulty-easy,20260712,1,0.12,0.45,0.2,0.18,3,30,9,1700,3741479040,491268735,false,false,861.6666666665403,882.6666666665403,9,8,7,179,28,8,3,16,58,53,5,16,5,0,0.08620689655172414,0.9137931034482759,25,3.125,167.7333333333248,0.19466150870408053,1,0,1,7,3,44,8,3,53,0,0,0,0,0,7,9,2,0
difficulty-easy,20260712,1,0.12,0.45,0.2,0.18,3,30,9,1701,4253816943,1144145973,false,false,829.7666666665693,850.7666666665693,9,8,7,179,26,8,3,14,59,50,9,14,9,0,0.15254237288135594,0.847457627118644,22,2.75,167.7333333333248,0.20214518137630394,1,0,1,7,3,35,8,3,50,0,0,0,0,0,5,7,3,0
difficulty-easy,20260712,1,0.12,0.45,0.2,0.18,3,30,9,1702,2849783671,1897305412,true,false,817.9999999999134,838.9999999999134,9,8,7,180,22,6,3,3,39,35,4,3,4,0,0.10256410256410256,0.8974358974358975,18,2.25,167.7333333333248,0.2050529747351376,1,1,0,5,3,28,6,3,32,6,3,34,136.63333333320907,0.1670334148327916,4,14,2,0
difficulty-easy,20260712,1,0.12,0.45,0.2,0.18,3,30,9,1703,1155720632,1207378068,true,false,832.366666666567,853.366666666567,9,8,7,180,27,8,3,17,55,54,1,17,1,0,0.01818181818181818,0.9818181818181818,24,3,167.7333333333248,0.2015137559569239,1,1,0,7,3,44,8,3,53,8,3,53,159.56666666652154,0.1917023747545641,3,4,2,0
difficulty-easy,20260712,1,0.12,0.45,0.2,0.18,3,30,9,1704,1072976518,1825763609,false,false,848.4999999998856,869.4999999998856,9,8,7,179,22,6,2,16,57,47,10,16,10,0,0.17543859649122806,0.8245614035087719,20,2.5,167.7333333333248,0.19768218424672646,1,0,1,6,2,37,6,2,47,0,0,0,0,0,6,8,3,0
difficulty-easy,20260712,1,0.12,0.45,0.2,0.18,3,30,9,1705,4184847622,2700155964,false,false,839.9333333332268,860.9333333332268,9,8,7,179,24,7,2,11,50,45,5,11,5,0,0.1,0.9,23,2.875,167.7333333333248,0.19969838876102794,1,0,1,7,2,37,7,2,45,0,0,0,0,0,5,5,2,0
difficulty-easy,20260712,1,0.12,0.45,0.2,0.18,3,30,9,1706,407442379,3187479540,true,false,781.1333333332802,802.1333333332802,9,8,7,180,22,6,3,10,47,41,6,10,6,0,0.1276595744680851,0.8723404255319149,20,2.5,167.7333333333248,0.21473073312281668,1,1,0,6,3,35,6,3,41,6,3,41,76.63333333326364,0.09810531706059851,5,6,2,0
difficulty-easy,20260712,1,0.12,0.45,0.2,0.18,3,30,9,1707,2188225719,3317880096,true,false,828.8999999999035,849.8999999999035,9,8,7,180,26,7,3,10,51,46,5,10,5,0,0.09803921568627451,0.9019607843137255,22,2.75,167.7333333333248,0.2023565367756597,1,1,0,6,3,35,7,3,45,7,3,45,155.6999999998584,0.1878393051029998,2,4,2,0
difficulty-easy,20260712,1,0.12,0.45,0.2,0.18,3,30,9,1708,2861094039,1825739106,false,false,777.3999999999503,798.3999999999503,9,8,7,179,24,6,2,26,66,60,6,26,6,0,0.09090909090909091,0.9090909090909091,22,2.75,167.7333333333248,0.2157619415144527,1,0,1,6,2,49,6,2,60,0,0,0,0,0,4,5,2,0
difficulty-easy,20260712,1,0.12,0.45,0.2,0.18,3,30,9,1709,2326730027,3946621178,false,false,828.4333333332372,849.4333333332372,9,8,7,179,24,7,3,14,53,48,5,14,5,0,0.09433962264150944,0.9056603773584906,20,2.5,167.7333333333248,0.20247052669699142,1,0,1,6,3,36,7,3,48,0,0,0,0,0,4,7,2,0
difficulty-easy,20260712,1,0.12,0.45,0.2,0.18,3,30,9,1710,3992115979,3544334500,false,false,800.8666666665956,821.8666666665956,9,8,7,179,25,7,3,20,61,55,6,20,6,0,0.09836065573770492,0.9016393442622951,19,2.375,167.7333333333248,0.20943977357863108,1,0,1,5,3,35,7,3,53,0,0,0,0,0,4,6,2,0
difficulty-easy,20260712,1,0.12,0.45,0.2,0.18,3,30,9,1711,1508363303,1692040035,true,false,785.06666666661,806.06666666661,9,8,7,180,21,7,3,3,36,32,4,3,4,0,0.1111111111111111,0.8888888888888888,16,2,167.7333333333248,0.21365489130435236,1,1,0,5,3,24,7,3,31,7,3,31,117.79999999989286,0.1500509510868309,3,7,2,0
difficulty-easy,20260712,1,0.12,0.45,0.2,0.18,3,30,9,1712,1108903051,3105609288,true,false,803.6333333332598,824.6333333332598,9,8,7,180,22,6,3,7,44,39,5,7,5,0,0.11363636363636363,0.8863636363636364,21,2.625,167.7333333333248,0.20871873574184763,1,1,0,6,3,35,6,3,38,6,3,38,117.19999999989341,0.14583765398801793,5,13,2,0
difficulty-easy,20260712,1,0.12,0.45,0.2,0.18,3,30,9,1713,1112942096,1718178740,true,false,781.3666666666134,802.3666666666134,9,8,7,180,17,5,3,2,37,29,8,2,8,0,0.21621621621621623,0.7837837837837838,13,1.625,167.7333333333248,0.21466660978627564,1,1,0,4,3,23,5,3,28,5,3,28,86.76666666658775,0.1110447506504761,5,13,2,0
difficulty-easy,20260712,1,0.12,0.45,0.2,0.18,3,30,9,1714,1831197947,4286199450,true,false,758.666666666634,779.666666666634,9,8,7,180,24,7,3,6,44,40,4,6,4,0,0.09090909090909091,0.9090909090909091,21,2.625,167.7333333333248,0.22108963093145698,1,1,0,7,3,32,7,3,39,7,3,39,60.33333333327846,0.07952548330397327,5,13,3,0
difficulty-easy,20260712,1,0.12,0.45,0.2,0.18,3,30,9,1715,2933307853,1439417577,false,false,794.4666666666014,815.4666666666014,9,8,7,179,24,7,3,6,43,40,3,6,3,0,0.06976744186046512,0.9302325581395349,21,2.625,167.7333333333248,0.21112696148360144,1,0,1,6,3,34,7,3,40,0,0,0,0,0,5,14,2,0
difficulty-easy,20260712,1,0.12,0.45,0.2,0.18,3,30,9,1716,3413659550,2885432969,true,false,759.6999999999664,780.6999999999664,9,8,7,180,25,8,3,13,55,48,7,13,7,0,0.12727272727272726,0.8727272727272727,23,2.875,167.7333333333248,0.22078890790224065,1,1,0,7,3,39,7,3,45,7,3,46,78.26666666659548,0.10302312316256278,5,6,3,0
difficulty-easy,20260712,1,0.12,0.45,0.2,0.18,3,30,9,1717,1958120818,2975445427,true,false,753.6666666666385,774.6666666666385,9,8,7,180,25,7,3,8,49,43,6,8,6,0,0.12244897959183673,0.8775510204081632,20,2.5,167.7333333333248,0.2225563909774406,1,1,0,6,3,32,7,3,41,7,3,42,52.533333333285555,0.06970367094200024,6,13,2,0
difficulty-easy,20260712,1,0.12,0.45,0.2,0.18,3,30,9,1718,1673415977,2288323842,true,false,767.4999999999593,788.4999999999593,9,8,7,180,24,7,3,5,45,39,6,5,6,0,0.13333333333333333,0.8666666666666667,19,2.375,167.7333333333248,0.2185450597176986,1,1,0,5,3,31,7,3,38,7,3,38,96.99999999991178,0.12638436482073867,2,5,2,0
difficulty-easy,20260712,1,0.12,0.45,0.2,0.18,3,30,9,1719,2468993599,2572513507,false,false,827.5999999999046,848.5999999999046,9,8,7,179,24,7,3,10,50,43,7,10,7,0,0.14,0.86,20,2.5,167.7333333333248,0.2026743998711263,1,0,1,6,3,33,7,3,42,0,0,0,0,0,6,11,3,0
difficulty-easy,20260712,1,0.12,0.45,0.2,0.18,3,30,9,1720,2945809917,1557805816,true,false,747.0333333333112,768.0333333333112,9,8,7,180,26,8,3,14,51,49,2,14,2,0,0.0392156862745098,0.9607843137254902,24,3,167.7333333333248,0.22453259560037003,1,1,0,7,3,44,7,3,48,7,3,48,56.23333333328219,0.075275534335751,6,11,2,0
difficulty-easy,20260712,1,0.12,0.45,0.2,0.18,3,30,9,1721,2497425202,1874609116,false,false,799.0999999999306,820.0999999999306,9,8,7,179,22,6,3,10,51,42,9,10,9,0,0.17647058823529413,0.8235294117647058,17,2.125,167.7333333333248,0.20990280732491473,1,0,1,5,3,29,6,3,40,0,0,0,0,0,5,14,2,0
difficulty-easy,20260712,1,0.12,0.45,0.2,0.18,3,30,9,1722,4291836640,625683863,false,false,764.6999999999618,785.6999999999618,9,8,7,179,24,7,3,6,47,40,7,6,7,0,0.14893617021276595,0.851063829787234,21,2.625,167.7333333333248,0.21934527701495118,1,0,1,6,3,32,7,3,40,0,0,0,0,0,3,5,2,0
difficulty-easy,20260712,1,0.12,0.45,0.2,0.18,3,30,9,1723,504754326,485504752,true,false,804.099999999926,825.099999999926,9,8,7,180,23,7,2,12,46,44,2,12,2,0,0.043478260869565216,0.9565217391304348,20,2.5,167.7333333333248,0.20859760394644972,1,1,0,5,2,39,6,2,42,6,2,43,110.4666666665662,0.1373792646021345,6,8,2,0
difficulty-easy,20260712,1,0.12,0.45,0.2,0.18,3,30,9,1724,3340140473,2592875379,false,false,812.6333333332516,833.6333333332516,9,8,7,179,22,6,2,13,53,43,10,13,10,0,0.18867924528301888,0.8113207547169812,19,2.375,167.7333333333248,0.20640715369786497,1,0,1,5,2,37,5,2,41,0,0,0,0,0,6,11,2,0
difficulty-easy,20260712,1,0.12,0.45,0.2,0.18,3,30,9,1725,3063641046,688456723,true,false,839.2666666665607,860.2666666665607,9,8,7,180,31,10,3,13,62,54,8,13,8,0,0.12903225806451613,0.8709677419354839,24,3,167.7333333333248,0.19985701803162997,1,1,0,7,3,42,10,3,52,10,3,53,149.66666666653055,0.1783302883468299,5,5,2,0
difficulty-easy,20260712,1,0.12,0.45,0.2,0.18,3,30,9,1726,3836861834,883882477,true,false,818.9333333332459,839.9333333332459,9,8,7,180,29,9,3,17,68,56,12,17,12,0,0.17647058823529413,0.8235294117647058,27,3.375,167.7333333333248,0.2048192771084452,1,1,0,8,3,46,9,3,55,9,3,55,154.6999999998593,0.188904265711343,2,3,2,0
difficulty-easy,20260712,1,0.12,0.45,0.2,0.18,3,30,9,1727,920524401,1191466773,true,false,827.5999999999046,848.5999999999046,9,8,7,180,26,8,3,14,56,50,6,14,6,0,0.10714285714285714,0.8928571428571429,20,2.5,167.7333333333248,0.2026743998711263,1,1,0,6,2,35,8,3,48,8,3,49,153.93333333319333,0.18599967778300033,3,5,3,0
difficulty-easy,20260712,1,0.12,0.45,0.2,0.18,3,30,9,1728,882536845,772007110,false,false,826.433333333239,847.433333333239,9,8,7,179,25,7,3,14,53,49,4,14,4,0,0.07547169811320754,0.9245283018867925,17,2.125,167.7333333333248,0.20296051304805057,1,0,1,5,3,33,7,3,47,0,0,0,0,0,7,10,3,0
difficulty-easy,20260712,1,0.12,0.45,0.2,0.18,3,30,9,1729,1361438719,1869579920,true,false,835.3666666665642,856.3666666665642,9,8,7,180,18,5,3,7,47,35,12,7,12,0,0.2553191489361702,0.7446808510638298,15,1.875,167.7333333333248,0.2007900722237884,1,1,0,4,3,26,5,3,33,5,3,34,140.4666666665389,0.1681497146960091,5,14,3,0
difficulty-easy,20260712,1,0.12,0.45,0.2,0.18,3,30,9,1730,133021574,3571352191,false,false,833.8666666665656,854.8666666665656,9,8,7,179,29,8,3,16,60,55,5,16,5,0,0.08333333333333333,0.9166666666666666,27,3.375,167.7333333333248,0.20115126319157153,1,0,1,8,3,47,8,3,54,0,0,0,0,0,6,10,2,0
difficulty-easy,20260712,1,0.12,0.45,0.2,0.18,3,30,9,1731,1876878103,2258596070,true,false,784.0333333332776,805.0333333332776,9,8,7,180,24,8,3,3,38,36,2,3,2,0,0.05263157894736842,0.9473684210526315,22,2.75,167.7333333333248,0.21393648229242385,1,1,0,7,3,31,7,3,35,7,3,35,85.033333333256,0.10845627311754863,5,9,2,0
difficulty-easy,20260712,1,0.12,0.45,0.2,0.18,3,30,9,1732,178942506,2720769619,true,false,779.1666666666154,800.1666666666154,9,8,7,180,21,6,3,12,47,43,4,12,4,0,0.0851063829787234,0.9148936170212766,20,2.5,167.7333333333248,0.2152727272727305,1,1,0,6,3,33,6,3,42,6,3,42,91.36666666658357,0.11726203208546257,4,10,1,0
difficulty-easy,20260712,1,0.12,0.45,0.2,0.18,3,30,9,1733,2746967595,1628303228,true,false,813.8333333332505,834.8333333332505,9,8,7,180,21,6,3,12,48,43,5,12,5,0,0.10416666666666667,0.8958333333333334,21,2.625,167.7333333333248,0.20610280565227343,1,1,0,6,3,35,6,3,41,6,3,42,118.86666666655856,0.14605775138222896,5,7,2,0
difficulty-easy,20260712,1,0.12,0.45,0.2,0.18,3,30,9,1734,3780298897,3836070702,true,false,787.8666666666074,808.8666666666074,9,8,7,180,17,5,2,5,33,32,1,5,1,0,0.030303030303030304,0.9696969696969697,14,1.75,167.7333333333248,0.21289558300897454,1,1,0,4,2,23,5,2,30,5,2,31,116.73333333322716,0.14816381790476724,3,6,2,0
difficulty-easy,20260712,1,0.12,0.45,0.2,0.18,3,30,9,1735,3608634681,2499537402,false,false,826.9333333332386,847.9333333332386,9,8,7,179,25,8,3,5,43,39,4,5,4,0,0.09302325581395349,0.9069767441860465,17,2.125,167.7333333333248,0.20283779425992907,1,0,1,5,3,25,8,3,38,0,0,0,0,0,3,5,2,0
difficulty-easy,20260712,1,0.12,0.45,0.2,0.18,3,30,9,1736,3532444754,2867902517,true,false,800.6666666665958,821.6666666665958,9,8,7,180,28,8,3,18,63,56,7,18,7,0,0.1111111111111111,0.8888888888888888,27,3.375,167.7333333333248,0.20949208992507032,1,1,0,8,3,47,8,3,55,8,3,56,102.19999999990705,0.12764363030797182,5,8,2,0
difficulty-easy,20260712,1,0.12,0.45,0.2,0.18,3,30,9,1737,4079428608,293265028,true,false,741.8666666666493,762.8666666666493,9,8,7,180,17,5,3,3,32,30,2,3,2,0,0.0625,0.9375,13,1.625,167.7333333333248,0.22609633357296288,1,1,0,3,2,22,5,3,29,5,3,29,53.59999999995125,0.07225017972675123,4,13,2,0
difficulty-easy,20260712,1,0.12,0.45,0.2,0.18,3,30,9,1738,4059869540,2827937652,true,false,769.5666666666241,790.5666666666241,9,8,7,180,20,5,3,10,45,40,5,10,5,0,0.1111111111111111,0.8888888888888888,13,1.625,167.7333333333248,0.21795815827088935,1,1,0,3,3,24,5,3,39,5,3,39,80.43333333326018,0.10451769394022345,6,12,3,0
difficulty-easy,20260712,1,0.12,0.45,0.2,0.18,3,30,9,1739,3876557513,1294920197,false,false,771.1333333332893,792.1333333332893,9,8,7,179,23,7,3,9,44,42,2,9,2,0,0.045454545454545456,0.9545454545454546,20,2.5,167.7333333333248,0.21751534537909703,1,0,1,6,3,33,7,3,41,0,0,0,0,0,3,5,2,0
difficulty-easy,20260712,1,0.12,0.45,0.2,0.18,3,30,9,1740,2171871810,1513652658,false,false,790.0999999999387,811.0999999999387,9,8,7,179,24,7,3,5,49,39,10,5,10,0,0.20408163265306123,0.7959183673469388,22,2.75,167.7333333333248,0.21229380247226654,1,0,1,7,3,33,7,3,39,0,0,0,0,0,3,7,2,0
difficulty-easy,20260712,1,0.12,0.45,0.2,0.18,3,30,9,1741,1903012986,904359306,false,false,808.8999999999216,829.8999999999216,9,8,7,179,26,8,3,10,50,45,5,10,5,0,0.1,0.9,23,2.875,167.7333333333248,0.2073597890138967,1,0,1,7,3,37,8,3,45,0,0,0,0,0,6,8,2,0
difficulty-easy,20260712,1,0.12,0.45,0.2,0.18,3,30,9,1742,315751516,2287347992,false,false,823.899999999908,844.899999999908,9,8,7,179,25,7,2,16,58,51,7,16,7,0,0.1206896551724138,0.8793103448275862,24,3,167.7333333333248,0.2035845774163655,1,0,1,7,2,43,7,2,49,0,0,0,0,0,5,10,2,0
difficulty-easy,20260712,1,0.12,0.45,0.2,0.18,3,30,9,1743,3278689305,509555662,false,false,763.7666666666294,784.7666666666294,9,8,7,179,23,7,3,25,63,58,5,25,5,0,0.07936507936507936,0.9206349206349206,21,2.625,167.7333333333248,0.21961331994937328,1,0,1,6,3,48,7,3,58,0,0,0,0,0,3,4,2,0
difficulty-easy,20260712,1,0.12,0.45,0.2,0.18,3,30,9,1744,1438574043,1086715457,false,false,765.6999999999609,786.6999999999609,9,8,7,179,30,9,3,9,55,49,6,9,6,0,0.10909090909090909,0.8909090909090909,27,3.375,167.7333333333248,0.21905881328631754,1,0,1,8,3,40,9,3,48,0,0,0,0,0,2,3,2,0
difficulty-easy,20260712,1,0.12,0.45,0.2,0.18,3,30,9,1745,1449989540,298660674,true,false,814.6999999999164,835.6999999999164,9,8,7,180,28,8,3,19,60,57,3,19,3,0,0.05,0.95,26,3.25,167.7333333333248,0.20588355631931018,1,1,0,7,3,47,8,3,52,8,3,56,119.49999999989132,0.1466797594205273,4,13,3,0
difficulty-easy,20260712,1,0.12,0.45,0.2,0.18,3,30,9,1746,1718215013,1321011863,true,false,766.9666666666265,787.9666666666265,9,8,7,180,26,8,3,8,50,44,6,8,6,0,0.12,0.88,21,2.625,167.7333333333248,0.2186970315963322,1,1,0,6,3,34,8,3,43,8,3,43,81.63333333325909,0.10643661176052419,5,10,2,0
difficulty-easy,20260712,1,0.12,0.45,0.2,0.18,3,30,9,1747,1887731214,2068587512,true,false,760.4666666666324,781.4666666666324,9,8,7,180,15,4,3,2,35,27,8,2,8,0,0.22857142857142856,0.7714285714285715,14,1.75,167.7333333333248,0.2205663189269734,1,1,0,4,3,21,4,3,24,4,3,26,85.93333333325518,0.11300078898911947,5,9,3,0
difficulty-easy,20260712,1,0.12,0.45,0.2,0.18,3,30,9,1748,2486388434,2995959524,false,false,852.3333333332155,873.3333333332155,9,8,7,179,25,7,2,7,49,41,8,7,8,0,0.16326530612244897,0.8367346938775511,20,2.5,167.7333333333248,0.19679311693392412,1,0,1,6,2,30,7,2,40,0,0,0,0,0,5,8,2,0
difficulty-easy,20260712,1,0.12,0.45,0.2,0.18,3,30,9,1749,1987958103,4235508014,true,false,789.2333333332729,810.2333333332729,9,8,7,180,27,9,3,9,51,46,5,9,5,0,0.09803921568627451,0.9019607843137255,22,2.75,167.7333333333248,0.21252692486379732,1,1,0,7,3,37,9,3,45,9,3,45,92.69999999991569,0.1174557587531226,4,12,4,0
difficulty-easy,20260712,1,0.12,0.45,0.2,0.18,3,30,9,1750,2959328794,1974754097,true,false,833.799999999899,854.799999999899,9,8,7,180,21,7,3,2,42,33,9,2,9,0,0.21428571428571427,0.7857142857142857,18,2.25,167.7333333333248,0.20116734628609392,1,1,0,6,3,25,6,3,27,6,3,31,134.59999999987758,0.1614295994241951,6,11,3,0
difficulty-easy,20260712,1,0.12,0.45,0.2,0.18,3,30,9,1751,3022988820,330355292,true,false,854.1333333332138,875.1333333332138,9,8,7,180,29,8,3,19,69,58,11,19,11,0,0.15942028985507245,0.8405797101449275,27,3.375,167.7333333333248,0.19637839525446643,1,1,0,8,3,46,8,3,55,8,3,57,160.39999999985412,0.18779269434890325,5,12,2,0
difficulty-easy,20260712,1,0.12,0.45,0.2,0.18,3,30,9,1752,3869968285,2484001110,false,false,789.6999999999391,810.6999999999391,9,8,7,179,22,6,1,22,62,54,8,22,8,0,0.12903225806451613,0.8709677419354839,19,2.375,167.7333333333248,0.21240133383986037,1,0,1,5,1,46,6,1,54,0,0,0,0,0,6,5,2,0
difficulty-easy,20260712,1,0.12,0.45,0.2,0.18,3,30,9,1753,529154928,3489813946,false,false,815.6333333332489,836.6333333332489,9,8,7,179,21,6,3,16,54,47,7,16,7,0,0.12962962962962962,0.8703703703703703,21,2.625,167.7333333333248,0.205647962728361,1,0,1,6,3,35,6,3,47,0,0,0,0,0,2,4,3,0
difficulty-easy,20260712,1,0.12,0.45,0.2,0.18,3,30,9,1754,1271318537,4081273697,false,false,869.8666666665329,890.8666666665329,9,8,7,179,25,7,2,20,62,55,7,20,7,0,0.11290322580645161,0.8870967741935484,23,2.875,167.7333333333248,0.19282648681792297,1,0,1,6,2,46,7,2,55,0,0,0,0,0,7,8,2,0
difficulty-easy,20260712,1,0.12,0.45,0.2,0.18,3,30,9,1755,1149116504,3141272020,true,false,768.8666666666247,789.8666666666247,9,8,7,180,27,8,3,23,65,60,5,23,5,0,0.07692307692307693,0.9230769230769231,26,3.25,167.7333333333248,0.21815659412121818,1,1,0,8,3,51,8,3,58,8,3,58,78.73333333326173,0.10240180352024542,5,10,2,0
difficulty-easy,20260712,1,0.12,0.45,0.2,0.18,3,30,9,1756,4265931056,918280888,false,false,852.5666666665486,873.5666666665486,9,8,7,179,24,8,3,6,46,40,6,6,6,0,0.13043478260869565,0.8695652173913043,17,2.125,167.7333333333248,0.19673925792706107,1,0,1,5,3,29,8,3,40,0,0,0,0,0,3,7,2,0
difficulty-easy,20260712,1,0.12,0.45,0.2,0.18,3,30,9,1757,4099098400,127764881,true,false,808.933333333255,829.933333333255,9,8,7,180,18,5,3,10,43,38,5,10,5,0,0.11627906976744186,0.8837209302325582,17,2.125,167.7333333333248,0.20735124443712838,1,1,0,5,3,31,5,3,38,5,3,38,114.43333333322926,0.14146200758188604,5,11,2,0
difficulty-easy,20260712,1,0.12,0.45,0.2,0.18,3,30,9,1758,1589481813,2286350893,false,false,783.2333333332783,804.2333333332783,9,8,7,179,25,8,3,4,41,38,3,4,3,0,0.07317073170731707,0.926829268292683,23,2.875,167.7333333333248,0.21415499851045228,1,0,1,7,3,33,8,3,38,0,0,0,0,0,5,11,2,0
difficulty-easy,20260712,1,0.12,0.45,0.2,0.18,3,30,9,1759,646501690,1736081193,true,false,761.4666666666315,782.4666666666315,9,8,7,180,29,10,3,15,60,53,7,15,7,0,0.11666666666666667,0.8833333333333333,26,3.25,167.7333333333248,0.22027665907896937,1,1,0,8,3,45,9,3,52,9,3,52,79.5666666665943,0.10449133251610661,5,8,2,0
difficulty-easy,20260712,1,0.12,0.45,0.2,0.18,3,30,9,1760,3441386174,2286685664,true,false,788.0666666666073,809.0666666666073,9,8,7,180,21,7,3,3,37,33,4,3,4,0,0.10810810810810811,0.8918918918918919,18,2.25,167.7333333333248,0.2128415531680959,1,1,0,5,3,27,6,3,32,6,3,32,111.39999999989868,0.14135859910317283,2,5,2,0
difficulty-easy,20260712,1,0.12,0.45,0.2,0.18,3,30,9,1761,2321782458,2147312472,false,false,787.3333333332746,808.3333333332746,9,8,7,179,22,7,3,8,45,40,5,8,5,0,0.1111111111111111,0.8888888888888888,17,2.125,167.7333333333248,0.21303979678239285,1,0,1,5,3,31,7,3,40,0,0,0,0,0,3,5,3,0
difficulty-easy,20260712,1,0.12,0.45,0.2,0.18,3,30,9,1762,622286853,2771727642,false,false,787.7666666666075,808.7666666666075,9,8,7,179,23,7,3,7,45,40,5,7,5,0,0.1111111111111111,0.8888888888888888,17,2.125,167.7333333333248,0.21292260821732836,1,0,1,5,3,26,7,3,39,0,0,0,0,0,3,5,2,0
difficulty-easy,20260712,1,0.12,0.45,0.2,0.18,3,30,9,1763,1816277192,36196948,true,false,825.766666666573,846.766666666573,9,8,7,180,27,8,3,10,54,47,7,10,7,0,0.12962962962962962,0.8703703703703703,24,3,167.7333333333248,0.20312436927301153,1,1,0,7,3,39,8,3,46,8,3,47,132.7333333332126,0.1607395147942046,5,6,2,0
difficulty-easy,20260712,1,0.12,0.45,0.2,0.18,3,30,9,1764,612898198,948676073,false,false,772.0333333332885,793.0333333332885,9,8,7,179,33,9,3,21,74,63,11,21,11,0,0.14864864864864866,0.8513513513513513,28,3.5,167.7333333333248,0.217261776261821,1,0,1,8,3,51,9,3,63,0,0,0,0,0,2,4,3,0
difficulty-easy,20260712,1,0.12,0.45,0.2,0.18,3,30,9,1765,4148952833,431995498,true,false,844.2666666665561,865.2666666665561,9,8,7,180,26,8,3,3,46,38,8,3,8,0,0.17391304347826086,0.8260869565217391,19,2.375,167.7333333333248,0.198673404927369,1,1,0,5,3,31,7,3,37,7,3,37,152.23333333319488,0.18031427668968905,5,5,3,0
difficulty-easy,20260712,1,0.12,0.45,0.2,0.18,3,30,9,1766,1043139956,1653367057,false,false,839.8999999998935,860.8999999998935,9,8,7,179,27,8,3,18,64,54,10,18,10,0,0.15625,0.84375,20,2.5,167.7333333333248,0.19970631424377436,1,0,1,6,3,38,8,3,54,0,0,0,0,0,3,5,3,0
difficulty-easy,20260712,1,0.12,0.45,0.2,0.18,3,30,9,1767,1948445393,877593235,true,false,804.1333333332593,825.1333333332593,9,8,7,180,19,6,3,11,43,39,4,11,4,0,0.09302325581395349,0.9069767441860465,18,2.25,167.7333333333248,0.20858895705522332,1,1,0,5,3,33,5,3,37,5,3,38,116.79999999989377,0.14524954402243143,5,11,2,0
difficulty-easy,20260712,1,0.12,0.45,0.2,0.18,3,30,9,1768,1332385839,3015079722,true,false,858.0999999998769,879.0999999998769,9,8,7,180,27,8,3,17,59,54,5,17,5,0,0.0847457627118644,0.9152542372881356,24,3,167.7333333333248,0.19547061337064311,1,1,0,7,3,39,8,3,51,8,3,53,168.966666666513,0.19690789729231703,6,14,2,0
difficulty-easy,20260712,1,0.12,0.45,0.2,0.18,3,30,9,1769,1448913805,954482981,false,false,838.1333333332284,859.1333333332284,9,8,7,179,21,6,2,5,43,36,7,5,7,0,0.16279069767441862,0.8372093023255814,19,2.375,167.7333333333248,0.20012726694242658,1,0,1,6,2,29,6,2,35,0,0,0,0,0,3,4,2,0
difficulty-easy,20260712,1,0.12,0.45,0.2,0.18,3,30,9,1770,3635984020,3897456165,false,false,875.9999999998606,896.9999999998606,9,8,7,179,33,9,3,10,58,52,6,10,6,0,0.10344827586206896,0.896551724137931,26,3.25,167.7333333333248,0.1914764079147848,1,0,1,7,3,40,9,3,51,0,0,0,0,0,5,8,2,0
difficulty-easy,20260712,1,0.12,0.45,0.2,0.18,3,30,9,1771,1721520371,4085057949,false,false,858.9333333332095,879.9333333332095,9,8,7,179,25,7,3,14,59,49,10,14,10,0,0.1694915254237288,0.8305084745762712,24,3,167.7333333333248,0.1952809686432967,1,0,1,7,3,39,7,3,47,0,0,0,0,0,6,10,3,0
difficulty-easy,20260712,1,0.12,0.45,0.2,0.18,3,30,9,1772,1705097735,2951130596,false,false,841.5333333332253,862.5333333332253,9,8,7,179,24,7,3,13,54,47,7,13,7,0,0.12962962962962962,0.8703703703703703,22,2.75,167.7333333333248,0.19931870395311693,1,0,1,7,3,39,7,3,47,0,0,0,0,0,3,4,2,0
difficulty-easy,20260712,1,0.12,0.45,0.2,0.18,3,30,9,1773,2107958834,3027287227,true,false,772.7999999999545,793.7999999999545,9,8,7,180,15,4,2,4,33,29,4,4,4,0,0.12121212121212122,0.8787878787878788,13,1.625,167.7333333333248,0.21704623878537097,1,1,0,4,2,21,4,2,26,4,2,28,86.03333333325509,0.11132677708755195,6,11,2,0
difficulty-easy,20260712,1,0.12,0.45,0.2,0.18,3,30,9,1774,1252019450,781263650,true,false,759.5999999999665,780.5999999999665,9,8,7,180,28,9,3,6,45,44,1,6,1,0,0.022222222222222223,0.9777777777777777,23,2.875,167.7333333333248,0.22081797437247525,1,1,0,7,3,33,9,3,42,9,3,42,69.16666666660376,0.09105669650685468,5,14,3,0
difficulty-easy,20260712,1,0.12,0.45,0.2,0.18,3,30,9,1775,3151024835,1212510871,false,false,793.2999999999358,814.2999999999358,9,8,7,179,20,5,2,11,50,41,9,11,9,0,0.18,0.82,19,2.375,167.7333333333248,0.21143745535527336,1,0,1,5,2,36,5,2,41,0,0,0,0,0,4,5,2,0
difficulty-easy,20260712,1,0.12,0.45,0.2,0.18,3,30,9,1776,3667485401,1253124348,false,false,768.8333333332914,789.8333333332914,9,8,7,179,17,4,3,7,39,34,5,7,5,0,0.1282051282051282,0.8717948717948718,16,2,167.7333333333248,0.2181660524604387,1,0,1,4,3,29,4,3,34,0,0,0,0,0,3,7,2,0
difficulty-easy,20260712,1,0.12,0.45,0.2,0.18,3,30,9,1777,1949271280,2281313107,false,false,831.4999999999011,852.4999999999011,9,8,7,179,23,6,3,12,53,45,8,12,8,0,0.1509433962264151,0.8490566037735849,21,2.625,167.7333333333248,0.20172379234316867,1,0,1,6,3,37,6,3,44,0,0,0,0,0,3,7,2,0
difficulty-easy,20260712,1,0.12,0.45,0.2,0.18,3,30,9,1778,957053244,1251589486,true,false,767.9666666666255,788.9666666666255,9,8,7,180,25,8,3,10,54,45,9,10,9,0,0.16666666666666666,0.8333333333333334,17,2.125,167.7333333333248,0.21841225747645354,1,1,0,5,3,32,8,3,44,8,3,44,78.4666666665953,0.10217457354911173,5,11,4,0
difficulty-easy,20260712,1,0.12,0.45,0.2,0.18,3,30,9,1779,3012428716,1085231425,true,false,775.499999999952,796.499999999952,9,8,7,180,21,6,3,3,34,32,2,3,2,0,0.058823529411764705,0.9411764705882353,18,2.25,167.7333333333248,0.2162905652267378,1,1,0,5,3,26,6,3,32,6,3,32,96.96666666657848,0.12503761014388715,2,5,2,0
difficulty-easy,20260712,1,0.12,0.45,0.2,0.18,3,30,9,1780,2731827419,861444966,true,false,814.4999999999166,835.4999999999166,9,8,7,180,22,7,3,1,39,32,7,1,7,0,0.1794871794871795,0.8205128205128205,16,2,167.7333333333248,0.20593411090649721,1,1,0,5,3,24,6,3,30,7,3,31,116.66666666656056,0.14323715981162985,5,13,2,0
difficulty-easy,20260712,1,0.12,0.45,0.2,0.18,3,30,9,1781,4111871748,1195325491,true,false,799.9333333332631,820.9333333332631,9,8,7,180,23,7,3,12,46,45,1,12,1,0,0.021739130434782608,0.9782608695652174,22,2.75,167.7333333333248,0.2096841403450365,1,1,0,7,3,37,7,3,44,7,3,44,111.39999999989868,0.13926160513364672,5,11,3,0
difficulty-easy,20260712,1,0.12,0.45,0.2,0.18,3,30,9,1782,299509967,3198227143,false,false,860.0666666665418,881.0666666665418,9,8,7,179,20,6,3,4,38,34,4,4,4,0,0.10526315789473684,0.8947368421052632,18,2.25,167.7333333333248,0.19502364157819063,1,0,1,5,3,29,6,3,34,0,0,0,0,0,3,5,2,0
difficulty-easy,20260712,1,0.12,0.45,0.2,0.18,3,30,9,1783,3526770563,3225043860,false,false,842.933333333224,863.933333333224,9,8,7,179,29,9,3,21,65,60,5,21,5,0,0.07692307692307693,0.9230769230769231,24,3,167.7333333333248,0.1989876621322523,1,0,1,8,3,43,9,3,58,0,0,0,0,0,4,10,3,0
difficulty-easy,20260712,1,0.12,0.45,0.2,0.18,3,30,9,1784,1552927903,1623904155,true,false,854.9333333332131,875.9333333332131,9,8,7,180,23,7,2,12,55,45,10,12,10,0,0.18181818181818182,0.8181818181818182,21,2.625,167.7333333333248,0.19619463505928147,1,1,0,6,2,37,7,2,44,7,2,44,154.49999999985948,0.18071584528994214,4,6,3,0
difficulty-easy,20260712,1,0.12,0.45,0.2,0.18,3,30,9,1785,3231141811,3003802346,false,false,792.0333333332703,813.0333333332703,9,8,7,179,29,9,3,17,60,56,4,17,4,0,0.06666666666666667,0.9333333333333333,26,3.25,167.7333333333248,0.2117755986700957,1,0,1,8,3,49,9,3,56,0,0,0,0,0,5,7,2,0
difficulty-easy,20260712,1,0.12,0.45,0.2,0.18,3,30,9,1786,4053459429,3048472361,true,false,771.3666666666225,792.3666666666225,9,8,7,180,20,6,3,10,45,39,6,10,6,0,0.13333333333333333,0.8666666666666667,18,2.25,167.7333333333248,0.21744954842055367,1,1,0,5,3,33,5,3,38,5,3,38,102.66666666657329,0.13309710038448536,2,7,2,0
difficulty-easy,20260712,1,0.12,0.45,0.2,0.18,3,30,9,1787,3580848633,1468094980,true,false,806.6999999999236,827.6999999999236,9,8,7,180,27,8,3,13,58,50,8,13,8,0,0.13793103448275862,0.8620689655172413,23,2.875,167.7333333333248,0.2079252923433007,1,1,0,7,3,37,8,3,49,8,3,49,93.46666666658166,0.11586298086846473,5,11,3,0
difficulty-easy,20260712,1,0.12,0.45,0.2,0.18,3,30,9,1788,1714322651,617385169,true,false,815.0666666665827,836.0666666665827,9,8,7,180,23,7,3,8,44,40,4,8,4,0,0.09090909090909091,0.9090909090909091,19,2.375,167.7333333333248,0.20579093734664902,1,1,0,5,3,35,6,3,39,6,3,39,114.8999999998955,0.14097006379834862,5,7,2,0
difficulty-easy,20260712,1,0.12,0.45,0.2,0.18,3,30,9,1789,173128507,3662495581,true,false,768.3666666666252,789.3666666666252,9,8,7,180,27,8,3,15,58,51,7,15,7,0,0.1206896551724138,0.8793103448275862,22,2.75,167.7333333333248,0.21829855537720774,1,1,0,6,3,37,7,3,48,7,3,50,78.89999999992824,0.10268534987627327,5,8,2,0
difficulty-easy,20260712,1,0.12,0.45,0.2,0.18,3,30,9,1790,4157161594,1544293587,false,false,801.1666666665953,822.1666666665953,9,8,7,179,29,9,3,8,55,47,8,8,8,0,0.14545454545454545,0.8545454545454545,24,3,167.7333333333248,0.2093613480341249,1,0,1,7,3,36,9,3,47,0,0,0,0,0,5,10,3,0
difficulty-easy,20260712,1,0.12,0.45,0.2,0.18,3,30,9,1791,4184979379,3549162964,true,false,812.9999999999179,833.9999999999179,9,8,7,180,23,7,3,5,42,37,5,5,5,0,0.11904761904761904,0.8809523809523809,18,2.25,167.7333333333248,0.20631406314064174,1,1,0,5,3,28,7,3,36,7,3,36,121.69999999988931,0.1496924969248482,6,14,2,0
difficulty-easy,20260712,1,0.12,0.45,0.2,0.18,3,30,9,1792,2684129479,3446830313,true,false,768.7333333332915,789.7333333332915,9,8,7,180,21,6,3,9,44,40,4,9,4,0,0.09090909090909091,0.9090909090909091,17,2.125,167.7333333333248,0.2181944323996192,1,1,0,5,3,28,6,3,39,6,3,39,81.53333333325918,0.10606192004153622,4,8,3,0
difficulty-easy,20260712,1,0.12,0.45,0.2,0.18,3,30,9,1793,2476420817,2964451215,true,false,850.5333333332171,871.5333333332171,9,8,7,180,27,8,3,8,51,44,7,8,7,0,0.13725490196078433,0.8627450980392157,22,2.75,167.7333333333248,0.1972095939802646,1,1,0,7,3,35,8,3,43,8,3,43,157.46666666652345,0.18513873647892887,5,11,2,0
difficulty-easy,20260712,1,0.12,0.45,0.2,0.18,3,30,9,1794,3757880994,1429424827,true,false,770.7333333332897,791.7333333332897,9,8,7,180,23,7,3,4,42,37,5,4,5,0,0.11904761904761904,0.8809523809523809,21,2.625,167.7333333333248,0.21762823285183067,1,1,0,6,3,31,7,3,36,7,3,36,83.66666666659057,0.10855462330238991,5,11,3,0
difficulty-easy,20260712,1,0.12,0.45,0.2,0.18,3,30,9,1795,4172151123,1452336792,false,false,786.7666666666084,807.7666666666084,9,8,7,179,28,8,3,13,56,49,7,13,7,0,0.125,0.875,25,3.125,167.7333333333248,0.213193238147698,1,0,1,7,3,42,8,3,49,0,0,0,0,0,3,7,2,0
difficulty-easy,20260712,1,0.12,0.45,0.2,0.18,3,30,9,1796,2206608538,2346830515,true,false,775.2333333332856,796.2333333332856,9,8,7,180,17,5,3,2,32,28,4,2,4,0,0.125,0.875,15,1.875,167.7333333333248,0.21636496538676758,1,1,0,4,3,24,5,3,27,5,3,27,96.76666666657866,0.12482263404555784,3,5,2,0
difficulty-easy,20260712,1,0.12,0.45,0.2,0.18,3,30,9,1797,1303214930,1660249887,false,false,853.5666666665477,874.5666666665477,9,8,7,179,22,6,3,10,49,42,7,10,7,0,0.14285714285714285,0.8571428571428571,21,2.625,167.7333333333248,0.1965087671340042,1,0,1,6,3,34,6,3,42,0,0,0,0,0,6,8,2,0
difficulty-easy,20260712,1,0.12,0.45,0.2,0.18,3,30,9,1798,562190351,3002792469,true,false,805.1666666665917,826.1666666665917,9,8,7,180,26,8,3,15,52,51,1,15,1,0,0.019230769230769232,0.9807692307692307,24,3,167.7333333333248,0.20832125853861364,1,1,0,7,3,42,8,3,49,8,3,50,110.73333333323262,0.13752846201603344,5,8,2,0
difficulty-easy,20260712,1,0.12,0.45,0.2,0.18,3,30,9,1799,1736855506,570804320,true,false,829.6666666665694,850.6666666665694,9,8,7,180,20,6,3,4,43,34,9,4,9,0,0.20930232558139536,0.7906976744186046,16,2,167.7333333333248,0.202169546002424,1,1,0,5,3,24,5,3,30,5,3,32,130.5333333332146,0.15733226195246675,6,11,2,0
difficulty-easy,20260712,1,0.12,0.45,0.2,0.18,3,30,9,1800,1342854456,2091833697,false,false,792.1999999999368,813.1999999999368,9,8,7,179,21,6,3,21,59,52,7,21,7,0,0.11864406779661017,0.8813559322033898,21,2.625,167.7333333333248,0.2117310443490762,1,0,1,6,3,42,6,3,51,0,0,0,0,0,4,6,2,0
difficulty-easy,20260712,1,0.12,0.45,0.2,0.18,3,30,9,1801,1401399044,3051498731,true,false,844.9999999998888,865.9999999998888,9,8,7,180,24,7,3,15,56,49,7,15,7,0,0.125,0.875,22,2.75,167.7333333333248,0.1985009861933099,1,1,0,7,3,36,7,3,48,7,3,48,138.39999999987413,0.1637869822483933,5,5,2,0
difficulty-easy,20260712,1,0.12,0.45,0.2,0.18,3,30,9,1802,2016182567,2176746041,true,false,783.6666666666113,804.6666666666113,9,8,7,180,26,7,3,15,57,50,7,15,7,0,0.12280701754385964,0.8771929824561403,21,2.625,167.7333333333248,0.21403658017865163,1,1,0,6,3,37,7,3,47,7,3,50,84.19999999992342,0.10744364100373803,5,8,3,0
difficulty-easy,20260712,1,0.12,0.45,0.2,0.18,3,30,9,1803,1557859298,2145005660,true,false,823.4999999999084,844.4999999999084,9,8,7,180,28,8,3,18,63,56,7,18,7,0,0.1111111111111111,0.8888888888888888,20,2.5,167.7333333333248,0.20368346488566297,1,1,0,6,3,41,8,3,54,8,3,55,153.79999999986012,0.1867638129931721,3,5,2,0
difficulty-easy,20260712,1,0.12,0.45,0.2,0.18,3,30,9,1804,2118225515,1126616803,true,false,830.1999999999023,851.1999999999023,9,8,7,180,24,7,3,14,50,47,3,14,3,0,0.06,0.94,21,2.625,167.7333333333248,0.20203966915604016,1,1,0,6,3,35,6,3,43,7,3,46,136.59999999987576,0.16453866538170542,5,14,3,0
difficulty-easy,20260712,1,0.12,0.45,0.2,0.18,3,30,9,1805,2089019016,2472647989,false,false,767.4333333332927,788.4333333332927,9,8,7,179,23,7,3,13,52,45,7,13,7,0,0.1346153846153846,0.8653846153846154,21,2.625,167.7333333333248,0.21856404465100163,1,0,1,6,3,35,7,3,44,0,0,0,0,0,2,4,2,0
difficulty-easy,20260712,1,0.12,0.45,0.2,0.18,3,30,9,1806,3104935968,823128370,true,false,828.3999999999039,849.3999999999039,9,8,7,180,26,8,3,17,59,53,6,17,6,0,0.1016949152542373,0.8983050847457628,22,2.75,167.7333333333248,0.20247867374860484,1,1,0,6,3,39,7,3,50,8,3,52,134.19999999987795,0.16199903428282655,5,11,2,0
difficulty-easy,20260712,1,0.12,0.45,0.2,0.18,3,30,9,1807,4144701290,2782146913,true,false,771.3666666666225,792.3666666666225,9,8,7,180,29,9,3,8,51,46,5,8,5,0,0.09803921568627451,0.9019607843137255,21,2.625,167.7333333333248,0.21744954842055367,1,1,0,7,3,33,9,3,44,9,3,45,78.4666666665953,0.1017242124367138,6,8,4,0
difficulty-easy,20260712,1,0.12,0.45,0.2,0.18,3,30,9,1808,4185399295,2535114111,false,false,806.2333333332574,827.2333333332574,9,8,7,179,23,6,3,13,56,46,10,13,10,0,0.17857142857142858,0.8214285714285714,20,2.5,167.7333333333248,0.20804564435441425,1,0,1,5,3,37,6,3,45,0,0,0,0,0,5,8,2,0
difficulty-easy,20260712,1,0.12,0.45,0.2,0.18,3,30,9,1809,1927657783,644616840,true,false,780.7333333332806,801.7333333332806,9,8,7,180,30,9,3,11,52,51,1,11,1,0,0.019230769230769232,0.9807692307692307,23,2.875,167.7333333333248,0.2148407480146906,1,1,0,7,3,37,9,3,50,9,3,50,95.36666666657993,0.12215011527613318,5,12,4,0
difficulty-easy,20260712,1,0.12,0.45,0.2,0.18,3,30,9,1810,2035168200,3830754322,true,false,849.1666666665517,870.1666666665517,9,8,7,180,25,7,3,10,47,44,3,10,3,0,0.06382978723404255,0.9361702127659575,20,2.5,167.7333333333248,0.1975269872424112,1,1,0,5,3,36,7,3,43,7,3,43,150.89999999986276,0.17770363101065734,4,14,2,0
difficulty-easy,20260712,1,0.12,0.45,0.2,0.18,3,30,9,1811,2746572273,3052930133,true,false,767.133333333293,788.133333333293,9,8,7,180,25,7,3,12,49,47,2,12,2,0,0.04081632653061224,0.9591836734693877,21,2.625,167.7333333333248,0.21864951768488783,1,1,0,6,3,34,7,3,46,7,3,46,96.93333333324517,0.12635786912303415,3,5,3,0
difficulty-easy,20260712,1,0.12,0.45,0.2,0.18,3,30,9,1812,1495281886,2022502362,false,false,865.0333333332039,886.0333333332039,9,8,7,179,25,7,3,7,46,40,6,7,6,0,0.13043478260869565,0.8695652173913043,21,2.625,167.7333333333248,0.19390389580364906,1,0,1,6,3,34,7,3,40,0,0,0,0,0,6,8,2,0
difficulty-easy,20260712,1,0.12,0.45,0.2,0.18,3,30,9,1813,2365344762,2848691901,true,false,797.7666666665984,818.7666666665984,9,8,7,180,25,8,3,7,43,40,3,7,3,0,0.06976744186046512,0.9302325581395349,17,2.125,167.7333333333248,0.2102536247023012,1,1,0,5,3,26,6,3,36,6,3,36,123.56666666655428,0.15489073663965844,2,7,3,0
difficulty-easy,20260712,1,0.12,0.45,0.2,0.18,3,30,9,1814,1642275884,319348105,false,false,844.3666666665561,865.3666666665561,9,8,7,179,25,7,3,13,50,48,2,13,2,0,0.04,0.96,22,2.75,167.7333333333248,0.19864987564645703,1,0,1,6,3,38,7,3,48,0,0,0,0,0,5,14,2,0
difficulty-easy,20260712,1,0.12,0.45,0.2,0.18,3,30,9,1815,1318658034,568090104,false,false,798.4333333332645,819.4333333332645,9,8,7,179,24,8,3,5,41,36,5,5,5,0,0.12195121951219512,0.8780487804878049,19,2.375,167.7333333333248,0.2100780695528818,1,0,1,6,3,28,7,3,35,0,0,0,0,0,5,7,2,0
difficulty-easy,20260712,1,0.12,0.45,0.2,0.18,3,30,9,1816,1607736396,1864944608,true,false,749.199999999976,770.199999999976,9,8,7,180,22,6,3,7,44,39,5,7,5,0,0.11363636363636363,0.8863636363636364,16,2,167.7333333333248,0.22388325324790467,1,1,0,5,3,24,6,3,35,6,3,36,56.69999999994843,0.07568072610778197,4,11,2,0
difficulty-easy,20260712,1,0.12,0.45,0.2,0.18,3,30,9,1817,1583560056,2108883690,true,false,848.7333333332188,869.7333333332188,9,8,7,180,24,7,3,7,49,41,8,7,8,0,0.16326530612244897,0.8367346938775511,20,2.5,167.7333333333248,0.1976278375618735,1,1,0,6,3,31,7,3,41,7,3,41,163.89999999985093,0.19311130311822292,2,4,3,0
difficulty-easy,20260712,1,0.12,0.45,0.2,0.18,3,30,9,1818,427628050,3419685119,true,false,816.9999999999143,837.9999999999143,9,8,7,180,22,7,3,15,54,46,8,15,8,0,0.14814814814814814,0.8518518518518519,20,2.5,167.7333333333248,0.20530395756835054,1,1,0,6,3,35,6,3,45,6,3,45,120.59999999989031,0.14761321909412847,5,8,2,0
difficulty-easy,20260712,1,0.12,0.45,0.2,0.18,3,30,9,1819,2882592543,953057269,true,false,758.3666666666343,779.3666666666343,9,8,7,180,20,6,3,9,47,38,9,9,9,0,0.19148936170212766,0.8085106382978723,18,2.25,167.7333333333248,0.22117709111687217,1,1,0,5,3,29,5,3,36,6,3,37,68.63333333327091,0.09050151641678235,4,14,2,0
difficulty-easy,20260712,1,0.12,0.45,0.2,0.18,3,30,9,1820,1993442188,581365071,false,false,779.6333333332816,800.6333333332816,9,8,7,179,23,7,3,19,60,52,8,19,8,0,0.13333333333333333,0.8666666666666667,21,2.625,167.7333333333248,0.21514387105049715,1,0,1,6,3,42,7,3,52,0,0,0,0,0,4,5,2,0
difficulty-easy,20260712,1,0.12,0.45,0.2,0.18,3,30,9,1821,3898799738,2265742874,true,false,826.7333333332388,847.7333333332388,9,8,7,180,30,9,3,16,59,56,3,16,3,0,0.05084745762711865,0.9491525423728814,24,3,167.7333333333248,0.20288686396259653,1,1,0,7,3,39,9,3,55,9,3,55,136.16666666654282,0.164704459317666,5,6,2,0
difficulty-easy,20260712,1,0.12,0.45,0.2,0.18,3,30,9,1822,1929365467,1701452883,false,false,845.2333333332219,866.2333333332219,9,8,7,179,25,8,3,8,47,41,6,8,6,0,0.1276595744680851,0.8723404255319149,20,2.5,167.7333333333248,0.19844618842924663,1,0,1,6,3,32,7,3,40,0,0,0,0,0,6,10,2,0
difficulty-easy,20260712,1,0.12,0.45,0.2,0.18,3,30,9,1823,4258710056,3266725051,true,false,774.833333333286,795.833333333286,9,8,7,180,21,6,3,7,41,38,3,7,3,0,0.07317073170731707,0.926829268292683,20,2.5,167.7333333333248,0.21647666164766838,1,1,0,6,3,32,6,3,37,6,3,37,91.49999999991678,0.118089911808891,4,10,2,0
difficulty-easy,20260712,1,0.12,0.45,0.2,0.18,3,30,9,1824,1596967601,352534637,false,false,838.6666666665612,859.6666666665612,9,8,7,179,28,9,3,17,60,54,6,17,6,0,0.1,0.9,25,3.125,167.7333333333248,0.20000000000001497,1,0,1,8,3,47,9,3,54,0,0,0,0,0,5,8,3,0
difficulty-easy,20260712,1,0.12,0.45,0.2,0.18,3,30,9,1825,2490345225,3216538626,false,false,856.5999999998783,877.5999999998783,9,8,7,179,24,7,3,17,56,51,5,17,5,0,0.08928571428571429,0.9107142857142857,21,2.625,167.7333333333248,0.19581290372793442,1,0,1,6,3,42,7,3,50,0,0,0,0,0,6,8,2,0
difficulty-easy,20260712,1,0.12,0.45,0.2,0.18,3,30,9,1826,2528636846,2133428044,false,false,781.9999999999461,802.9999999999461,9,8,7,179,24,7,3,18,58,52,6,18,6,0,0.10344827586206896,0.896551724137931,21,2.625,167.7333333333248,0.21449275362319226,1,0,1,6,3,41,7,3,52,0,0,0,0,0,3,5,2,0
difficulty-easy,20260712,1,0.12,0.45,0.2,0.18,3,30,9,1827,152926630,3275936342,true,false,820.7333333332442,841.7333333332442,9,8,7,180,23,7,3,14,56,47,9,14,9,0,0.16071428571428573,0.8392857142857143,17,2.125,167.7333333333248,0.20437007554220982,1,1,0,5,3,34,7,3,43,7,3,46,131.06666666654746,0.1596945820809378,6,10,2,0
difficulty-easy,20260712,1,0.12,0.45,0.2,0.18,3,30,9,1828,1353408950,2684316204,true,false,815.7666666665821,836.7666666665821,9,8,7,180,26,8,3,24,67,60,7,24,7,0,0.1044776119402985,0.8955223880597015,24,3,167.7333333333248,0.20561435050873475,1,1,0,7,3,45,8,3,58,8,3,58,126.76666666655137,0.1553957422464322,4,5,3,0
difficulty-easy,20260712,1,0.12,0.45,0.2,0.18,3,30,9,1829,3064449911,3957041642,false,false,806.4666666665905,827.4666666665905,9,8,7,179,27,8,3,10,51,45,6,10,6,0,0.11764705882352941,0.8823529411764706,21,2.625,167.7333333333248,0.2079854509382582,1,0,1,6,3,35,7,3,44,0,0,0,0,0,5,12,2,0
difficulty-easy,20260712,1,0.12,0.45,0.2,0.18,3,30,9,1830,3607936744,1625255176,true,false,810.3333333332537,831.3333333332537,9,8,7,180,28,8,3,10,53,48,5,10,5,0,0.09433962264150944,0.9056603773584906,26,3.25,167.7333333333248,0.20699300699301681,1,1,0,8,3,41,8,3,46,8,3,47,128.99999999988268,0.1591937474289124,5,11,2,0
difficulty-easy,20260712,1,0.12,0.45,0.2,0.18,3,30,9,1831,1680927321,2482710554,true,false,769.4333333332909,790.4333333332909,9,8,7,180,23,7,3,5,44,38,6,5,6,0,0.13636363636363635,0.8636363636363636,20,2.5,167.7333333333248,0.21799592773902965,1,1,0,6,3,30,7,3,35,7,3,37,82.29999999992515,0.1069618333837842,5,8,3,0
difficulty-easy,20260712,1,0.12,0.45,0.2,0.18,3,30,9,1832,4067165613,842368913,true,false,806.1999999999241,827.1999999999241,9,8,7,180,24,8,3,6,40,39,1,6,1,0,0.025,0.975,19,2.375,167.7333333333248,0.20805424625817487,1,1,0,6,3,28,7,3,38,7,3,38,113.43333333323017,0.14070123211763935,5,11,1,0
difficulty-easy,20260712,1,0.12,0.45,0.2,0.18,3,30,9,1833,3420529124,1560775059,true,false,818.2999999999131,839.2999999999131,9,8,7,180,27,9,3,13,54,49,5,13,5,0,0.09259259259259259,0.9074074074074074,23,2.875,167.7333333333248,0.20497779950304607,1,1,0,7,3,36,8,3,48,8,3,48,116.83333333322707,0.1427756731433942,6,8,2,0
difficulty-easy,20260712,1,0.12,0.45,0.2,0.18,3,30,9,1834,1721801407,1187387023,false,false,850.96666666655,871.96666666655,9,8,7,179,24,7,3,6,49,39,10,6,10,0,0.20408163265306123,0.7959183673469388,22,2.75,167.7333333333248,0.19710916996358782,1,0,1,7,3,35,7,3,39,0,0,0,0,0,3,5,3,0
difficulty-easy,20260712,1,0.12,0.45,0.2,0.18,3,30,9,1835,2302839054,2232913965,false,false,793.5666666666023,814.5666666666023,9,8,7,179,26,8,3,18,64,54,10,18,10,0,0.15625,0.84375,24,3,167.7333333333248,0.21136640483891933,1,0,1,7,3,39,8,3,53,0,0,0,0,0,4,5,2,0
difficulty-easy,20260712,1,0.12,0.45,0.2,0.18,3,30,9,1836,3740167920,1907623642,true,false,775.166666666619,796.166666666619,9,8,7,180,26,8,3,8,47,42,5,8,5,0,0.10638297872340426,0.8936170212765957,22,2.75,167.7333333333248,0.21638357342507217,1,1,0,6,3,38,7,3,41,7,3,41,80.39999999992688,0.10371963018696859,5,9,2,0
difficulty-easy,20260712,1,0.12,0.45,0.2,0.18,3,30,9,1837,1032211054,3977005967,true,false,805.9999999999243,826.9999999999243,9,8,7,180,27,8,3,27,69,63,6,27,6,0,0.08695652173913043,0.9130434782608695,22,2.75,167.7333333333248,0.2081058726220106,1,1,0,6,3,51,8,3,61,8,3,63,97.63333333324454,0.12113316790726267,4,10,2,0
difficulty-easy,20260712,1,0.12,0.45,0.2,0.18,3,30,9,1838,2659203569,472633340,true,false,743.8999999999808,764.8999999999808,9,8,7,180,22,7,3,8,43,40,3,8,3,0,0.06976744186046512,0.9302325581395349,18,2.25,167.7333333333248,0.22547833490163885,1,1,0,5,3,27,7,3,39,7,3,39,52.23333333328583,0.070215530761241,5,10,3,0
difficulty-easy,20260712,1,0.12,0.45,0.2,0.18,3,30,9,1839,4233038611,3564146528,true,false,805.4333333332581,826.4333333332581,9,8,7,180,23,7,3,4,46,35,11,4,11,0,0.2391304347826087,0.7608695652173914,18,2.25,167.7333333333248,0.2082522865538308,1,1,0,5,3,28,6,3,32,6,3,33,129.3333333332157,0.16057608740623405,5,11,2,0
difficulty-easy,20260712,1,0.12,0.45,0.2,0.18,3,30,9,1840,936013805,808564727,true,false,833.466666666566,854.466666666566,9,8,7,180,27,8,3,9,49,45,4,9,4,0,0.08163265306122448,0.9183673469387755,22,2.75,167.7333333333248,0.20124780035195775,1,1,0,6,3,36,8,3,44,8,3,44,140.86666666653855,0.16901295792659843,5,11,2,0
difficulty-easy,20260712,1,0.12,0.45,0.2,0.18,3,30,9,1841,1203836687,2353541393,true,false,772.3666666666215,793.3666666666215,9,8,7,180,20,6,3,15,47,45,2,15,2,0,0.0425531914893617,0.9574468085106383,18,2.25,167.7333333333248,0.2171680117388131,1,1,0,5,2,36,5,2,43,5,2,43,79.99999999992724,0.10357774804703973,5,10,2,0
difficulty-easy,20260712,1,0.12,0.45,0.2,0.18,3,30,9,1842,1688331557,3070015235,true,false,788.5333333332735,809.5333333332735,9,8,7,180,26,8,3,7,44,42,2,7,2,0,0.045454545454545456,0.9545454545454546,21,2.625,167.7333333333248,0.21271559012513214,1,1,0,6,3,33,7,3,41,7,3,41,93.8999999999146,0.11908183970230181,5,14,2,0
difficulty-easy,20260712,1,0.12,0.45,0.2,0.18,3,30,9,1843,1516743685,2467567603,true,false,782.1666666666126,803.1666666666126,9,8,7,180,25,8,3,17,59,51,8,17,8,0,0.13559322033898305,0.864406779661017,21,2.625,167.7333333333248,0.21444704879608317,1,1,0,6,3,40,7,3,50,7,3,50,105.16666666657102,0.13445557212858933,5,8,2,0
difficulty-easy,20260712,1,0.12,0.45,0.2,0.18,3,30,9,1844,3115791364,3080891107,true,false,808.9999999999216,829.9999999999216,9,8,7,180,26,8,3,17,59,51,8,17,8,0,0.13559322033898305,0.864406779661017,21,2.625,167.7333333333248,0.20733415739597164,1,1,0,6,3,42,8,3,50,8,3,51,112.26666666656456,0.13877214668303517,5,7,2,0
difficulty-easy,20260712,1,0.12,0.45,0.2,0.18,3,30,9,1845,336355738,2183740156,true,false,829.8666666665692,850.8666666665692,9,8,7,180,26,8,3,6,49,42,7,6,7,0,0.14285714285714285,0.8571428571428571,22,2.75,167.7333333333248,0.20212082262212142,1,1,0,7,3,30,8,3,40,8,3,41,145.06666666653473,0.17480719794330626,4,5,2,0
difficulty-easy,20260712,1,0.12,0.45,0.2,0.18,3,30,9,1846,98375704,4216929370,true,false,802.2666666665943,823.2666666665943,9,8,7,180,25,7,3,25,67,60,7,25,7,0,0.1044776119402985,0.8955223880597015,22,2.75,167.7333333333248,0.20907428951305457,1,1,0,6,3,49,7,3,59,7,3,59,111.49999999989859,0.13898121987690126,6,8,3,0
difficulty-easy,20260712,1,0.12,0.45,0.2,0.18,3,30,9,1847,3911242357,3051560062,false,false,861.4333333332072,882.4333333332072,9,8,7,179,21,6,3,9,45,40,5,9,5,0,0.1111111111111111,0.8888888888888888,17,2.125,167.7333333333248,0.19471423596333554,1,0,1,5,3,26,6,3,40,0,0,0,0,0,5,8,2,0
difficulty-easy,20260712,1,0.12,0.45,0.2,0.18,3,30,9,1848,3753076807,2332443456,false,false,764.5666666666286,785.5666666666286,9,8,7,179,17,4,2,14,48,41,7,14,7,0,0.14583333333333334,0.8541666666666666,17,2.125,167.7333333333248,0.21938352879626777,1,0,1,4,2,33,4,2,41,0,0,0,0,0,3,4,3,0
difficulty-easy,20260712,1,0.12,0.45,0.2,0.18,3,30,9,1849,1914472668,3073214855,true,false,768.7333333332915,789.7333333332915,9,8,7,180,19,5,3,8,43,37,6,8,6,0,0.13953488372093023,0.8604651162790697,18,2.25,167.7333333333248,0.2181944323996192,1,1,0,5,3,30,5,3,36,5,3,36,96.79999999991196,0.1259214291907691,2,5,2,0
difficulty-easy,20260712,1,0.12,0.45,0.2,0.18,3,30,9,1850,3506584565,456520286,false,false,853.6999999998809,874.6999999998809,9,8,7,179,23,7,3,16,58,48,10,16,10,0,0.1724137931034483,0.8275862068965517,21,2.625,167.7333333333248,0.1964780758268106,1,0,1,6,3,38,7,3,48,0,0,0,0,0,4,7,3,0
difficulty-easy,20260712,1,0.12,0.45,0.2,0.18,3,30,9,1851,57595965,3553974342,true,false,851.2999999998831,872.2999999998831,9,8,7,180,27,8,3,11,52,48,4,11,4,0,0.07692307692307693,0.9230769230769231,21,2.625,167.7333333333248,0.1970319902893784,1,1,0,6,3,35,8,3,46,8,3,47,168.49999999984675,0.1979325737106424,4,7,3,0
difficulty-easy,20260712,1,0.12,0.45,0.2,0.18,3,30,9,1852,3087864956,2793826468,true,false,760.4333333332991,781.4333333332991,9,8,7,180,21,6,3,5,45,36,9,5,9,0,0.2,0.8,18,2.25,167.7333333333248,0.22057598737561787,1,1,0,5,3,28,6,3,35,6,3,35,66.93333333327246,0.08801998860291343,5,13,2,0
difficulty-easy,20260712,1,0.12,0.45,0.2,0.18,3,30,9,1853,3743077935,2455343161,true,false,794.5999999999347,815.5999999999347,9,8,7,180,21,6,3,11,46,41,5,11,5,0,0.10869565217391304,0.8913043478260869,19,2.375,167.7333333333248,0.21109153452471507,1,1,0,5,3,37,6,3,40,6,3,41,92.39999999991596,0.11628492323171855,4,13,2,0
difficulty-easy,20260712,1,0.12,0.45,0.2,0.18,3,30,9,1854,1540921294,2548109878,true,false,784.7999999999436,805.7999999999436,9,8,7,180,24,8,3,3,40,36,4,3,4,0,0.1,0.9,21,2.625,167.7333333333248,0.21372748895685123,1,1,0,7,3,29,7,3,35,7,3,35,111.5999999998985,0.1422018348622662,2,5,2,0
difficulty-easy,20260712,1,0.12,0.45,0.2,0.18,3,30,9,1855,19280196,2774477500,false,false,801.4999999999284,822.4999999999284,9,8,7,179,31,10,3,5,53,45,8,5,8,0,0.1509433962264151,0.8490566037735849,26,3.25,167.7333333333248,0.20927427739655619,1,0,1,8,3,38,10,3,44,0,0,0,0,0,6,11,2,0
difficulty-easy,20260712,1,0.12,0.45,0.2,0.18,3,30,9,1856,2171280073,1061853348,true,false,831.8333333332341,852.8333333332341,9,8,7,180,20,6,3,5,44,35,9,5,9,0,0.20454545454545456,0.7954545454545454,17,2.125,167.7333333333248,0.2016429573231955,1,1,0,5,3,29,6,3,34,6,3,34,142.3999999998705,0.17118813864943394,5,5,2,0
difficulty-easy,20260712,1,0.12,0.45,0.2,0.18,3,30,9,1857,626778958,2879787608,true,false,819.166666666579,840.166666666579,9,8,7,180,21,6,3,12,50,43,7,12,7,0,0.14,0.86,18,2.25,167.7333333333248,0.20476093591048963,1,1,0,5,3,33,6,3,39,6,3,41,125.06666666655292,0.1526754832145265,4,5,3,0
difficulty-easy,20260712,1,0.12,0.45,0.2,0.18,3,30,9,1858,1145348893,3457901123,true,false,861.6999999998736,882.6999999998736,9,8,7,180,22,6,2,21,61,53,8,21,8,0,0.13114754098360656,0.8688524590163934,19,2.375,167.7333333333248,0.19465397856951305,1,1,0,5,2,41,5,2,49,6,2,52,160.76666666652045,0.18656918494434727,5,10,3,0
difficulty-easy,20260712,1,0.12,0.45,0.2,0.18,3,30,9,1859,605675832,280720741,true,false,765.9999999999607,786.9999999999607,9,8,7,180,23,7,3,16,52,49,3,16,3,0,0.057692307692307696,0.9423076923076923,21,2.625,167.7333333333248,0.21897302001740654,1,1,0,6,3,39,7,3,48,7,3,48,97.03333333324508,0.12667536988674943,3,5,2,0
difficulty-easy,20260712,1,0.12,0.45,0.2,0.18,3,30,9,1860,1889428623,4205402796,false,false,844.9999999998888,865.9999999998888,9,8,7,179,22,6,3,12,49,44,5,12,5,0,0.10204081632653061,0.8979591836734694,19,2.375,167.7333333333248,0.1985009861933099,1,0,1,5,3,34,6,3,41,0,0,0,0,0,6,8,2,0
difficulty-easy,20260712,1,0.12,0.45,0.2,0.18,3,30,9,1861,2261733733,962236815,true,false,764.5333333332953,785.5333333332953,9,8,7,180,27,7,3,21,59,58,1,21,1,0,0.01694915254237288,0.9830508474576272,22,2.75,167.7333333333248,0.219393093826299,1,1,0,6,3,45,7,3,56,7,3,57,77.3666666665963,0.10119462853147909,4,10,2,0
difficulty-easy,20260712,1,0.12,0.45,0.2,0.18,3,30,9,1862,748600116,3292689872,false,false,797.4666666665987,818.4666666665987,9,8,7,179,27,8,3,19,62,56,6,19,6,0,0.0967741935483871,0.9032258064516129,27,3.375,167.7333333333248,0.2103327202808967,1,0,1,8,3,47,8,3,55,0,0,0,0,0,5,10,2,0
difficulty-easy,20260712,1,0.12,0.45,0.2,0.18,3,30,9,1863,1476159003,2549667738,true,false,818.4999999999129,839.4999999999129,9,8,7,180,30,10,3,18,61,57,4,18,4,0,0.06557377049180328,0.9344262295081968,28,3.5,167.7333333333248,0.2049277132966923,1,1,0,9,3,46,9,3,54,9,3,56,130.59999999988122,0.15956017104446563,7,9,2,0
difficulty-easy,20260712,1,0.12,0.45,0.2,0.18,3,30,9,1864,2865287922,1200022779,true,false,789.3666666666061,810.3666666666061,9,8,7,180,29,9,3,16,59,55,4,16,4,0,0.06779661016949153,0.9322033898305084,26,3.25,167.7333333333248,0.2124910265613838,1,1,0,8,3,46,9,3,54,9,3,55,81.6999999999257,0.10350069676103031,6,6,3,0
difficulty-easy,20260712,1,0.12,0.45,0.2,0.18,3,30,9,1865,2321873103,1887158405,true,false,827.4666666665714,848.4666666665714,9,8,7,180,23,7,3,11,53,44,9,11,9,0,0.16981132075471697,0.8301886792452831,20,2.5,167.7333333333248,0.20270705768612324,1,1,0,6,3,35,7,3,43,7,3,43,154.6999999998593,0.18695617144683827,2,4,2,0
difficulty-easy,20260712,1,0.12,0.45,0.2,0.18,3,30,9,1866,518430146,844632601,true,false,761.4666666666315,782.4666666666315,9,8,7,180,24,7,3,7,45,41,4,7,4,0,0.08888888888888889,0.9111111111111111,21,2.625,167.7333333333248,0.22027665907896937,1,1,0,6,3,31,7,3,39,7,3,40,78.83333333326163,0.1035282787601978,5,9,2,0
difficulty-easy,20260712,1,0.12,0.45,0.2,0.18,3,30,9,1867,117694942,2763412574,true,false,809.0333333332549,830.0333333332549,9,8,7,180,26,7,3,15,57,51,6,15,6,0,0.10526315789473684,0.8947368421052632,20,2.5,167.7333333333248,0.20732561493140916,1,1,0,5,3,37,7,3,50,7,3,50,118.66666666655874,0.14667710436311265,5,13,3,0
difficulty-easy,20260712,1,0.12,0.45,0.2,0.18,3,30,9,1868,4767851,3928712672,true,false,790.7666666666048,811.7666666666048,9,8,7,180,23,8,3,7,43,39,4,7,4,0,0.09302325581395349,0.9069767441860465,16,2,167.7333333333248,0.21211482527505532,1,1,0,5,3,24,6,3,32,6,3,35,118.73333333322535,0.1501496438054647,2,7,3,0
difficulty-easy,20260712,1,0.12,0.45,0.2,0.18,3,30,9,1869,2919797180,910739264,true,false,810.0999999999206,831.0999999999206,9,8,7,180,25,8,3,6,45,41,4,6,4,0,0.08888888888888889,0.9111111111111111,21,2.625,167.7333333333248,0.20705262724767465,1,1,0,7,3,31,8,3,39,8,3,39,135.29999999987695,0.16701641772607112,3,7,3,0
difficulty-easy,20260712,1,0.12,0.45,0.2,0.18,3,30,9,1870,1264435784,4086449451,false,false,868.6999999998673,889.6999999998673,9,8,7,179,27,8,3,12,54,48,6,12,6,0,0.1111111111111111,0.8888888888888888,23,2.875,167.7333333333248,0.19308545335944563,1,0,1,7,3,39,8,3,47,0,0,0,0,0,5,10,2,0
difficulty-easy,20260712,1,0.12,0.45,0.2,0.18,3,30,9,1871,1957913990,4059227653,true,false,792.5333333332699,813.5333333332699,9,8,7,180,21,6,3,4,42,35,7,4,7,0,0.16666666666666666,0.8333333333333334,20,2.5,167.7333333333248,0.21164199192463606,1,1,0,6,3,31,6,3,35,6,3,35,85.56666666658884,0.1079660161506507,5,13,2,0
difficulty-easy,20260712,1,0.12,0.45,0.2,0.18,3,30,9,1872,230146081,2925463996,false,false,779.6666666666149,800.6666666666149,9,8,7,179,22,7,3,2,38,34,4,2,4,0,0.10526315789473684,0.8947368421052632,17,2.125,167.7333333333248,0.21513467293715596,1,0,1,5,3,24,7,3,34,0,0,0,0,0,5,14,2,0
difficulty-easy,20260712,1,0.12,0.45,0.2,0.18,3,30,9,1873,578133989,1656948009,true,false,799.7333333332633,820.7333333332633,9,8,7,180,22,7,3,9,44,40,4,9,4,0,0.09090909090909091,0.9090909090909091,20,2.5,167.7333333333248,0.20973657885962757,1,1,0,6,3,33,6,3,39,6,3,39,107.49999999990223,0.13441980660209024,5,7,2,0
difficulty-easy,20260712,1,0.12,0.45,0.2,0.18,3,30,9,1874,4155257858,1287167311,false,false,767.2666666666262,788.2666666666262,9,8,7,179,27,8,3,23,67,60,7,23,7,0,0.1044776119402985,0.8955223880597015,26,3.25,167.7333333333248,0.2186115214180211,1,0,1,8,3,48,8,3,60,0,0,0,0,0,2,4,3,0
difficulty-easy,20260712,1,0.12,0.45,0.2,0.18,3,30,9,1875,675434738,251592767,true,false,776.5333333332844,797.5333333332844,9,8,7,180,23,7,3,10,44,42,2,10,2,0,0.045454545454545456,0.9545454545454546,18,2.25,167.7333333333248,0.21600274725274987,1,1,0,5,3,26,6,3,40,6,3,40,84.63333333325636,0.10898866758232532,5,8,3,0
difficulty-easy,20260712,1,0.12,0.45,0.2,0.18,3,30,9,1876,3460671524,1109338226,false,false,773.8333333332869,794.8333333332869,9,8,7,179,24,7,3,6,40,38,2,6,2,0,0.05,0.95,17,2.125,167.7333333333248,0.21675640749515598,1,0,1,5,3,27,6,3,37,0,0,0,0,0,2,5,2,0
difficulty-easy,20260712,1,0.12,0.45,0.2,0.18,3,30,9,1877,1040358926,2708601683,true,false,802.8666666665938,823.8666666665938,9,8,7,180,21,6,3,10,43,39,4,10,4,0,0.09302325581395349,0.9069767441860465,16,2,167.7333333333248,0.20891804367683303,1,1,0,4,3,29,6,3,38,6,3,38,135.33333333321025,0.16856265050222852,2,7,4,0
difficulty-easy,20260712,1,0.12,0.45,0.2,0.18,3,30,9,1878,2158576150,2743295554,false,false,849.7333333332178,870.7333333332178,9,8,7,179,24,7,3,8,48,41,7,8,7,0,0.14583333333333334,0.8541666666666666,21,2.625,167.7333333333248,0.1973952612584508,1,0,1,6,3,32,7,3,41,0,0,0,0,0,5,8,2,0
difficulty-easy,20260712,1,0.12,0.45,0.2,0.18,3,30,9,1879,1163775419,637484700,true,false,773.5333333332871,794.5333333332871,9,8,7,180,21,6,3,10,47,41,6,10,6,0,0.1276595744680851,0.8723404255319149,21,2.625,167.7333333333248,0.21684047229165063,1,1,0,6,3,33,6,3,37,6,3,40,80.63333333326,0.10424028268542379,5,14,3,0
difficulty-easy,20260712,1,0.12,0.45,0.2,0.18,3,30,9,1880,2247694710,3020732361,true,false,773.3333333332873,794.3333333332873,9,8,7,180,19,5,3,10,43,39,4,10,4,0,0.09302325581395349,0.9069767441860465,13,1.625,167.7333333333248,0.2168965517241398,1,1,0,3,3,25,5,3,38,5,3,38,93.9666666665812,0.12150862068955189,5,11,2,0
difficulty-easy,20260712,1,0.12,0.45,0.2,0.18,3,30,9,1881,879216737,1037539263,true,false,841.5999999998919,862.5999999998919,9,8,7,180,24,7,3,14,55,48,7,14,7,0,0.12727272727272726,0.8727272727272727,23,2.875,167.7333333333248,0.19930291508239822,1,1,0,7,3,39,7,3,45,7,3,47,145.8999999998673,0.1733602661595604,5,9,2,0
difficulty-easy,20260712,1,0.12,0.45,0.2,0.18,3,30,9,1882,1038716194,2040970798,false,false,766.9666666666265,787.9666666666265,9,8,7,179,25,7,3,6,46,41,5,6,5,0,0.10869565217391304,0.8913043478260869,24,3,167.7333333333248,0.2186970315963322,1,0,1,7,3,35,7,3,41,0,0,0,0,0,2,7,3,0
difficulty-easy,20260712,1,0.12,0.45,0.2,0.18,3,30,9,1883,245018511,400411242,true,false,827.533333333238,848.533333333238,9,8,7,180,27,8,3,18,56,55,1,18,1,0,0.017857142857142856,0.9821428571428571,25,3.125,167.7333333333248,0.2026907274631565,1,1,0,7,3,43,8,3,54,8,3,54,159.33333333318842,0.1925400789493355,2,5,2,0
difficulty-easy,20260712,1,0.12,0.45,0.2,0.18,3,30,9,1884,1389788245,3935463547,false,false,835.5333333332308,856.5333333332308,9,8,7,179,26,8,3,13,54,49,5,13,5,0,0.09259259259259259,0.9074074074074074,22,2.75,167.7333333333248,0.20075001994735345,1,0,1,6,3,41,8,3,49,0,0,0,0,0,2,5,2,0
difficulty-easy,20260712,1,0.12,0.45,0.2,0.18,3,30,9,1885,2448229068,1612179615,true,false,775.1333333332857,796.1333333332857,9,8,7,180,24,6,3,13,54,47,7,13,7,0,0.12962962962962962,0.8703703703703703,19,2.375,167.7333333333248,0.21639287864453655,1,1,0,5,3,35,6,3,45,6,3,46,82.69999999992478,0.10669132192301953,5,10,2,0
difficulty-easy,20260712,1,0.12,0.45,0.2,0.18,3,30,9,1886,1629605149,2179350927,true,false,803.43333333326,824.43333333326,9,8,7,180,23,6,3,9,47,41,6,9,6,0,0.1276595744680851,0.8723404255319149,20,2.5,167.7333333333248,0.20877069244493232,1,1,0,5,3,33,6,3,40,6,3,40,110.19999999989977,0.13716134920952974,5,8,3,0
difficulty-easy,20260712,1,0.12,0.45,0.2,0.18,3,30,9,1887,737114249,577189969,true,false,763.1333333332966,784.1333333332966,9,8,7,180,21,6,3,8,47,39,8,8,8,0,0.1702127659574468,0.8297872340425532,18,2.25,167.7333333333248,0.21979557962784949,1,1,0,5,3,28,6,3,38,6,3,38,69.39999999993688,0.09094085786661163,6,14,2,0
difficulty-easy,20260712,1,0.12,0.45,0.2,0.18,3,30,9,1888,3720683939,3013109830,false,false,810.5333333332535,831.5333333332535,9,8,7,179,25,7,3,6,43,40,3,6,3,0,0.06976744186046512,0.9302325581395349,21,2.625,167.7333333333248,0.20694193123870042,1,0,1,6,3,30,7,3,38,0,0,0,0,0,5,10,2,0
difficulty-easy,20260712,1,0.12,0.45,0.2,0.18,3,30,9,1889,3401519197,2109355623,false,false,839.4999999998938,860.4999999998938,9,8,7,179,23,7,3,5,42,37,5,5,5,0,0.11904761904761904,0.8809523809523809,18,2.25,167.7333333333248,0.19980146912846458,1,0,1,6,3,26,7,3,37,0,0,0,0,0,5,8,2,0
difficulty-easy,20260712,1,0.12,0.45,0.2,0.18,3,30,9,1890,2679731136,321863445,true,false,798.1666666665981,819.1666666665981,9,8,7,180,21,6,2,8,47,39,8,8,8,0,0.1702127659574468,0.8297872340425532,17,2.125,167.7333333333248,0.21014825642097207,1,1,0,5,2,31,6,2,38,6,2,38,105.63333333323726,0.1323449571934596,4,11,2,0
difficulty-easy,20260712,1,0.12,0.45,0.2,0.18,3,30,9,1891,2163822087,982508716,false,false,838.1666666665617,859.1666666665617,9,8,7,179,23,7,3,11,54,44,10,11,10,0,0.18518518518518517,0.8148148148148148,19,2.375,167.7333333333248,0.20011930801353645,1,0,1,6,3,33,7,3,44,0,0,0,0,0,2,5,3,0
difficulty-easy,20260712,1,0.12,0.45,0.2,0.18,3,30,9,1892,2354122336,3148975637,true,false,757.7333333333015,778.7333333333015,9,8,7,180,21,7,3,8,43,38,5,8,5,0,0.11627906976744186,0.8837209302325582,17,2.125,167.7333333333248,0.2213619567130017,1,1,0,5,3,28,6,3,35,6,3,37,80.6666666665933,0.10645785676570037,5,10,3,0
difficulty-easy,20260712,1,0.12,0.45,0.2,0.18,3,30,9,1893,1949156611,2078755182,true,false,816.5999999999146,837.5999999999146,9,8,7,180,25,8,3,14,53,48,5,14,5,0,0.09433962264150944,0.9056603773584906,22,2.75,167.7333333333248,0.20540452281820026,1,1,0,6,3,43,7,3,47,7,3,47,124.06666666655383,0.15193076985864168,4,7,2,0
difficulty-easy,20260712,1,0.12,0.45,0.2,0.18,3,30,9,1894,396389976,2976334354,true,false,865.1333333332038,886.1333333332038,9,8,7,180,27,8,3,6,51,43,8,6,8,0,0.1568627450980392,0.8431372549019608,26,3.25,167.7333333333248,0.19388148262312155,1,1,0,8,3,38,8,3,43,8,3,43,152.5666666665279,0.1763504662093135,5,6,2,0
difficulty-easy,20260712,1,0.12,0.45,0.2,0.18,3,30,9,1895,2613548991,2701149397,true,false,787.9999999999407,808.9999999999407,9,8,7,180,20,6,3,5,41,35,6,5,6,0,0.14634146341463414,0.8536585365853658,20,2.5,167.7333333333248,0.21285956006768708,1,1,0,6,3,30,6,3,34,6,3,34,111.26666666656547,0.14120135363778408,3,5,2,0
difficulty-easy,20260712,1,0.12,0.45,0.2,0.18,3,30,9,1896,3347644810,2316163732,true,false,806.0999999999242,827.0999999999242,9,8,7,180,25,8,3,8,47,42,5,8,5,0,0.10638297872340426,0.8936170212765957,20,2.5,167.7333333333248,0.20808005623786202,1,1,0,6,3,33,8,3,40,8,3,41,116.93333333322698,0.14506057974598435,5,13,2,0
difficulty-easy,20260712,1,0.12,0.45,0.2,0.18,3,30,9,1897,3141400235,3777194159,true,false,766.9333333332931,787.9333333332931,9,8,7,180,22,7,2,7,42,38,4,7,4,0,0.09523809523809523,0.9047619047619048,18,2.25,167.7333333333248,0.2187065368567458,1,1,0,5,2,31,6,2,36,7,2,37,74.46666666659894,0.09709666203051483,5,11,2,0
difficulty-easy,20260712,1,0.12,0.45,0.2,0.18,3,30,9,1898,3606837506,2115172281,true,false,822.3666666665761,843.3666666665761,9,8,7,180,24,7,3,15,57,49,8,15,8,0,0.14035087719298245,0.8596491228070176,20,2.5,167.7333333333248,0.2039641684569048,1,1,0,6,3,36,7,3,47,7,3,48,129.89999999988186,0.15795873697851262,5,11,2,0
difficulty-easy,20260712,1,0.12,0.45,0.2,0.18,3,30,9,1899,3520368363,1912488539,false,false,852.2666666665489,873.2666666665489,9,8,7,179,29,9,3,11,57,50,7,11,7,0,0.12280701754385964,0.8771929824561403,28,3.5,167.7333333333248,0.19680851063831506,1,0,1,9,3,41,9,3,50,0,0,0,0,0,3,7,2,0
difficulty-easy,20260712,1,0.12,0.45,0.2,0.18,3,30,9,1900,2503614693,1101664883,true,false,792.766666666603,813.766666666603,9,8,7,180,24,7,3,10,49,44,5,10,5,0,0.10204081632653061,0.8979591836734694,21,2.625,167.7333333333248,0.21157969978556734,1,1,0,6,3,35,7,3,43,7,3,43,119.13333333322498,0.15027540680305415,3,7,3,0
difficulty-easy,20260712,1,0.12,0.45,0.2,0.18,3,30,9,1901,3633999699,1185419706,true,false,745.6999999999791,766.6999999999791,9,8,7,180,21,7,3,3,37,32,5,3,5,0,0.13513513513513514,0.8648648648648649,16,2,167.7333333333248,0.22493406642527758,1,1,0,4,3,27,6,3,31,6,3,31,57.53333333328101,0.07715345760129089,4,11,2,0
difficulty-easy,20260712,1,0.12,0.45,0.2,0.18,3,30,9,1902,63844658,3572219600,false,false,861.4666666665405,882.4666666665405,9,8,7,179,19,5,2,9,41,38,3,9,3,0,0.07317073170731707,0.926829268292683,18,2.25,167.7333333333248,0.19470670174897386,1,0,1,5,2,31,5,2,37,0,0,0,0,0,6,8,2,0
difficulty-easy,20260712,1,0.12,0.45,0.2,0.18,3,30,9,1903,4149766629,1688615080,false,false,857.8333333332105,878.8333333332105,9,8,7,179,24,7,3,5,44,38,6,5,6,0,0.13636363636363635,0.8636363636363636,19,2.375,167.7333333333248,0.1955313775014752,1,0,1,6,3,29,7,3,38,0,0,0,0,0,5,11,2,0
difficulty-easy,20260712,1,0.12,0.45,0.2,0.18,3,30,9,1904,2357857025,3030016823,false,false,832.2999999999004,853.2999999999004,9,8,7,179,24,7,3,12,56,46,10,12,10,0,0.17857142857142858,0.8214285714285714,21,2.625,167.7333333333248,0.2015298970723836,1,0,1,6,3,36,7,3,46,0,0,0,0,0,2,5,2,0
difficulty-easy,20260712,1,0.12,0.45,0.2,0.18,3,30,9,1905,362990516,2060602632,true,false,787.4333333332745,808.4333333332745,9,8,7,180,28,9,3,22,60,59,1,22,1,0,0.016666666666666666,0.9833333333333333,25,3.125,167.7333333333248,0.21301274181941834,1,1,0,8,3,50,8,3,58,8,3,58,92.7999999999156,0.11785124666628607,5,11,4,0
difficulty-easy,20260712,1,0.12,0.45,0.2,0.18,3,30,9,1906,2840093115,4013629138,true,false,786.8999999999417,807.8999999999417,9,8,7,180,21,6,3,6,41,37,4,6,4,0,0.0975609756097561,0.9024390243902439,18,2.25,167.7333333333248,0.21315711441522078,1,1,0,6,3,28,6,3,35,6,3,36,96.66666666657875,0.1228449188798906,5,11,2,0
difficulty-easy,20260712,1,0.12,0.45,0.2,0.18,3,30,9,1907,2444357562,4160517394,true,false,822.0666666665763,843.0666666665763,9,8,7,180,26,8,3,13,53,47,6,13,6,0,0.11320754716981132,0.8867924528301887,23,2.875,167.7333333333248,0.20403860189766834,1,1,0,6,3,39,6,3,45,7,3,46,155.33333333319206,0.18895466709902983,2,4,2,0
difficulty-easy,20260712,1,0.12,0.45,0.2,0.18,3,30,9,1908,2389026643,825114330,true,false,831.4666666665678,852.4666666665678,9,8,7,180,29,9,3,15,62,54,8,15,8,0,0.12903225806451613,0.8709677419354839,25,3.125,167.7333333333248,0.20173187940989185,1,1,0,8,3,45,9,3,52,9,3,53,137.63333333320816,0.16553078896715587,5,11,2,0
difficulty-easy,20260712,1,0.12,0.45,0.2,0.18,3,30,9,1909,6306552,4150264380,true,false,812.8666666665847,833.8666666665847,9,8,7,180,25,7,3,9,52,44,8,9,8,0,0.15384615384615385,0.8461538461538461,23,2.875,167.7333333333248,0.20634790453539945,1,1,0,7,3,37,7,3,44,7,3,44,120.69999999989022,0.14848683670946738,4,7,3,0
difficulty-easy,20260712,1,0.12,0.45,0.2,0.18,3,30,9,1910,1579695369,1393311197,true,false,807.8999999999226,828.8999999999226,9,8,7,180,23,6,2,30,70,63,7,30,7,0,0.1,0.9,20,2.5,167.7333333333248,0.20761645418163246,1,1,0,5,2,50,6,2,62,6,2,63,107.89999999990187,0.13355613318469142,4,6,2,0
difficulty-easy,20260712,1,0.12,0.45,0.2,0.18,3,30,9,1911,3530262091,3189350107,true,false,817.5999999999137,838.5999999999137,9,8,7,180,25,7,3,20,65,55,10,20,10,0,0.15384615384615385,0.8461538461538461,24,3,167.7333333333248,0.2051532941944013,1,1,0,7,3,43,7,3,53,7,3,54,124.76666666655319,0.1526011089366027,6,9,3,0
difficulty-easy,20260712,1,0.12,0.45,0.2,0.18,3,30,9,1912,1232817110,923437173,false,false,833.466666666566,854.466666666566,9,8,7,179,22,6,2,9,47,41,6,9,6,0,0.1276595744680851,0.8723404255319149,18,2.25,167.7333333333248,0.20124780035195775,1,0,1,5,2,28,6,2,41,0,0,0,0,0,3,4,2,0
difficulty-easy,20260712,1,0.12,0.45,0.2,0.18,3,30,9,1913,3129700173,2513117823,false,false,845.4999999998884,866.4999999998884,9,8,7,179,23,7,3,7,46,40,6,7,6,0,0.13043478260869565,0.8695652173913043,19,2.375,167.7333333333248,0.19838359944807443,1,0,1,5,3,33,7,3,40,0,0,0,0,0,5,8,2,0
difficulty-easy,20260712,1,0.12,0.45,0.2,0.18,3,30,9,1914,2008673704,592269014,false,false,799.9333333332631,820.9333333332631,9,8,7,179,28,8,3,18,63,56,7,18,7,0,0.1111111111111111,0.8888888888888888,21,2.625,167.7333333333248,0.2096841403450365,1,0,1,6,3,36,8,3,52,0,0,0,0,0,5,7,2,0
difficulty-easy,20260712,1,0.12,0.45,0.2,0.18,3,30,9,1915,892463199,4264995165,false,false,857.566666666544,878.566666666544,9,8,7,179,27,8,3,22,61,58,3,22,3,0,0.04918032786885246,0.9508196721311475,22,2.75,167.7333333333248,0.19559217942241472,1,0,1,6,3,46,8,3,58,0,0,0,0,0,5,10,2,0
difficulty-easy,20260712,1,0.12,0.45,0.2,0.18,3,30,9,1916,2837834451,2300670102,false,false,856.8666666665447,877.8666666665447,9,8,7,179,17,5,3,2,38,29,9,2,9,0,0.23684210526315788,0.7631578947368421,15,1.875,167.7333333333248,0.1957519645219194,1,0,1,5,3,22,5,3,29,0,0,0,0,0,5,9,2,0
difficulty-easy,20260712,1,0.12,0.45,0.2,0.18,3,30,9,1917,454577315,3875345309,false,false,853.5333333332144,874.5333333332144,9,8,7,179,23,7,3,6,47,38,9,6,9,0,0.19148936170212766,0.8085106382978723,18,2.25,167.7333333333248,0.19651644145905042,1,0,1,5,3,29,7,3,37,0,0,0,0,0,5,14,2,0
difficulty-easy,20260712,1,0.12,0.45,0.2,0.18,3,30,9,1918,2538964084,2580948880,false,false,792.0666666666036,813.0666666666036,9,8,7,179,26,7,3,18,65,54,11,18,11,0,0.16923076923076924,0.8307692307692308,22,2.75,167.7333333333248,0.2117666863058726,1,0,1,6,3,43,7,3,53,0,0,0,0,0,5,11,2,0
difficulty-easy,20260712,1,0.12,0.45,0.2,0.18,3,30,9,1919,681614384,4120125747,false,false,860.7333333332078,881.7333333332078,9,8,7,179,26,7,2,18,65,54,11,18,11,0,0.16923076923076924,0.8307692307692308,25,3.125,167.7333333333248,0.19487258926498635,1,0,1,7,2,41,7,2,54,0,0,0,0,0,5,10,3,0
difficulty-easy,20260712,1,0.12,0.45,0.2,0.18,3,30,9,1920,1209994700,3414604859,false,false,769.1999999999578,790.1999999999578,9,8,7,179,26,8,3,18,60,53,7,18,7,0,0.11666666666666667,0.8833333333333333,24,3,167.7333333333248,0.21806205581556684,1,0,1,7,3,48,8,3,53,0,0,0,0,0,2,4,3,0
difficulty-easy,20260712,1,0.12,0.45,0.2,0.18,3,30,9,1921,969259287,4255921551,true,false,816.533333333248,837.533333333248,9,8,7,180,20,6,2,9,44,38,6,9,6,0,0.13636363636363635,0.8636363636363636,18,2.25,167.7333333333248,0.205421293272382,1,1,0,5,2,32,6,2,37,6,2,37,126.83333333321798,0.15533148269092656,6,9,2,0
difficulty-easy,20260712,1,0.12,0.45,0.2,0.18,3,30,9,1922,4006117335,446466918,false,false,840.5666666665595,861.5666666665595,9,8,7,179,27,8,3,15,58,50,8,15,8,0,0.13793103448275862,0.8620689655172413,24,3,167.7333333333248,0.19954792401952592,1,0,1,7,3,41,8,3,50,0,0,0,0,0,4,7,2,0
difficulty-easy,20260712,1,0.12,0.45,0.2,0.18,3,30,9,1923,282321776,4152616463,true,false,785.1999999999432,806.1999999999432,9,8,7,180,28,9,3,7,49,44,5,7,5,0,0.10204081632653061,0.8979591836734694,23,2.875,167.7333333333248,0.21361861096960894,1,1,0,7,3,33,8,3,43,8,3,43,111.06666666656565,0.14145016131759258,2,5,3,0
difficulty-easy,20260712,1,0.12,0.45,0.2,0.18,3,30,9,1924,1257887461,540855222,true,false,767.6333333332925,788.6333333332925,9,8,7,180,20,6,2,10,46,38,8,10,8,0,0.17391304347826086,0.8260869565217391,16,2,167.7333333333248,0.21850709974380178,1,1,0,4,2,29,5,2,36,6,2,37,80.7333333332599,0.10517173997993512,4,8,3,0
difficulty-easy,20260712,1,0.12,0.45,0.2,0.18,3,30,9,1925,3988968780,1568817799,false,false,832.8333333332332,853.8333333332332,9,8,7,179,24,7,3,13,60,47,13,13,13,0,0.21666666666666667,0.7833333333333333,24,3,167.7333333333248,0.20140084050431653,1,0,1,7,3,39,7,3,47,0,0,0,0,0,3,7,3,0
difficulty-easy,20260712,1,0.12,0.45,0.2,0.18,3,30,9,1926,3368750376,147010887,true,false,780.999999999947,801.999999999947,9,8,7,180,24,7,3,13,49,47,2,13,2,0,0.04081632653061224,0.9591836734693877,21,2.625,167.7333333333248,0.2147673922321846,1,1,0,6,3,41,7,3,45,7,3,46,89.79999999991833,0.11498079385393652,5,10,2,0
difficulty-easy,20260712,1,0.12,0.45,0.2,0.18,3,30,9,1927,2319817613,3227014475,true,false,783.4333333332781,804.4333333332781,9,8,7,180,22,6,3,10,47,42,5,10,5,0,0.10638297872340426,0.8936170212765957,21,2.625,167.7333333333248,0.2141003276177551,1,1,0,6,3,34,6,3,40,6,3,40,102.56666666657338,0.13091945709047434,2,6,2,0
difficulty-easy,20260712,1,0.12,0.45,0.2,0.18,3,30,9,1928,1825442463,1305813918,false,false,820.3333333332446,841.3333333332446,9,8,7,179,24,7,3,9,51,43,8,9,8,0,0.1568627450980392,0.8431372549019608,21,2.625,167.7333333333248,0.20446972775295766,1,0,1,6,3,37,7,3,43,0,0,0,0,0,5,11,3,0
difficulty-easy,20260712,1,0.12,0.45,0.2,0.18,3,30,9,1929,1776887624,309854822,true,false,839.5666666665604,860.5666666665604,9,8,7,180,25,8,3,14,55,48,7,14,7,0,0.12727272727272726,0.8727272727272727,20,2.5,167.7333333333248,0.1997856036844555,1,1,0,6,3,37,7,3,46,8,3,47,141.3333333332048,0.16834081073556517,5,11,2,0
difficulty-easy,20260712,1,0.12,0.45,0.2,0.18,3,30,9,1930,3460924534,3366903134,true,false,794.6666666666013,815.6666666666013,9,8,7,180,21,7,3,7,39,37,2,7,2,0,0.05128205128205128,0.9487179487179487,20,2.5,167.7333333333248,0.21107382550336234,1,1,0,6,3,32,6,3,36,6,3,36,99.56666666657611,0.12529362416097017,5,13,2,0
difficulty-easy,20260712,1,0.12,0.45,0.2,0.18,3,30,9,1931,3989160910,2823630098,false,false,805.633333333258,826.633333333258,9,8,7,179,25,7,3,15,58,50,8,15,8,0,0.13793103448275862,0.8620689655172413,25,3.125,167.7333333333248,0.2082005875294888,1,0,1,7,3,48,7,3,50,0,0,0,0,0,3,7,2,0
difficulty-easy,20260712,1,0.12,0.45,0.2,0.18,3,30,9,1932,4243440090,543846488,false,false,846.7333333332206,867.7333333332206,9,8,7,179,19,5,3,12,48,41,7,12,7,0,0.14583333333333334,0.8541666666666666,17,2.125,167.7333333333248,0.1980946382174795,1,0,1,4,3,34,5,3,41,0,0,0,0,0,3,5,2,0
difficulty-easy,20260712,1,0.12,0.45,0.2,0.18,3,30,9,1933,1953568089,2420617768,true,false,844.5999999998892,865.5999999998892,9,8,7,180,24,7,3,3,43,37,6,3,6,0,0.13953488372093023,0.8604651162790697,20,2.5,167.7333333333248,0.1985949956587104,1,1,0,6,3,29,7,3,35,7,3,36,152.4999999998613,0.18055884442325518,5,13,3,0
difficulty-easy,20260712,1,0.12,0.45,0.2,0.18,3,30,9,1934,4167934363,1773254728,true,false,820.0666666665782,841.0666666665782,9,8,7,180,23,7,3,8,46,41,5,8,5,0,0.10869565217391304,0.8913043478260869,20,2.5,167.7333333333248,0.20453621656777038,1,1,0,6,3,32,7,3,39,7,3,40,116.93333333322698,0.14259003333050924,5,13,2,0
difficulty-easy,20260712,1,0.12,0.45,0.2,0.18,3,30,9,1935,1086645789,1296996470,false,false,779.9999999999479,800.9999999999479,9,8,7,179,27,8,3,15,58,52,6,15,6,0,0.10344827586206896,0.896551724137931,27,3.375,167.7333333333248,0.21504273504273844,1,0,1,8,3,45,8,3,52,0,0,0,0,0,3,4,2,0
difficulty-easy,20260712,1,0.12,0.45,0.2,0.18,3,30,9,1936,2932587008,393191149,true,false,793.099999999936,814.099999999936,9,8,7,180,25,8,3,11,50,46,4,11,4,0,0.08,0.92,20,2.5,167.7333333333248,0.211490774597577,1,1,0,6,3,37,8,3,44,8,3,45,93.26666666658184,0.11759761274314634,5,8,2,0
difficulty-easy,20260712,1,0.12,0.45,0.2,0.18,3,30,9,1937,937508098,810893391,false,false,795.4333333332672,816.4333333332672,9,8,7,179,24,7,3,35,78,69,9,35,9,0,0.11538461538461539,0.8846153846153846,24,3,167.7333333333248,0.21087038511503842,1,0,1,7,3,59,7,3,69,0,0,0,0,0,2,5,2,0
difficulty-easy,20260712,1,0.12,0.45,0.2,0.18,3,30,9,1938,1508356072,2602472588,false,false,778.7333333332824,799.7333333332824,9,8,7,179,25,8,3,13,52,47,5,13,5,0,0.09615384615384616,0.9038461538461539,21,2.625,167.7333333333248,0.2153925177638932,1,0,1,6,3,37,8,3,47,0,0,0,0,0,2,5,2,0
difficulty-easy,20260712,1,0.12,0.45,0.2,0.18,3,30,9,1939,302588057,2822894328,false,false,828.4666666665705,849.4666666665705,9,8,7,179,29,9,3,10,55,49,6,10,6,0,0.10909090909090909,0.8909090909090909,25,3.125,167.7333333333248,0.20246238030097077,1,0,1,8,3,36,9,3,48,0,0,0,0,0,3,5,2,0
difficulty-easy,20260712,1,0.12,0.45,0.2,0.18,3,30,9,1940,2150206868,2835348251,false,false,830.3333333332355,851.3333333332355,9,8,7,179,25,7,3,7,50,42,8,7,8,0,0.16,0.84,19,2.375,167.7333333333248,0.20200722601366267,1,0,1,5,3,30,7,3,42,0,0,0,0,0,3,5,2,0
difficulty-easy,20260712,1,0.12,0.45,0.2,0.18,3,30,9,1941,2797349385,663688162,true,false,779.7333333332815,800.7333333332815,9,8,7,180,19,6,3,2,38,30,8,2,8,0,0.21052631578947367,0.7894736842105263,16,2,167.7333333333248,0.2151162790697708,1,1,0,5,3,25,6,3,30,6,3,30,78.16666666659557,0.10024794801633136,4,9,2,0
difficulty-easy,20260712,1,0.12,0.45,0.2,0.18,3,30,9,1942,902994328,2408804527,true,false,775.1333333332857,796.1333333332857,9,8,7,180,19,5,3,12,45,41,4,12,4,0,0.08888888888888889,0.9111111111111111,18,2.25,167.7333333333248,0.21639287864453655,1,1,0,5,3,33,5,3,40,5,3,40,106.56666666656974,0.13748172357432223,2,7,3,0
difficulty-easy,20260712,1,0.12,0.45,0.2,0.18,3,30,9,1943,1115506007,2002731746,true,false,772.6999999999546,793.6999999999546,9,8,7,180,22,7,3,6,42,37,5,6,5,0,0.11904761904761904,0.8809523809523809,20,2.5,167.7333333333248,0.21707432811354296,1,1,0,6,3,31,6,3,34,6,3,36,82.16666666659194,0.10633708640688076,5,8,2,0
difficulty-easy,20260712,1,0.12,0.45,0.2,0.18,3,30,9,1944,3397948275,4125296442,false,false,846.9666666665537,867.9666666665537,9,8,7,179,27,8,3,23,67,60,7,23,7,0,0.1044776119402985,0.8955223880597015,24,3,167.7333333333248,0.19804006454407552,1,0,1,7,3,43,8,3,60,0,0,0,0,0,4,7,3,0
difficulty-easy,20260712,1,0.12,0.45,0.2,0.18,3,30,9,1945,2388934081,1770773295,true,false,797.8999999999317,818.8999999999317,9,8,7,180,23,6,2,11,49,44,5,11,5,0,0.10204081632653061,0.8979591836734694,18,2.25,167.7333333333248,0.21021849020345804,1,1,0,5,2,31,6,2,42,6,2,43,114.33333333322935,0.14329281029356955,5,11,2,0
difficulty-easy,20260712,1,0.12,0.45,0.2,0.18,3,30,9,1946,1995358872,940362822,false,false,864.0999999998714,885.0999999998714,9,8,7,179,26,8,3,8,50,44,6,8,6,0,0.12,0.88,22,2.75,167.7333333333248,0.19411333564789926,1,0,1,7,3,36,8,3,43,0,0,0,0,0,6,10,2,0
difficulty-easy,20260712,1,0.12,0.45,0.2,0.18,3,30,9,1947,2523891223,2964921136,true,false,796.6666666665994,817.6666666665994,9,8,7,180,23,7,3,2,41,35,6,2,6,0,0.14634146341463414,0.8536585365853658,19,2.375,167.7333333333248,0.21054393305440036,1,1,0,6,3,29,7,3,35,7,3,35,123.49999999988768,0.15502092050196414,2,7,2,0
difficulty-easy,20260712,1,0.12,0.45,0.2,0.18,3,30,9,1948,361218538,3530741871,true,false,821.7999999999099,842.7999999999099,9,8,7,180,20,6,3,7,47,37,10,7,10,0,0.2127659574468085,0.7872340425531915,18,2.25,167.7333333333248,0.20410481057841712,1,1,0,5,3,31,6,3,35,6,3,36,155.6666666665251,0.1894215948728914,3,4,2,0
difficulty-easy,20260712,1,0.12,0.45,0.2,0.18,3,30,9,1949,1282394568,1490318912,true,false,766.6666666666267,787.6666666666267,9,8,7,180,25,8,3,6,43,41,2,6,2,0,0.046511627906976744,0.9534883720930233,20,2.5,167.7333333333248,0.21878260869565244,1,1,0,6,3,30,8,3,40,8,3,40,96.96666666657848,0.12647826086945677,2,5,3,0
difficulty-easy,20260712,1,0.12,0.45,0.2,0.18,3,30,9,1950,1339215390,2366892860,false,false,857.2999999998776,878.2999999998776,9,8,7,179,23,6,3,10,50,43,7,10,7,0,0.14,0.86,18,2.25,167.7333333333248,0.19565301916872593,1,0,1,5,3,34,6,3,41,0,0,0,0,0,5,7,2,0
difficulty-easy,20260712,1,0.12,0.45,0.2,0.18,3,30,9,1951,125813118,3638391591,true,false,744.5999999999801,765.5999999999801,9,8,7,180,21,7,3,5,41,36,5,5,5,0,0.12195121951219512,0.8780487804878049,17,2.125,167.7333333333248,0.22526636225265817,1,1,0,5,3,28,7,3,35,7,3,35,51.9666666666194,0.06979138687432285,4,13,1,0
difficulty-easy,20260712,1,0.12,0.45,0.2,0.18,3,30,9,1952,3617027581,225791124,false,false,831.7666666665675,852.7666666665675,9,8,7,179,25,8,3,22,63,57,6,22,6,0,0.09523809523809523,0.9047619047619048,21,2.625,167.7333333333248,0.20165911914400447,1,0,1,7,3,45,8,3,56,0,0,0,0,0,3,5,2,0
difficulty-easy,20260712,1,0.12,0.45,0.2,0.18,3,30,9,1953,2651965194,2059781020,false,false,811.1999999999196,832.1999999999196,9,8,7,179,21,6,3,18,54,49,5,18,5,0,0.09259259259259259,0.9074074074074074,21,2.625,167.7333333333248,0.20677186061802444,1,0,1,6,3,43,6,3,49,0,0,0,0,0,3,7,3,0
difficulty-easy,20260712,1,0.12,0.45,0.2,0.18,3,30,9,1954,274993658,760634506,true,false,795.0333333332676,816.0333333332676,9,8,7,180,16,4,3,1,34,27,7,1,7,0,0.20588235294117646,0.7941176470588235,16,2,167.7333333333248,0.21097647897363464,1,1,0,4,3,25,4,3,27,4,3,27,108.46666666656802,0.13643033835048046,6,14,3,0
difficulty-easy,20260712,1,0.12,0.45,0.2,0.18,3,30,9,1955,2625751527,4231601307,true,false,766.2666666666271,787.2666666666271,9,8,7,180,29,9,3,9,50,47,3,9,3,0,0.06,0.94,24,3,167.7333333333248,0.2188968157299462,1,1,0,7,3,38,8,3,45,8,3,46,79.29999999992788,0.10348877675299979,5,8,2,0
difficulty-easy,20260712,1,0.12,0.45,0.2,0.18,3,30,9,1956,649042797,3731257903,false,false,833.6666666665658,854.6666666665658,9,8,7,179,26,8,3,8,52,44,8,8,8,0,0.15384615384615385,0.8461538461538461,25,3.125,167.7333333333248,0.20119952019193732,1,0,1,8,3,37,8,3,44,0,0,0,0,0,2,5,2,0
difficulty-easy,20260712,1,0.12,0.45,0.2,0.18,3,30,9,1957,2876888917,3264017604,true,false,788.4333333332736,809.4333333332736,9,8,7,180,17,5,2,5,40,31,9,5,9,0,0.225,0.775,13,1.625,167.7333333333248,0.21274256965290345,1,1,0,3,2,24,5,2,30,5,2,30,110.16666666656647,0.13972857565624844,3,7,2,0
difficulty-easy,20260712,1,0.12,0.45,0.2,0.18,3,30,9,1958,1941059385,3013598453,true,false,785.7666666666094,806.7666666666094,9,8,7,180,22,6,3,6,45,38,7,6,7,0,0.15555555555555556,0.8444444444444444,16,2,167.7333333333248,0.21346455690833202,1,1,0,4,3,29,6,3,36,6,3,37,84.19999999992342,0.10715649259737356,5,9,2,0
difficulty-easy,20260712,1,0.12,0.45,0.2,0.18,3,30,9,1959,1811961343,4154823530,true,false,754.8666666666375,775.8666666666375,9,8,7,180,23,7,3,7,45,38,7,7,7,0,0.15555555555555556,0.8444444444444444,15,1.875,167.7333333333248,0.22220259648502774,1,1,0,4,3,28,6,3,36,7,3,37,57.89999999994734,0.07670228737960291,4,11,3,0
difficulty-easy,20260712,1,0.12,0.45,0.2,0.18,3,30,9,1960,3276756015,2733749387,true,false,778.6333333332825,799.6333333332825,9,8,7,180,21,6,3,8,51,39,12,8,12,0,0.23529411764705882,0.7647058823529411,19,2.375,167.7333333333248,0.2154201806584217,1,1,0,5,3,31,6,3,37,6,3,37,112.16666666656465,0.1440558243074258,2,7,3,0
difficulty-easy,20260712,1,0.12,0.45,0.2,0.18,3,30,9,1961,2527668012,3319140366,true,false,775.8999999999517,796.8999999999517,9,8,7,180,20,6,3,9,46,39,7,9,7,0,0.15217391304347827,0.8478260869565217,13,1.625,167.7333333333248,0.21617906087554484,1,1,0,3,3,23,6,3,37,6,3,37,107.0999999999026,0.13803325170757735,2,7,3,0
difficulty-easy,20260712,1,0.12,0.45,0.2,0.18,3,30,9,1962,2827620923,4237081593,false,false,773.4999999999538,794.4999999999538,9,8,7,179,22,7,3,2,36,34,2,2,2,0,0.05555555555555555,0.9444444444444444,19,2.375,167.7333333333248,0.21684981684981874,1,0,1,6,3,29,7,3,34,0,0,0,0,0,3,5,3,0
difficulty-easy,20260712,1,0.12,0.45,0.2,0.18,3,30,9,1963,2640353538,3566470281,true,false,773.3333333332873,794.3333333332873,9,8,7,180,26,8,3,22,61,58,3,22,3,0,0.04918032786885246,0.9508196721311475,24,3,167.7333333333248,0.2168965517241398,1,1,0,7,3,49,8,3,56,8,3,56,81.63333333325909,0.10556034482749647,4,8,3,0
difficulty-easy,20260712,1,0.12,0.45,0.2,0.18,3,30,9,1964,1006780409,2639703657,false,false,848.4666666665523,869.4666666665523,9,8,7,179,28,9,3,17,64,55,9,17,9,0,0.140625,0.859375,26,3.25,167.7333333333248,0.19768995049895585,1,0,1,8,3,49,9,3,54,0,0,0,0,0,5,8,3,0
difficulty-easy,20260712,1,0.12,0.45,0.2,0.18,3,30,9,1965,2719590382,1114403714,false,false,736.1999999999878,757.1999999999878,9,8,7,179,29,9,3,17,61,56,5,17,5,0,0.08196721311475409,0.9180327868852459,28,3.5,167.7333333333248,0.22783663859457698,1,0,1,9,3,44,9,3,55,0,0,0,0,0,5,7,2,0
difficulty-easy,20260712,1,0.12,0.45,0.2,0.18,3,30,9,1966,978963339,3120626463,false,false,769.6999999999573,790.6999999999573,9,8,7,179,26,8,3,15,58,51,7,15,7,0,0.1206896551724138,0.8793103448275862,23,2.875,167.7333333333248,0.21792040188818254,1,0,1,7,3,43,8,3,51,0,0,0,0,0,3,5,4,0
difficulty-easy,20260712,1,0.12,0.45,0.2,0.18,3,30,9,1967,3691037864,1415371946,false,false,858.1999999998768,879.1999999998768,9,8,7,179,30,8,3,16,59,55,4,16,4,0,0.06779661016949153,0.9322033898305084,24,3,167.7333333333248,0.1954478365571532,1,0,1,7,3,46,8,3,54,0,0,0,0,0,5,14,2,0
difficulty-easy,20260712,1,0.12,0.45,0.2,0.18,3,30,9,1968,979213679,176129188,true,false,792.4666666666033,813.4666666666033,9,8,7,180,25,8,3,6,43,40,3,6,3,0,0.06976744186046512,0.9302325581395349,21,2.625,167.7333333333248,0.2116597964162592,1,1,0,6,3,31,7,3,38,7,3,39,84.79999999992287,0.1070076554218007,4,12,2,0
difficulty-easy,20260712,1,0.12,0.45,0.2,0.18,3,30,9,1969,3855909860,3665462404,false,false,835.0999999998978,856.0999999998978,9,8,7,179,24,7,3,15,56,49,7,15,7,0,0.125,0.875,20,2.5,167.7333333333248,0.20085418911908193,1,0,1,6,3,38,7,3,48,0,0,0,0,0,2,5,2,0
difficulty-easy,20260712,1,0.12,0.45,0.2,0.18,3,30,9,1970,1918173057,3145278059,false,false,785.7666666666094,806.7666666666094,9,8,7,179,25,7,3,5,44,40,4,5,4,0,0.09090909090909091,0.9090909090909091,24,3,167.7333333333248,0.21346455690833202,1,0,1,7,3,34,7,3,40,0,0,0,0,0,3,7,2,0
difficulty-easy,20260712,1,0.12,0.45,0.2,0.18,3,30,9,1971,1175904418,3650563904,true,false,742.0666666666491,763.0666666666491,9,8,7,180,16,5,3,2,35,28,7,2,7,0,0.2,0.8,14,1.75,167.7333333333248,0.2260353966400082,1,1,0,4,3,24,4,3,26,4,3,26,64.66666666660785,0.08714401221805236,6,10,2,0
difficulty-easy,20260712,1,0.12,0.45,0.2,0.18,3,30,9,1972,739057826,1660827684,false,false,769.9333333332904,790.9333333332904,9,8,7,179,20,6,3,8,46,38,8,8,8,0,0.17391304347826086,0.8260869565217391,20,2.5,167.7333333333248,0.21785435968482225,1,0,1,6,3,34,6,3,38,0,0,0,0,0,2,7,2,0
difficulty-easy,20260712,1,0.12,0.45,0.2,0.18,3,30,9,1973,2400698890,3022870263,false,false,770.7333333332897,791.7333333332897,9,8,7,179,25,7,3,18,60,53,7,18,7,0,0.11666666666666667,0.8833333333333333,22,2.75,167.7333333333248,0.21762823285183067,1,0,1,6,3,43,7,3,51,0,0,0,0,0,2,4,2,0
difficulty-easy,20260712,1,0.12,0.45,0.2,0.18,3,30,9,1974,3098491239,1488967890,true,false,777.1999999999505,798.1999999999505,9,8,7,180,22,7,3,3,41,35,6,3,6,0,0.14634146341463414,0.8536585365853658,20,2.5,167.7333333333248,0.21581746440213007,1,1,0,6,3,30,7,3,34,7,3,35,79.26666666659457,0.10199004975115752,5,9,1,0
difficulty-easy,20260712,1,0.12,0.45,0.2,0.18,3,30,9,1975,3667578246,52116476,false,false,831.1666666665681,852.1666666665681,9,8,7,179,20,6,3,4,34,32,2,4,2,0,0.058823529411764705,0.9411764705882353,15,1.875,167.7333333333248,0.20180469219973293,1,0,1,4,3,24,6,3,32,0,0,0,0,0,3,6,2,0
difficulty-easy,20260712,1,0.12,0.45,0.2,0.18,3,30,9,1976,2433988340,1275836857,false,false,784.2666666666107,805.2666666666107,9,8,7,179,22,6,3,5,42,36,6,5,6,0,0.14285714285714285,0.8571428571428571,14,1.75,167.7333333333248,0.21387283236994656,1,0,1,4,3,22,6,3,36,0,0,0,0,0,5,14,2,0
difficulty-easy,20260712,1,0.12,0.45,0.2,0.18,3,30,9,1977,616525279,3789547306,false,false,768.7333333332915,789.7333333332915,9,8,7,179,25,7,3,15,53,50,3,15,3,0,0.05660377358490566,0.9433962264150944,22,2.75,167.7333333333248,0.2181944323996192,1,0,1,6,3,38,7,3,49,0,0,0,0,0,5,11,2,0
difficulty-easy,20260712,1,0.12,0.45,0.2,0.18,3,30,9,1978,2374028774,2063803806,true,false,794.2333333332683,815.2333333332683,9,8,7,180,26,8,3,10,49,45,4,10,4,0,0.08163265306122448,0.9183673469387755,24,3,167.7333333333248,0.21118898728334057,1,1,0,8,3,38,8,3,41,8,3,41,110.59999999989941,0.1392537877196984,5,11,2,0
difficulty-easy,20260712,1,0.12,0.45,0.2,0.18,3,30,9,1979,1288862769,3335336247,true,false,821.4999999999102,842.4999999999102,9,8,7,180,24,7,3,7,48,41,7,7,7,0,0.14583333333333334,0.8541666666666666,23,2.875,167.7333333333248,0.20417934672348526,1,1,0,7,3,34,7,3,39,7,3,40,154.29999999985966,0.1878271454654614,2,5,2,0
difficulty-easy,20260712,1,0.12,0.45,0.2,0.18,3,30,9,1980,4256400196,964965070,false,false,827.0333333332385,848.0333333332385,9,8,7,179,24,7,3,14,55,48,7,14,7,0,0.12727272727272726,0.8727272727272727,23,2.875,167.7333333333248,0.20281326830842453,1,0,1,7,3,39,7,3,47,0,0,0,0,0,3,5,2,0
difficulty-easy,20260712,1,0.12,0.45,0.2,0.18,3,30,9,1981,2415560653,3624147960,false,false,833.9333333332322,854.9333333332322,9,8,7,179,28,8,2,13,60,51,9,13,9,0,0.15,0.85,25,3.125,167.7333333333248,0.20113518266849284,1,0,1,7,2,42,8,2,51,0,0,0,0,0,6,8,2,0
difficulty-easy,20260712,1,0.12,0.45,0.2,0.18,3,30,9,1982,1736542044,1190940629,true,false,768.7999999999581,789.7999999999581,9,8,7,180,21,6,3,6,45,37,8,6,8,0,0.17777777777777778,0.8222222222222222,19,2.375,167.7333333333248,0.21817551161984122,1,1,0,6,3,30,6,3,34,6,3,36,71.16666666660194,0.09256850502940403,5,14,3,0
difficulty-easy,20260712,1,0.12,0.45,0.2,0.18,3,30,9,1983,2752096292,992585380,true,false,784.4666666666105,805.4666666666105,9,8,7,180,23,7,3,9,47,42,5,9,5,0,0.10638297872340426,0.8936170212765957,18,2.25,167.7333333333248,0.21381830543044547,1,1,0,5,3,27,7,3,39,7,3,41,91.99999999991633,0.11727713095936464,5,10,3,0
difficulty-easy,20260712,1,0.12,0.45,0.2,0.18,3,30,9,1984,327723275,4047953829,false,false,841.6333333332252,862.6333333332252,9,8,7,179,26,7,3,10,53,46,7,10,7,0,0.1320754716981132,0.8679245283018868,18,2.25,167.7333333333248,0.19929502158502874,1,0,1,5,3,34,7,3,46,0,0,0,0,0,6,14,3,0
difficulty-easy,20260712,1,0.12,0.45,0.2,0.18,3,30,9,1985,3424793543,393182879,false,false,785.3666666666097,806.3666666666097,9,8,7,179,24,7,3,8,46,41,5,8,5,0,0.10869565217391304,0.8913043478260869,19,2.375,167.7333333333248,0.21357327787445815,1,0,1,6,3,33,7,3,41,0,0,0,0,0,3,5,2,0
difficulty-easy,20260712,1,0.12,0.45,0.2,0.18,3,30,9,1986,1702028445,3746077527,false,false,782.7999999999454,803.7999999999454,9,8,7,179,22,6,3,13,56,45,11,13,11,0,0.19642857142857142,0.8035714285714286,21,2.625,167.7333333333248,0.2142735479475428,1,0,1,6,3,39,6,3,45,0,0,0,0,0,4,13,2,0
difficulty-easy,20260712,1,0.12,0.45,0.2,0.18,3,30,9,1987,1462908100,2431520153,false,false,859.9666666665419,880.9666666665419,9,8,7,179,23,6,2,21,59,54,5,21,5,0,0.0847457627118644,0.9152542372881356,21,2.625,167.7333333333248,0.19504631962481003,1,0,1,6,2,41,6,2,53,0,0,0,0,0,5,7,2,0
difficulty-easy,20260712,1,0.12,0.45,0.2,0.18,3,30,9,1988,2698554456,339941087,false,false,782.2999999999458,803.2999999999458,9,8,7,179,29,9,3,15,57,53,4,15,4,0,0.07017543859649122,0.9298245614035088,26,3.25,167.7333333333248,0.21441049895607364,1,0,1,8,3,46,9,3,53,0,0,0,0,0,4,9,2,0
difficulty-easy,20260712,1,0.12,0.45,0.2,0.18,3,30,9,1989,1967385387,2196802418,true,false,838.4666666665614,859.4666666665614,9,8,7,180,20,6,2,11,47,41,6,11,6,0,0.1276595744680851,0.8723404255319149,16,2,167.7333333333248,0.20004770613025266,1,1,0,4,2,30,6,2,39,6,2,39,154.6999999998593,0.1845034586942976,3,4,2,0
difficulty-easy,20260712,1,0.12,0.45,0.2,0.18,3,30,9,1990,3116981225,1334477155,false,false,794.5666666666013,815.5666666666013,9,8,7,179,25,7,3,14,52,49,3,14,3,0,0.057692307692307696,0.9423076923076923,22,2.75,167.7333333333248,0.21110039014977378,1,0,1,7,3,35,7,3,49,0,0,0,0,0,2,5,2,0
difficulty-easy,20260712,1,0.12,0.45,0.2,0.18,3,30,9,1991,2600085036,1708569096,true,false,847.6999999998864,868.6999999998864,9,8,7,180,20,5,2,7,45,37,8,7,8,0,0.17777777777777778,0.8222222222222222,18,2.25,167.7333333333248,0.19786874287288814,1,1,0,5,2,31,5,2,36,5,2,37,134.96666666654392,0.1592151311390374,5,8,2,0
difficulty-easy,20260712,1,0.12,0.45,0.2,0.18,3,30,9,1992,337821884,2198987083,true,false,856.2333333332119,877.2333333332119,9,8,7,180,28,9,3,11,59,49,10,11,10,0,0.1694915254237288,0.8305084745762712,25,3.125,167.7333333333248,0.19589675711451152,1,1,0,8,3,41,9,3,48,9,3,49,146.69999999986658,0.17133180207874105,5,11,2,0
difficulty-easy,20260712,1,0.12,0.45,0.2,0.18,3,30,9,1993,2284470891,392799817,true,false,818.6999999999127,839.6999999999127,9,8,7,180,24,7,2,10,48,44,4,10,4,0,0.08333333333333333,0.9166666666666666,21,2.625,167.7333333333248,0.20487765156142992,1,1,0,6,2,37,7,2,43,7,2,44,114.46666666656256,0.1398151541059909,5,8,2,0
difficulty-easy,20260712,1,0.12,0.45,0.2,0.18,3,30,9,1994,2488555669,2178382869,true,false,816.3666666665815,837.3666666665815,9,8,7,180,18,5,3,5,40,33,7,5,7,0,0.175,0.825,15,1.875,167.7333333333248,0.20546323139113423,1,1,0,4,3,26,5,3,32,5,3,32,117.36666666655992,0.1437670981175601,4,14,2,0
difficulty-easy,20260712,1,0.12,0.45,0.2,0.18,3,30,9,1995,1730854877,1617474794,false,false,828.633333333237,849.633333333237,9,8,7,179,21,6,3,15,57,46,11,15,11,0,0.19298245614035087,0.8070175438596491,21,2.625,167.7333333333248,0.20242165815199037,1,0,1,6,3,39,6,3,46,0,0,0,0,0,2,5,4,0
difficulty-easy,20260712,1,0.12,0.45,0.2,0.18,3,30,9,1996,4140050824,864929237,false,false,843.2999999998904,864.2999999998904,9,8,7,179,22,6,3,13,53,45,8,13,8,0,0.1509433962264151,0.8490566037735849,21,2.625,167.7333333333248,0.19890114233765754,1,0,1,6,3,38,6,3,45,0,0,0,0,0,3,7,2,0
difficulty-easy,20260712,1,0.12,0.45,0.2,0.18,3,30,9,1997,37436543,2465763239,false,false,855.9666666665455,876.9666666665455,9,8,7,179,28,9,3,16,62,53,9,16,9,0,0.14516129032258066,0.8548387096774194,22,2.75,167.7333333333248,0.19595778651818435,1,0,1,7,3,38,9,3,52,0,0,0,0,0,5,6,2,0
difficulty-easy,20260712,1,0.12,0.45,0.2,0.18,3,30,9,1998,1231151600,939793689,true,false,786.0666666666091,807.0666666666091,9,8,7,180,21,7,2,3,33,33,0,3,0,0,0,1,17,2.125,167.7333333333248,0.2133830887965445,1,1,0,5,2,25,6,2,32,6,2,32,107.49999999990223,0.1367568484436139,3,7,1,0
difficulty-easy,20260712,1,0.12,0.45,0.2,0.18,3,30,9,1999,2686240846,1136941615,true,false,819.5666666665786,840.5666666665786,9,8,7,180,32,10,3,13,62,54,8,13,8,0,0.12903225806451613,0.8709677419354839,25,3.125,167.7333333333248,0.20466099971530827,1,1,0,7,3,41,9,3,53,9,3,53,155.6666666665251,0.18993777199317746,2,4,3,0
difficulty-easy,20260712,1,0.12,0.45,0.2,0.18,3,30,9,2000,2699673048,3513373010,true,false,797.4666666665987,818.4666666665987,9,8,7,180,16,5,3,3,38,29,9,3,9,0,0.23684210526315788,0.7631578947368421,16,2,167.7333333333248,0.2103327202808967,1,1,0,5,3,24,5,3,28,5,3,28,117.79999999989286,0.14771777294754584,3,7,2,0
difficulty-easy,20260712,1,0.12,0.45,0.2,0.18,3,30,9,2001,2015423811,935657302,true,false,776.9666666666174,797.9666666666174,9,8,7,180,18,5,3,1,33,29,4,1,4,0,0.12121212121212122,0.8787878787878788,16,2,167.7333333333248,0.2158822772319732,1,1,0,4,3,24,5,3,27,5,3,28,80.03333333326054,0.10300742202573979,5,10,1,0
difficulty-easy,20260712,1,0.12,0.45,0.2,0.18,3,30,9,2002,3167593459,1035460215,true,false,815.7333333332488,836.7333333332488,9,8,7,180,25,8,3,8,50,43,7,8,7,0,0.14,0.86,20,2.5,167.7333333333248,0.20562275253351853,1,1,0,6,3,31,8,3,42,8,3,42,118.46666666655892,0.14522719843074272,5,13,4,0
difficulty-easy,20260712,1,0.12,0.45,0.2,0.18,3,30,9,2003,2293584887,1500831278,true,false,777.9666666666164,798.9666666666164,9,8,7,180,26,8,3,15,56,50,6,15,6,0,0.10714285714285714,0.8928571428571429,22,2.75,167.7333333333248,0.2156047816958768,1,1,0,6,3,41,7,3,48,7,3,49,88.4666666665862,0.11371524058433341,5,8,3,0
difficulty-easy,20260712,1,0.12,0.45,0.2,0.18,3,30,9,2004,1921176794,3485525894,true,false,830.3666666665688,851.3666666665688,9,8,7,180,24,7,3,11,53,44,9,11,9,0,0.16981132075471697,0.8301886792452831,18,2.25,167.7333333333248,0.2019991168560209,1,1,0,5,3,33,6,3,42,7,3,43,145.09999999986803,0.1747420818111097,5,5,2,0
difficulty-easy,20260712,1,0.12,0.45,0.2,0.18,3,30,9,2005,406501506,4014543999,true,false,775.5666666666186,796.5666666666186,9,8,7,180,22,7,3,2,39,34,5,2,5,0,0.1282051282051282,0.8717948717948718,16,2,167.7333333333248,0.21627197318090238,1,1,0,5,3,25,7,3,33,7,3,33,80.93333333325972,0.10435380581931242,4,10,2,0
difficulty-easy,20260712,1,0.12,0.45,0.2,0.18,3,30,9,2006,4196207471,2968107278,false,false,766.1333333332939,787.1333333332939,9,8,7,179,28,8,3,13,62,51,11,13,11,0,0.1774193548387097,0.8225806451612904,24,3,167.7333333333248,0.21893491124260367,1,0,1,7,3,41,8,3,51,0,0,0,0,0,3,7,2,0
difficulty-easy,20260712,1,0.12,0.45,0.2,0.18,3,30,9,2007,2000600627,22541613,true,false,840.4666666665596,861.4666666665596,9,8,7,180,23,7,3,11,50,44,6,11,6,0,0.12,0.88,23,2.875,167.7333333333248,0.19957166653448025,1,1,0,7,3,36,7,3,42,7,3,43,150.3666666665299,0.17890854287286714,4,7,2,0
difficulty-easy,20260712,1,0.12,0.45,0.2,0.18,3,30,9,2008,3537866947,684414716,true,false,863.5666666665386,884.5666666665386,9,8,7,180,23,7,3,12,50,45,5,12,5,0,0.1,0.9,22,2.75,167.7333333333248,0.19423321882118694,1,1,0,7,3,37,7,3,43,7,3,44,174.96666666650754,0.20260933338464526,5,5,2,0
difficulty-easy,20260712,1,0.12,0.45,0.2,0.18,3,30,9,2009,2911198320,4090438512,false,false,842.3999999998912,863.3999999998912,9,8,7,179,24,7,3,23,64,57,7,23,7,0,0.109375,0.890625,22,2.75,167.7333333333248,0.1991136435581036,1,0,1,6,3,46,7,3,57,0,0,0,0,0,3,5,3,0
difficulty-easy,20260712,1,0.12,0.45,0.2,0.18,3,30,9,2010,1138202193,2807773682,true,false,754.2333333333047,775.2333333333047,9,8,7,180,18,5,2,7,44,35,9,7,9,0,0.20454545454545456,0.7954545454545454,17,2.125,167.7333333333248,0.22238918106686414,1,1,0,5,2,30,5,2,34,5,2,34,78.93333333326154,0.10465373226666974,5,8,2,0
difficulty-easy,20260712,1,0.12,0.45,0.2,0.18,3,30,9,2011,3031089764,2688395053,true,false,771.3666666666225,792.3666666666225,9,8,7,180,24,7,3,8,53,42,11,8,11,0,0.20754716981132076,0.7924528301886793,21,2.625,167.7333333333248,0.21744954842055367,1,1,0,6,3,33,7,3,39,7,3,41,78.23333333326218,0.10142171902674905,7,10,3,0
difficulty-easy,20260712,1,0.12,0.45,0.2,0.18,3,30,9,2012,4096983931,2481884554,true,false,768.2999999999586,789.2999999999586,9,8,7,180,26,9,3,3,40,38,2,3,2,0,0.05,0.95,19,2.375,167.7333333333248,0.21831749750531543,1,1,0,6,3,27,7,3,34,7,3,34,76.83333333326345,0.10000433858293323,5,9,3,0
difficulty-easy,20260712,1,0.12,0.45,0.2,0.18,3,30,9,2013,3180296987,4166589109,true,false,826.7999999999054,847.7999999999054,9,8,7,180,27,8,3,17,60,53,7,17,7,0,0.11666666666666667,0.8833333333333333,23,2.875,167.7333333333248,0.2028705047573101,1,1,0,7,3,42,8,3,52,8,3,53,134.33333333321116,0.16247379454913707,5,14,2,0
difficulty-easy,20260712,1,0.12,0.45,0.2,0.18,3,30,9,2014,3713855793,3882562990,true,false,798.6999999999309,819.6999999999309,9,8,7,180,14,4,2,3,37,27,10,3,10,0,0.2702702702702703,0.7297297297297297,14,1.75,167.7333333333248,0.21000792955219644,1,1,0,4,2,21,4,2,25,4,2,26,105.0333333332378,0.13150536288124062,5,8,2,0
difficulty-easy,20260712,1,0.12,0.45,0.2,0.18,3,30,9,2015,1202584207,115971460,true,false,813.8666666665838,834.8666666665838,9,8,7,180,29,9,3,26,73,65,8,26,8,0,0.1095890410958904,0.8904109589041096,25,3.125,167.7333333333248,0.20609436435125558,1,1,0,8,3,47,9,3,59,9,3,59,108.79999999990105,0.13368283093042937,5,6,3,0
difficulty-easy,20260712,1,0.12,0.45,0.2,0.18,3,30,9,2016,436899160,3647861526,false,false,806.8999999999235,827.8999999999235,9,8,7,179,18,5,2,3,34,31,3,3,3,0,0.08823529411764706,0.9117647058823529,15,1.875,167.7333333333248,0.20787375552527043,1,0,1,4,2,26,5,2,30,0,0,0,0,0,5,10,2,0
difficulty-easy,20260712,1,0.12,0.45,0.2,0.18,3,30,9,2017,1598496511,3211125582,true,false,826.2666666665725,847.2666666665725,9,8,7,180,24,8,3,3,38,35,3,3,3,0,0.07894736842105263,0.9210526315789473,17,2.125,167.7333333333248,0.2030014523156494,1,1,0,5,3,25,7,3,34,7,3,34,142.3999999998705,0.17234145554286756,4,13,2,0
difficulty-easy,20260712,1,0.12,0.45,0.2,0.18,3,30,9,2018,545737158,58576244,true,false,818.833333333246,839.833333333246,9,8,7,180,20,6,3,11,44,40,4,11,4,0,0.09090909090909091,0.9090909090909091,17,2.125,167.7333333333248,0.20484429065745088,1,1,0,4,2,32,5,2,38,5,2,39,137.53333333320825,0.16796254834100094,5,14,2,0
difficulty-easy,20260712,1,0.12,0.45,0.2,0.18,3,30,9,2019,2502068740,3936980901,true,false,831.2333333332347,852.2333333332347,9,8,7,180,16,5,3,1,31,26,5,1,5,0,0.16129032258064516,0.8387096774193549,13,1.625,167.7333333333248,0.20178850703774878,1,1,0,4,3,21,4,3,25,4,3,25,134.39999999987776,0.16168745237986973,6,11,2,0
difficulty-easy,20260712,1,0.12,0.45,0.2,0.18,3,30,9,2020,3039456290,3274466269,true,false,830.9666666665682,851.9666666665682,9,8,7,180,27,8,3,8,53,45,8,8,8,0,0.1509433962264151,0.8490566037735849,24,3,167.7333333333248,0.20185326326769384,1,1,0,7,3,40,8,3,44,8,3,44,162.4999999998522,0.19555537727129624,2,5,2,0
difficulty-easy,20260712,1,0.12,0.45,0.2,0.18,3,30,9,2021,1969965127,1835743282,false,false,818.733333333246,839.733333333246,9,8,7,179,26,7,2,17,56,51,5,17,5,0,0.08928571428571429,0.9107142857142857,22,2.75,167.7333333333248,0.20486931031676087,1,0,1,6,2,42,6,2,49,0,0,0,0,0,4,5,2,0
difficulty-easy,20260712,1,0.12,0.45,0.2,0.18,3,30,9,2022,2914706235,3780314519,false,false,802.0333333332612,823.0333333332612,9,8,7,179,26,7,3,9,52,44,8,9,8,0,0.15384615384615385,0.8461538461538461,22,2.75,167.7333333333248,0.2091351149162627,1,0,1,6,3,36,7,3,43,0,0,0,0,0,5,11,3,0
difficulty-easy,20260712,1,0.12,0.45,0.2,0.18,3,30,9,2023,4290369282,1696172339,false,false,844.7333333332224,865.7333333332224,9,8,7,179,23,7,3,8,45,40,5,8,5,0,0.1111111111111111,0.8888888888888888,15,1.875,167.7333333333248,0.19856364927789458,1,0,1,4,3,28,7,3,39,0,0,0,0,0,3,7,2,0
difficulty-easy,20260712,1,0.12,0.45,0.2,0.18,3,30,9,2024,2696120072,1734846415,true,false,767.8666666666256,788.8666666666256,9,8,7,180,22,7,3,5,45,37,8,5,8,0,0.17777777777777778,0.8222222222222222,18,2.25,167.7333333333248,0.21844070151067949,1,1,0,5,3,32,7,3,35,7,3,36,80.56666666659339,0.10492272964047278,5,7,2,0
difficulty-easy,20260712,1,0.12,0.45,0.2,0.18,3,30,9,2025,3173430762,2116564512,true,false,810.7999999999199,831.7999999999199,9,8,7,180,22,7,3,11,49,43,6,11,6,0,0.12244897959183673,0.8775510204081632,20,2.5,167.7333333333248,0.20687386942938008,1,1,0,6,3,32,7,3,42,7,3,42,117.59999999989304,0.1450419338923343,5,14,2,0
difficulty-easy,20260712,1,0.12,0.45,0.2,0.18,3,30,9,2026,60891898,2169283741,true,false,739.7666666666512,760.7666666666512,9,8,7,180,20,6,2,7,43,36,7,7,7,0,0.16279069767441862,0.8372093023255814,17,2.125,167.7333333333248,0.2267381606812891,1,1,0,5,2,29,5,2,35,5,2,35,52.13333333328592,0.07047267156304286,5,14,2,0
difficulty-easy,20260712,1,0.12,0.45,0.2,0.18,3,30,9,2027,2497134501,2286431465,true,false,761.2666666666316,782.2666666666316,9,8,7,180,19,6,3,4,39,33,6,4,6,0,0.15384615384615385,0.8461538461538461,16,2,167.7333333333248,0.22033453016901547,1,1,0,5,3,25,6,3,32,6,3,32,79.19999999992797,0.10403713109720415,5,8,2,0
difficulty-easy,20260712,1,0.12,0.45,0.2,0.18,3,30,9,2028,3222929580,308526568,false,false,848.5333333332189,869.5333333332189,9,8,7,179,22,6,3,12,48,44,4,12,4,0,0.08333333333333333,0.9166666666666666,19,2.375,167.7333333333248,0.19767441860466775,1,0,1,5,3,33,6,3,43,0,0,0,0,0,5,8,2,0
difficulty-easy,20260712,1,0.12,0.45,0.2,0.18,3,30,9,2029,2748218574,643133102,false,false,873.8999999998625,894.8999999998625,9,8,7,179,27,8,3,20,63,57,6,20,6,0,0.09523809523809523,0.9047619047619048,25,3.125,167.7333333333248,0.19193652973263667,1,0,1,8,3,42,8,3,55,0,0,0,0,0,5,11,2,0
difficulty-easy,20260712,1,0.12,0.45,0.2,0.18,3,30,9,2030,3774474773,828836067,true,false,855.8666666665456,876.8666666665456,9,8,7,180,26,8,3,12,57,48,9,12,9,0,0.15789473684210525,0.8421052631578947,24,3,167.7333333333248,0.19598068234929333,1,1,0,7,3,38,8,3,46,8,3,47,161.63333333318633,0.1888534039568576,4,5,2,0
difficulty-easy,20260712,1,0.12,0.45,0.2,0.18,3,30,9,2031,2967073620,4029187524,false,false,819.0333333332458,840.0333333332458,9,8,7,179,26,7,2,23,62,57,5,23,5,0,0.08064516129032258,0.9193548387096774,23,2.875,167.7333333333248,0.20479426966750566,1,0,1,6,2,46,6,2,56,0,0,0,0,0,3,5,3,0
difficulty-easy,20260712,1,0.12,0.45,0.2,0.18,3,30,9,2032,2422668774,2015389913,false,false,819.5333333332453,840.5333333332453,9,8,7,179,21,6,3,7,42,38,4,7,4,0,0.09523809523809523,0.9047619047619048,14,1.75,167.7333333333248,0.20466932400554316,1,0,1,4,2,29,6,3,38,0,0,0,0,0,3,7,2,0
difficulty-easy,20260712,1,0.12,0.45,0.2,0.18,3,30,9,2033,4281730206,3954570052,false,false,821.033333333244,842.033333333244,9,8,7,179,24,7,3,13,55,47,8,13,8,0,0.14545454545454545,0.8545454545454545,21,2.625,167.7333333333248,0.20429540010556987,1,0,1,6,3,35,7,3,45,0,0,0,0,0,5,14,2,0
difficulty-easy,20260712,1,0.12,0.45,0.2,0.18,3,30,9,2034,16340516,1499808331,false,false,840.7999999998926,861.7999999998926,9,8,7,179,20,6,3,7,41,37,4,7,4,0,0.0975609756097561,0.9024390243902439,19,2.375,167.7333333333248,0.19949254678085895,1,0,1,6,3,28,6,3,37,0,0,0,0,0,3,5,2,0
difficulty-easy,20260712,1,0.12,0.45,0.2,0.18,3,30,9,2035,2784986610,2657799575,true,false,804.8333333332587,825.8333333332587,9,8,7,180,19,6,3,4,36,32,4,4,4,0,0.1111111111111111,0.8888888888888888,17,2.125,167.7333333333248,0.20840753779251234,1,1,0,5,3,28,6,3,31,6,3,31,119.83333333322435,0.148892110167615,5,14,3,0
difficulty-easy,20260712,1,0.12,0.45,0.2,0.18,3,30,9,2036,3007314067,3150395677,false,false,853.1333333332148,874.1333333332148,9,8,7,179,30,9,3,15,66,55,11,15,11,0,0.16666666666666666,0.8333333333333334,26,3.25,167.7333333333248,0.1966085801359867,1,0,1,8,3,46,9,3,55,0,0,0,0,0,3,5,2,0
difficulty-easy,20260712,1,0.12,0.45,0.2,0.18,3,30,9,2037,2405475277,2462676017,true,false,816.0333333332485,837.0333333332485,9,8,7,180,28,9,3,9,55,47,8,9,8,0,0.14545454545454545,0.8545454545454545,25,3.125,167.7333333333248,0.20554715902129272,1,1,0,8,3,39,9,3,46,9,3,46,114.46666666656256,0.14027204771035634,4,8,3,0
difficulty-easy,20260712,1,0.12,0.45,0.2,0.18,3,30,9,2038,3067613862,2857586257,true,false,838.8666666665611,859.8666666665611,9,8,7,180,23,7,3,9,47,42,5,9,5,0,0.10638297872340426,0.8936170212765957,22,2.75,167.7333333333248,0.19995231661767374,1,1,0,7,3,35,7,3,42,7,3,42,149.39999999986412,0.1780974330444444,4,7,2,0
difficulty-easy,20260712,1,0.12,0.45,0.2,0.18,3,30,9,2039,2284160155,3892362964,true,false,852.9999999998815,873.9999999998815,9,8,7,180,23,7,3,8,43,41,2,8,2,0,0.046511627906976744,0.9534883720930233,21,2.625,167.7333333333248,0.19663931223135767,1,1,0,6,3,33,7,3,39,7,3,40,152.13333333319497,0.17835091832733424,5,13,2,0
difficulty-easy,20260712,1,0.12,0.45,0.2,0.18,3,30,9,2040,3557924123,235122884,true,false,790.7333333332715,811.7333333332715,9,8,7,180,19,6,3,11,40,38,2,11,2,0,0.05,0.95,14,1.75,167.7333333333248,0.21212376696737784,1,1,0,3,3,29,5,3,37,5,3,37,102.53333333324008,0.12966866200140978,2,6,2,0
difficulty-easy,20260712,1,0.12,0.45,0.2,0.18,3,30,9,2041,2618706556,605004392,true,false,764.1999999999623,785.1999999999623,9,8,7,180,20,6,3,8,39,37,2,8,2,0,0.05128205128205128,0.9487179487179487,18,2.25,167.7333333333248,0.21948879002006422,1,1,0,5,3,30,5,3,35,5,3,36,76.46666666659712,0.10006106603847277,6,6,2,0
difficulty-easy,20260712,1,0.12,0.45,0.2,0.18,3,30,9,2042,983868296,2012825854,false,false,793.0666666666027,814.0666666666027,9,8,7,179,28,8,3,10,56,47,9,10,9,0,0.16071428571428573,0.8392857142857143,21,2.625,167.7333333333248,0.21149966375252816,1,0,1,6,3,34,8,3,47,0,0,0,0,0,5,8,2,0
difficulty-easy,20260712,1,0.12,0.45,0.2,0.18,3,30,9,2043,3878109917,2319245414,true,false,769.6999999999573,790.6999999999573,9,8,7,180,26,8,3,8,50,43,7,8,7,0,0.14,0.86,22,2.75,167.7333333333248,0.21792040188818254,1,1,0,6,3,34,8,3,42,8,3,42,78.23333333326218,0.10164133212065288,4,9,2,0
difficulty-easy,20260712,1,0.12,0.45,0.2,0.18,3,30,9,2044,1054430949,559248569,true,false,831.3999999999012,852.3999999999012,9,8,7,180,25,8,3,7,49,41,8,7,8,0,0.16326530612244897,0.8367346938775511,18,2.25,167.7333333333248,0.20174805548874758,1,1,0,5,3,28,7,3,40,7,3,40,155.6999999998584,0.1872744767859958,2,4,2,0
difficulty-easy,20260712,1,0.12,0.45,0.2,0.18,3,30,9,2045,2004967706,470874868,true,false,807.9999999999225,828.9999999999225,9,8,7,180,23,7,3,14,52,47,5,14,5,0,0.09615384615384616,0.9038461538461539,20,2.5,167.7333333333248,0.20759075907591695,1,1,0,6,3,39,6,3,45,6,3,45,135.33333333321025,0.16749174917478124,2,6,2,0
difficulty-easy,20260712,1,0.12,0.45,0.2,0.18,3,30,9,2046,2636764596,3952640028,false,false,771.533333333289,792.533333333289,9,8,7,179,23,7,3,4,42,37,5,4,5,0,0.11904761904761904,0.8809523809523809,19,2.375,167.7333333333248,0.21740257495895762,1,0,1,6,3,28,7,3,37,0,0,0,0,0,2,7,3,0
difficulty-easy,20260712,1,0.12,0.45,0.2,0.18,3,30,9,2047,1913407800,2439224506,true,false,780.5999999999474,801.5999999999474,9,8,7,180,24,7,3,11,46,45,1,11,1,0,0.021739130434782608,0.9782608695652174,18,2.25,167.7333333333248,0.21487744470066117,1,1,0,5,3,29,7,3,40,7,3,40,98.86666666657675,0.12665471005199003,3,5,3,0
difficulty-easy,20260712,1,0.12,0.45,0.2,0.18,3,30,9,2048,2073786469,319454053,false,false,781.1999999999468,802.1999999999468,9,8,7,179,28,9,3,14,55,50,5,14,5,0,0.09090909090909091,0.9090909090909091,24,3,167.7333333333248,0.21471240826079904,1,0,1,7,3,42,8,3,49,0,0,0,0,0,3,7,2,0
difficulty-easy,20260712,1,0.12,0.45,0.2,0.18,3,30,9,2049,3090516991,57940965,false,false,868.6333333332007,889.6333333332007,9,8,7,179,26,8,3,16,58,50,8,16,8,0,0.13793103448275862,0.8620689655172413,21,2.625,167.7333333333248,0.19310027245867117,1,0,1,6,3,39,7,3,48,0,0,0,0,0,6,8,2,0
difficulty-easy,20260712,1,0.12,0.45,0.2,0.18,3,30,9,2050,3183767468,1337802704,true,false,840.4333333332263,861.4333333332263,9,8,7,180,25,7,3,13,51,47,4,13,4,0,0.0784313725490196,0.9215686274509803,21,2.625,167.7333333333248,0.1995795819617017,1,1,0,6,3,39,7,3,47,7,3,47,128.0333333332169,0.1523420457699201,5,11,2,0
difficulty-easy,20260712,1,0.12,0.45,0.2,0.18,3,30,9,2051,1595305992,1804948864,true,false,794.966666666601,815.966666666601,9,8,7,180,17,5,3,0,31,27,4,0,4,0,0.12903225806451613,0.8709677419354839,11,1.375,167.7333333333248,0.2109941716633888,1,1,0,3,3,19,5,3,26,5,3,27,84.89999999992278,0.10679693068882946,5,9,1,0
difficulty-easy,20260712,1,0.12,0.45,0.2,0.18,3,30,9,2052,347291362,3065734741,false,false,794.0333333332685,815.0333333332685,9,8,7,179,23,6,2,19,57,51,6,19,6,0,0.10526315789473684,0.8947368421052632,20,2.5,167.7333333333248,0.211242181268635,1,0,1,5,2,41,6,2,50,0,0,0,0,0,4,7,2,0
difficulty-easy,20260712,1,0.12,0.45,0.2,0.18,3,30,9,2053,2949301150,1452146709,true,false,795.5999999999337,816.5999999999337,9,8,7,180,25,8,3,6,45,41,4,6,4,0,0.08888888888888889,0.9111111111111111,22,2.75,167.7333333333248,0.21082621082621764,1,1,0,7,3,34,8,3,39,8,3,39,99.16666666657648,0.12464387464377166,5,14,2,0
difficulty-easy,20260712,1,0.12,0.45,0.2,0.18,3,30,9,2054,583007787,1944286481,true,false,826.6999999999055,847.6999999999055,9,8,7,180,28,8,3,16,61,53,8,16,8,0,0.13114754098360656,0.8688524590163934,24,3,167.7333333333248,0.20289504455466792,1,1,0,7,3,42,8,3,52,8,3,52,153.4333333331938,0.18559735494521754,2,5,2,0
difficulty-easy,20260712,1,0.12,0.45,0.2,0.18,3,30,9,2055,291571353,3954947061,false,false,862.06666666654,883.06666666654,9,8,7,179,27,8,3,12,52,49,3,12,3,0,0.057692307692307696,0.9423076923076923,24,3,167.7333333333248,0.1945711855231801,1,0,1,7,3,41,8,3,48,0,0,0,0,0,5,8,2,0
difficulty-easy,20260712,1,0.12,0.45,0.2,0.18,3,30,9,2056,4258214375,3687288573,false,false,873.5666666665295,894.5666666665295,9,8,7,179,21,6,3,14,50,45,5,14,5,0,0.1,0.9,19,2.375,167.7333333333248,0.1920097683825136,1,0,1,6,3,39,6,3,44,0,0,0,0,0,5,8,2,0
difficulty-easy,20260712,1,0.12,0.45,0.2,0.18,3,30,9,2057,3842635503,2063444653,true,false,809.3333333332546,830.3333333332546,9,8,7,180,21,6,3,1,44,32,12,1,12,0,0.2727272727272727,0.7272727272727273,16,2,167.7333333333248,0.20724876441516613,1,1,0,5,3,25,6,3,32,6,3,32,112.36666666656447,0.1388385502470042,5,11,3,0
difficulty-easy,20260712,1,0.12,0.45,0.2,0.18,3,30,9,2058,3510633248,1512756213,false,false,781.2999999999467,802.2999999999467,9,8,7,179,27,9,3,16,60,53,7,16,7,0,0.11666666666666667,0.8833333333333333,23,2.875,167.7333333333248,0.21468492683135315,1,0,1,7,3,41,9,3,53,0,0,0,0,0,3,5,3,0
difficulty-easy,20260712,1,0.12,0.45,0.2,0.18,3,30,9,2059,3980542805,2329889497,true,false,796.5333333332662,817.5333333332662,9,8,7,180,20,6,2,13,51,43,8,13,8,0,0.1568627450980392,0.8431372549019608,18,2.25,167.7333333333248,0.21057917643120888,1,1,0,5,2,33,6,2,42,6,2,42,113.33333333323026,0.14228322731826223,5,11,2,0
difficulty-easy,20260712,1,0.12,0.45,0.2,0.18,3,30,9,2060,1909887231,1639445412,true,false,797.3666666665988,818.3666666665988,9,8,7,180,26,8,3,16,57,52,5,16,5,0,0.08771929824561403,0.9122807017543859,18,2.25,167.7333333333248,0.21035909869989433,1,1,0,5,2,34,8,3,51,8,3,51,103.9333333332388,0.13034572133261274,4,7,3,0
difficulty-easy,20260712,1,0.12,0.45,0.2,0.18,3,30,9,2061,956707251,4110974093,true,false,801.6999999999282,822.6999999999282,9,8,7,180,22,7,3,9,44,41,3,9,3,0,0.06818181818181818,0.9318181818181818,18,2.25,167.7333333333248,0.2092220697684169,1,1,0,5,3,33,6,3,39,6,3,39,118.59999999989213,0.1479356367717385,5,14,2,0
difficulty-easy,20260712,1,0.12,0.45,0.2,0.18,3,30,9,2062,206401623,583709162,true,false,762.5666666666305,783.5666666666305,9,8,7,180,22,7,3,4,40,35,5,4,5,0,0.125,0.875,20,2.5,167.7333333333248,0.2199589106963318,1,1,0,6,3,31,6,3,34,6,3,34,78.79999999992833,0.10333522752100198,6,9,2,0
difficulty-easy,20260712,1,0.12,0.45,0.2,0.18,3,30,9,2063,2886303242,3446357389,true,false,767.2333333332929,788.2333333332929,9,8,7,180,19,5,3,12,43,41,2,12,2,0,0.046511627906976744,0.9534883720930233,18,2.25,167.7333333333248,0.21862101924664418,1,1,0,5,3,33,5,3,40,5,3,40,78.99999999992815,0.10296737194238909,5,6,3,0
difficulty-easy,20260712,1,0.12,0.45,0.2,0.18,3,30,9,2064,4090260079,3573582143,true,false,815.3666666665824,836.3666666665824,9,8,7,180,25,8,3,9,57,43,14,9,14,0,0.24561403508771928,0.7543859649122807,19,2.375,167.7333333333248,0.2057152201463662,1,1,0,5,2,34,7,3,41,7,3,42,121.99999999988904,0.14962593516197414,5,10,4,0
difficulty-easy,20260712,1,0.12,0.45,0.2,0.18,3,30,9,2065,127184978,2805860144,false,false,804.6999999999255,825.6999999999255,9,8,7,179,20,6,3,4,41,33,8,4,8,0,0.1951219512195122,0.8048780487804879,15,1.875,167.7333333333248,0.20844206950831407,1,0,1,4,3,25,6,3,33,0,0,0,0,0,6,14,2,0
difficulty-easy,20260712,1,0.12,0.45,0.2,0.18,3,30,9,2066,3950661402,3284908791,true,false,785.399999999943,806.399999999943,9,8,7,180,24,7,3,8,49,42,7,8,7,0,0.14285714285714285,0.8571428571428571,21,2.625,167.7333333333248,0.21356421356421817,1,1,0,6,3,32,7,3,41,7,3,41,94.39999999991414,0.12019353195813724,5,13,3,0
difficulty-easy,20260712,1,0.12,0.45,0.2,0.18,3,30,9,2067,2828615733,4003788518,true,false,829.5666666665695,850.5666666665695,9,8,7,180,26,8,3,14,62,50,12,14,12,0,0.1935483870967742,0.8064516129032258,22,2.75,167.7333333333248,0.2021939165026051,1,1,0,7,3,40,8,3,49,8,3,49,143.46666666653618,0.17294169646789848,5,7,3,0
difficulty-easy,20260712,1,0.12,0.45,0.2,0.18,3,30,9,2068,1623362145,1172484070,false,false,835.1666666665644,856.1666666665644,9,8,7,179,19,5,2,13,49,42,7,13,7,0,0.14285714285714285,0.8571428571428571,19,2.375,167.7333333333248,0.20083815605668967,1,0,1,5,2,34,5,2,42,0,0,0,0,0,4,6,3,0
difficulty-easy,20260712,1,0.12,0.45,0.2,0.18,3,30,9,2069,3256952573,1193552417,false,false,830.3333333332355,851.3333333332355,9,8,7,179,27,8,3,14,59,51,8,14,8,0,0.13559322033898305,0.864406779661017,25,3.125,167.7333333333248,0.20200722601366267,1,0,1,7,3,42,8,3,51,0,0,0,0,0,3,5,3,0
difficulty-easy,20260712,1,0.12,0.45,0.2,0.18,3,30,9,2070,88875112,3798476052,false,false,856.566666666545,877.566666666545,9,8,7,179,24,7,3,26,66,60,6,26,6,0,0.09090909090909091,0.9090909090909091,24,3,167.7333333333248,0.19582052379656997,1,0,1,7,3,50,7,3,59,0,0,0,0,0,6,10,2,0
difficulty-easy,20260712,1,0.12,0.45,0.2,0.18,3,30,9,2071,2838655708,965996700,false,false,789.466666666606,810.466666666606,9,8,7,179,22,6,3,14,53,46,7,14,7,0,0.1320754716981132,0.8679245283018868,21,2.625,167.7333333333248,0.21246411079210145,1,0,1,6,3,40,6,3,46,0,0,0,0,0,2,4,2,0
difficulty-easy,20260712,1,0.12,0.45,0.2,0.18,3,30,9,2072,504097489,1511190671,true,false,833.1999999998995,854.1999999998995,9,8,7,180,26,7,3,9,48,45,3,9,3,0,0.0625,0.9375,23,2.875,167.7333333333248,0.2013122099536066,1,1,0,7,3,36,7,3,44,7,3,45,143.23333333320306,0.1719075052006965,5,11,2,0
difficulty-easy,20260712,1,0.12,0.45,0.2,0.18,3,30,9,2073,542730609,3319973547,true,false,779.8333333332814,800.8333333332814,9,8,7,180,19,5,3,2,39,31,8,2,8,0,0.20512820512820512,0.7948717948717948,16,2,167.7333333333248,0.21508869416542334,1,1,0,5,3,26,5,3,31,5,3,31,96.69999999991205,0.1240008548834176,3,5,2,0
difficulty-easy,20260712,1,0.12,0.45,0.2,0.18,3,30,9,2074,3131448293,1472224370,true,false,860.9333333332077,881.9333333332077,9,8,7,180,24,7,3,17,57,49,8,17,8,0,0.14035087719298245,0.8596491228070176,21,2.625,167.7333333333248,0.19482731918849613,1,1,0,6,3,41,7,3,49,7,3,49,146.69999999986658,0.17039646894829796,6,11,2,0
difficulty-easy,20260712,1,0.12,0.45,0.2,0.18,3,30,9,2075,2438408818,4118780815,false,false,796.3666666665997,817.3666666665997,9,8,7,179,25,7,3,23,67,58,9,23,9,0,0.13432835820895522,0.8656716417910447,22,2.75,167.7333333333248,0.2106232472479246,1,0,1,6,3,49,7,3,57,0,0,0,0,0,3,7,3,0
difficulty-easy,20260712,1,0.12,0.45,0.2,0.18,3,30,9,2076,3508048409,1764408619,false,false,794.7333333332679,815.7333333332679,9,8,7,179,22,6,2,19,53,51,2,19,2,0,0.03773584905660377,0.9622641509433962,21,2.625,167.7333333333248,0.21105611945307265,1,0,1,6,2,43,6,2,51,0,0,0,0,0,3,7,2,0
difficulty-easy,20260712,1,0.12,0.45,0.2,0.18,3,30,9,2077,3514336570,75792372,false,false,785.8666666666093,806.8666666666093,9,8,7,179,23,7,3,9,52,42,10,9,10,0,0.19230769230769232,0.8076923076923077,20,2.5,167.7333333333248,0.213437393959964,1,0,1,6,3,36,7,3,41,0,0,0,0,0,6,10,2,0
difficulty-easy,20260712,1,0.12,0.45,0.2,0.18,3,30,9,2078,3064481876,2519573618,true,false,782.6666666666122,803.6666666666122,9,8,7,180,23,7,3,3,41,36,5,3,5,0,0.12195121951219512,0.8780487804878049,15,1.875,167.7333333333248,0.2143100511073294,1,1,0,4,2,25,7,3,35,7,3,35,102.56666666657338,0.1310477001702477,3,7,3,0
difficulty-easy,20260712,1,0.12,0.45,0.2,0.18,3,30,9,2079,1309321002,3154222224,true,false,772.8333333332878,793.8333333332878,9,8,7,180,24,7,3,14,50,48,2,14,2,0,0.04,0.96,21,2.625,167.7333333333248,0.2170368772913539,1,1,0,6,3,36,6,3,40,6,3,40,82.13333333325863,0.10627560923001528,6,8,4,0
difficulty-easy,20260712,1,0.12,0.45,0.2,0.18,3,30,9,2080,1320473245,2677930679,false,false,841.0333333332258,862.0333333332258,9,8,7,179,21,6,3,6,45,36,9,6,9,0,0.2,0.8,16,2,167.7333333333248,0.19943720026952508,1,0,1,4,2,25,6,3,36,0,0,0,0,0,5,10,3,0
difficulty-easy,20260712,1,0.12,0.45,0.2,0.18,3,30,9,2081,29673420,2409502977,true,false,798.4999999999311,819.4999999999311,9,8,7,180,25,7,3,10,55,45,10,10,10,0,0.18181818181818182,0.8181818181818182,23,2.875,167.7333333333248,0.21006053016072543,1,1,0,7,3,34,7,3,42,7,3,44,105.13333333323772,0.13166353579617632,5,9,3,0
difficulty-easy,20260712,1,0.12,0.45,0.2,0.18,3,30,9,2082,943855593,1831956810,true,false,856.4999999998784,877.4999999998784,9,8,7,180,27,8,3,20,61,56,5,20,5,0,0.08196721311475409,0.9180327868852459,24,3,167.7333333333248,0.1958357657131916,1,1,0,7,3,43,7,3,54,7,3,55,142.93333333320334,0.16688071609249694,5,11,2,0
difficulty-easy,20260712,1,0.12,0.45,0.2,0.18,3,30,9,2083,2225781766,1791653808,true,false,805.5666666665913,826.5666666665913,9,8,7,180,24,7,3,12,50,46,4,12,4,0,0.08,0.92,22,2.75,167.7333333333248,0.20821781768528216,1,1,0,7,3,38,7,3,43,7,3,44,101.39999999990778,0.12587412587402316,5,11,3,0
difficulty-easy,20260712,1,0.12,0.45,0.2,0.18,3,30,9,2084,1076433887,2898912481,true,false,767.5333333332926,788.5333333332926,9,8,7,180,18,5,3,5,33,33,0,5,0,0,0,1,15,1.875,167.7333333333248,0.21853556848779687,1,1,0,4,3,28,5,3,32,5,3,32,84.19999999992342,0.10970207591409001,5,8,1,0
difficulty-easy,20260712,1,0.12,0.45,0.2,0.18,3,30,9,2085,1463621746,935513348,true,false,836.0999999998969,857.0999999998969,9,8,7,180,26,8,3,10,47,45,2,10,2,0,0.0425531914893617,0.9574468085106383,24,3,167.7333333333248,0.20061396164734538,1,1,0,7,3,38,7,3,44,7,3,44,155.8333333331916,0.18638121436815072,5,5,2,0
difficulty-easy,20260712,1,0.12,0.45,0.2,0.18,3,30,9,2086,1663424032,2757393220,false,false,785.2666666666098,806.2666666666098,9,8,7,179,23,7,3,2,40,35,5,2,5,0,0.125,0.875,21,2.625,167.7333333333248,0.21360047542236643,1,0,1,7,3,29,7,3,34,0,0,0,0,0,5,11,2,0
difficulty-easy,20260712,1,0.12,0.45,0.2,0.18,3,30,9,2087,642057636,3721215512,true,false,862.2999999998731,883.2999999998731,9,8,7,180,22,6,3,8,49,40,9,8,9,0,0.1836734693877551,0.8163265306122449,20,2.5,167.7333333333248,0.19451853569911803,1,1,0,6,3,31,6,3,39,6,3,39,160.49999999985403,0.18613011712846764,6,7,3,0
difficulty-easy,20260712,1,0.12,0.45,0.2,0.18,3,30,9,2088,3870657387,2881757030,true,false,848.8999999998853,869.8999999998853,9,8,7,180,30,9,3,16,69,56,13,16,13,0,0.18840579710144928,0.8115942028985508,27,3.375,167.7333333333248,0.1975890367927288,1,1,0,8,3,48,9,3,56,9,3,56,155.9333333331915,0.18368869517400468,5,10,2,0
difficulty-easy,20260712,1,0.12,0.45,0.2,0.18,3,30,9,2089,3346658007,97952584,true,false,808.9666666665883,829.9666666665883,9,8,7,180,25,7,3,13,51,48,3,13,3,0,0.058823529411764705,0.9411764705882353,23,2.875,167.7333333333248,0.2073427005645157,1,1,0,6,3,42,7,3,47,7,3,47,120.13333333322407,0.14850220445824186,5,10,2,0
difficulty-easy,20260712,1,0.12,0.45,0.2,0.18,3,30,9,2090,330051304,598245759,true,false,752.0333333333067,773.0333333333067,9,8,7,180,21,6,3,3,41,34,7,3,7,0,0.17073170731707318,0.8292682926829268,16,2,167.7333333333248,0.2230397588759329,1,1,0,5,3,26,6,3,32,6,3,33,49.13333333328865,0.06533398342266351,4,11,3,0
difficulty-easy,20260712,1,0.12,0.45,0.2,0.18,3,30,9,2091,1808000344,1657648438,true,false,746.8666666666447,767.8666666666447,9,8,7,180,18,5,2,15,48,42,6,15,6,0,0.125,0.875,15,1.875,167.7333333333248,0.22458270106221065,1,1,0,4,2,31,5,2,41,5,2,41,59.56666666661249,0.07975542265457589,5,14,3,0
difficulty-easy,20260712,1,0.12,0.45,0.2,0.18,3,30,9,2092,2893427103,3550467876,true,false,780.4999999999475,801.4999999999475,9,8,7,180,20,6,3,5,42,35,7,5,7,0,0.16666666666666666,0.8333333333333334,17,2.125,167.7333333333248,0.21490497544309556,1,1,0,5,3,26,6,3,31,6,3,33,82.7999999999247,0.10608584240862302,6,9,2,0
difficulty-easy,20260712,1,0.12,0.45,0.2,0.18,3,30,9,2093,3710805973,1590252397,true,false,785.8999999999426,806.8999999999426,9,8,7,180,28,8,3,14,60,51,9,14,9,0,0.15,0.85,25,3.125,167.7333333333248,0.21342834117996826,1,1,0,7,3,42,7,3,48,8,3,50,102.93333333323972,0.13097510285436728,4,7,3,0
difficulty-easy,20260712,1,0.12,0.45,0.2,0.18,3,30,9,2094,456234437,4092266522,true,false,774.4666666666196,795.4666666666196,9,8,7,180,21,6,3,8,44,38,6,8,6,0,0.13636363636363635,0.8636363636363636,19,2.375,167.7333333333248,0.21657915124386887,1,1,0,5,3,33,5,3,37,5,3,37,80.76666666659321,0.10428682103804525,4,11,2,0
difficulty-easy,20260712,1,0.12,0.45,0.2,0.18,3,30,9,2095,1629032125,120342748,true,false,788.8333333332732,809.8333333332732,9,8,7,180,22,7,3,4,44,35,9,4,9,0,0.20454545454545456,0.7954545454545454,15,1.875,167.7333333333248,0.21263469258399018,1,1,0,4,2,27,6,3,34,6,3,34,111.43333333323199,0.14126346925828076,2,5,2,0
difficulty-easy,20260712,1,0.12,0.45,0.2,0.18,3,30,9,2096,1266766779,39135601,false,false,791.1999999999377,812.1999999999377,9,8,7,179,19,5,3,1,32,30,2,1,2,0,0.0625,0.9375,17,2.125,167.7333333333248,0.21199865183687816,1,0,1,5,3,26,5,3,30,0,0,0,0,0,6,11,2,0
difficulty-easy,20260712,1,0.12,0.45,0.2,0.18,3,30,9,2097,4234065569,4198974975,true,false,787.6666666666076,808.6666666666076,9,8,7,180,24,7,3,8,49,41,8,8,8,0,0.16326530612244897,0.8367346938775511,20,2.5,167.7333333333248,0.2129496402877749,1,1,0,6,3,30,6,3,37,6,3,38,78.06666666659567,0.09911129919585465,5,6,3,0
difficulty-easy,20260712,1,0.12,0.45,0.2,0.18,3,30,9,2098,4234263033,922835026,true,false,835.3666666665642,856.3666666665642,9,8,7,180,29,9,3,18,64,56,8,18,8,0,0.125,0.875,25,3.125,167.7333333333248,0.2007900722237884,1,1,0,7,3,42,9,3,55,9,3,55,155.7333333331917,0.18642512270046382,3,4,4,0
difficulty-easy,20260712,1,0.12,0.45,0.2,0.18,3,30,9,2099,3964904990,1137859038,false,false,804.9333333332586,825.9333333332586,9,8,7,179,21,6,3,7,45,37,8,7,8,0,0.17777777777777778,0.8222222222222222,18,2.25,167.7333333333248,0.20838164651317753,1,0,1,5,3,32,6,3,37,0,0,0,0,0,6,10,2,0
difficulty-easy,20260712,1,0.12,0.45,0.2,0.18,3,30,9,2100,1622120474,2797977735,true,false,770.6999999999564,791.6999999999564,9,8,7,180,21,6,3,7,42,38,4,7,4,0,0.09523809523809523,0.9047619047619048,17,2.125,167.7333333333248,0.2176376454305622,1,1,0,5,3,26,6,3,35,6,3,36,80.03333333326054,0.10384498940348394,5,11,3,0
difficulty-easy,20260712,1,0.12,0.45,0.2,0.18,3,30,9,2101,2551632369,3307647967,true,false,788.9666666666064,809.9666666666064,9,8,7,180,28,9,3,7,51,44,7,7,7,0,0.13725490196078433,0.8627450980392157,21,2.625,167.7333333333248,0.2125987578689479,1,1,0,7,3,31,8,3,43,8,3,43,103.33333333323935,0.13097300266160028,5,11,3,0
difficulty-easy,20260712,1,0.12,0.45,0.2,0.18,3,30,9,2102,2998414448,2479273140,false,false,792.43333333327,813.43333333327,9,8,7,179,28,8,3,22,67,59,8,22,8,0,0.11940298507462686,0.8805970149253731,26,3.25,167.7333333333248,0.21166869978547706,1,0,1,8,3,49,8,3,57,0,0,0,0,0,6,11,2,0
difficulty-easy,20260712,1,0.12,0.45,0.2,0.18,3,30,9,2103,2859720443,2264743420,false,false,859.5999999998755,880.5999999998755,9,8,7,179,25,7,3,14,53,47,6,14,6,0,0.11320754716981132,0.8867924528301887,22,2.75,167.7333333333248,0.19512951760510597,1,0,1,6,3,39,6,3,45,0,0,0,0,0,6,10,3,0
difficulty-easy,20260712,1,0.12,0.45,0.2,0.18,3,30,9,2104,1733103611,411029153,false,false,816.9333333332477,837.9333333332477,9,8,7,179,23,6,2,13,55,45,10,13,10,0,0.18181818181818182,0.8181818181818182,18,2.25,167.7333333333248,0.20532071160438517,1,0,1,5,2,33,6,2,42,0,0,0,0,0,4,4,2,0
difficulty-easy,20260712,1,0.12,0.45,0.2,0.18,3,30,9,2105,888541293,3884401304,true,false,812.4333333332518,833.4333333332518,9,8,7,180,23,7,3,16,62,49,13,16,13,0,0.20967741935483872,0.7903225806451613,20,2.5,167.7333333333248,0.20645796578181796,1,1,0,6,3,36,7,3,47,7,3,48,124.49999999988677,0.15324334304340778,5,6,2,0
difficulty-easy,20260712,1,0.12,0.45,0.2,0.18,3,30,9,2106,3632787383,1556511987,true,false,813.4333333332509,834.4333333332509,9,8,7,180,21,7,3,4,36,33,3,4,3,0,0.08333333333333333,0.9166666666666666,17,2.125,167.7333333333248,0.20620415522682678,1,1,0,5,3,26,5,3,31,6,3,32,112.19999999989795,0.13793386059079948,5,11,2,0
difficulty-easy,20260712,1,0.12,0.45,0.2,0.18,3,30,9,2107,1960230327,1908516676,true,false,779.4999999999484,800.4999999999484,9,8,7,180,23,7,2,12,53,45,8,12,8,0,0.1509433962264151,0.8490566037735849,21,2.625,167.7333333333248,0.21518067137053995,1,1,0,6,2,33,7,2,44,7,2,45,82.23333333325854,0.10549497541149966,5,10,3,0
difficulty-easy,20260712,1,0.12,0.45,0.2,0.18,3,30,9,2108,363815624,4241040595,true,false,791.4666666666042,812.4666666666042,9,8,7,180,23,7,3,3,40,35,5,3,5,0,0.125,0.875,17,2.125,167.7333333333248,0.2119272237196825,1,1,0,5,3,25,6,3,32,7,3,34,95.0333333332469,0.12007243935300001,5,14,2,0
difficulty-easy,20260712,1,0.12,0.45,0.2,0.18,3,30,9,2109,2886117615,3627081806,true,false,824.2666666665743,845.2666666665743,9,8,7,180,25,8,3,15,55,50,5,15,5,0,0.09090909090909091,0.9090909090909091,24,3,167.7333333333248,0.20349401488192767,1,1,0,8,3,41,8,3,49,8,3,49,153.4333333331938,0.1861452604333682,2,5,3,0
difficulty-easy,20260712,1,0.12,0.45,0.2,0.18,3,30,9,2110,2005598560,3753717153,true,false,827.7333333332379,848.7333333332379,9,8,7,180,28,8,3,30,77,68,9,30,9,0,0.11688311688311688,0.8831168831168831,27,3.375,167.7333333333248,0.20264175257733263,1,1,0,8,3,57,8,3,67,8,3,68,124.19999999988704,0.15004832474214888,5,11,2,0
difficulty-easy,20260712,1,0.12,0.45,0.2,0.18,3,30,9,2111,2557538637,4061119325,true,false,772.4999999999548,793.4999999999548,9,8,7,180,24,6,3,17,56,51,5,17,5,0,0.08928571428571429,0.9107142857142857,23,2.875,167.7333333333248,0.21713052858684093,1,1,0,6,3,42,6,3,50,6,3,50,102.53333333324008,0.13272923408834444,2,6,2,0
difficulty-easy,20260712,1,0.12,0.45,0.2,0.18,3,30,9,2112,3141936573,731118145,true,false,775.1999999999523,796.1999999999523,9,8,7,180,23,7,3,4,44,35,9,4,9,0,0.20454545454545456,0.7954545454545454,17,2.125,167.7333333333248,0.21637426900585024,1,1,0,5,3,27,7,3,35,7,3,35,78.73333333326173,0.10156518747841405,5,10,2,0
difficulty-easy,20260712,1,0.12,0.45,0.2,0.18,3,30,9,2113,1563997438,3173973779,false,false,785.1666666666099,806.1666666666099,9,8,7,179,29,8,3,14,60,53,7,14,7,0,0.11666666666666667,0.8833333333333333,22,2.75,167.7333333333248,0.21362767989811537,1,0,1,7,3,37,8,3,52,0,0,0,0,0,3,4,2,0
difficulty-easy,20260712,1,0.12,0.45,0.2,0.18,3,30,9,2114,1340996967,375837880,true,false,783.3666666666115,804.3666666666115,9,8,7,180,25,8,3,8,45,41,4,8,4,0,0.08888888888888889,0.9111111111111111,21,2.625,167.7333333333248,0.21411854814689155,1,1,0,6,3,36,7,3,40,8,3,41,78.79999999992833,0.10059146419292865,5,10,2,0
difficulty-easy,20260712,1,0.12,0.45,0.2,0.18,3,30,9,2115,339269723,905315404,false,false,859.1666666665426,880.1666666665426,9,8,7,179,24,7,3,6,48,40,8,6,8,0,0.16666666666666666,0.8333333333333334,18,2.25,167.7333333333248,0.19522793404463512,1,0,1,5,3,29,7,3,40,0,0,0,0,0,5,8,2,0
difficulty-easy,20260712,1,0.12,0.45,0.2,0.18,3,30,9,2116,3157202117,125668372,true,false,780.666666666614,801.666666666614,9,8,7,180,21,6,3,7,43,38,5,7,5,0,0.11627906976744186,0.8837209302325582,15,1.875,167.7333333333248,0.21485909479078066,1,1,0,4,3,23,6,3,37,6,3,37,111.19999999989886,0.14244235695974342,3,5,2,0
difficulty-easy,20260712,1,0.12,0.45,0.2,0.18,3,30,9,2117,561052248,1471155989,true,false,754.1333333333048,775.1333333333048,9,8,7,180,23,8,3,11,53,43,10,11,10,0,0.18867924528301888,0.8113207547169812,22,2.75,167.7333333333248,0.22241867043846952,1,1,0,7,3,38,7,3,42,7,3,42,60.03333333327873,0.07960572842991646,4,11,3,0
difficulty-easy,20260712,1,0.12,0.45,0.2,0.18,3,30,9,2118,3872293327,1111967926,true,false,789.5333333332726,810.5333333332726,9,8,7,180,24,7,3,20,60,54,6,20,6,0,0.1,0.9,24,3,167.7333333333248,0.2124461707337723,1,1,0,7,3,43,7,3,52,7,3,52,103.76666666657229,0.1314278476736219,5,7,3,0
difficulty-easy,20260712,1,0.12,0.45,0.2,0.18,3,30,9,2119,2345909574,522668961,false,false,844.9666666665555,865.9666666665555,9,8,7,179,23,7,3,14,49,45,4,14,4,0,0.08163265306122448,0.9183673469387755,19,2.375,167.7333333333248,0.1985088169158707,1,0,1,5,3,37,7,3,45,0,0,0,0,0,3,5,2,0
difficulty-easy,20260712,1,0.12,0.45,0.2,0.18,3,30,9,2120,2789255849,2558245183,true,false,765.3333333332946,786.3333333332946,9,8,7,180,15,4,3,0,29,24,5,0,5,0,0.1724137931034483,0.8275862068965517,12,1.5,167.7333333333248,0.21916376306620203,1,1,0,4,3,18,4,3,23,4,3,23,73.23333333326673,0.09568815331002234,5,11,2,0
difficulty-easy,20260712,1,0.12,0.45,0.2,0.18,3,30,9,2121,4145236384,3483964509,false,false,812.4666666665851,833.4666666665851,9,8,7,179,20,6,3,5,38,35,3,5,3,0,0.07894736842105263,0.9210526315789473,14,1.75,167.7333333333248,0.2064494953639226,1,0,1,4,3,26,6,3,34,0,0,0,0,0,6,14,2,0
difficulty-easy,20260712,1,0.12,0.45,0.2,0.18,3,30,9,2122,3564641045,3554244168,false,false,836.6333333332298,857.6333333332298,9,8,7,179,26,8,3,25,69,61,8,25,8,0,0.11594202898550725,0.8840579710144928,24,3,167.7333333333248,0.20048607514245056,1,0,1,8,3,45,8,3,61,0,0,0,0,0,3,5,4,0
difficulty-easy,20260712,1,0.12,0.45,0.2,0.18,3,30,9,2123,1133446601,2230259196,true,false,788.3999999999403,809.3999999999403,9,8,7,180,30,10,3,23,68,62,6,23,6,0,0.08823529411764706,0.9117647058823529,28,3.5,167.7333333333248,0.21275156434974316,1,1,0,9,3,53,9,3,60,9,3,61,96.43333333324563,0.12231523761193928,5,10,2,0
difficulty-easy,20260712,1,0.12,0.45,0.2,0.18,3,30,9,2124,3248533293,2912247949,false,false,811.7333333332524,832.7333333332524,9,8,7,179,27,9,3,9,52,46,6,9,6,0,0.11538461538461539,0.8846153846153846,22,2.75,167.7333333333248,0.20663600525625186,1,0,1,7,3,38,9,3,46,0,0,0,0,0,2,5,2,0
difficulty-easy,20260712,1,0.12,0.45,0.2,0.18,3,30,9,2125,3464728629,1460588567,false,false,848.1333333332193,869.1333333332193,9,8,7,179,18,5,2,5,41,33,8,5,8,0,0.1951219512195122,0.8048780487804879,15,1.875,167.7333333333248,0.19776764659646362,1,0,1,4,2,25,5,2,33,0,0,0,0,0,4,5,2,0
difficulty-easy,20260712,1,0.12,0.45,0.2,0.18,3,30,9,2126,572265198,3463933528,true,false,824.5333333332408,845.5333333332408,9,8,7,180,22,6,3,6,44,38,6,6,6,0,0.13636363636363635,0.8636363636363636,18,2.25,167.7333333333248,0.20342820181113797,1,1,0,5,3,31,6,3,37,6,3,37,134.63333333321089,0.1632842820179811,4,7,2,0
difficulty-easy,20260712,1,0.12,0.45,0.2,0.18,3,30,9,2127,600852846,1369888517,false,false,805.9999999999243,826.9999999999243,9,8,7,179,23,7,3,19,58,52,6,19,6,0,0.10344827586206896,0.896551724137931,22,2.75,167.7333333333248,0.2081058726220106,1,0,1,7,3,42,7,3,51,0,0,0,0,0,6,11,2,0
difficulty-easy,20260712,1,0.12,0.45,0.2,0.18,3,30,9,2128,1948052602,3235844933,true,false,808.5333333332553,829.5333333332553,9,8,7,180,18,6,3,0,31,27,4,0,4,0,0.12903225806451613,0.8709677419354839,15,1.875,167.7333333333248,0.20745382585752925,1,1,0,5,3,22,6,3,25,6,3,26,115.23333333322853,0.1425214379946071,5,10,2,0
difficulty-easy,20260712,1,0.12,0.45,0.2,0.18,3,30,9,2129,2847923962,3343389619,true,false,835.7333333332306,856.7333333332306,9,8,7,180,24,8,3,6,47,39,8,6,8,0,0.1702127659574468,0.8297872340425532,17,2.125,167.7333333333248,0.2007019783025033,1,1,0,5,3,28,7,3,38,7,3,38,155.8999999998582,0.18654275686009578,2,4,2,0
difficulty-easy,20260712,1,0.12,0.45,0.2,0.18,3,30,9,2130,157993229,3007378582,true,false,845.6999999998882,866.6999999998882,9,8,7,180,26,7,3,7,47,43,4,7,4,0,0.0851063829787234,0.9148936170212766,23,2.875,167.7333333333248,0.1983366836151673,1,1,0,7,3,34,7,3,42,7,3,42,142.89999999987003,0.16897244885880208,5,6,2,0
difficulty-easy,20260712,1,0.12,0.45,0.2,0.18,3,30,9,2131,4192459605,2902091076,false,false,854.3999999998803,875.3999999998803,9,8,7,179,25,7,3,8,49,43,6,8,6,0,0.12244897959183673,0.8775510204081632,21,2.625,167.7333333333248,0.19631710362049193,1,0,1,6,3,35,7,3,41,0,0,0,0,0,5,17,3,0
difficulty-easy,20260712,1,0.12,0.45,0.2,0.18,3,30,9,2132,3634367615,1067847577,true,false,778.3999999999494,799.3999999999494,9,8,7,180,28,8,3,26,66,64,2,26,2,0,0.030303030303030304,0.9696969696969697,24,3,167.7333333333248,0.2154847550531034,1,1,0,7,3,50,7,3,62,7,3,62,93.76666666658139,0.12046077423765093,4,10,2,0
difficulty-easy,20260712,1,0.12,0.45,0.2,0.18,3,30,9,2133,2578505909,967295762,false,false,792.6999999999364,813.6999999999364,9,8,7,179,27,8,3,13,56,50,6,13,6,0,0.10714285714285714,0.8928571428571429,23,2.875,167.7333333333248,0.2115974937975757,1,0,1,7,3,37,8,3,50,0,0,0,0,0,6,9,3,0
difficulty-easy,20260712,1,0.12,0.45,0.2,0.18,3,30,9,2134,20639332,1522143128,false,false,787.4999999999411,808.4999999999411,9,8,7,179,28,8,3,15,63,53,10,15,10,0,0.15873015873015872,0.8412698412698413,27,3.375,167.7333333333248,0.21299470899471407,1,0,1,8,3,48,8,3,53,0,0,0,0,0,4,5,3,0
difficulty-easy,20260712,1,0.12,0.45,0.2,0.18,3,30,9,2135,95804372,3798761424,false,false,850.8999999998834,871.8999999998834,9,8,7,179,27,8,3,17,54,53,1,17,1,0,0.018518518518518517,0.9814814814814815,25,3.125,167.7333333333248,0.1971246131547159,1,0,1,7,3,44,7,3,50,0,0,0,0,0,5,8,2,0
difficulty-easy,20260712,1,0.12,0.45,0.2,0.18,3,30,9,2136,3327110207,3575680048,true,false,784.7666666666103,805.7666666666103,9,8,7,180,25,7,3,12,50,47,3,12,3,0,0.06,0.94,23,2.875,167.7333333333248,0.21373656713248548,1,1,0,7,3,41,7,3,46,7,3,46,81.36666666659266,0.10368262328496604,4,8,2,0
difficulty-easy,20260712,1,0.12,0.45,0.2,0.18,3,30,9,2137,2831740207,3066734434,true,false,794.1666666666017,815.1666666666017,9,8,7,180,21,6,2,9,42,40,2,9,2,0,0.047619047619047616,0.9523809523809523,19,2.375,167.7333333333248,0.2112067156348439,1,1,0,5,2,33,6,2,39,6,2,39,95.93333333324608,0.12079748163683601,4,11,2,0
difficulty-easy,20260712,1,0.12,0.45,0.2,0.18,3,30,9,2138,2119554907,3223911483,true,false,842.4333333332245,863.4333333332245,9,8,7,180,31,10,3,19,66,59,7,19,7,0,0.10606060606060606,0.8939393939393939,27,3.375,167.7333333333248,0.19910576504571653,1,1,0,8,3,46,9,3,58,9,3,58,144.93333333320152,0.17204130890660418,4,11,2,0
difficulty-easy,20260712,1,0.12,0.45,0.2,0.18,3,30,9,2139,2790241505,1949488697,true,false,755.9666666666365,776.9666666666365,9,8,7,180,16,5,3,2,30,27,3,2,3,0,0.1,0.9,13,1.625,167.7333333333248,0.22187927157281825,1,1,0,4,3,21,4,3,24,4,3,26,79.19999999992797,0.10476652409709132,5,8,2,0
difficulty-easy,20260712,1,0.12,0.45,0.2,0.18,3,30,9,2140,2891559488,3443548265,false,false,789.799999999939,810.799999999939,9,8,7,179,26,8,3,15,58,51,7,15,7,0,0.1206896551724138,0.8793103448275862,23,2.875,167.7333333333248,0.21237444078670265,1,0,1,7,3,40,8,3,51,0,0,0,0,0,3,4,2,0
difficulty-easy,20260712,1,0.12,0.45,0.2,0.18,3,30,9,2141,819421873,957753860,true,false,762.1666666666308,783.1666666666308,9,8,7,180,32,10,3,14,58,55,3,14,3,0,0.05172413793103448,0.9482758620689655,29,3.625,167.7333333333248,0.22007434944237833,1,1,0,9,3,48,9,3,53,9,3,54,81.36666666659266,0.10675705226319242,5,6,3,0
difficulty-easy,20260712,1,0.12,0.45,0.2,0.18,3,30,9,2142,2323009037,2782765860,true,false,859.766666666542,880.766666666542,9,8,7,180,23,7,3,11,51,44,7,11,7,0,0.13725490196078433,0.8627450980392157,21,2.625,167.7333333333248,0.19509169154423578,1,1,0,6,3,33,7,3,40,7,3,42,167.76666666651408,0.19513046175303966,4,7,2,0
difficulty-easy,20260712,1,0.12,0.45,0.2,0.18,3,30,9,2143,1590421762,2683361875,true,false,801.7666666665948,822.7666666665948,9,8,7,180,21,6,3,2,37,32,5,2,5,0,0.13513513513513514,0.8648648648648649,16,2,167.7333333333248,0.20920467301376938,1,1,0,5,3,24,5,3,29,5,3,29,117.99999999989268,0.14717498856679406,5,10,2,0
difficulty-easy,20260712,1,0.12,0.45,0.2,0.18,3,30,9,2144,946956178,652041593,false,false,796.3333333332664,817.3333333332664,9,8,7,179,12,3,2,0,26,20,6,0,6,0,0.23076923076923078,0.7692307692307693,7,0.875,167.7333333333248,0.21063206362495465,1,0,1,1,1,14,3,2,20,0,0,0,0,0,5,11,2,0
difficulty-easy,20260712,1,0.12,0.45,0.2,0.18,3,30,9,2145,2050428293,3856948571,true,false,850.0999999998842,871.0999999998842,9,8,7,180,25,8,3,10,54,45,9,10,9,0,0.16666666666666666,0.8333333333333334,23,2.875,167.7333333333248,0.19731012037801157,1,1,0,7,3,38,8,3,43,8,3,44,150.1666666665301,0.17664588479773033,5,11,2,0
difficulty-easy,20260712,1,0.12,0.45,0.2,0.18,3,30,9,2146,4261176638,3593274647,true,false,814.6999999999164,835.6999999999164,9,8,7,180,22,6,3,10,50,42,8,10,8,0,0.16,0.84,21,2.625,167.7333333333248,0.20588355631931018,1,1,0,6,3,38,6,3,42,6,3,42,117.03333333322689,0.14365206006289297,4,10,2,0
difficulty-easy,20260712,1,0.12,0.45,0.2,0.18,3,30,9,2147,3915353161,2436058269,true,false,830.5999999999019,851.5999999999019,9,8,7,180,30,9,3,17,63,56,7,17,7,0,0.1111111111111111,0.8888888888888888,28,3.5,167.7333333333248,0.20194237097681747,1,1,0,8,3,47,9,3,55,9,3,55,156.49999999985766,0.18841801107618125,3,4,3,0
difficulty-easy,20260712,1,0.12,0.45,0.2,0.18,3,30,9,2148,3389495939,2936924011,false,false,800.8999999999289,821.8999999999289,9,8,7,179,23,7,3,8,46,41,5,8,5,0,0.10869565217391304,0.8913043478260869,20,2.5,167.7333333333248,0.20943105672785575,1,0,1,6,3,34,7,3,40,0,0,0,0,0,2,4,3,0
difficulty-easy,20260712,1,0.12,0.45,0.2,0.18,3,30,9,2149,1949963189,2451533682,true,false,761.966666666631,782.966666666631,9,8,7,180,18,5,3,9,39,36,3,9,3,0,0.07692307692307693,0.9230769230769231,16,2,167.7333333333248,0.220132114265715,1,1,0,4,3,28,4,3,33,4,3,35,79.29999999992788,0.10407279408539077,5,9,2,0
difficulty-easy,20260712,1,0.12,0.45,0.2,0.18,3,30,9,2150,786013643,4103134425,true,false,776.8666666666174,797.8666666666174,9,8,7,180,19,6,3,2,37,30,7,2,7,0,0.1891891891891892,0.8108108108108109,17,2.125,167.7333333333248,0.21591006607740765,1,1,0,5,3,25,6,3,29,6,3,29,77.79999999992924,0.10014588517969729,5,9,2,0
difficulty-easy,20260712,1,0.12,0.45,0.2,0.18,3,30,9,2151,689203113,512460554,true,false,813.2666666665843,834.2666666665843,9,8,7,180,33,10,3,18,72,61,11,18,11,0,0.1527777777777778,0.8472222222222222,31,3.875,167.7333333333248,0.20624641364047272,1,1,0,10,3,51,10,3,60,10,3,60,137.1333333332086,0.1686203787194309,5,4,2,0
difficulty-easy,20260712,1,0.12,0.45,0.2,0.18,3,30,9,2152,2949584134,3058270107,false,false,844.1999999998895,865.1999999998895,9,8,7,179,25,7,3,8,50,42,8,8,8,0,0.16,0.84,21,2.625,167.7333333333248,0.19868909421149816,1,0,1,6,3,33,7,3,41,0,0,0,0,0,3,4,3,0
difficulty-easy,20260712,1,0.12,0.45,0.2,0.18,3,30,9,2153,1163486067,723154654,true,false,796.2333333332665,817.2333333332665,9,8,7,180,22,6,3,10,47,42,5,10,5,0,0.10638297872340426,0.8936170212765957,20,2.5,167.7333333333248,0.2106585171850867,1,1,0,6,3,33,6,3,42,6,3,42,85.39999999992233,0.10725499225511304,5,10,3,0
difficulty-easy,20260712,1,0.12,0.45,0.2,0.18,3,30,9,2154,2466045006,3751671028,true,false,806.3666666665906,827.3666666665906,9,8,7,180,22,6,3,9,43,41,2,9,2,0,0.046511627906976744,0.9534883720930233,19,2.375,167.7333333333248,0.208011243851028,1,1,0,5,3,32,6,3,40,6,3,40,117.96666666655938,0.146294076309252,5,14,2,0
difficulty-easy,20260712,1,0.12,0.45,0.2,0.18,3,30,9,2155,2106603399,3430670983,true,false,803.2333333332601,824.2333333332601,9,8,7,180,22,6,3,9,48,41,7,9,7,0,0.14583333333333334,0.8541666666666666,19,2.375,167.7333333333248,0.20882267502179536,1,1,0,5,3,30,6,3,39,6,3,40,111.29999999989877,0.13856496659323847,5,8,3,0
difficulty-easy,20260712,1,0.12,0.45,0.2,0.18,3,30,9,2156,3259513666,3812887602,false,false,781.3999999999467,802.3999999999467,9,8,7,179,25,8,3,13,54,48,6,13,6,0,0.1111111111111111,0.8888888888888888,21,2.625,167.7333333333248,0.21465745243580273,1,0,1,6,3,39,8,3,48,0,0,0,0,0,4,5,2,0
difficulty-easy,20260712,1,0.12,0.45,0.2,0.18,3,30,9,2157,929743779,1675120562,true,false,806.0999999999242,827.0999999999242,9,8,7,180,25,7,3,15,56,50,6,15,6,0,0.10714285714285714,0.8928571428571429,22,2.75,167.7333333333248,0.20808005623786202,1,1,0,6,3,39,7,3,48,7,3,49,110.13333333323317,0.1366249017904026,6,9,3,0
difficulty-easy,20260712,1,0.12,0.45,0.2,0.18,3,30,9,2158,137404675,2953234225,false,false,836.8999999998962,857.8999999998962,9,8,7,179,26,8,2,23,60,58,2,23,2,0,0.03333333333333333,0.9666666666666667,23,2.875,167.7333333333248,0.20042219301391517,1,0,1,7,2,46,8,2,58,0,0,0,0,0,3,5,2,0
difficulty-easy,20260712,1,0.12,0.45,0.2,0.18,3,30,9,2159,1313664204,3061042099,true,false,773.6666666666204,794.6666666666204,9,8,7,180,22,6,3,5,44,36,8,5,8,0,0.18181818181818182,0.8181818181818182,21,2.625,167.7333333333248,0.2168031021111609,1,1,0,6,3,33,6,3,35,6,3,36,75.69999999993115,0.09784575613951187,5,13,2,0
difficulty-easy,20260712,1,0.12,0.45,0.2,0.18,3,30,9,2160,2163201979,1798738584,false,false,855.8333333332123,876.8333333332123,9,8,7,179,25,7,3,12,54,47,7,12,7,0,0.12962962962962962,0.8703703703703703,21,2.625,167.7333333333248,0.1959883154820041,1,0,1,6,3,38,7,3,47,0,0,0,0,0,5,13,2,0
difficulty-easy,20260712,1,0.12,0.45,0.2,0.18,3,30,9,2161,3836369886,2904858519,false,false,832.3333333332337,853.3333333332337,9,8,7,179,27,8,3,9,52,46,6,9,6,0,0.11538461538461539,0.8846153846153846,21,2.625,167.7333333333248,0.2015218261914436,1,0,1,6,3,33,8,3,44,0,0,0,0,0,4,8,3,0
difficulty-easy,20260712,1,0.12,0.45,0.2,0.18,3,30,9,2162,1122802648,2776368710,true,false,793.3666666666024,814.3666666666024,9,8,7,180,21,6,3,16,57,46,11,16,11,0,0.19298245614035087,0.8070175438596491,17,2.125,167.7333333333248,0.21141968824839927,1,1,0,4,3,35,6,3,45,6,3,45,105.13333333323772,0.13251544052759912,4,6,3,0
difficulty-easy,20260712,1,0.12,0.45,0.2,0.18,3,30,9,2163,1422201613,2727668168,true,false,820.8333333332441,841.8333333332441,9,8,7,180,26,8,3,14,60,50,10,14,10,0,0.16666666666666666,0.8333333333333334,23,2.875,167.7333333333248,0.20434517766498642,1,1,0,7,3,41,8,3,49,8,3,49,154.6999999998593,0.1884670050759912,2,4,2,0
difficulty-easy,20260712,1,0.12,0.45,0.2,0.18,3,30,9,2164,3106842267,4258909971,true,false,820.6333333332443,841.6333333332443,9,8,7,180,21,7,3,5,38,34,4,5,4,0,0.10526315789473684,0.8947368421052632,18,2.25,167.7333333333248,0.20439497948739957,1,1,0,5,3,26,6,3,33,6,3,33,133.766666666545,0.16300418376037962,5,11,4,0
difficulty-easy,20260712,1,0.12,0.45,0.2,0.18,3,30,9,2165,3908144564,1264519782,false,false,811.8333333332523,832.8333333332523,9,8,7,179,26,8,3,8,56,44,12,8,12,0,0.21428571428571427,0.7857142857142857,22,2.75,167.7333333333248,0.20661055224800845,1,0,1,7,3,34,8,3,44,0,0,0,0,0,5,9,3,0
difficulty-easy,20260712,1,0.12,0.45,0.2,0.18,3,30,9,2166,179398960,4206099280,true,false,825.2666666665734,846.2666666665734,9,8,7,180,20,6,3,6,37,35,2,6,2,0,0.05405405405405406,0.9459459459459459,17,2.125,167.7333333333248,0.20324743517248212,1,1,0,5,3,28,6,3,34,6,3,34,129.3999999998823,0.15679780273030566,5,11,2,0
difficulty-easy,20260712,1,0.12,0.45,0.2,0.18,3,30,9,2167,3724557155,3617710698,true,false,820.4333333332445,841.4333333332445,9,8,7,180,25,8,3,11,50,45,5,11,5,0,0.1,0.9,24,3,167.7333333333248,0.2044448055905533,1,1,0,7,3,41,7,3,44,7,3,44,137.23333333320852,0.1672693292161338,5,6,2,0
difficulty-easy,20260712,1,0.12,0.45,0.2,0.18,3,30,9,2168,1489381201,2283675427,true,false,791.9333333332704,812.9333333332704,9,8,7,180,21,6,2,6,40,37,3,6,3,0,0.075,0.925,17,2.125,167.7333333333248,0.21180234026433806,1,1,0,5,2,29,6,2,36,6,2,36,97.66666666657784,0.12332687936684772,5,13,3,0
difficulty-easy,20260712,1,0.12,0.45,0.2,0.18,3,30,9,2169,3360845659,2602918329,true,false,790.3666666666052,811.3666666666052,9,8,7,180,26,8,3,13,57,49,8,13,8,0,0.14035087719298245,0.8596491228070176,24,3,167.7333333333248,0.2122221753616522,1,1,0,7,3,40,8,3,47,8,3,47,91.16666666658375,0.11534730715691979,4,10,2,0
difficulty-easy,20260712,1,0.12,0.45,0.2,0.18,3,30,9,2170,108383616,2530697710,true,false,808.3333333332555,829.3333333332555,9,8,7,180,33,10,3,21,69,63,6,21,6,0,0.08695652173913043,0.9130434782608695,29,3.625,167.7333333333248,0.20750515463918467,1,1,0,9,3,52,9,3,60,9,3,60,130.59999999988122,0.16156701030914697,5,6,2,0
difficulty-easy,20260712,1,0.12,0.45,0.2,0.18,3,30,9,2171,719902299,3714532408,false,false,818.5999999999128,839.5999999999128,9,8,7,179,19,6,2,6,41,35,6,6,6,0,0.14634146341463414,0.8536585365853658,15,1.875,167.7333333333248,0.2049026793712957,1,0,1,4,2,26,6,2,33,0,0,0,0,0,5,9,2,0
difficulty-easy,20260712,1,0.12,0.45,0.2,0.18,3,30,9,2172,4193598250,3723782471,true,false,777.2999999999504,798.2999999999504,9,8,7,180,20,6,3,6,39,36,3,6,3,0,0.07692307692307693,0.9230769230769231,18,2.25,167.7333333333248,0.21578969938676895,1,1,0,5,3,29,6,3,34,6,3,35,78.23333333326218,0.10064754063201746,5,10,2,0
difficulty-easy,20260712,1,0.12,0.45,0.2,0.18,3,30,9,2173,1242948103,125994331,true,false,783.199999999945,804.199999999945,9,8,7,180,20,6,3,14,47,43,4,14,4,0,0.0851063829787234,0.9148936170212766,17,2.125,167.7333333333248,0.21416411304052166,1,1,0,5,3,31,5,3,36,5,3,42,91.09999999991715,0.11631767109285436,5,14,4,0
difficulty-easy,20260712,1,0.12,0.45,0.2,0.18,3,30,9,2174,26082106,4112855178,true,false,825.6333333332398,846.6333333332398,9,8,7,180,28,9,3,10,50,46,4,10,4,0,0.08,0.92,22,2.75,167.7333333333248,0.20315717227180402,1,1,0,7,3,36,8,3,44,9,3,45,132.76666666654592,0.1608058460170709,4,6,2,0
difficulty-easy,20260712,1,0.12,0.45,0.2,0.18,3,30,9,2175,856960811,3427388132,false,false,787.1333333332748,808.1333333332748,9,8,7,179,22,6,3,4,46,35,11,4,11,0,0.2391304347826087,0.7608695652173914,15,1.875,167.7333333333248,0.21309392733124918,1,0,1,4,3,24,6,3,35,0,0,0,0,0,2,3,3,0
difficulty-easy,20260712,1,0.12,0.45,0.2,0.18,3,30,9,2176,3426546989,2821251002,true,false,823.0666666665754,844.0666666665754,9,8,7,180,28,9,3,25,68,62,6,25,6,0,0.08823529411764706,0.9117647058823529,23,2.875,167.7333333333248,0.20379070144177472,1,1,0,7,3,45,8,3,61,8,3,61,154.6999999998593,0.18795561315390788,2,4,3,0
difficulty-easy,20260712,1,0.12,0.45,0.2,0.18,3,30,9,2177,569401455,262460169,false,false,863.9999999998715,884.9999999998715,9,8,7,179,25,7,3,17,59,52,7,17,7,0,0.11864406779661017,0.8813559322033898,23,2.875,167.7333333333248,0.1941358024691548,1,0,1,7,3,37,7,3,49,0,0,0,0,0,5,17,3,0
difficulty-easy,20260712,1,0.12,0.45,0.2,0.18,3,30,9,2178,3036737634,1594483000,true,false,782.6666666666122,803.6666666666122,9,8,7,180,25,7,3,14,52,49,3,14,3,0,0.057692307692307696,0.9423076923076923,25,3.125,167.7333333333248,0.2143100511073294,1,1,0,7,3,42,7,3,48,7,3,48,96.79999999991196,0.12367972742749408,4,5,2,0
difficulty-easy,20260712,1,0.12,0.45,0.2,0.18,3,30,9,2179,42483717,1733355348,true,false,800.2999999999295,821.2999999999295,9,8,7,180,24,8,3,14,55,48,7,14,7,0,0.12727272727272726,0.8727272727272727,22,2.75,167.7333333333248,0.20958807113999697,1,1,0,7,3,38,8,3,46,8,3,46,99.29999999990969,0.124078470573433,4,11,4,0
difficulty-easy,20260712,1,0.12,0.45,0.2,0.18,3,30,9,2180,98661686,1565424159,false,false,869.4333333331999,890.4333333331999,9,8,7,179,29,9,3,17,65,56,9,17,9,0,0.13846153846153847,0.8615384615384616,26,3.25,167.7333333333248,0.19292259325999755,1,0,1,8,3,49,9,3,55,0,0,0,0,0,5,8,3,0
difficulty-easy,20260712,1,0.12,0.45,0.2,0.18,3,30,9,2181,2067246372,2016747405,true,false,820.2333333332447,841.2333333332447,9,8,7,180,23,7,3,8,45,40,5,8,5,0,0.1111111111111111,0.8888888888888888,13,1.625,167.7333333333248,0.20449465599220903,1,1,0,3,3,25,6,3,38,6,3,39,128.59999999988304,0.15678465477290643,6,11,2,0
difficulty-easy,20260712,1,0.12,0.45,0.2,0.18,3,30,9,2182,626824110,498967195,true,false,823.9666666665746,844.9666666665746,9,8,7,180,32,10,3,15,66,56,10,15,10,0,0.15151515151515152,0.8484848484848485,29,3.625,167.7333333333248,0.20356810550589854,1,1,0,9,3,45,9,3,53,9,3,53,155.6666666665251,0.18892350014144077,2,4,3,0
difficulty-easy,20260712,1,0.12,0.45,0.2,0.18,3,30,9,2183,3285447346,295770840,false,false,777.7333333332833,798.7333333332833,9,8,7,179,15,4,3,3,32,27,5,3,5,0,0.15625,0.84375,12,1.5,167.7333333333248,0.2156694668266787,1,0,1,3,3,23,4,3,27,0,0,0,0,0,3,7,2,0
difficulty-easy,20260712,1,0.12,0.45,0.2,0.18,3,30,9,2184,1263040528,1709681725,true,false,762.5999999999638,783.5999999999638,9,8,7,180,20,6,3,5,39,33,6,5,6,0,0.15384615384615385,0.8461538461538461,14,1.75,167.7333333333248,0.21994929626715548,1,1,0,4,3,23,6,3,32,6,3,32,79.4999999999277,0.10424862313130275,5,8,2,0
difficulty-easy,20260712,1,0.12,0.45,0.2,0.18,3,30,9,2185,3907884150,2009856576,true,false,779.133333333282,800.133333333282,9,8,7,180,24,7,3,4,40,37,3,4,3,0,0.075,0.925,24,3,167.7333333333248,0.21528193719517733,1,1,0,7,3,37,7,3,37,7,3,37,79.63333333326091,0.10220758107290084,4,8,3,0
difficulty-easy,20260712,1,0.12,0.45,0.2,0.18,3,30,9,2186,1627024028,2760213647,false,false,863.3333333332055,884.3333333332055,9,8,7,179,22,7,3,11,51,43,8,11,8,0,0.1568627450980392,0.8431372549019608,19,2.375,167.7333333333248,0.19428571428573316,1,0,1,6,3,31,7,3,43,0,0,0,0,0,5,11,2,0
difficulty-easy,20260712,1,0.12,0.45,0.2,0.18,3,30,9,2187,2719842617,1667089576,true,false,859.4999999998756,880.4999999998756,9,8,7,180,23,6,3,12,52,45,7,12,7,0,0.1346153846153846,0.8653846153846154,20,2.5,167.7333333333248,0.19515222028312865,1,1,0,5,3,36,6,3,43,6,3,44,166.39999999984866,0.19360093077355758,5,11,2,0
difficulty-easy,20260712,1,0.12,0.45,0.2,0.18,3,30,9,2188,1591185723,3156256189,false,false,841.1999999998923,862.1999999998923,9,8,7,179,28,8,3,14,59,51,8,14,8,0,0.13559322033898305,0.864406779661017,25,3.125,167.7333333333248,0.19939768584563275,1,0,1,7,3,44,8,3,51,0,0,0,0,0,3,5,3,0
difficulty-easy,20260712,1,0.12,0.45,0.2,0.18,3,30,9,2189,646576355,1646446661,false,false,770.5333333332899,791.5333333332899,9,8,7,179,24,7,3,6,44,38,6,6,6,0,0.13636363636363635,0.8636363636363636,19,2.375,167.7333333333248,0.217684720539887,1,0,1,6,3,28,7,3,38,0,0,0,0,0,3,7,4,0
difficulty-easy,20260712,1,0.12,0.45,0.2,0.18,3,30,9,2190,2942088000,3119853159,false,false,808.6333333332552,829.6333333332552,9,8,7,179,22,7,3,5,41,35,6,5,6,0,0.14634146341463414,0.8536585365853658,19,2.375,167.7333333333248,0.20742817098809638,1,0,1,6,3,29,6,3,33,0,0,0,0,0,5,14,2,0
difficulty-easy,20260712,1,0.12,0.45,0.2,0.18,3,30,9,2191,4108515711,4132359878,true,false,763.1999999999632,784.1999999999632,9,8,7,180,22,6,3,9,43,41,2,9,2,0,0.046511627906976744,0.9534883720930233,15,1.875,167.7333333333248,0.21977638015373804,1,1,0,4,3,30,6,3,37,6,3,40,79.99999999992724,0.1048218029349202,5,7,2,0
difficulty-easy,20260712,1,0.12,0.45,0.2,0.18,3,30,9,2192,89370677,589459143,false,false,789.2666666666062,810.2666666666062,9,8,7,179,21,6,3,13,48,43,5,13,5,0,0.10416666666666667,0.8958333333333334,20,2.5,167.7333333333248,0.21251794915111621,1,0,1,6,3,37,6,3,42,0,0,0,0,0,6,11,2,0
difficulty-easy,20260712,1,0.12,0.45,0.2,0.18,3,30,9,2193,2203251038,3458133202,false,false,770.7333333332897,791.7333333332897,9,8,7,179,26,8,3,10,54,44,10,10,10,0,0.18518518518518517,0.8148148148148148,20,2.5,167.7333333333248,0.21762823285183067,1,0,1,6,3,35,7,3,43,0,0,0,0,0,3,4,3,0
difficulty-easy,20260712,1,0.12,0.45,0.2,0.18,3,30,9,2194,3745497936,2605232938,true,false,783.7666666666112,804.7666666666112,9,8,7,180,16,5,3,0,31,24,7,0,7,0,0.22580645161290322,0.7741935483870968,15,1.875,167.7333333333248,0.2140092714668524,1,1,0,5,3,22,5,3,24,5,3,24,102.53333333324008,0.13082124782024498,2,6,2,0
difficulty-easy,20260712,1,0.12,0.45,0.2,0.18,3,30,9,2195,2273448484,1596155091,true,false,764.6666666666285,785.6666666666285,9,8,7,180,26,7,3,20,60,56,4,20,4,0,0.06666666666666667,0.9333333333333333,22,2.75,167.7333333333248,0.21935483870967717,1,1,0,6,3,45,7,3,54,7,3,55,78.3999999999287,0.10252833478631117,5,9,2,0
difficulty-easy,20260712,1,0.12,0.45,0.2,0.18,3,30,9,2196,3947648799,1870871225,true,false,768.1666666666254,789.1666666666254,9,8,7,180,20,6,2,5,44,35,9,5,9,0,0.20454545454545456,0.7954545454545454,20,2.5,167.7333333333248,0.218355391625082,1,1,0,6,2,29,6,2,33,6,2,34,77.79999999992924,0.1012801041439793,4,8,5,0
difficulty-easy,20260712,1,0.12,0.45,0.2,0.18,3,30,9,2197,2986497021,2854427063,true,false,794.7333333332679,815.7333333332679,9,8,7,180,19,6,3,3,36,32,4,3,4,0,0.1111111111111111,0.8888888888888888,15,1.875,167.7333333333248,0.21105611945307265,1,1,0,4,3,24,6,3,31,6,3,31,111.6666666665651,0.14050834661510062,5,11,1,0
difficulty-easy,20260712,1,0.12,0.45,0.2,0.18,3,30,9,2198,2899534119,3611893605,false,false,772.7333333332879,793.7333333332879,9,8,7,179,16,4,3,7,40,32,8,7,8,0,0.2,0.8,13,1.625,167.7333333333248,0.21706496419636095,1,0,1,3,3,22,4,3,32,0,0,0,0,0,3,7,3,0
difficulty-easy,20260712,1,0.12,0.45,0.2,0.18,3,30,9,2199,2799969123,454595138,false,false,836.6666666665631,857.6666666665631,9,8,7,179,22,6,3,8,43,39,4,8,4,0,0.09302325581395349,0.9069767441860465,20,2.5,167.7333333333248,0.20047808764941702,1,0,1,6,3,30,6,3,39,0,0,0,0,0,2,5,2,0
difficulty-easy,20260712,1,0.12,0.45,0.2,0.18,3,30,9,2200,1380290162,1421544296,false,false,859.0666666665427,880.0666666665427,9,8,7,179,19,5,3,2,42,31,11,2,11,0,0.2619047619047619,0.7380952380952381,15,1.875,167.7333333333248,0.1952506596306251,1,0,1,4,3,26,5,3,31,0,0,0,0,0,5,7,3,0
difficulty-easy,20260712,1,0.12,0.45,0.2,0.18,3,30,9,2201,3341422917,1717542376,true,false,773.299999999954,794.299999999954,9,8,7,180,23,6,3,6,47,39,8,6,8,0,0.1702127659574468,0.8297872340425532,18,2.25,167.7333333333248,0.2169059011164293,1,1,0,5,3,28,5,3,33,6,3,36,81.13333333325954,0.10491831544454205,5,8,3,0
difficulty-easy,20260712,1,0.12,0.45,0.2,0.18,3,30,9,2202,3490848939,98342381,true,false,832.2333333332338,853.2333333332338,9,8,7,180,26,8,3,15,59,51,8,15,8,0,0.13559322033898305,0.864406779661017,20,2.5,167.7333333333248,0.2015460407738353,1,1,0,6,3,41,8,3,48,8,3,50,140.56666666653882,0.16890295189636997,6,11,2,0
difficulty-easy,20260712,1,0.12,0.45,0.2,0.18,3,30,9,2203,976360527,1823281994,false,false,780.0999999999478,801.0999999999478,9,8,7,179,24,7,3,25,62,57,5,25,5,0,0.08064516129032258,0.9193548387096774,22,2.75,167.7333333333248,0.21501516899543135,1,0,1,6,3,45,7,3,57,0,0,0,0,0,2,5,2,0
difficulty-easy,20260712,1,0.12,0.45,0.2,0.18,3,30,9,2204,1286565870,1234460227,true,false,777.8666666666165,798.8666666666165,9,8,7,180,25,7,3,10,48,45,3,10,3,0,0.0625,0.9375,24,3,167.7333333333248,0.215632499142958,1,1,0,7,3,40,7,3,43,7,3,44,79.5666666665943,0.10228830990735271,5,10,2,0
difficulty-easy,20260712,1,0.12,0.45,0.2,0.18,3,30,9,2205,77862637,453542371,true,false,803.8666666665929,824.8666666665929,9,8,7,180,27,8,3,26,66,63,3,26,3,0,0.045454545454545456,0.9545454545454546,24,3,167.7333333333248,0.2086581522640656,1,1,0,7,3,46,8,3,61,8,3,62,117.89999999989277,0.1466661137832604,5,13,2,0
difficulty-easy,20260712,1,0.12,0.45,0.2,0.18,3,30,9,2206,4210403214,741317617,true,false,854.8666666665465,875.8666666665465,9,8,7,180,29,9,3,18,65,57,8,18,8,0,0.12307692307692308,0.8769230769230769,25,3.125,167.7333333333248,0.19620993527257471,1,1,0,8,3,44,8,3,52,9,3,56,150.96666666652936,0.17659674023225913,5,14,2,0
difficulty-easy,20260712,1,0.12,0.45,0.2,0.18,3,30,9,2207,1133405621,1634721492,true,false,789.5333333332726,810.5333333332726,9,8,7,180,20,6,2,11,44,41,3,11,3,0,0.06818181818181818,0.9318181818181818,16,2,167.7333333333248,0.2124461707337723,1,1,0,4,2,28,6,2,38,6,2,40,108.66666666656783,0.13763404542756422,6,9,1,0
difficulty-easy,20260712,1,0.12,0.45,0.2,0.18,3,30,9,2208,3247766767,2394851164,false,false,853.6333333332143,874.6333333332143,9,8,7,179,23,7,3,12,51,45,6,12,6,0,0.11764705882352941,0.8823529411764706,19,2.375,167.7333333333248,0.19649342028194952,1,0,1,6,3,32,7,3,45,0,0,0,0,0,6,13,3,0
difficulty-easy,20260712,1,0.12,0.45,0.2,0.18,3,30,9,2209,1746261379,752164020,true,false,771.0666666666227,792.0666666666227,9,8,7,180,24,7,3,14,54,48,6,14,6,0,0.1111111111111111,0.8888888888888888,20,2.5,167.7333333333248,0.21753415182431396,1,1,0,6,3,34,7,3,47,7,3,47,79.23333333326127,0.1027580840393383,6,10,2,0
difficulty-easy,20260712,1,0.12,0.45,0.2,0.18,3,30,9,2210,1987701461,3661394405,true,false,761.4333333332982,782.4333333332982,9,8,7,180,19,6,3,2,33,30,3,2,3,0,0.09090909090909091,0.9090909090909091,15,1.875,167.7333333333248,0.22028630214945394,1,1,0,5,3,23,5,3,27,5,3,29,82.29999999992515,0.10808562798222075,5,8,2,0
difficulty-easy,20260712,1,0.12,0.45,0.2,0.18,3,30,9,2211,787891571,129724333,true,false,804.7666666665921,825.7666666665921,9,8,7,180,24,7,3,8,46,41,5,8,5,0,0.10869565217391304,0.8913043478260869,17,2.125,167.7333333333248,0.20842480222011392,1,1,0,5,3,28,6,3,40,6,3,40,135.29999999987695,0.16812326554267013,3,7,2,0
difficulty-easy,20260712,1,0.12,0.45,0.2,0.18,3,30,9,2212,949392966,1138451317,false,false,780.4999999999475,801.4999999999475,9,8,7,179,22,7,3,5,41,37,4,5,4,0,0.0975609756097561,0.9024390243902439,18,2.25,167.7333333333248,0.21490497544309556,1,0,1,5,3,30,7,3,37,0,0,0,0,0,3,5,3,0
difficulty-easy,20260712,1,0.12,0.45,0.2,0.18,3,30,9,2213,283355847,2508852839,true,false,772.0333333332885,793.0333333332885,9,8,7,180,22,7,3,11,45,42,3,11,3,0,0.06666666666666667,0.9333333333333333,18,2.25,167.7333333333248,0.217261776261821,1,1,0,5,3,32,6,3,41,6,3,41,96.83333333324526,0.12542636328299842,3,5,2,0
difficulty-easy,20260712,1,0.12,0.45,0.2,0.18,3,30,9,2214,2492016214,1785744466,true,false,771.3666666666225,792.3666666666225,9,8,7,180,20,6,3,2,38,32,6,2,6,0,0.15789473684210525,0.8421052631578947,16,2,167.7333333333248,0.21744954842055367,1,1,0,4,3,25,6,3,31,6,3,31,83.53333333325736,0.10829264076737671,5,8,2,0
difficulty-easy,20260712,1,0.12,0.45,0.2,0.18,3,30,9,2215,3883991814,1292537639,false,false,848.3999999998857,869.3999999998857,9,8,7,179,23,7,3,10,49,43,6,10,6,0,0.12244897959183673,0.8775510204081632,18,2.25,167.7333333333248,0.19770548483421427,1,0,1,5,3,33,7,3,43,0,0,0,0,0,3,5,4,0
difficulty-easy,20260712,1,0.12,0.45,0.2,0.18,3,30,9,2216,1285146286,2694181501,false,false,845.133333333222,866.133333333222,9,8,7,179,27,8,3,19,64,56,8,19,8,0,0.125,0.875,23,2.875,167.7333333333248,0.19846966948017697,1,0,1,6,3,39,7,3,52,0,0,0,0,0,6,10,3,0
difficulty-easy,20260712,1,0.12,0.45,0.2,0.18,3,30,9,2217,1151903568,1057129058,false,false,817.4999999999138,838.4999999999138,9,8,7,179,23,6,2,10,48,43,5,10,5,0,0.10416666666666667,0.8958333333333334,21,2.625,167.7333333333248,0.20517838939858407,1,0,1,6,2,33,6,2,42,0,0,0,0,0,5,6,2,0
difficulty-easy,20260712,1,0.12,0.45,0.2,0.18,3,30,9,2218,255000466,95992864,true,false,755.4333333333036,776.4333333333036,9,8,7,180,22,7,3,6,44,38,6,6,6,0,0.13636363636363635,0.8636363636363636,20,2.5,167.7333333333248,0.22203591757489927,1,1,0,6,3,34,7,3,38,7,3,38,52.83333333328528,0.06993778405324189,4,13,2,0
difficulty-easy,20260712,1,0.12,0.45,0.2,0.18,3,30,9,2219,3076071,2571907882,false,false,837.9999999998952,858.9999999998952,9,8,7,179,19,5,3,7,45,36,9,7,9,0,0.2,0.8,16,2,167.7333333333248,0.20015910898967276,1,0,1,5,3,28,5,3,36,0,0,0,0,0,5,10,2,0
difficulty-easy,20260712,1,0.12,0.45,0.2,0.18,3,30,9,2220,856051668,1781397719,true,false,769.0333333332912,790.0333333332912,9,8,7,180,19,6,3,4,42,32,10,4,10,0,0.23809523809523808,0.7619047619047619,12,1.5,167.7333333333248,0.21810931472411335,1,1,0,3,2,22,5,3,30,5,3,31,82.8666666665913,0.1077543236096344,5,8,2,0
difficulty-easy,20260712,1,0.12,0.45,0.2,0.18,3,30,9,2221,1723564383,318131145,false,false,839.3333333332273,860.3333333332273,9,8,7,179,29,8,3,17,63,56,7,17,7,0,0.1111111111111111,0.8888888888888888,24,3,167.7333333333248,0.19984114376490783,1,0,1,7,3,44,8,3,56,0,0,0,0,0,3,5,2,0
difficulty-easy,20260712,1,0.12,0.45,0.2,0.18,3,30,9,2222,3007726819,2088392111,false,false,829.2999999999031,850.2999999999031,9,8,7,179,25,7,3,13,54,48,6,13,6,0,0.1111111111111111,0.8888888888888888,20,2.5,167.7333333333248,0.20225893323687977,1,0,1,6,3,38,7,3,47,0,0,0,0,0,3,5,3,0
difficulty-easy,20260712,1,0.12,0.45,0.2,0.18,3,30,9,2223,762117959,2495316337,true,false,840.2666666665598,861.2666666665598,9,8,7,180,28,9,3,12,59,50,9,12,9,0,0.15254237288135594,0.847457627118644,25,3.125,167.7333333333248,0.19961916851794603,1,1,0,8,3,42,9,3,49,9,3,49,153.6666666665269,0.1828784512851632,6,7,3,0
difficulty-easy,20260712,1,0.12,0.45,0.2,0.18,3,30,9,2224,2496062757,3645138588,false,false,849.5666666665513,870.5666666665513,9,8,7,179,24,7,3,6,47,40,7,6,7,0,0.14893617021276595,0.851063829787234,19,2.375,167.7333333333248,0.19743398595364017,1,0,1,5,3,29,7,3,39,0,0,0,0,0,5,13,2,0
difficulty-easy,20260712,1,0.12,0.45,0.2,0.18,3,30,9,2225,2168401735,1447127531,false,false,885.2333333331856,906.2333333331856,9,8,7,179,22,7,3,33,74,65,9,33,9,0,0.12162162162162163,0.8783783783783784,22,2.75,167.7333333333248,0.1894792333471621,1,0,1,7,3,53,7,3,64,0,0,0,0,0,5,10,3,0
difficulty-easy,20260712,1,0.12,0.45,0.2,0.18,3,30,9,2226,2773084045,45142028,true,false,769.1999999999578,790.1999999999578,9,8,7,180,22,7,3,7,43,39,4,7,4,0,0.09302325581395349,0.9069767441860465,16,2,167.7333333333248,0.21806205581556684,1,1,0,5,3,26,7,3,37,7,3,38,78.66666666659512,0.10227075749687915,5,8,3,0
difficulty-easy,20260712,1,0.12,0.45,0.2,0.18,3,30,9,2227,2573758714,1137452587,false,false,806.5999999999237,827.5999999999237,9,8,7,179,24,7,3,17,55,51,4,17,4,0,0.07272727272727272,0.9272727272727272,22,2.75,167.7333333333248,0.2079510703364005,1,0,1,7,3,37,7,3,51,0,0,0,0,0,2,5,2,0
difficulty-easy,20260712,1,0.12,0.45,0.2,0.18,3,30,9,2228,1404780959,1676799932,true,false,782.2999999999458,803.2999999999458,9,8,7,180,22,7,3,7,44,39,5,7,5,0,0.11363636363636363,0.8863636363636364,16,2,167.7333333333248,0.21441049895607364,1,1,0,4,3,30,6,3,37,6,3,37,88.53333333325281,0.11317056542663805,5,13,4,0
difficulty-easy,20260712,1,0.12,0.45,0.2,0.18,3,30,9,2229,3847309207,2852476777,false,false,860.3999999998748,881.3999999998748,9,8,7,179,21,6,3,11,48,42,6,11,6,0,0.125,0.875,21,2.625,167.7333333333248,0.19494808616149373,1,0,1,6,3,38,6,3,42,0,0,0,0,0,5,8,2,0
difficulty-easy,20260712,1,0.12,0.45,0.2,0.18,3,30,9,2230,1972595494,2013514479,true,false,846.4333333332208,867.4333333332208,9,8,7,180,31,10,3,19,68,60,8,19,8,0,0.11764705882352941,0.8823529411764706,25,3.125,167.7333333333248,0.19816484858033365,1,1,0,8,3,45,9,3,55,9,3,58,140.366666666539,0.16583310361110265,5,11,3,0
difficulty-easy,20260712,1,0.12,0.45,0.2,0.18,3,30,9,2231,3375298705,2826238928,true,false,816.8333333332478,837.8333333332478,9,8,7,180,19,6,3,0,34,28,6,0,6,0,0.17647058823529413,0.8235294117647058,13,1.625,167.7333333333248,0.20534584778617715,1,1,0,3,1,20,5,3,27,5,3,27,129.76666666654864,0.15886553764525066,5,11,3,0
difficulty-easy,20260712,1,0.12,0.45,0.2,0.18,3,30,9,2232,2493925150,453955660,true,false,775.9666666666183,796.9666666666183,9,8,7,180,27,8,2,13,51,49,2,13,2,0,0.0392156862745098,0.9607843137254902,22,2.75,167.7333333333248,0.21616048799347298,1,1,0,6,2,41,7,2,48,7,2,48,79.83333333326073,0.10288242622097045,6,10,2,0
difficulty-easy,20260712,1,0.12,0.45,0.2,0.18,3,30,9,2233,1918894608,1043985773,true,false,778.799999999949,799.799999999949,9,8,7,180,27,8,3,9,52,46,6,9,6,0,0.11538461538461539,0.8846153846153846,26,3.25,167.7333333333248,0.21537407978086257,1,1,0,8,3,38,8,3,46,8,3,46,78.76666666659503,0.10113850368079119,4,8,3,0
difficulty-easy,20260712,1,0.12,0.45,0.2,0.18,3,30,9,2234,685864755,3034343912,false,false,807.1333333332566,828.1333333332566,9,8,7,179,22,6,3,13,48,43,5,13,5,0,0.10416666666666667,0.8958333333333334,19,2.375,167.7333333333248,0.20781366151813918,1,0,1,5,3,30,6,3,43,0,0,0,0,0,6,8,2,0
difficulty-easy,20260712,1,0.12,0.45,0.2,0.18,3,30,9,2235,2298885096,1898246007,false,false,861.4999999998738,882.4999999998738,9,8,7,179,31,10,3,21,63,60,3,21,3,0,0.047619047619047616,0.9523809523809523,28,3.5,167.7333333333248,0.1946991681176429,1,0,1,9,3,50,9,3,56,0,0,0,0,0,5,8,2,0
difficulty-easy,20260712,1,0.12,0.45,0.2,0.18,3,30,9,2236,2180771871,885292718,true,false,779.2999999999486,800.2999999999486,9,8,7,180,24,7,3,3,41,36,5,3,5,0,0.12195121951219512,0.8780487804878049,19,2.375,167.7333333333248,0.2152358954617424,1,1,0,5,3,28,6,3,35,6,3,35,103.66666666657238,0.13302536464337125,3,5,2,0
difficulty-easy,20260712,1,0.12,0.45,0.2,0.18,3,30,9,2237,3834157460,1387833407,true,false,810.1333333332539,831.1333333332539,9,8,7,180,24,7,3,10,51,44,7,10,7,0,0.13725490196078433,0.8627450980392157,22,2.75,167.7333333333248,0.2070441079657767,1,1,0,7,3,37,7,3,44,7,3,44,119.89999999989095,0.14800032916380354,5,11,2,0
difficulty-easy,20260712,1,0.12,0.45,0.2,0.18,3,30,9,2238,1920062697,3323254076,true,false,827.6666666665712,848.6666666665712,9,8,7,180,22,7,2,16,52,47,5,16,5,0,0.09615384615384616,0.9038461538461539,18,2.25,167.7333333333248,0.20265807490939686,1,1,0,5,2,35,6,2,45,6,2,46,131.09999999988077,0.15839710028179124,6,9,2,0
difficulty-easy,20260712,1,0.12,0.45,0.2,0.18,3,30,9,2239,605641095,798574280,true,false,827.2333333332383,848.2333333332383,9,8,7,180,25,8,3,9,51,44,7,9,7,0,0.13725490196078433,0.8627450980392157,23,2.875,167.7333333333248,0.20276423419431527,1,1,0,7,3,38,8,3,44,8,3,44,133.03333333321234,0.16081718177043272,4,5,2,0
difficulty-easy,20260712,1,0.12,0.45,0.2,0.18,3,30,9,2240,2914322216,1816605604,false,false,850.633333333217,871.633333333217,9,8,7,179,21,5,3,14,53,45,8,14,8,0,0.1509433962264151,0.8490566037735849,20,2.5,167.7333333333248,0.19718641012580554,1,0,1,5,3,41,5,3,45,0,0,0,0,0,5,9,2,0
difficulty-easy,20260712,1,0.12,0.45,0.2,0.18,3,30,9,2241,2368700498,2833135876,false,false,806.2333333332574,827.2333333332574,9,8,7,179,28,8,3,23,68,61,7,23,7,0,0.10294117647058823,0.8970588235294118,24,3,167.7333333333248,0.20804564435441425,1,0,1,7,3,47,8,3,61,0,0,0,0,0,2,5,3,0
difficulty-easy,20260712,1,0.12,0.45,0.2,0.18,3,30,9,2242,286200471,1513520063,false,false,865.7999999998699,886.7999999998699,9,8,7,179,28,8,3,15,54,52,2,15,2,0,0.037037037037037035,0.9629629629629629,20,2.5,167.7333333333248,0.19373219373221298,1,0,1,5,3,35,7,3,44,0,0,0,0,0,6,8,3,0
difficulty-easy,20260712,1,0.12,0.45,0.2,0.18,3,30,9,2243,3405684843,28505355,true,false,795.5666666666004,816.5666666666004,9,8,7,180,25,8,3,8,45,42,3,8,3,0,0.06666666666666667,0.9333333333333333,20,2.5,167.7333333333248,0.21083504420330007,1,1,0,6,3,31,7,3,39,7,3,39,89.59999999991851,0.11262412536128458,5,13,3,0
difficulty-easy,20260712,1,0.12,0.45,0.2,0.18,3,30,9,2244,1808218155,1884111721,false,false,892.5333333331789,913.5333333331789,9,8,7,179,24,7,3,20,62,54,8,20,8,0,0.12903225806451613,0.8709677419354839,21,2.625,167.7333333333248,0.18792948909473461,1,0,1,6,3,45,7,3,53,0,0,0,0,0,5,14,2,0
difficulty-easy,20260712,1,0.12,0.45,0.2,0.18,3,30,9,2245,2309325339,3718029639,true,false,829.7666666665693,850.7666666665693,9,8,7,180,30,9,3,21,66,61,5,21,5,0,0.07575757575757576,0.9242424242424242,26,3.25,167.7333333333248,0.20214518137630394,1,1,0,8,3,48,9,3,60,9,3,60,155.6666666665251,0.1876029405855582,2,4,2,0
difficulty-easy,20260712,1,0.12,0.45,0.2,0.18,3,30,9,2246,2790006438,4289953302,false,false,848.7999999998854,869.7999999998854,9,8,7,179,22,6,3,4,43,36,7,4,7,0,0.16279069767441862,0.8372093023255814,17,2.125,167.7333333333248,0.19761231542571567,1,0,1,5,3,28,6,3,34,0,0,0,0,0,5,8,2,0
difficulty-easy,20260712,1,0.12,0.45,0.2,0.18,3,30,9,2247,2123031547,59015085,true,false,791.1666666666044,812.1666666666044,9,8,7,180,31,10,3,18,64,58,6,18,6,0,0.09375,0.90625,26,3.25,167.7333333333248,0.212007583737103,1,1,0,8,3,46,9,3,55,9,3,57,97.46666666657802,0.12319359595523786,5,5,2,0
difficulty-easy,20260712,1,0.12,0.45,0.2,0.18,3,30,9,2248,3287359993,1917613446,false,false,801.1999999999287,822.1999999999287,9,8,7,179,24,7,3,13,56,47,9,13,9,0,0.16071428571428573,0.8392857142857143,21,2.625,167.7333333333248,0.2093526377101095,1,0,1,6,3,35,7,3,45,0,0,0,0,0,5,11,3,0
difficulty-easy,20260712,1,0.12,0.45,0.2,0.18,3,30,9,2249,3999773344,334379616,false,false,811.5999999999192,832.5999999999192,9,8,7,179,25,7,3,15,54,48,6,15,6,0,0.1111111111111111,0.8888888888888888,21,2.625,167.7333333333248,0.20666995235749322,1,0,1,6,3,38,6,3,47,0,0,0,0,0,5,10,2,0
difficulty-easy,20260712,1,0.12,0.45,0.2,0.18,3,30,9,2250,782822411,2520930729,false,false,842.8999999998907,863.8999999998907,9,8,7,179,22,6,2,8,44,40,4,8,4,0,0.09090909090909091,0.9090909090909091,21,2.625,167.7333333333248,0.19899553130068398,1,0,1,6,2,35,6,2,40,0,0,0,0,0,3,5,2,0
difficulty-easy,20260712,1,0.12,0.45,0.2,0.18,3,30,9,2251,4143932939,1605409358,true,false,840.733333333226,861.733333333226,9,8,7,180,20,6,3,2,34,31,3,2,3,0,0.08823529411764706,0.9117647058823529,17,2.125,167.7333333333248,0.19950836571248853,1,1,0,5,3,26,5,3,30,5,3,30,137.79999999987467,0.16390452779306827,5,14,2,0
difficulty-easy,20260712,1,0.12,0.45,0.2,0.18,3,30,9,2252,2232050580,3338675466,false,false,834.0666666665654,855.0666666665654,9,8,7,179,24,6,3,9,48,43,5,9,5,0,0.10416666666666667,0.8958333333333334,22,2.75,167.7333333333248,0.2011030293342001,1,0,1,6,3,37,6,3,41,0,0,0,0,0,5,10,2,0
difficulty-easy,20260712,1,0.12,0.45,0.2,0.18,3,30,9,2253,2313933862,2138784883,true,false,827.7333333332379,848.7333333332379,9,8,7,180,24,7,3,15,53,48,5,15,5,0,0.09433962264150944,0.9056603773584906,17,2.125,167.7333333333248,0.20264175257733263,1,1,0,5,3,30,6,3,45,6,3,45,129.3333333332157,0.1562499999998759,4,11,3,0
difficulty-easy,20260712,1,0.12,0.45,0.2,0.18,3,30,9,2254,423287361,588602601,false,false,784.6999999999437,805.6999999999437,9,8,7,179,26,8,3,17,58,51,7,17,7,0,0.1206896551724138,0.8793103448275862,24,3,167.7333333333248,0.21375472579754917,1,0,1,7,3,43,8,3,51,0,0,0,0,0,3,7,2,0
difficulty-easy,20260712,1,0.12,0.45,0.2,0.18,3,30,9,2255,2147951166,1572069286,false,false,782.5999999999456,803.5999999999456,9,8,7,179,26,8,3,14,57,50,7,14,7,0,0.12280701754385964,0.8771929824561403,22,2.75,167.7333333333248,0.21432830735156716,1,0,1,6,3,42,8,3,50,0,0,0,0,0,3,7,2,0
difficulty-easy,20260712,1,0.12,0.45,0.2,0.18,3,30,9,2256,3984677179,539697361,false,false,776.599999999951,797.599999999951,9,8,7,179,24,7,2,8,50,42,8,8,8,0,0.16,0.84,22,2.75,167.7333333333248,0.21598420465276252,1,0,1,7,2,34,7,2,42,0,0,0,0,0,3,5,2,0
difficulty-easy,20260712,1,0.12,0.45,0.2,0.18,3,30,9,2257,690857827,510851659,true,false,799.8999999999298,820.8999999999298,9,8,7,180,24,7,3,11,52,45,7,11,7,0,0.1346153846153846,0.8653846153846154,20,2.5,167.7333333333248,0.20969287827645894,1,1,0,6,3,36,7,3,44,7,3,44,114.03333333322962,0.14255948660237483,4,6,2,0
difficulty-easy,20260712,1,0.12,0.45,0.2,0.18,3,30,9,2258,1640083981,495665630,false,false,869.9999999998661,890.9999999998661,9,8,7,179,29,8,2,31,77,69,8,31,8,0,0.1038961038961039,0.8961038961038961,23,2.875,167.7333333333248,0.19279693486592026,1,0,1,6,2,49,8,2,66,0,0,0,0,0,5,10,2,0
difficulty-easy,20260712,1,0.12,0.45,0.2,0.18,3,30,9,2259,127989567,2066409048,true,false,806.5666666665904,827.5666666665904,9,8,7,180,23,7,3,7,44,40,4,7,4,0,0.09090909090909091,0.9090909090909091,20,2.5,167.7333333333248,0.2079596644212183,1,1,0,6,3,32,7,3,39,7,3,39,125.46666666655256,0.15555647394292402,3,7,3,0
difficulty-easy,20260712,1,0.12,0.45,0.2,0.18,3,30,9,2260,507001253,4013639355,false,false,835.5333333332308,856.5333333332308,9,8,7,179,24,7,3,13,50,47,3,13,3,0,0.06,0.94,24,3,167.7333333333248,0.20075001994735345,1,0,1,7,3,40,7,3,47,0,0,0,0,0,4,7,3,0
difficulty-easy,20260712,1,0.12,0.45,0.2,0.18,3,30,9,2261,3473588553,1934679956,true,false,790.9333333332713,811.9333333332713,9,8,7,180,19,5,3,5,38,34,4,5,4,0,0.10526315789473684,0.8947368421052632,17,2.125,167.7333333333248,0.2120701281186842,1,1,0,5,3,29,5,3,33,5,3,33,91.93333333324972,0.11623398516510906,5,10,2,0
difficulty-easy,20260712,1,0.12,0.45,0.2,0.18,3,30,9,2262,1630346514,4108548601,false,false,874.499999999862,895.499999999862,9,8,7,179,26,8,3,15,63,51,12,15,12,0,0.19047619047619047,0.8095238095238095,24,3,167.7333333333248,0.19180484086146515,1,0,1,7,3,39,8,3,51,0,0,0,0,0,5,6,3,0
difficulty-easy,20260712,1,0.12,0.45,0.2,0.18,3,30,9,2263,4120123403,1675013952,false,false,842.7999999998908,863.7999999998908,9,8,7,179,24,7,3,24,64,57,7,24,7,0,0.109375,0.890625,21,2.625,167.7333333333248,0.19901914254075287,1,0,1,6,3,44,7,3,56,0,0,0,0,0,3,7,3,0
difficulty-easy,20260712,1,0.12,0.45,0.2,0.18,3,30,9,2264,3335446216,1073641349,true,false,819.2666666665789,840.2666666665789,9,8,7,180,22,6,2,9,48,41,7,9,7,0,0.14583333333333334,0.8541666666666666,21,2.625,167.7333333333248,0.20473594271300688,1,1,0,6,2,37,6,2,40,6,2,40,123.99999999988722,0.15135487020900867,5,10,2,0
difficulty-easy,20260712,1,0.12,0.45,0.2,0.18,3,30,9,2265,1522981858,2584412900,true,false,790.2999999999386,811.2999999999386,9,8,7,180,28,8,3,39,83,76,7,39,7,0,0.08433734939759036,0.9156626506024096,25,3.125,167.7333333333248,0.21224007760766522,1,1,0,7,3,63,8,3,74,8,3,74,98.46666666657711,0.12459403601997313,6,11,3,0
difficulty-easy,20260712,1,0.12,0.45,0.2,0.18,3,30,9,2266,2736414740,570894580,false,false,771.5999999999556,792.5999999999556,9,8,7,179,23,7,3,12,52,45,7,12,7,0,0.1346153846153846,0.8653846153846154,22,2.75,167.7333333333248,0.2173837912562655,1,0,1,7,3,34,7,3,44,0,0,0,0,0,5,5,2,0
difficulty-easy,20260712,1,0.12,0.45,0.2,0.18,3,30,9,2267,2628907987,845474448,false,false,806.9333333332568,827.9333333332568,9,8,7,179,21,6,3,11,49,42,7,11,7,0,0.14285714285714285,0.8571428571428571,21,2.625,167.7333333333248,0.20786516853933498,1,0,1,6,3,34,6,3,41,0,0,0,0,0,6,11,3,0
difficulty-easy,20260712,1,0.12,0.45,0.2,0.18,3,30,9,2268,537210261,3357067451,true,false,815.866666666582,836.866666666582,9,8,7,180,25,7,3,7,47,42,5,7,5,0,0.10638297872340426,0.8936170212765957,21,2.625,167.7333333333248,0.20558914855369612,1,1,0,6,3,37,7,3,41,7,3,41,119.73333333322444,0.14675600588319604,5,14,3,0
difficulty-easy,20260712,1,0.12,0.45,0.2,0.18,3,30,9,2269,1983327874,390623026,false,false,836.7333333332297,857.7333333332297,9,8,7,179,21,6,2,13,47,44,3,13,3,0,0.06382978723404255,0.9361702127659575,16,2,167.7333333333248,0.20046211457255866,1,0,1,5,2,28,6,2,43,0,0,0,0,0,3,7,2,0
difficulty-easy,20260712,1,0.12,0.45,0.2,0.18,3,30,9,2270,3086806668,1235764177,false,false,856.3999999998784,877.3999999998784,9,8,7,179,26,8,3,11,53,46,7,11,7,0,0.1320754716981132,0.8679245283018868,22,2.75,167.7333333333248,0.19585863303753923,1,0,1,7,3,37,8,3,45,0,0,0,0,0,5,8,2,0
difficulty-easy,20260712,1,0.12,0.45,0.2,0.18,3,30,9,2271,2068928284,37923734,true,false,819.833333333245,840.833333333245,9,8,7,180,23,7,3,12,53,44,9,12,9,0,0.16981132075471697,0.8301886792452831,20,2.5,167.7333333333248,0.2045944297621584,1,1,0,6,3,36,7,3,44,7,3,44,111.6333333332318,0.13616588737537363,4,7,2,0
difficulty-easy,20260712,1,0.12,0.45,0.2,0.18,3,30,9,2272,3425193234,114004857,true,false,772.8333333332878,793.8333333332878,9,8,7,180,24,7,3,13,51,47,4,13,4,0,0.0784313725490196,0.9215686274509803,21,2.625,167.7333333333248,0.2170368772913539,1,1,0,6,3,36,7,3,44,7,3,45,79.4999999999277,0.10286823377174774,4,8,2,0
difficulty-easy,20260712,1,0.12,0.45,0.2,0.18,3,30,9,2273,1524395095,517967885,true,false,836.1666666665635,857.1666666665635,9,8,7,180,21,6,3,12,49,42,7,12,7,0,0.14285714285714285,0.8571428571428571,18,2.25,167.7333333333248,0.20059796691251205,1,1,0,5,3,37,5,3,41,5,3,41,135.23333333321034,0.1617301176000323,6,14,3,0
difficulty-easy,20260712,1,0.12,0.45,0.2,0.18,3,30,9,2274,703625495,788678903,true,false,841.5666666665586,862.5666666665586,9,8,7,180,20,6,3,2,39,31,8,2,8,0,0.20512820512820512,0.7948717948717948,13,1.625,167.7333333333248,0.19931080920506952,1,1,0,4,3,22,5,3,30,5,3,30,148.89999999986458,0.1769319127023611,6,14,2,0
difficulty-easy,20260712,1,0.12,0.45,0.2,0.18,3,30,9,2275,3995234506,800012446,false,false,788.3999999999403,809.3999999999403,9,8,7,179,26,7,3,19,62,55,7,19,7,0,0.11290322580645161,0.8870967741935484,25,3.125,167.7333333333248,0.21275156434974316,1,0,1,7,3,45,7,3,55,0,0,0,0,0,6,9,2,0
difficulty-easy,20260712,1,0.12,0.45,0.2,0.18,3,30,9,2276,1693252357,871136928,false,false,806.5333333332571,827.5333333332571,9,8,7,179,30,9,3,19,63,58,5,19,5,0,0.07936507936507936,0.9206349206349206,25,3.125,167.7333333333248,0.20796825921640846,1,0,1,7,3,40,9,3,58,0,0,0,0,0,3,5,3,0
difficulty-easy,20260712,1,0.12,0.45,0.2,0.18,3,30,9,2277,1224327404,2159658843,true,false,832.2999999999004,853.2999999999004,9,8,7,180,28,9,3,24,67,62,5,24,5,0,0.07462686567164178,0.9253731343283582,23,2.875,167.7333333333248,0.2015298970723836,1,1,0,7,3,48,9,3,59,9,3,61,152.19999999986157,0.1828667547757777,3,3,4,0
difficulty-easy,20260712,1,0.12,0.45,0.2,0.18,3,30,9,2278,3709197462,2702817538,true,false,825.4999999999065,846.4999999999065,9,8,7,180,22,7,3,13,46,44,2,13,2,0,0.043478260869565216,0.9565217391304348,20,2.5,167.7333333333248,0.20318998586716389,1,1,0,6,3,36,6,3,43,6,3,43,151.83333333319524,0.18392893196028157,4,7,2,0
difficulty-easy,20260712,1,0.12,0.45,0.2,0.18,3,30,9,2279,2219040988,535684474,false,false,793.3333333332691,814.3333333332691,9,8,7,179,21,6,3,12,50,43,7,12,7,0,0.14,0.86,21,2.625,167.7333333333248,0.21142857142857777,1,0,1,6,3,32,6,3,42,0,0,0,0,0,4,6,2,0
difficulty-easy,20260712,1,0.12,0.45,0.2,0.18,3,30,9,2280,3229550339,1582644560,false,false,803.4999999999266,824.4999999999266,9,8,7,179,24,7,2,15,56,49,7,15,7,0,0.125,0.875,21,2.625,167.7333333333248,0.20875337066999394,1,0,1,6,2,39,7,2,48,0,0,0,0,0,4,13,3,0
difficulty-easy,20260712,1,0.12,0.45,0.2,0.18,3,30,9,2281,332334475,1813517725,false,false,792.9999999999361,813.9999999999361,9,8,7,179,23,7,3,3,40,35,5,3,5,0,0.125,0.875,19,2.375,167.7333333333248,0.21151744430433583,1,0,1,5,3,29,7,3,35,0,0,0,0,0,5,10,2,0
difficulty-easy,20260712,1,0.12,0.45,0.2,0.18,3,30,9,2282,754611750,1209243662,true,false,800.2333333332629,821.2333333332629,9,8,7,180,25,7,3,10,48,45,3,10,3,0,0.0625,0.9375,23,2.875,167.7333333333248,0.2096055317199228,1,1,0,6,3,40,7,3,45,7,3,45,119.19999999989159,0.14895655433819563,2,5,2,0
difficulty-easy,20260712,1,0.12,0.45,0.2,0.18,3,30,9,2283,1227526887,2990332944,true,false,806.2666666665907,827.2666666665907,9,8,7,180,23,7,3,13,52,46,6,13,6,0,0.11538461538461539,0.8846153846153846,19,2.375,167.7333333333248,0.20803704316190746,1,1,0,6,3,37,7,3,45,7,3,45,122.03333333322234,0.15135604431937388,5,10,3,0
difficulty-easy,20260712,1,0.12,0.45,0.2,0.18,3,30,9,2284,710265690,2363248135,true,false,857.3666666665442,878.3666666665442,9,8,7,180,24,7,3,13,53,46,7,13,7,0,0.1320754716981132,0.8679245283018868,19,2.375,167.7333333333248,0.19563780568408937,1,1,0,5,3,37,6,3,44,7,3,45,168.9999999998463,0.19711519769822763,5,11,2,0
difficulty-easy,20260712,1,0.12,0.45,0.2,0.18,3,30,9,2285,1583339468,1321319301,false,false,778.8999999999489,799.8999999999489,9,8,7,179,29,9,3,18,63,57,6,18,6,0,0.09523809523809523,0.9047619047619048,26,3.25,167.7333333333248,0.21534642872427243,1,0,1,8,3,48,9,3,57,0,0,0,0,0,2,4,3,0
difficulty-easy,20260712,1,0.12,0.45,0.2,0.18,3,30,9,2286,3034197232,4047720857,false,false,837.9333333332286,858.9333333332286,9,8,7,179,28,8,3,19,62,56,6,19,6,0,0.0967741935483871,0.9032258064516129,24,3,167.7333333333248,0.20017503381336513,1,0,1,7,3,42,8,3,56,0,0,0,0,0,3,6,3,0
difficulty-easy,20260712,1,0.12,0.45,0.2,0.18,3,30,9,2287,656888840,1518115104,true,false,831.5666666665677,852.5666666665677,9,8,7,180,27,7,3,21,64,58,6,21,6,0,0.09375,0.90625,26,3.25,167.7333333333248,0.20170762015474175,1,1,0,7,3,44,7,3,57,7,3,57,141.26666666653819,0.16988014590919348,6,11,3,0
difficulty-easy,20260712,1,0.12,0.45,0.2,0.18,3,30,9,2288,3850729807,3095676841,true,false,784.5333333332771,805.5333333332771,9,8,7,180,28,8,3,15,54,53,1,15,1,0,0.018518518518518517,0.9814814814814815,25,3.125,167.7333333333248,0.2138001359619351,1,1,0,7,3,43,8,3,52,8,3,52,102.29999999990696,0.1303959891229363,3,7,2,0
difficulty-easy,20260712,1,0.12,0.45,0.2,0.18,3,30,9,2289,2308337334,106267478,true,false,770.5333333332899,791.5333333332899,9,8,7,180,16,5,3,0,27,25,2,0,2,0,0.07407407407407407,0.9259259259259259,13,1.625,167.7333333333248,0.217684720539887,1,1,0,4,3,20,5,3,24,5,3,24,96.86666666657857,0.12571379131326876,2,5,1,0
difficulty-easy,20260712,1,0.12,0.45,0.2,0.18,3,30,9,2290,4277024891,2973920461,true,false,807.06666666659,828.06666666659,9,8,7,180,23,7,3,9,45,42,3,9,3,0,0.06666666666666667,0.9333333333333333,21,2.625,167.7333333333248,0.20783082768875855,1,1,0,6,3,37,7,3,41,7,3,41,119.46666666655801,0.14802577234417152,5,6,1,0
difficulty-easy,20260712,1,0.12,0.45,0.2,0.18,3,30,9,2291,1608938461,494915165,true,false,762.8333333332969,783.8333333332969,9,8,7,180,26,8,3,7,47,43,4,7,4,0,0.0851063829787234,0.9148936170212766,20,2.5,167.7333333333248,0.21988201878959948,1,1,0,6,3,33,8,3,41,8,3,42,79.86666666659403,0.10469740004360653,4,9,2,0
difficulty-easy,20260712,1,0.12,0.45,0.2,0.18,3,30,9,2292,3356046508,3528634733,true,false,852.3999999998821,873.3999999998821,9,8,7,180,25,8,3,11,52,46,6,11,6,0,0.11538461538461539,0.8846153846153846,22,2.75,167.7333333333248,0.19677772563743312,1,1,0,7,3,34,8,3,45,8,3,46,161.3999999998532,0.18934772407305905,5,5,3,0
difficulty-easy,20260712,1,0.12,0.45,0.2,0.18,3,30,9,2293,2466710217,3379455512,true,false,780.2666666666144,801.2666666666144,9,8,7,180,23,7,3,5,43,37,6,5,6,0,0.13953488372093023,0.8604651162790697,20,2.5,167.7333333333248,0.21496924128503422,1,1,0,6,3,33,7,3,36,7,3,36,102.29999999990696,0.1311090225562805,2,7,4,0
difficulty-easy,20260712,1,0.12,0.45,0.2,0.18,3,30,9,2294,4212921455,3792649513,false,false,812.1999999999186,833.1999999999186,9,8,7,179,18,5,2,2,35,30,5,2,5,0,0.14285714285714285,0.8571428571428571,18,2.25,167.7333333333248,0.20651727817451562,1,0,1,5,2,28,5,2,30,0,0,0,0,0,2,5,1,0
difficulty-easy,20260712,1,0.12,0.45,0.2,0.18,3,30,9,2295,3385675698,2266514797,true,false,755.033333333304,776.033333333304,9,8,7,180,19,6,3,1,30,29,1,1,1,0,0.03333333333333333,0.9666666666666667,12,1.5,167.7333333333248,0.2221535473047521,1,1,0,3,3,22,5,3,27,5,3,28,53.0666666666184,0.07028387267664182,4,14,2,0
difficulty-easy,20260712,1,0.12,0.45,0.2,0.18,3,30,9,2296,2875030215,2902839816,true,false,853.3666666665479,874.3666666665479,9,8,7,180,19,6,2,1,37,30,7,1,7,0,0.1891891891891892,0.8108108108108109,13,1.625,167.7333333333248,0.19655482207727995,1,1,0,3,2,22,6,2,30,6,2,30,153.96666666652663,0.18042263974049616,6,13,2,0
difficulty-easy,20260712,1,0.12,0.45,0.2,0.18,3,30,9,2297,3575961988,1782102851,true,false,846.1999999998877,867.1999999998877,9,8,7,180,18,5,3,5,38,33,5,5,5,0,0.13157894736842105,0.868421052631579,17,2.125,167.7333333333248,0.1982194910580797,1,1,0,5,3,25,5,3,31,5,3,33,147.39999999986594,0.17419049869993558,4,5,2,0
difficulty-easy,20260712,1,0.12,0.45,0.2,0.18,3,30,9,2298,3981834964,214474218,false,false,773.8666666666202,794.8666666666202,9,8,7,179,27,8,3,17,56,52,4,17,4,0,0.07142857142857142,0.9285714285714286,22,2.75,167.7333333333248,0.2167470709855292,1,0,1,6,3,42,8,3,52,0,0,0,0,0,3,4,2,0
difficulty-easy,20260712,1,0.12,0.45,0.2,0.18,3,30,9,2299,3031334227,2217076712,false,false,858.8333333332096,879.8333333332096,9,8,7,179,27,8,3,7,46,42,4,7,4,0,0.08695652173913043,0.9130434782608695,22,2.75,167.7333333333248,0.1953037065787102,1,0,1,7,3,33,8,3,42,0,0,0,0,0,5,9,2,0
difficulty-easy,20260712,1,0.12,0.45,0.2,0.18,3,30,9,2300,1675415375,2990332959,true,false,768.4666666666251,789.4666666666251,9,8,7,180,23,7,2,11,48,44,4,11,4,0,0.08333333333333333,0.9166666666666666,18,2.25,167.7333333333248,0.21827014834735908,1,1,0,5,2,33,7,2,42,7,2,43,84.63333333325636,0.11013273184687378,5,8,4,0
difficulty-easy,20260712,1,0.12,0.45,0.2,0.18,3,30,9,2301,1845538975,890096866,false,false,842.0333333332248,863.0333333332248,9,8,7,179,23,6,2,23,64,56,8,23,8,0,0.125,0.875,23,2.875,167.7333333333248,0.19920034836310488,1,0,1,6,2,44,6,2,54,0,0,0,0,0,5,8,2,0
difficulty-easy,20260712,1,0.12,0.45,0.2,0.18,3,30,9,2302,945368597,1730954495,false,false,796.9666666665992,817.9666666665992,9,8,7,179,21,6,2,12,47,43,4,12,4,0,0.0851063829787234,0.9148936170212766,20,2.5,167.7333333333248,0.21046467857292944,1,0,1,6,2,35,6,2,43,0,0,0,0,0,2,4,2,0
difficulty-easy,20260712,1,0.12,0.45,0.2,0.18,3,30,9,2303,2184745684,2233531719,false,false,833.5333333332326,854.5333333332326,9,8,7,179,27,8,3,13,53,49,4,13,4,0,0.07547169811320754,0.9245283018867925,22,2.75,167.7333333333248,0.20123170439096025,1,0,1,6,3,38,8,3,48,0,0,0,0,0,2,5,3,0
difficulty-easy,20260712,1,0.12,0.45,0.2,0.18,3,30,9,2304,3037371137,3077776993,true,false,808.933333333255,829.933333333255,9,8,7,180,25,8,2,12,54,46,8,12,8,0,0.14814814814814814,0.8518518518518519,19,2.375,167.7333333333248,0.20735124443712838,1,1,0,5,2,37,7,2,44,7,2,45,105.69999999990387,0.13066589747805435,6,11,4,0
difficulty-easy,20260712,1,0.12,0.45,0.2,0.18,3,30,9,2305,839660457,809907421,true,false,770.8999999999562,791.8999999999562,9,8,7,180,23,7,3,14,53,47,6,14,6,0,0.11320754716981132,0.8867924528301887,21,2.625,167.7333333333248,0.21758118216803,1,1,0,6,3,40,7,3,46,7,3,46,86.79999999992106,0.11259566740164222,5,11,2,0
difficulty-easy,20260712,1,0.12,0.45,0.2,0.18,3,30,9,2306,1540087504,2957450925,true,false,774.6999999999528,795.6999999999528,9,8,7,180,28,8,3,17,60,55,5,17,5,0,0.08333333333333333,0.9166666666666666,22,2.75,167.7333333333248,0.21651391936663872,1,1,0,6,3,36,8,3,52,8,3,54,79.23333333326127,0.10227614990740429,5,7,4,0
difficulty-easy,20260712,1,0.12,0.45,0.2,0.18,3,30,9,2307,3297254908,3213047664,true,false,759.2333333333002,780.2333333333002,9,8,7,180,24,7,3,14,54,48,6,14,6,0,0.1111111111111111,0.8888888888888888,22,2.75,167.7333333333248,0.22092461693813775,1,1,0,7,3,38,7,3,46,7,3,46,61.033333333277824,0.08038811081347037,5,14,2,0
difficulty-easy,20260712,1,0.12,0.45,0.2,0.18,3,30,9,2308,2215122545,1961924526,false,false,866.9333333332022,887.9333333332022,9,8,7,179,29,9,3,11,55,50,5,11,5,0,0.09090909090909091,0.9090909090909091,22,2.75,167.7333333333248,0.19347892956015475,1,0,1,6,2,39,9,3,50,0,0,0,0,0,5,11,3,0
difficulty-easy,20260712,1,0.12,0.45,0.2,0.18,3,30,9,2309,1631555211,1554642804,false,false,861.5999999998737,882.5999999998737,9,8,7,179,21,6,2,11,46,42,4,11,4,0,0.08695652173913043,0.9130434782608695,19,2.375,167.7333333333248,0.1946765707211576,1,0,1,5,2,36,6,2,42,0,0,0,0,0,5,9,2,0
difficulty-easy,20260712,1,0.12,0.45,0.2,0.18,3,30,9,2310,1141368688,1499082869,true,false,800.1666666665963,821.1666666665963,9,8,7,180,21,6,3,3,36,32,4,3,4,0,0.1111111111111111,0.8888888888888888,16,2,167.7333333333248,0.20962299520933916,1,1,0,4,3,28,6,3,32,6,3,32,94.89999999991369,0.118600291605818,5,14,2,0
difficulty-easy,20260712,1,0.12,0.45,0.2,0.18,3,30,9,2311,4108646172,851351872,true,false,805.7333333332579,826.7333333332579,9,8,7,180,28,9,3,14,59,51,8,14,8,0,0.13559322033898305,0.864406779661017,24,3,167.7333333333248,0.20817474764190863,1,1,0,7,3,42,8,3,50,8,3,50,110.83333333323253,0.13755584974339266,5,8,2,0
difficulty-easy,20260712,1,0.12,0.45,0.2,0.18,3,30,9,2312,3366652421,515954210,true,false,807.2666666665898,828.2666666665898,9,8,7,180,28,9,3,10,52,47,5,10,5,0,0.09615384615384616,0.9038461538461539,24,3,167.7333333333248,0.20777933768272455,1,1,0,7,3,41,8,3,46,8,3,46,111.5999999998985,0.138244281113109,5,11,3,0
difficulty-easy,20260712,1,0.12,0.45,0.2,0.18,3,30,9,2313,2415432728,3352018184,false,false,793.1666666666026,814.1666666666026,9,8,7,179,29,9,3,27,71,65,6,27,6,0,0.08450704225352113,0.9154929577464789,26,3.25,167.7333333333248,0.21147299852910906,1,0,1,8,3,51,9,3,63,0,0,0,0,0,5,7,3,0
difficulty-easy,20260712,1,0.12,0.45,0.2,0.18,3,30,9,2314,2663915473,2875036567,true,false,773.8666666666202,794.8666666666202,9,8,7,180,21,7,3,6,39,36,3,6,3,0,0.07692307692307693,0.9230769230769231,17,2.125,167.7333333333248,0.2167470709855292,1,1,0,5,3,30,7,3,35,7,3,35,89.83333333325163,0.11608373535482903,4,10,2,0
difficulty-easy,20260712,1,0.12,0.45,0.2,0.18,3,30,9,2315,707736957,3639400833,true,false,836.2333333332301,857.2333333332301,9,8,7,180,25,7,3,14,55,48,7,14,7,0,0.12727272727272726,0.8727272727272727,22,2.75,167.7333333333248,0.2005819747279613,1,1,0,6,3,40,6,3,46,7,3,47,149.99999999986358,0.17937577231221202,5,5,2,0
difficulty-easy,20260712,1,0.12,0.45,0.2,0.18,3,30,9,2316,111556336,192426273,true,false,781.8333333332796,802.8333333332796,9,8,7,180,28,8,3,10,54,47,7,10,7,0,0.12962962962962962,0.8703703703703703,22,2.75,167.7333333333248,0.21453847793647793,1,1,0,6,3,34,7,3,40,8,3,47,87.69999999992024,0.11217224472384515,5,11,4,0
difficulty-easy,20260712,1,0.12,0.45,0.2,0.18,3,30,9,2317,849837268,241569602,true,false,775.2666666666189,796.2666666666189,9,8,7,180,25,7,3,13,56,48,8,13,8,0,0.14285714285714285,0.8571428571428571,22,2.75,167.7333333333248,0.21635566256772096,1,1,0,6,3,35,7,3,46,7,3,47,79.96666666659394,0.10314730415332213,6,10,2,0
difficulty-easy,20260712,1,0.12,0.45,0.2,0.18,3,30,9,2318,4123025793,3405180496,false,false,798.1666666665981,819.1666666665981,9,8,7,179,26,8,3,12,55,48,7,12,7,0,0.12727272727272726,0.8727272727272727,21,2.625,167.7333333333248,0.21014825642097207,1,0,1,6,3,38,8,3,48,0,0,0,0,0,5,11,3,0
difficulty-easy,20260712,1,0.12,0.45,0.2,0.18,3,30,9,2319,1872879785,2453966623,true,false,804.3999999999257,825.3999999999257,9,8,7,180,23,7,2,7,46,40,6,7,6,0,0.13043478260869565,0.8695652173913043,16,2,167.7333333333248,0.2085198077241923,1,1,0,5,2,26,7,2,39,7,2,39,120.96666666655665,0.15038123653228222,5,9,3,0
difficulty-easy,20260712,1,0.12,0.45,0.2,0.18,3,30,9,2320,390473149,1482056190,true,false,819.7333333332451,840.7333333332451,9,8,7,180,31,10,3,17,66,57,9,17,9,0,0.13636363636363635,0.8636363636363636,28,3.5,167.7333333333248,0.20461938841900965,1,1,0,9,3,48,9,3,56,9,3,56,129.1666666665492,0.15757156798946376,6,8,3,0
difficulty-easy,20260712,1,0.12,0.45,0.2,0.18,3,30,9,2321,2473601568,259133457,true,false,819.4666666665787,840.4666666665787,9,8,7,180,15,4,2,4,42,29,13,4,13,0,0.30952380952380953,0.6904761904761905,12,1.5,167.7333333333248,0.20468597461764904,1,1,0,3,2,23,4,2,26,4,2,29,135.33333333321025,0.1651480637811887,2,7,2,0
difficulty-easy,20260712,1,0.12,0.45,0.2,0.18,3,30,9,2322,2536314919,146145460,true,false,836.2666666665634,857.2666666665634,9,8,7,180,27,8,3,14,57,51,6,14,6,0,0.10526315789473684,0.8947368421052632,24,3,167.7333333333248,0.20057397959185128,1,1,0,7,3,41,8,3,51,8,3,51,142.93333333320334,0.17091836734680443,5,5,2,0
difficulty-easy,20260712,1,0.12,0.45,0.2,0.18,3,30,9,2323,3364315117,1904352183,true,false,773.3333333332873,794.3333333332873,9,8,7,180,18,6,3,1,33,28,5,1,5,0,0.15151515151515152,0.8484848484848485,14,1.75,167.7333333333248,0.2168965517241398,1,1,0,4,3,22,6,3,27,6,3,27,84.0333333332569,0.10866379310335592,4,14,3,0
difficulty-easy,20260712,1,0.12,0.45,0.2,0.18,3,30,9,2324,4254877397,2265773069,false,false,775.8999999999517,796.8999999999517,9,8,7,179,20,6,3,6,41,36,5,6,5,0,0.12195121951219512,0.8780487804878049,17,2.125,167.7333333333248,0.21617906087554484,1,0,1,5,3,25,6,3,36,0,0,0,0,0,3,5,3,0
difficulty-easy,20260712,1,0.12,0.45,0.2,0.18,3,30,9,2325,552266449,3446524298,false,false,851.2666666665498,872.2666666665498,9,8,7,179,24,7,2,12,54,46,8,12,8,0,0.14814814814814814,0.8518518518518519,22,2.75,167.7333333333248,0.19703970553686406,1,0,1,6,2,39,7,2,46,0,0,0,0,0,5,5,2,0
difficulty-easy,20260712,1,0.12,0.45,0.2,0.18,3,30,9,2326,3917355728,2303427409,true,false,765.266666666628,786.266666666628,9,8,7,180,24,8,3,7,46,40,6,7,6,0,0.13043478260869565,0.8695652173913043,18,2.25,167.7333333333248,0.21918285564944673,1,1,0,5,3,30,7,3,39,7,3,39,79.29999999992788,0.10362400905993364,5,8,2,0
difficulty-easy,20260712,1,0.12,0.45,0.2,0.18,3,30,9,2327,1919157075,2708542169,false,false,775.6666666666185,796.6666666666185,9,8,7,179,19,5,2,11,44,40,4,11,4,0,0.09090909090909091,0.9090909090909091,18,2.25,167.7333333333248,0.21624409110442872,1,0,1,5,2,32,5,2,39,0,0,0,0,0,5,8,2,0
difficulty-easy,20260712,1,0.12,0.45,0.2,0.18,3,30,9,2328,2465107347,2887765623,false,false,806.0666666665909,827.0666666665909,9,8,7,179,23,7,3,13,53,45,8,13,8,0,0.1509433962264151,0.8490566037735849,21,2.625,167.7333333333248,0.20808866098752035,1,0,1,6,3,40,7,3,45,0,0,0,0,0,5,6,2,0
difficulty-easy,20260712,1,0.12,0.45,0.2,0.18,3,30,9,2329,3363709823,1945803323,false,false,842.0333333332248,863.0333333332248,9,8,7,179,28,8,3,16,63,54,9,16,9,0,0.14285714285714285,0.8571428571428571,28,3.5,167.7333333333248,0.19920034836310488,1,0,1,8,3,50,8,3,54,0,0,0,0,0,3,7,3,0
difficulty-easy,20260712,1,0.12,0.45,0.2,0.18,3,30,9,2330,3887971854,620170390,true,false,781.8666666666129,802.8666666666129,9,8,7,180,20,7,3,1,41,30,11,1,11,0,0.2682926829268293,0.7317073170731707,14,1.75,167.7333333333248,0.21452933151432851,1,1,0,4,2,23,6,3,29,6,3,29,87.63333333325363,0.11208219645283891,5,8,3,0
difficulty-easy,20260712,1,0.12,0.45,0.2,0.18,3,30,9,2331,1887975168,3260534546,true,false,842.9666666665573,863.9666666665573,9,8,7,180,23,7,3,17,57,50,7,17,7,0,0.12280701754385964,0.8771929824561403,21,2.625,167.7333333333248,0.19897979358615986,1,1,0,6,3,38,7,3,46,7,3,48,151.09999999986258,0.1792478943412735,5,5,3,0
difficulty-easy,20260712,1,0.12,0.45,0.2,0.18,3,30,9,2332,3420646693,4112801102,true,false,769.666666666624,790.666666666624,9,8,7,180,27,8,3,19,65,56,9,19,9,0,0.13846153846153847,0.8615384615384616,24,3,167.7333333333248,0.21792983975747177,1,1,0,7,3,41,7,3,51,8,3,55,80.6999999999266,0.1048505846685982,5,11,3,0
difficulty-easy,20260712,1,0.12,0.45,0.2,0.18,3,30,9,2333,1836979210,2528323920,true,false,795.6666666666003,816.6666666666003,9,8,7,180,16,5,3,0,36,26,10,0,10,0,0.2777777777777778,0.7222222222222222,16,2,167.7333333333248,0.2108085462924241,1,1,0,5,3,22,5,3,25,5,3,25,117.56666666655974,0.14775869291986118,3,6,2,0
difficulty-easy,20260712,1,0.12,0.45,0.2,0.18,3,30,9,2334,3116980917,2622703087,true,false,778.9999999999488,799.9999999999488,9,8,7,180,21,6,3,7,45,37,8,7,8,0,0.17777777777777778,0.8222222222222222,17,2.125,167.7333333333248,0.21531878476679822,1,1,0,5,3,29,6,3,36,6,3,36,104.29999999990514,0.1338896020538023,3,7,2,0
difficulty-easy,20260712,1,0.12,0.45,0.2,0.18,3,30,9,2335,1175644101,3015189911,true,false,801.899999999928,822.899999999928,9,8,7,180,26,8,3,12,57,47,10,12,10,0,0.17543859649122806,0.8245614035087719,21,2.625,167.7333333333248,0.209169888182242,1,1,0,6,3,34,7,3,43,8,3,46,111.93333333323153,0.13958515193071652,6,9,3,0
difficulty-easy,20260712,1,0.12,0.45,0.2,0.18,3,30,9,2336,1133332922,4240820480,true,false,839.633333333227,860.633333333227,9,8,7,180,29,9,3,16,64,54,10,16,10,0,0.15625,0.84375,25,3.125,167.7333333333248,0.1997697407598706,1,1,0,7,3,44,8,3,53,8,3,53,149.33333333319752,0.1778554130769976,5,7,3,0
difficulty-easy,20260712,1,0.12,0.45,0.2,0.18,3,30,9,2337,1819455648,382151163,false,false,847.4333333332199,868.4333333332199,9,8,7,179,28,9,3,8,55,46,9,8,9,0,0.16363636363636364,0.8363636363636363,23,2.875,167.7333333333248,0.1979310073555606,1,0,1,7,3,35,9,3,46,0,0,0,0,0,3,7,2,0
difficulty-easy,20260712,1,0.12,0.45,0.2,0.18,3,30,9,2338,2898595559,1476672442,true,false,782.8999999999453,803.8999999999453,9,8,7,180,17,5,3,1,34,28,6,1,6,0,0.17647058823529413,0.8235294117647058,16,2,167.7333333333248,0.21424617873717783,1,1,0,5,3,24,5,3,28,5,3,28,102.33333333324026,0.13071060586696565,3,7,2,0
difficulty-easy,20260712,1,0.12,0.45,0.2,0.18,3,30,9,2339,1898411055,3029212994,false,false,798.3999999999312,819.3999999999312,9,8,7,179,22,7,3,4,49,36,13,4,13,0,0.2653061224489796,0.7346938775510204,18,2.25,167.7333333333248,0.2100868403473688,1,0,1,5,3,29,7,3,36,0,0,0,0,0,5,11,3,0
difficulty-easy,20260712,1,0.12,0.45,0.2,0.18,3,30,9,2340,345579009,3387715623,true,false,776.1999999999514,797.1999999999514,9,8,7,180,24,8,3,9,47,42,5,9,5,0,0.10638297872340426,0.8936170212765957,20,2.5,167.7333333333248,0.21609550803057884,1,1,0,6,3,35,7,3,41,7,3,41,85.1333333332559,0.10967963583259628,4,10,2,0
difficulty-easy,20260712,1,0.12,0.45,0.2,0.18,3,30,9,2341,2034315018,1246161691,true,false,781.8333333332796,802.8333333332796,9,8,7,180,30,8,3,28,75,68,7,28,7,0,0.09333333333333334,0.9066666666666666,27,3.375,167.7333333333248,0.21453847793647793,1,1,0,7,3,56,8,3,66,8,3,67,98.76666666657684,0.12632700916638281,4,8,2,0
difficulty-easy,20260712,1,0.12,0.45,0.2,0.18,3,30,9,2342,2389723764,2077573091,false,false,772.7333333332879,793.7333333332879,9,8,7,179,23,7,3,8,46,41,5,8,5,0,0.10869565217391304,0.8913043478260869,21,2.625,167.7333333333248,0.21706496419636095,1,0,1,7,3,35,7,3,41,0,0,0,0,0,3,7,2,0
difficulty-easy,20260712,1,0.12,0.45,0.2,0.18,3,30,9,2343,4287492221,3049853502,false,false,804.2333333332592,825.2333333332592,9,8,7,179,20,6,3,5,39,35,4,5,4,0,0.10256410256410256,0.8974358974358975,19,2.375,167.7333333333248,0.20856302068223184,1,0,1,6,3,31,6,3,35,0,0,0,0,0,5,14,2,0
difficulty-easy,20260712,1,0.12,0.45,0.2,0.18,3,30,9,2344,150598101,1938696984,true,false,779.1666666666154,800.1666666666154,9,8,7,180,16,5,3,1,29,27,2,1,2,0,0.06896551724137931,0.9310344827586207,16,2,167.7333333333248,0.2152727272727305,1,1,0,5,3,25,5,3,26,5,3,26,87.19999999992069,0.11191443850257939,5,8,1,0
difficulty-easy,20260712,1,0.12,0.45,0.2,0.18,3,30,9,2345,4266081720,1263459206,false,false,859.1333333332093,880.1333333332093,9,8,7,179,24,7,3,9,46,43,3,9,3,0,0.06521739130434782,0.9347826086956522,21,2.625,167.7333333333248,0.1952355086521483,1,0,1,6,3,36,7,3,43,0,0,0,0,0,2,6,2,0
difficulty-easy,20260712,1,0.12,0.45,0.2,0.18,3,30,9,2346,3070345825,144205301,true,false,847.6333333332198,868.6333333332198,9,8,7,180,18,5,3,5,38,33,5,5,5,0,0.13157894736842105,0.868421052631579,17,2.125,167.7333333333248,0.19788430532071327,1,1,0,5,3,28,5,3,32,5,3,32,160.63333333318724,0.18950804199914517,4,5,2,0
difficulty-easy,20260712,1,0.12,0.45,0.2,0.18,3,30,9,2347,3119384094,383821382,true,false,776.4666666666178,797.4666666666178,9,8,7,180,26,8,3,8,52,43,9,8,9,0,0.17307692307692307,0.8269230769230769,20,2.5,167.7333333333248,0.21602129303683612,1,1,0,6,3,33,7,3,42,7,3,42,81.59999999992579,0.10509143985566788,6,8,2,0
difficulty-easy,20260712,1,0.12,0.45,0.2,0.18,3,30,9,2348,3020212197,4097075520,false,false,852.7666666665484,873.7666666665484,9,8,7,179,24,7,3,14,60,48,12,14,12,0,0.2,0.8,19,2.375,167.7333333333248,0.1966931165227081,1,0,1,5,3,41,7,3,47,0,0,0,0,0,6,8,2,0
difficulty-easy,20260712,1,0.12,0.45,0.2,0.18,3,30,9,2349,1819794174,3273310221,true,false,782.6666666666122,803.6666666666122,9,8,7,180,27,8,3,23,68,60,8,23,8,0,0.11764705882352941,0.8823529411764706,23,2.875,167.7333333333248,0.2143100511073294,1,1,0,7,3,44,8,3,59,8,3,59,78.09999999992897,0.0997870528108191,5,6,4,0
difficulty-easy,20260712,1,0.12,0.45,0.2,0.18,3,30,9,2350,2155076588,3707916323,true,false,811.5333333332526,832.5333333332526,9,8,7,180,28,9,3,10,55,47,8,10,8,0,0.14545454545454545,0.8545454545454545,23,2.875,167.7333333333248,0.20668693009119546,1,1,0,7,3,37,8,3,46,8,3,46,128.53333333321643,0.15838330731934924,4,5,2,0
difficulty-easy,20260712,1,0.12,0.45,0.2,0.18,3,30,9,2351,2290421003,211308527,false,false,786.499999999942,807.499999999942,9,8,7,179,28,9,3,10,56,48,8,10,8,0,0.14285714285714285,0.8571428571428571,22,2.75,167.7333333333248,0.2132655223564363,1,0,1,7,3,38,9,3,48,0,0,0,0,0,3,6,3,0
difficulty-easy,20260712,1,0.12,0.45,0.2,0.18,3,30,9,2352,317603453,2330635243,true,false,750.0999999999751,771.0999999999751,9,8,7,180,21,7,3,2,42,33,9,2,9,0,0.21428571428571427,0.7857142857142857,14,1.75,167.7333333333248,0.22361462916055241,1,1,0,4,3,23,7,3,31,7,3,32,62.466666666609854,0.08327778518412468,6,13,2,0
difficulty-easy,20260712,1,0.12,0.45,0.2,0.18,3,30,9,2353,4086565008,1108502329,false,false,828.6999999999036,849.6999999999036,9,8,7,179,22,7,3,2,39,33,6,2,6,0,0.15384615384615385,0.8461538461538461,19,2.375,167.7333333333248,0.20240537387877916,1,0,1,6,3,29,7,3,32,0,0,0,0,0,6,14,2,0
difficulty-easy,20260712,1,0.12,0.45,0.2,0.18,3,30,9,2354,3799922110,2179368975,true,false,778.8999999999489,799.8999999999489,9,8,7,180,22,7,3,4,40,35,5,4,5,0,0.125,0.875,18,2.25,167.7333333333248,0.21534642872427243,1,1,0,5,3,31,7,3,34,7,3,34,91.6999999999166,0.11773013223767186,4,14,2,0
difficulty-easy,20260712,1,0.12,0.45,0.2,0.18,3,30,9,2355,4215056794,2146028667,false,false,776.0666666666182,797.0666666666182,9,8,7,179,25,8,3,8,53,43,10,8,10,0,0.18867924528301888,0.8113207547169812,23,2.875,167.7333333333248,0.21613263465338278,1,0,1,7,3,34,8,3,43,0,0,0,0,0,2,5,3,0
difficulty-easy,20260712,1,0.12,0.45,0.2,0.18,3,30,9,2356,2030467430,3999497787,true,false,845.6333333332216,866.6333333332216,9,8,7,180,34,11,3,17,70,59,11,17,11,0,0.15714285714285714,0.8428571428571429,28,3.5,167.7333333333248,0.19835231976035353,1,1,0,9,3,49,11,3,59,11,3,59,140.4333333332056,0.16606882415533625,6,11,3,0
difficulty-easy,20260712,1,0.12,0.45,0.2,0.18,3,30,9,2357,808212263,3568557592,false,false,833.3999999998994,854.3999999998994,9,8,7,179,23,7,3,6,45,38,7,6,7,0,0.15555555555555556,0.8444444444444444,15,1.875,167.7333333333248,0.201263898888103,1,0,1,4,3,27,7,3,38,0,0,0,0,0,3,5,2,0
difficulty-easy,20260712,1,0.12,0.45,0.2,0.18,3,30,9,2358,2070303940,1131234519,false,false,799.366666666597,820.366666666597,9,8,7,179,32,10,3,27,77,69,8,27,8,0,0.1038961038961039,0.8961038961038961,29,3.625,167.7333333333248,0.2098327842875686,1,0,1,9,3,55,10,3,69,0,0,0,0,0,3,5,4,0
difficulty-easy,20260712,1,0.12,0.45,0.2,0.18,3,30,9,2359,2599376985,1288706973,false,false,797.9666666665983,818.9666666665983,9,8,7,179,18,5,3,4,35,31,4,4,4,0,0.11428571428571428,0.8857142857142857,17,2.125,167.7333333333248,0.21020092735703977,1,0,1,5,3,26,5,3,31,0,0,0,0,0,6,11,2,0
difficulty-easy,20260712,1,0.12,0.45,0.2,0.18,3,30,9,2360,2333843428,38993743,false,false,858.7333333332097,879.7333333332097,9,8,7,179,25,7,3,6,46,41,5,6,5,0,0.10869565217391304,0.8913043478260869,21,2.625,167.7333333333248,0.19532644980981556,1,0,1,6,3,35,7,3,40,0,0,0,0,0,6,13,2,0
difficulty-easy,20260712,1,0.12,0.45,0.2,0.18,3,30,9,2361,2618401905,1387180517,true,false,768.3666666666252,789.3666666666252,9,8,7,180,17,4,2,8,38,35,3,8,3,0,0.07894736842105263,0.9210526315789473,16,2,167.7333333333248,0.21829855537720774,1,1,0,4,2,29,4,2,33,4,2,34,80.39999999992688,0.10463754283970052,5,8,2,0
difficulty-easy,20260712,1,0.12,0.45,0.2,0.18,3,30,9,2362,2391656880,537134083,true,false,834.5999999998983,855.5999999998983,9,8,7,180,23,7,2,16,53,49,4,16,4,0,0.07547169811320754,0.9245283018867925,18,2.25,167.7333333333248,0.20097451873154235,1,1,0,5,2,35,6,2,45,6,2,47,135.46666666654346,0.16231328380848306,4,7,3,0
difficulty-easy,20260712,1,0.12,0.45,0.2,0.18,3,30,9,2363,2888200290,505772187,false,false,800.466666666596,821.466666666596,9,8,7,179,22,7,3,7,44,38,6,7,6,0,0.13636363636363635,0.8636363636363636,19,2.375,167.7333333333248,0.20954443241443274,1,0,1,6,3,32,7,3,38,0,0,0,0,0,5,11,2,0
difficulty-easy,20260712,1,0.12,0.45,0.2,0.18,3,30,9,2364,3890005373,2897124015,true,false,843.0999999998905,864.0999999998905,9,8,7,180,28,9,3,16,61,53,8,16,8,0,0.13114754098360656,0.8688524590163934,24,3,167.7333333333248,0.19894832562370604,1,1,0,7,3,39,8,3,50,8,3,52,151.2666666665291,0.1794172300635141,6,14,2,0
difficulty-easy,20260712,1,0.12,0.45,0.2,0.18,3,30,9,2365,3112951042,411141155,true,false,833.4999999998993,854.4999999998993,9,8,7,180,33,10,3,16,65,58,7,16,7,0,0.1076923076923077,0.8923076923076924,26,3.25,167.7333333333248,0.20123975204960415,1,1,0,8,3,49,10,3,58,10,3,58,154.6999999998593,0.1856028794239688,3,4,2,0
difficulty-easy,20260712,1,0.12,0.45,0.2,0.18,3,30,9,2366,2540651679,2270174902,true,false,814.0999999999169,835.0999999999169,9,8,7,180,26,8,3,8,47,43,4,8,4,0,0.0851063829787234,0.9148936170212766,21,2.625,167.7333333333248,0.2060352945993636,1,1,0,6,3,35,7,3,41,7,3,42,129.1333333332159,0.1586209720344295,5,11,3,0
difficulty-easy,20260712,1,0.12,0.45,0.2,0.18,3,30,9,2367,3559696313,2162406238,true,false,766.7666666666266,787.7666666666266,9,8,7,180,18,5,3,1,32,28,4,1,4,0,0.125,0.875,14,1.75,167.7333333333248,0.21875407555536264,1,1,0,4,3,22,5,3,27,5,3,27,79.43333333326109,0.10359518323688029,5,8,2,0
difficulty-easy,20260712,1,0.12,0.45,0.2,0.18,3,30,9,2368,504827642,2760609543,true,false,789.8333333332723,810.8333333332723,9,8,7,180,19,5,3,9,44,38,6,9,6,0,0.13636363636363635,0.8636363636363636,18,2.25,167.7333333333248,0.21236547794893998,1,1,0,5,3,32,5,3,35,5,3,38,88.59999999991942,0.11217556446498367,5,11,2,0
difficulty-easy,20260712,1,0.12,0.45,0.2,0.18,3,30,9,2369,4019439866,270927545,true,false,790.3666666666052,811.3666666666052,9,8,7,180,12,3,2,0,28,22,6,0,6,0,0.21428571428571427,0.7857142857142857,10,1.25,167.7333333333248,0.2122221753616522,1,1,0,2,2,17,3,2,21,3,2,21,117.83333333322616,0.1490869216817958,3,4,2,0
difficulty-easy,20260712,1,0.12,0.45,0.2,0.18,3,30,9,2370,1504901045,3493329262,true,false,767.2999999999595,788.2999999999595,9,8,7,180,24,7,3,9,48,43,5,9,5,0,0.10416666666666667,0.8958333333333334,21,2.625,167.7333333333248,0.21860202441461443,1,1,0,6,3,32,7,3,42,7,3,42,83.59999999992397,0.10895347321768328,5,8,3,0
difficulty-easy,20260712,1,0.12,0.45,0.2,0.18,3,30,9,2371,1121681778,1288986073,false,false,805.3333333332582,826.3333333332582,9,8,7,179,26,8,3,15,58,51,7,15,7,0,0.1206896551724138,0.8793103448275862,22,2.75,167.7333333333248,0.20827814569537306,1,0,1,7,3,36,8,3,49,0,0,0,0,0,5,8,3,0
difficulty-easy,20260712,1,0.12,0.45,0.2,0.18,3,30,9,2372,600236298,1830827250,true,false,791.7333333332706,812.7333333332706,9,8,7,180,21,7,3,4,38,34,4,4,4,0,0.10526315789473684,0.8947368421052632,17,2.125,167.7333333333248,0.21185584371842972,1,1,0,5,3,27,6,3,33,6,3,33,102.53333333324008,0.12950488379915148,5,12,2,0
difficulty-easy,20260712,1,0.12,0.45,0.2,0.18,3,30,9,2373,2145177234,3287728622,false,false,827.9333333332377,848.9333333332377,9,8,7,179,26,8,3,14,54,50,4,14,4,0,0.07407407407407407,0.9259259259259259,23,2.875,167.7333333333248,0.20259280135277902,1,0,1,7,3,39,8,3,49,0,0,0,0,0,5,11,2,0
difficulty-easy,20260712,1,0.12,0.45,0.2,0.18,3,30,9,2374,1928340309,233603033,false,false,839.4333333332272,860.4333333332272,9,8,7,179,24,7,3,21,57,54,3,21,3,0,0.05263157894736842,0.9473684210526315,22,2.75,167.7333333333248,0.1998173370924981,1,0,1,6,3,43,7,3,54,0,0,0,0,0,3,5,2,0
difficulty-easy,20260712,1,0.12,0.45,0.2,0.18,3,30,9,2375,2321223607,1271623010,true,false,816.5999999999146,837.5999999999146,9,8,7,180,26,8,3,9,48,44,4,9,4,0,0.08333333333333333,0.9166666666666666,21,2.625,167.7333333333248,0.20540452281820026,1,1,0,6,3,38,8,3,44,8,3,44,118.2999999998924,0.14486896889530343,6,10,3,0
difficulty-easy,20260712,1,0.12,0.45,0.2,0.18,3,30,9,2376,3732502805,1958453356,false,false,832.6999999999,853.6999999999,9,8,7,179,28,8,3,10,57,47,10,10,10,0,0.17543859649122806,0.8245614035087719,22,2.75,167.7333333333248,0.20143308914776623,1,0,1,6,3,34,8,3,46,0,0,0,0,0,2,5,2,0
difficulty-easy,20260712,1,0.12,0.45,0.2,0.18,3,30,9,2377,209634586,3871535593,true,false,771.5999999999556,792.5999999999556,9,8,7,180,21,6,3,11,46,42,4,11,4,0,0.08695652173913043,0.9130434782608695,20,2.5,167.7333333333248,0.2173837912562655,1,1,0,6,3,33,6,3,40,6,3,41,102.26666666657366,0.13253844824595587,2,6,2,0
difficulty-easy,20260712,1,0.12,0.45,0.2,0.18,3,30,9,2378,1510802123,803672123,false,false,765.5333333332944,786.5333333332944,9,8,7,179,31,10,3,9,56,50,6,9,6,0,0.10714285714285714,0.8928571428571429,28,3.5,167.7333333333248,0.219106505268658,1,0,1,9,3,42,10,3,49,0,0,0,0,0,4,7,3,0
difficulty-easy,20260712,1,0.12,0.45,0.2,0.18,3,30,9,2379,2218259735,427929475,false,false,765.8999999999608,786.8999999999608,9,8,7,179,24,7,3,14,55,48,7,14,7,0,0.12727272727272726,0.8727272727272727,21,2.625,167.7333333333248,0.21900161030595822,1,0,1,6,3,39,7,3,46,0,0,0,0,0,6,8,2,0
difficulty-easy,20260712,1,0.12,0.45,0.2,0.18,3,30,9,2380,2351427337,3494934321,false,false,801.9666666665946,822.9666666665946,9,8,7,179,22,6,3,8,42,38,4,8,4,0,0.09523809523809523,0.9047619047619048,16,2,167.7333333333248,0.20915250010391936,1,0,1,4,3,26,6,3,38,0,0,0,0,0,3,7,2,0
difficulty-easy,20260712,1,0.12,0.45,0.2,0.18,3,30,9,2381,3457748275,896472523,true,false,775.5333333332853,796.5333333332853,9,8,7,180,17,5,3,4,40,31,9,4,9,0,0.225,0.775,14,1.75,167.7333333333248,0.2162812688042661,1,1,0,4,3,23,5,3,29,5,3,29,80.76666666659321,0.10414338519719532,4,8,3,0
difficulty-easy,20260712,1,0.12,0.45,0.2,0.18,3,30,9,2382,1472441424,3289731850,false,false,791.6333333332707,812.6333333332707,9,8,7,179,29,9,3,13,61,52,9,13,9,0,0.14754098360655737,0.8524590163934426,24,3,167.7333333333248,0.21188260558339897,1,0,1,7,3,41,9,3,52,0,0,0,0,0,4,7,3,0
difficulty-easy,20260712,1,0.12,0.45,0.2,0.18,3,30,9,2383,10371439,3562103931,true,false,763.8666666666293,784.8666666666293,9,8,7,180,22,7,3,7,44,39,5,7,5,0,0.11363636363636363,0.8863636363636364,18,2.25,167.7333333333248,0.21958456973293725,1,1,0,5,3,32,7,3,38,7,3,38,96.69999999991205,0.12659277360785057,2,5,3,0
difficulty-easy,20260712,1,0.12,0.45,0.2,0.18,3,30,9,2384,1268779590,1062597140,true,false,767.3666666666261,788.3666666666261,9,8,7,180,26,8,3,9,49,44,5,9,5,0,0.10204081632653061,0.8979591836734694,19,2.375,167.7333333333248,0.21858303288302028,1,1,0,5,3,32,7,3,43,7,3,43,78.89999999992824,0.10281916511002877,5,10,3,0
difficulty-easy,20260712,1,0.12,0.45,0.2,0.18,3,30,9,2385,3583003116,923441809,false,false,783.3333333332782,804.3333333332782,9,8,7,179,21,6,3,12,50,43,7,12,7,0,0.14,0.86,18,2.25,167.7333333333248,0.21412765957447225,1,0,1,5,3,32,6,3,41,0,0,0,0,0,4,6,3,0
difficulty-easy,20260712,1,0.12,0.45,0.2,0.18,3,30,9,2386,2865384294,47618480,false,false,808.7333333332551,829.7333333332551,9,8,7,179,25,7,3,8,51,43,8,8,8,0,0.1568627450980392,0.8431372549019608,21,2.625,167.7333333333248,0.20740252246312052,1,0,1,6,3,35,7,3,43,0,0,0,0,0,2,4,2,0
difficulty-easy,20260712,1,0.12,0.45,0.2,0.18,3,30,9,2387,532693018,2173547026,true,false,765.0999999999615,786.0999999999615,9,8,7,180,22,7,3,5,39,36,3,5,3,0,0.07692307692307693,0.9230769230769231,19,2.375,167.7333333333248,0.21923060166427033,1,1,0,6,3,31,6,3,35,6,3,35,96.99999999991178,0.1267808129655165,2,5,2,0
difficulty-easy,20260712,1,0.12,0.45,0.2,0.18,3,30,9,2388,30918588,141234253,true,false,798.4333333332645,819.4333333332645,9,8,7,180,21,7,3,2,39,32,7,2,7,0,0.1794871794871795,0.8205128205128205,16,2,167.7333333333248,0.2100780695528818,1,1,0,5,3,27,6,3,31,6,3,31,117.63333333322635,0.14733018828527092,2,6,2,0
difficulty-easy,20260712,1,0.12,0.45,0.2,0.18,3,30,9,2389,1384821148,3455051639,true,false,843.5333333332235,864.5333333332235,9,8,7,180,27,8,3,11,58,48,10,11,10,0,0.1724137931034483,0.8275862068965517,25,3.125,167.7333333333248,0.1988461234490002,1,1,0,7,3,41,8,3,47,8,3,47,149.43333333319742,0.17715166363694407,5,10,3,0
difficulty-easy,20260712,1,0.12,0.45,0.2,0.18,3,30,9,2390,2429112563,2859572126,true,false,774.5999999999528,795.5999999999528,9,8,7,180,23,7,3,14,48,46,2,14,2,0,0.041666666666666664,0.9583333333333334,16,2,167.7333333333248,0.21654187107324427,1,1,0,4,3,35,6,3,45,6,3,45,102.56666666657338,0.1324124279196742,2,7,3,0
difficulty-easy,20260712,1,0.12,0.45,0.2,0.18,3,30,9,2391,67140452,4239663690,true,false,818.6333333332461,839.6333333332461,9,8,7,180,22,7,3,10,41,40,1,10,1,0,0.024390243902439025,0.975609756097561,15,1.875,167.7333333333248,0.20489433608861435,1,1,0,4,3,26,5,3,37,6,3,39,129.09999999988258,0.1577018608248255,5,11,3,0
difficulty-easy,20260712,1,0.12,0.45,0.2,0.18,3,30,9,2392,3523912050,33293859,false,false,843.8999999998898,864.8999999998898,9,8,7,179,26,8,3,17,59,53,6,17,6,0,0.1016949152542373,0.8983050847457628,23,2.875,167.7333333333248,0.1987597266658925,1,0,1,7,3,43,8,3,53,0,0,0,0,0,3,7,2,0
difficulty-easy,20260712,1,0.12,0.45,0.2,0.18,3,30,9,2393,3941778780,637651149,true,false,745.466666666646,766.466666666646,9,8,7,180,23,7,3,4,41,37,4,4,4,0,0.0975609756097561,0.9024390243902439,21,2.625,167.7333333333248,0.22500447147200336,1,1,0,6,3,31,7,3,36,7,3,36,56.633333333281826,0.07597030942579601,5,14,3,0
difficulty-easy,20260712,1,0.12,0.45,0.2,0.18,3,30,9,2394,1411593298,4285125051,false,false,806.7999999999236,827.7999999999236,9,8,7,179,30,9,3,18,62,58,4,18,4,0,0.06451612903225806,0.9354838709677419,21,2.625,167.7333333333248,0.2078995207403826,1,0,1,6,3,38,9,3,53,0,0,0,0,0,5,11,4,0
difficulty-easy,20260712,1,0.12,0.45,0.2,0.18,3,30,9,2395,3541407129,2229902593,false,false,829.8666666665692,850.8666666665692,9,8,7,179,26,8,2,12,59,47,12,12,12,0,0.2033898305084746,0.7966101694915254,23,2.875,167.7333333333248,0.20212082262212142,1,0,1,7,2,40,8,2,47,0,0,0,0,0,3,3,2,0
difficulty-easy,20260712,1,0.12,0.45,0.2,0.18,3,30,9,2396,1780569555,3410940605,false,false,783.5999999999447,804.5999999999447,9,8,7,179,21,6,3,6,39,36,3,6,3,0,0.07692307692307693,0.9230769230769231,18,2.25,167.7333333333248,0.2140547898587757,1,0,1,5,2,30,6,3,35,0,0,0,0,0,5,10,2,0
difficulty-easy,20260712,1,0.12,0.45,0.2,0.18,3,30,9,2397,3719637430,2249856301,true,false,772.5999999999547,793.5999999999547,9,8,7,180,26,8,3,13,53,49,4,13,4,0,0.07547169811320754,0.9245283018867925,24,3,167.7333333333248,0.21710242471309169,1,1,0,7,3,41,8,3,48,8,3,48,81.49999999992588,0.10548796272318232,5,7,3,0
difficulty-easy,20260712,1,0.12,0.45,0.2,0.18,3,30,9,2398,1774346189,4233075339,false,false,842.1333333332248,863.1333333332248,9,8,7,179,21,6,3,8,50,39,11,8,11,0,0.22,0.78,20,2.5,167.7333333333248,0.19917669411021185,1,0,1,6,3,32,6,3,39,0,0,0,0,0,5,8,3,0
difficulty-easy,20260712,1,0.12,0.45,0.2,0.18,3,30,9,2399,4069497630,3077228086,false,false,839.633333333227,860.633333333227,9,8,7,179,27,8,3,10,54,47,7,10,7,0,0.12962962962962962,0.8703703703703703,24,3,167.7333333333248,0.1997697407598706,1,0,1,7,3,41,8,3,47,0,0,0,0,0,3,5,2,0
difficulty-easy,20260712,1,0.12,0.45,0.2,0.18,3,30,9,2400,469967649,2704642969,false,false,836.9999999998961,857.9999999998961,9,8,7,179,26,8,3,14,54,50,4,14,4,0,0.07407407407407407,0.9259259259259259,24,3,167.7333333333248,0.20039824771009035,1,0,1,8,3,38,8,3,49,0,0,0,0,0,5,10,2,0
difficulty-easy,20260712,1,0.12,0.45,0.2,0.18,3,30,9,2401,3141074115,3375341906,false,false,848.1666666665526,869.1666666665526,9,8,7,179,22,6,3,17,56,48,8,17,8,0,0.14285714285714285,0.8571428571428571,21,2.625,167.7333333333248,0.19775987423857028,1,0,1,6,3,40,6,3,48,0,0,0,0,0,3,5,2,0
difficulty-easy,20260712,1,0.12,0.45,0.2,0.18,3,30,9,2402,4221126715,3455925408,false,false,809.1666666665881,830.1666666665881,9,8,7,179,24,7,2,10,49,43,6,10,6,0,0.12244897959183673,0.8775510204081632,18,2.25,167.7333333333248,0.20729145211123512,1,0,1,5,2,31,7,2,43,0,0,0,0,0,5,13,3,0
difficulty-easy,20260712,1,0.12,0.45,0.2,0.18,3,30,9,2403,1051803465,3302949298,true,false,843.8999999998898,864.8999999998898,9,8,7,180,24,7,2,16,53,50,3,16,3,0,0.05660377358490566,0.9433962264150944,23,2.875,167.7333333333248,0.1987597266658925,1,1,0,7,2,41,7,2,49,7,2,49,146.8999999998664,0.17407275743557954,5,14,1,0
difficulty-easy,20260712,1,0.12,0.45,0.2,0.18,3,30,9,2404,3138825369,85766934,true,false,825.5333333332399,846.5333333332399,9,8,7,180,20,6,2,10,46,39,7,10,7,0,0.15217391304347827,0.8478260869565217,16,2,167.7333333333248,0.20318178147461494,1,1,0,4,2,28,5,2,35,6,2,38,136.63333333320907,0.16550916579167957,5,10,2,0
difficulty-easy,20260712,1,0.12,0.45,0.2,0.18,3,30,9,2405,585799114,2682390779,false,false,831.1333333332348,852.1333333332348,9,8,7,179,19,5,2,9,49,38,11,9,11,0,0.22448979591836735,0.7755102040816326,19,2.375,167.7333333333248,0.20181278575440526,1,0,1,5,2,33,5,2,37,0,0,0,0,0,6,8,2,0
difficulty-easy,20260712,1,0.12,0.45,0.2,0.18,3,30,9,2406,1775226621,2093382041,true,false,818.3333333332464,839.3333333332464,9,8,7,180,15,4,2,0,32,24,8,0,8,0,0.25,0.75,14,1.75,167.7333333333248,0.20496945010184434,1,1,0,4,2,21,4,2,24,4,2,24,123.99999999988722,0.1515274949082286,5,14,2,0
difficulty-easy,20260712,1,0.12,0.45,0.2,0.18,3,30,9,2407,2003392663,1270742799,false,false,847.4999999998865,868.4999999998865,9,8,7,179,22,7,3,3,42,35,7,3,7,0,0.16666666666666666,0.8333333333333334,16,2,167.7333333333248,0.19791543756147167,1,0,1,5,3,26,7,3,35,0,0,0,0,0,3,5,2,0
difficulty-easy,20260712,1,0.12,0.45,0.2,0.18,3,30,9,2408,1721249173,438628739,true,false,794.0333333332685,815.0333333332685,9,8,7,180,14,4,3,2,33,26,7,2,7,0,0.21212121212121213,0.7878787878787878,14,1.75,167.7333333333248,0.211242181268635,1,1,0,4,3,23,4,3,25,4,3,25,120.09999999989077,0.15125309600759906,2,5,3,0
difficulty-easy,20260712,1,0.12,0.45,0.2,0.18,3,30,9,2409,3750351047,4125081176,false,false,857.0666666665445,878.0666666665445,9,8,7,179,23,7,3,10,51,42,9,10,9,0,0.17647058823529413,0.8235294117647058,18,2.25,167.7333333333248,0.1957062850031293,1,0,1,5,3,32,7,3,42,0,0,0,0,0,5,11,3,0
difficulty-easy,20260712,1,0.12,0.45,0.2,0.18,3,30,9,2410,278405934,348353616,true,false,821.7333333332433,842.7333333332433,9,8,7,180,24,7,3,6,48,40,8,6,8,0,0.16666666666666666,0.8333333333333334,24,3,167.7333333333248,0.20412136946293588,1,1,0,7,3,36,7,3,39,7,3,39,154.6999999998593,0.1882605873761272,3,4,2,0
difficulty-easy,20260712,1,0.12,0.45,0.2,0.18,3,30,9,2411,3036039854,830763872,true,false,795.5666666666004,816.5666666666004,9,8,7,180,19,5,3,4,35,33,2,4,2,0,0.05714285714285714,0.9428571428571428,13,1.625,167.7333333333248,0.21083504420330007,1,1,0,4,3,21,5,3,31,5,3,32,119.66666666655783,0.15041689361867994,6,14,2,0
difficulty-easy,20260712,1,0.12,0.45,0.2,0.18,3,30,9,2412,2659265057,376518653,false,false,864.2333333332047,885.2333333332047,9,8,7,179,29,8,3,17,61,56,5,17,5,0,0.08196721311475409,0.9180327868852459,25,3.125,167.7333333333248,0.1940833879739458,1,0,1,7,3,45,8,3,56,0,0,0,0,0,5,14,3,0
difficulty-easy,20260712,1,0.12,0.45,0.2,0.18,3,30,9,2413,2604885285,1099513912,false,false,836.1333333332302,857.1333333332302,9,8,7,179,30,9,3,14,57,53,4,14,4,0,0.07017543859649122,0.9298245614035088,26,3.25,167.7333333333248,0.20060596396110525,1,0,1,8,3,41,9,3,52,0,0,0,0,0,3,7,2,0
difficulty-easy,20260712,1,0.12,0.45,0.2,0.18,3,30,9,2414,3301768502,1087776622,true,false,790.3666666666052,811.3666666666052,9,8,7,180,24,7,3,13,55,46,9,13,9,0,0.16363636363636364,0.8363636363636363,18,2.25,167.7333333333248,0.2122221753616522,1,1,0,5,3,30,6,3,45,6,3,45,91.53333333325008,0.11581122685663685,6,10,3,0
difficulty-easy,20260712,1,0.12,0.45,0.2,0.18,3,30,9,2415,1882495509,337633809,true,false,824.8333333332405,845.8333333332405,9,8,7,180,24,6,3,19,60,53,7,19,7,0,0.11666666666666667,0.8833333333333333,24,3,167.7333333333248,0.20335421297233017,1,1,0,6,3,47,6,3,51,6,3,53,134.36666666654446,0.16290159628194736,4,5,3,0
difficulty-easy,20260712,1,0.12,0.45,0.2,0.18,3,30,9,2416,66361557,546983807,false,false,782.6333333332789,803.6333333332789,9,8,7,179,25,7,2,23,66,58,8,23,8,0,0.12121212121212122,0.8787878787878788,23,2.875,167.7333333333248,0.21431917884067014,1,0,1,6,2,50,7,2,57,0,0,0,0,0,6,5,2,0
difficulty-easy,20260712,1,0.12,0.45,0.2,0.18,3,30,9,2417,565353784,1234220841,true,false,766.2999999999604,787.2999999999604,9,8,7,180,20,6,3,2,36,32,4,2,4,0,0.1111111111111111,0.8888888888888888,17,2.125,167.7333333333248,0.21888729392318082,1,1,0,5,3,27,6,3,31,6,3,31,56.399999999948704,0.07360041759095866,4,10,2,0
difficulty-easy,20260712,1,0.12,0.45,0.2,0.18,3,30,9,2418,1701655958,270364275,true,false,840.2666666665598,861.2666666665598,9,8,7,180,20,6,3,4,39,32,7,4,7,0,0.1794871794871795,0.8205128205128205,14,1.75,167.7333333333248,0.19961916851794603,1,1,0,3,2,25,6,3,31,6,3,31,153.4333333331938,0.1826007616628213,4,5,3,0
difficulty-easy,20260712,1,0.12,0.45,0.2,0.18,3,30,9,2419,2267009450,667031632,true,false,804.3666666665924,825.3666666665924,9,8,7,180,29,9,3,18,61,57,4,18,4,0,0.06557377049180328,0.9344262295081968,26,3.25,167.7333333333248,0.20852844888318794,1,1,0,8,3,40,9,3,55,9,3,56,129.3333333332157,0.16078902656321037,4,5,3,0
difficulty-easy,20260712,1,0.12,0.45,0.2,0.18,3,30,9,2420,967312102,2116824764,false,false,849.2333333332183,870.2333333332183,9,8,7,179,28,8,3,14,59,51,8,14,8,0,0.13559322033898305,0.864406779661017,22,2.75,167.7333333333248,0.19751148094361287,1,0,1,6,3,42,8,3,50,0,0,0,0,0,5,7,3,0
difficulty-easy,20260712,1,0.12,0.45,0.2,0.18,3,30,9,2421,3999721237,1225436140,false,false,812.9999999999179,833.9999999999179,9,8,7,179,26,8,3,6,49,42,7,6,7,0,0.14285714285714285,0.8571428571428571,20,2.5,167.7333333333248,0.20631406314064174,1,0,1,6,3,30,8,3,42,0,0,0,0,0,4,5,3,0
difficulty-easy,20260712,1,0.12,0.45,0.2,0.18,3,30,9,2422,3563898536,3656715277,true,false,786.8999999999417,807.8999999999417,9,8,7,180,21,6,3,9,45,39,6,9,6,0,0.13333333333333333,0.8666666666666667,16,2,167.7333333333248,0.21315711441522078,1,1,0,4,3,25,5,3,36,6,3,39,92.7666666665823,0.11788876180783985,4,11,4,0
difficulty-easy,20260712,1,0.12,0.45,0.2,0.18,3,30,9,2423,335152022,413218047,true,false,766.5333333332935,787.5333333332935,9,8,7,180,22,7,3,3,38,34,4,3,4,0,0.10526315789473684,0.8947368421052632,15,1.875,167.7333333333248,0.21882066446338516,1,1,0,4,3,24,6,3,32,6,3,33,78.3999999999287,0.10227865715767887,5,10,2,0
difficulty-easy,20260712,1,0.12,0.45,0.2,0.18,3,30,9,2424,3582881344,4248523254,true,false,804.9999999999252,825.9999999999252,9,8,7,180,21,6,3,12,48,43,5,12,5,0,0.10416666666666667,0.8958333333333334,20,2.5,167.7333333333248,0.2083643892339632,1,1,0,6,3,35,6,3,42,6,3,42,111.83333333323162,0.13892339544502114,6,11,3,0
difficulty-easy,20260712,1,0.12,0.45,0.2,0.18,3,30,9,2425,3511770312,1127804173,false,false,815.5999999999156,836.5999999999156,9,8,7,179,23,6,3,18,55,51,4,18,4,0,0.07272727272727272,0.9272727272727272,21,2.625,167.7333333333248,0.20565636750041952,1,0,1,6,3,39,6,3,51,0,0,0,0,0,5,14,2,0
difficulty-easy,20260712,1,0.12,0.45,0.2,0.18,3,30,9,2426,813307651,3239614907,false,false,783.8999999999444,804.8999999999444,9,8,7,179,20,6,3,4,38,34,4,4,4,0,0.10526315789473684,0.8947368421052632,17,2.125,167.7333333333248,0.21397287068929288,1,0,1,5,3,27,6,3,34,0,0,0,0,0,3,5,2,0
difficulty-easy,20260712,1,0.12,0.45,0.2,0.18,3,30,9,2427,3272413945,4141049023,true,false,807.6999999999227,828.6999999999227,9,8,7,180,21,7,3,3,45,33,12,3,12,0,0.26666666666666666,0.7333333333333333,14,1.75,167.7333333333248,0.20766786348067456,1,1,0,4,2,22,6,2,31,7,3,32,121.86666666655583,0.15088110271953384,5,14,3,0
difficulty-easy,20260712,1,0.12,0.45,0.2,0.18,3,30,9,2428,1025773335,668923566,false,false,806.6999999999236,827.6999999999236,9,8,7,179,26,8,3,11,52,47,5,11,5,0,0.09615384615384616,0.9038461538461539,22,2.75,167.7333333333248,0.2079252923433007,1,0,1,7,3,36,8,3,47,0,0,0,0,0,3,7,2,0
difficulty-easy,20260712,1,0.12,0.45,0.2,0.18,3,30,9,2429,3468898785,1942276515,true,false,789.7333333332724,810.7333333332724,9,8,7,180,28,9,3,21,71,58,13,21,13,0,0.18309859154929578,0.8169014084507042,23,2.875,167.7333333333248,0.21239236873206702,1,1,0,7,3,48,8,3,56,9,3,57,98.09999999991078,0.12421914570308755,4,5,3,0
difficulty-easy,20260712,1,0.12,0.45,0.2,0.18,3,30,9,2430,1047022669,2289235772,true,false,834.6333333332316,855.6333333332316,9,8,7,180,24,7,3,5,52,39,13,5,13,0,0.25,0.75,19,2.375,167.7333333333248,0.20096649227206986,1,1,0,6,3,29,7,3,38,7,3,38,158.46666666652254,0.18986381245242445,3,4,3,0
difficulty-easy,20260712,1,0.12,0.45,0.2,0.18,3,30,9,2431,425994904,357342750,true,false,830.4666666665687,851.4666666665687,9,8,7,180,23,7,3,17,56,50,6,17,6,0,0.10714285714285714,0.8928571428571429,17,2.125,167.7333333333248,0.2019747932889274,1,1,0,5,2,36,7,3,47,7,3,49,126.46666666655165,0.15228385646612333,4,10,2,0
difficulty-easy,20260712,1,0.12,0.45,0.2,0.18,3,30,9,2432,945259621,2001362368,false,false,864.6666666665376,885.6666666665376,9,8,7,179,22,7,3,14,53,45,8,14,8,0,0.1509433962264151,0.8490566037735849,21,2.625,167.7333333333248,0.19398612181960273,1,0,1,7,3,37,7,3,42,0,0,0,0,0,5,8,3,0
difficulty-easy,20260712,1,0.12,0.45,0.2,0.18,3,30,9,2433,166212782,985777059,false,false,843.7999999998899,864.7999999998899,9,8,7,179,23,7,3,6,47,39,8,6,8,0,0.1702127659574468,0.8297872340425532,18,2.25,167.7333333333248,0.19878328197836773,1,0,1,5,3,33,7,3,39,0,0,0,0,0,3,7,2,0
difficulty-easy,20260712,1,0.12,0.45,0.2,0.18,3,30,9,2434,2171988040,2936793034,true,false,790.3666666666052,811.3666666666052,9,8,7,180,25,8,3,8,48,41,7,8,7,0,0.14583333333333334,0.8541666666666666,18,2.25,167.7333333333248,0.2122221753616522,1,1,0,5,3,29,8,3,41,8,3,41,111.43333333323199,0.14098941419582556,2,5,3,0
difficulty-easy,20260712,1,0.12,0.45,0.2,0.18,3,30,9,2435,142446457,4247514717,false,false,768.5999999999583,789.5999999999583,9,8,7,179,24,7,3,10,50,44,6,10,6,0,0.12,0.88,18,2.25,167.7333333333248,0.21823228380605503,1,0,1,5,3,32,7,3,44,0,0,0,0,0,3,5,3,0
difficulty-easy,20260712,1,0.12,0.45,0.2,0.18,3,30,9,2436,2525698608,1650485560,true,false,783.4999999999447,804.4999999999447,9,8,7,180,30,9,3,20,64,60,4,20,4,0,0.0625,0.9375,27,3.375,167.7333333333248,0.21408211018932563,1,1,0,8,3,49,9,3,59,9,3,59,111.23333333323217,0.1419697936608041,2,5,3,0
difficulty-easy,20260712,1,0.12,0.45,0.2,0.18,3,30,9,2437,3338376528,3176745315,true,false,771.6999999999555,792.6999999999555,9,8,7,180,20,6,3,6,43,36,7,6,7,0,0.16279069767441862,0.8372093023255814,17,2.125,167.7333333333248,0.21735562178739726,1,1,0,5,3,27,5,3,34,5,3,34,102.56666666657338,0.13291002548474706,2,7,3,0
difficulty-easy,20260712,1,0.12,0.45,0.2,0.18,3,30,9,2438,1076258951,1587916739,true,false,757.9333333333013,778.9333333333013,9,8,7,180,27,8,3,8,50,45,5,8,5,0,0.1,0.9,22,2.75,167.7333333333248,0.22130354472688699,1,1,0,6,3,34,7,3,43,7,3,43,59.833333333278915,0.0789427390271107,5,12,4,0
difficulty-easy,20260712,1,0.12,0.45,0.2,0.18,3,30,9,2439,2225608953,567488578,true,false,778.9666666666155,799.9666666666155,9,8,7,180,29,9,3,15,61,54,7,15,7,0,0.11475409836065574,0.8852459016393442,23,2.875,167.7333333333248,0.21532799863066773,1,1,0,7,3,39,9,3,52,9,3,53,77.2999999999297,0.0992340279857094,6,9,3,0
difficulty-easy,20260712,1,0.12,0.45,0.2,0.18,3,30,9,2440,1039426125,3877371360,true,false,777.2333333332838,798.2333333332838,9,8,7,180,20,6,3,4,37,34,3,4,3,0,0.08108108108108109,0.918918918918919,13,1.625,167.7333333333248,0.21580820860316785,1,1,0,3,2,26,6,3,34,6,3,34,80.46666666659348,0.10352961358656596,4,13,2,0
difficulty-easy,20260712,1,0.12,0.45,0.2,0.18,3,30,9,2441,267037887,1551024498,true,false,793.9999999999352,814.9999999999352,9,8,7,180,23,7,3,8,50,41,9,8,9,0,0.18,0.82,19,2.375,167.7333333333248,0.21125104953820967,1,1,0,6,3,31,6,3,35,7,3,40,92.8333333332489,0.11691855583533561,5,9,3,0
difficulty-easy,20260712,1,0.12,0.45,0.2,0.18,3,30,9,2442,3736263109,1152406732,true,false,848.3999999998857,869.3999999998857,9,8,7,180,22,7,2,11,50,43,7,11,7,0,0.14,0.86,18,2.25,167.7333333333248,0.19770548483421427,1,1,0,5,2,37,7,2,42,7,2,42,154.29999999985966,0.18187175860429095,6,10,3,0
difficulty-easy,20260712,1,0.12,0.45,0.2,0.18,3,30,9,2443,330511504,1000982184,true,false,797.8999999999317,818.8999999999317,9,8,7,180,21,6,3,10,45,40,5,10,5,0,0.1111111111111111,0.8888888888888888,15,1.875,167.7333333333248,0.21021849020345804,1,1,0,4,2,27,5,3,37,5,3,38,116.39999999989413,0.14588294272453203,5,14,2,0
difficulty-easy,20260712,1,0.12,0.45,0.2,0.18,3,30,9,2444,3935744221,755274748,true,false,844.8999999998889,865.8999999998889,9,8,7,180,23,6,3,19,60,52,8,19,8,0,0.13333333333333333,0.8666666666666667,21,2.625,167.7333333333248,0.19852448021463706,1,1,0,6,3,38,6,3,50,6,3,51,158.16666666652281,0.18720164121972258,5,5,2,0
difficulty-easy,20260712,1,0.12,0.45,0.2,0.18,3,30,9,2445,2927293560,1600838103,true,false,768.899999999958,789.899999999958,9,8,7,180,31,10,3,15,65,55,10,15,10,0,0.15384615384615385,0.8461538461538461,24,3,167.7333333333248,0.21814713660207302,1,1,0,7,3,42,9,3,53,9,3,54,79.63333333326091,0.10356786751627683,6,8,4,0
difficulty-easy,20260712,1,0.12,0.45,0.2,0.18,3,30,9,2446,1199370575,1781420636,true,false,771.3999999999558,792.3999999999558,9,8,7,180,22,7,3,3,42,35,7,3,7,0,0.16666666666666666,0.8333333333333334,17,2.125,167.7333333333248,0.21744015210440032,1,1,0,5,3,28,7,3,34,7,3,34,96.69999999991205,0.12535649468488153,2,5,2,0
difficulty-easy,20260712,1,0.12,0.45,0.2,0.18,3,30,9,2447,4093350229,4272749573,true,false,762.6999999999637,783.6999999999637,9,8,7,180,27,8,3,17,59,54,5,17,5,0,0.0847457627118644,0.9152542372881356,21,2.625,167.7333333333248,0.21992045802193888,1,1,0,6,3,42,8,3,52,8,3,53,81.53333333325918,0.10690092216240077,5,10,2,0
difficulty-easy,20260712,1,0.12,0.45,0.2,0.18,3,30,9,2448,3155552546,1655322329,false,false,786.833333333275,807.833333333275,9,8,7,179,24,7,3,21,61,55,6,21,6,0,0.09836065573770492,0.9016393442622951,21,2.625,167.7333333333248,0.213175174751117,1,0,1,6,3,45,7,3,54,0,0,0,0,0,5,8,2,0
difficulty-easy,20260712,1,0.12,0.45,0.2,0.18,3,30,9,2449,3682796744,103541075,false,false,791.999999999937,812.999999999937,9,8,7,179,23,6,3,22,59,54,5,22,5,0,0.0847457627118644,0.9152542372881356,20,2.5,167.7333333333248,0.21178451178451785,1,0,1,5,3,44,6,3,54,0,0,0,0,0,4,7,3,0
difficulty-easy,20260712,1,0.12,0.45,0.2,0.18,3,30,9,2450,2583877567,332810957,true,false,840.9666666665591,861.9666666665591,9,8,7,180,30,9,3,16,58,55,3,16,3,0,0.05172413793103448,0.9482758620689655,26,3.25,167.7333333333248,0.19945301042452682,1,1,0,8,3,44,8,3,54,8,3,54,151.83333333319524,0.1805461968368322,5,7,2,0
difficulty-easy,20260712,1,0.12,0.45,0.2,0.18,3,30,9,2451,145781751,3349317435,true,false,775.0333333332858,796.0333333332858,9,8,7,180,25,8,3,7,49,42,7,7,7,0,0.14285714285714285,0.8571428571428571,20,2.5,167.7333333333248,0.2164207991054171,1,1,0,6,3,30,8,3,41,8,3,41,102.29999999990696,0.1319943228247128,2,7,3,0
difficulty-easy,20260712,1,0.12,0.45,0.2,0.18,3,30,9,2452,1895175068,849948306,true,false,785.2333333332765,806.2333333332765,9,8,7,180,27,8,3,9,53,45,8,9,8,0,0.1509433962264151,0.8490566037735849,22,2.75,167.7333333333248,0.21360954281105862,1,1,0,6,3,37,8,3,44,8,3,44,94.73333333324717,0.12064354544286712,4,10,3,0
difficulty-easy,20260712,1,0.12,0.45,0.2,0.18,3,30,9,2453,1754388817,1490551323,true,false,794.1333333332684,815.1333333332684,9,8,7,180,19,6,3,2,37,31,6,2,6,0,0.16216216216216217,0.8378378378378378,12,1.5,167.7333333333248,0.211215580926803,1,1,0,3,2,20,6,3,30,6,3,30,103.9333333332388,0.13087642713219522,4,7,2,0
difficulty-easy,20260712,1,0.12,0.45,0.2,0.18,3,30,9,2454,21030318,374499561,true,false,827.5999999999046,848.5999999999046,9,8,7,180,23,7,3,6,45,39,6,6,6,0,0.13333333333333333,0.8666666666666667,18,2.25,167.7333333333248,0.2026743998711263,1,1,0,6,3,27,7,3,38,7,3,39,114.56666666656247,0.13843241501519535,5,11,2,0
difficulty-easy,20260712,1,0.12,0.45,0.2,0.18,3,30,9,2455,2374253499,251620846,true,false,845.7999999998881,866.7999999998881,9,8,7,180,25,8,3,6,50,41,9,6,9,0,0.18,0.82,20,2.5,167.7333333333248,0.1983132340190908,1,1,0,6,3,31,8,3,40,8,3,40,146.69999999986658,0.17344525892632537,5,13,2,0
difficulty-easy,20260712,1,0.12,0.45,0.2,0.18,3,30,9,2456,2859278564,964716408,true,false,836.7999999998963,857.7999999998963,9,8,7,180,26,8,3,9,53,45,8,9,8,0,0.1509433962264151,0.8490566037735849,22,2.75,167.7333333333248,0.20044614404080496,1,1,0,7,3,34,8,3,44,8,3,44,155.6666666665251,0.1860261312936716,3,4,2,0
difficulty-easy,20260712,1,0.12,0.45,0.2,0.18,3,30,9,2457,30629468,4189746373,true,false,847.2666666665534,868.2666666665534,9,8,7,180,26,8,3,17,60,53,7,17,7,0,0.11666666666666667,0.8833333333333333,23,2.875,167.7333333333248,0.19796994256040665,1,1,0,7,3,43,8,3,52,8,3,52,155.03333333319233,0.18298056495382767,5,7,2,0
difficulty-easy,20260712,1,0.12,0.45,0.2,0.18,3,30,9,2458,3721073564,277507269,true,false,791.6333333332707,812.6333333332707,9,8,7,180,24,7,3,8,48,42,6,8,6,0,0.125,0.875,19,2.375,167.7333333333248,0.21188260558339897,1,1,0,5,3,31,7,3,42,7,3,42,78.99999999992815,0.09979367552309706,5,9,2,0
difficulty-easy,20260712,1,0.12,0.45,0.2,0.18,3,30,9,2459,875700906,1834965579,true,false,785.399999999943,806.399999999943,9,8,7,180,25,8,3,11,49,45,4,11,4,0,0.08163265306122448,0.9183673469387755,22,2.75,167.7333333333248,0.21356421356421817,1,1,0,6,3,37,7,3,43,7,3,44,111.06666666656565,0.14141414141402306,2,5,2,0
difficulty-easy,20260712,1,0.12,0.45,0.2,0.18,3,30,9,2460,390924168,3209818631,true,false,768.566666666625,789.566666666625,9,8,7,180,24,7,3,6,45,40,5,6,5,0,0.1111111111111111,0.8888888888888888,21,2.625,167.7333333333248,0.2182417487097201,1,1,0,6,3,31,7,3,39,7,3,39,82.36666666659175,0.1071691894000905,6,8,2,0
difficulty-easy,20260712,1,0.12,0.45,0.2,0.18,3,30,9,2461,32195757,2625837072,true,false,758.3999999999676,779.3999999999676,9,8,7,180,19,6,3,0,34,28,6,0,6,0,0.17647058823529413,0.8235294117647058,14,1.75,167.7333333333248,0.2211673699015453,1,1,0,4,2,22,6,3,27,6,3,27,78.19999999992888,0.10311181434590219,5,6,4,0
difficulty-easy,20260712,1,0.12,0.45,0.2,0.18,3,30,9,2462,662314577,1716507970,false,false,857.9666666665437,878.9666666665437,9,8,7,179,24,7,3,11,47,44,3,11,3,0,0.06382978723404255,0.9361702127659575,18,2.25,167.7333333333248,0.19550099071449803,1,0,1,5,3,33,7,3,44,0,0,0,0,0,6,8,1,0
difficulty-easy,20260712,1,0.12,0.45,0.2,0.18,3,30,9,2463,279508189,3788787161,false,false,830.166666666569,851.166666666569,9,8,7,179,27,7,3,9,50,46,4,9,4,0,0.08,0.92,24,3,167.7333333333248,0.20204778156997935,1,0,1,7,3,40,7,3,46,0,0,0,0,0,3,7,3,0
difficulty-easy,20260712,1,0.12,0.45,0.2,0.18,3,30,9,2464,3610281289,4096089926,false,false,772.6666666666213,793.6666666666213,9,8,7,179,25,7,3,7,49,41,8,7,8,0,0.16326530612244897,0.8367346938775511,21,2.625,167.7333333333248,0.21708369283865572,1,0,1,6,3,31,7,3,40,0,0,0,0,0,3,7,2,0
difficulty-easy,20260712,1,0.12,0.45,0.2,0.18,3,30,9,2465,1928422013,4193160925,false,false,791.3999999999376,812.3999999999376,9,8,7,179,26,8,3,18,63,54,9,18,9,0,0.14285714285714285,0.8571428571428571,24,3,167.7333333333248,0.2119450762362118,1,0,1,7,3,43,8,3,52,0,0,0,0,0,5,8,2,0
difficulty-easy,20260712,1,0.12,0.45,0.2,0.18,3,30,9,2466,2182817165,2414337898,true,false,832.3999999999003,853.3999999999003,9,8,7,180,25,7,3,12,60,47,13,12,13,0,0.21666666666666667,0.7833333333333333,24,3,167.7333333333248,0.20150568636874686,1,1,0,7,3,36,7,3,47,7,3,47,153.03333333319415,0.18384590741616108,2,5,3,0
difficulty-easy,20260712,1,0.12,0.45,0.2,0.18,3,30,9,2467,3987260958,84377011,true,false,773.6666666666204,794.6666666666204,9,8,7,180,25,8,3,7,49,42,7,7,7,0,0.14285714285714285,0.8571428571428571,23,2.875,167.7333333333248,0.2168031021111609,1,1,0,7,3,33,8,3,40,8,3,41,85.86666666658857,0.11098664368797119,5,8,2,0
difficulty-easy,20260712,1,0.12,0.45,0.2,0.18,3,30,9,2468,3657416023,3485834394,false,false,848.5999999998855,869.5999999998855,9,8,7,179,24,7,3,11,51,45,6,11,6,0,0.11764705882352941,0.8823529411764706,19,2.375,167.7333333333248,0.1976588891507747,1,0,1,6,3,32,7,3,44,0,0,0,0,0,6,11,3,0
difficulty-easy,20260712,1,0.12,0.45,0.2,0.18,3,30,9,2469,896336851,2428383605,false,false,785.5999999999428,806.5999999999428,9,8,7,179,25,8,3,6,47,41,6,6,6,0,0.1276595744680851,0.8723404255319149,20,2.5,167.7333333333248,0.2135098438560807,1,0,1,6,3,32,8,3,41,0,0,0,0,0,3,5,3,0
difficulty-easy,20260712,1,0.12,0.45,0.2,0.18,3,30,9,2470,2780808373,2370665885,true,false,814.5999999999165,835.5999999999165,9,8,7,180,27,8,3,9,52,46,6,9,6,0,0.11538461538461539,0.8846153846153846,24,3,167.7333333333248,0.20590883050987233,1,1,0,7,3,39,8,3,43,8,3,44,111.79999999989832,0.13724527375387893,5,11,3,0
difficulty-easy,20260712,1,0.12,0.45,0.2,0.18,3,30,9,2471,221783777,711617301,true,false,834.6666666665649,855.6666666665649,9,8,7,180,26,8,3,9,48,45,3,9,3,0,0.0625,0.9375,26,3.25,167.7333333333248,0.2009584664536884,1,1,0,8,3,39,8,3,43,8,3,44,134.09999999987804,0.16066293929699807,6,8,2,0
difficulty-easy,20260712,1,0.12,0.45,0.2,0.18,3,30,9,2472,1081186840,2730001637,true,false,773.0666666666209,794.0666666666209,9,8,7,180,24,7,2,15,58,49,9,15,9,0,0.15517241379310345,0.8448275862068966,21,2.625,167.7333333333248,0.21697136943773895,1,1,0,6,2,39,7,2,48,7,2,48,78.83333333326163,0.10197481890298332,5,10,3,0
difficulty-easy,20260712,1,0.12,0.45,0.2,0.18,3,30,9,2473,386284963,2543175807,false,false,794.2999999999349,815.2999999999349,9,8,7,179,30,9,3,14,61,53,8,14,8,0,0.13114754098360656,0.8688524590163934,24,3,167.7333333333248,0.211171261907766,1,0,1,7,3,44,9,3,52,0,0,0,0,0,5,9,2,0
difficulty-easy,20260712,1,0.12,0.45,0.2,0.18,3,30,9,2474,952555680,1881639412,false,false,810.1333333332539,831.1333333332539,9,8,7,179,28,8,3,12,59,50,9,12,9,0,0.15254237288135594,0.847457627118644,27,3.375,167.7333333333248,0.2070441079657767,1,0,1,8,3,43,8,3,49,0,0,0,0,0,2,5,2,0
difficulty-easy,20260712,1,0.12,0.45,0.2,0.18,3,30,9,2475,1990372312,4029635771,false,false,769.4999999999575,790.4999999999575,9,8,7,179,21,6,3,10,47,41,6,10,6,0,0.1276595744680851,0.8723404255319149,19,2.375,167.7333333333248,0.21797704136885518,1,0,1,6,3,29,6,3,38,0,0,0,0,0,2,5,2,0
difficulty-easy,20260712,1,0.12,0.45,0.2,0.18,3,30,9,2476,2068089271,1753636525,true,false,778.0999999999497,799.0999999999497,9,8,7,180,26,8,3,15,54,50,4,15,4,0,0.07407407407407407,0.9259259259259259,24,3,167.7333333333248,0.21556783618215608,1,1,0,7,3,40,7,3,49,7,3,49,78.76666666659503,0.10122949063950665,5,8,2,0
difficulty-easy,20260712,1,0.12,0.45,0.2,0.18,3,30,9,2477,749734602,4248838923,true,false,796.1333333332666,817.1333333332666,9,8,7,180,19,6,3,5,43,34,9,5,9,0,0.20930232558139536,0.7906976744186046,15,1.875,167.7333333333248,0.21068497739072875,1,1,0,4,3,29,6,3,33,6,3,33,113.29999999989695,0.14231284541941022,4,5,2,0
difficulty-easy,20260712,1,0.12,0.45,0.2,0.18,3,30,9,2478,2223013441,3527112178,true,false,795.633333333267,816.633333333267,9,8,7,180,27,8,3,11,54,48,6,11,6,0,0.1111111111111111,0.8888888888888888,21,2.625,167.7333333333248,0.21081737818929,1,1,0,6,3,35,8,3,45,8,3,47,106.93333333323608,0.1344002681300997,5,14,3,0
difficulty-easy,20260712,1,0.12,0.45,0.2,0.18,3,30,9,2479,2551409010,301425818,true,false,810.7999999999199,831.7999999999199,9,8,7,180,23,7,3,7,44,39,5,7,5,0,0.11363636363636363,0.8863636363636364,17,2.125,167.7333333333248,0.20687386942938008,1,1,0,4,3,32,6,3,38,6,3,38,117.49999999989313,0.1449185989145347,6,14,2,0
difficulty-easy,20260712,1,0.12,0.45,0.2,0.18,3,30,9,2480,1265527698,1305377740,true,false,770.6666666666231,791.6666666666231,9,8,7,180,25,7,3,6,45,41,4,6,4,0,0.08888888888888889,0.9111111111111111,24,3,167.7333333333248,0.21764705882353064,1,1,0,7,3,37,7,3,40,7,3,40,100.89999999990823,0.1309256055362205,2,5,2,0
difficulty-easy,20260712,1,0.12,0.45,0.2,0.18,3,30,9,2481,98355268,467118485,false,false,842.3333333332246,863.3333333332246,9,8,7,179,20,6,3,15,53,45,8,15,8,0,0.1509433962264151,0.8490566037735849,18,2.25,167.7333333333248,0.19912940245351776,1,0,1,5,3,33,6,3,45,0,0,0,0,0,3,5,2,0
difficulty-easy,20260712,1,0.12,0.45,0.2,0.18,3,30,9,2482,3155717458,2332302820,true,false,782.6333333332789,803.6333333332789,9,8,7,180,30,9,3,17,58,56,2,17,2,0,0.034482758620689655,0.9655172413793104,26,3.25,167.7333333333248,0.21431917884067014,1,1,0,7,3,43,8,3,55,8,3,55,80.26666666659366,0.1025597342305029,5,8,4,0
difficulty-easy,20260712,1,0.12,0.45,0.2,0.18,3,30,9,2483,681566507,528767052,false,false,836.1333333332302,857.1333333332302,9,8,7,179,27,8,3,13,55,50,5,13,5,0,0.09090909090909091,0.9090909090909091,25,3.125,167.7333333333248,0.20060596396110525,1,0,1,8,3,40,8,3,49,0,0,0,0,0,3,7,3,0
difficulty-easy,20260712,1,0.12,0.45,0.2,0.18,3,30,9,2484,3974530504,625238190,true,false,850.4666666665505,871.4666666665505,9,8,7,180,33,11,3,20,71,62,9,20,9,0,0.1267605633802817,0.8732394366197183,27,3.375,167.7333333333248,0.19722505291214357,1,1,0,8,3,47,10,3,59,10,3,61,157.33333333319024,0.1849964725247453,5,13,3,0
difficulty-easy,20260712,1,0.12,0.45,0.2,0.18,3,30,9,2485,4147268286,976135222,true,false,779.7999999999481,800.7999999999481,9,8,7,180,23,7,3,10,42,41,1,10,1,0,0.023809523809523808,0.9761904761904762,18,2.25,167.7333333333248,0.21509788834744287,1,1,0,6,3,28,6,3,36,6,3,36,96.79999999991196,0.12413439343410926,3,5,2,0
difficulty-easy,20260712,1,0.12,0.45,0.2,0.18,3,30,9,2486,510326457,1901382406,true,false,766.0666666666273,787.0666666666273,9,8,7,180,23,7,3,7,47,40,7,7,7,0,0.14893617021276595,0.851063829787234,20,2.5,167.7333333333248,0.21895396397180414,1,1,0,6,3,30,7,3,39,7,3,39,96.96666666657848,0.12657732138184247,2,5,3,0
difficulty-easy,20260712,1,0.12,0.45,0.2,0.18,3,30,9,2487,1735479014,2612440372,false,false,841.2666666665589,862.2666666665589,9,8,7,179,26,8,3,9,54,43,11,9,11,0,0.2037037037037037,0.7962962962962963,19,2.375,167.7333333333248,0.19938188445995675,1,0,1,6,3,31,7,3,42,0,0,0,0,0,5,9,3,0
difficulty-easy,20260712,1,0.12,0.45,0.2,0.18,3,30,9,2488,916882114,2631954835,false,false,795.5999999999337,816.5999999999337,9,8,7,179,23,7,3,17,59,50,9,17,9,0,0.15254237288135594,0.847457627118644,20,2.5,167.7333333333248,0.21082621082621764,1,0,1,6,3,44,7,3,49,0,0,0,0,0,5,10,2,0
difficulty-easy,20260712,1,0.12,0.45,0.2,0.18,3,30,9,2489,2892532539,3320747365,false,false,788.4666666666069,809.4666666666069,9,8,7,179,21,6,3,11,47,42,5,11,5,0,0.10638297872340426,0.8936170212765957,20,2.5,167.7333333333248,0.212733575716586,1,0,1,6,3,31,6,3,42,0,0,0,0,0,3,5,3,0
difficulty-easy,20260712,1,0.12,0.45,0.2,0.18,3,30,9,2490,327680376,178648864,true,false,793.2666666666025,814.2666666666025,9,8,7,180,28,9,3,24,69,61,8,24,8,0,0.11594202898550725,0.8840579710144928,24,3,167.7333333333248,0.21144634002858015,1,1,0,7,3,50,8,3,60,8,3,60,111.36666666656538,0.1403899487350715,5,6,3,0
difficulty-easy,20260712,1,0.12,0.45,0.2,0.18,3,30,9,2491,1308584195,1246862562,true,false,774.733333333286,795.733333333286,9,8,7,180,18,5,3,3,35,30,5,3,5,0,0.14285714285714285,0.8571428571428571,13,1.625,167.7333333333248,0.21650460373462055,1,1,0,3,2,22,5,3,29,5,3,29,96.59999999991214,0.12468806471033221,3,5,3,0
difficulty-easy,20260712,1,0.12,0.45,0.2,0.18,3,30,9,2492,3220011254,2466262811,true,false,785.6999999999427,806.6999999999427,9,8,7,180,24,7,3,8,51,42,9,8,9,0,0.17647058823529413,0.8235294117647058,21,2.625,167.7333333333248,0.21348266938187224,1,1,0,6,3,31,7,3,40,7,3,41,94.66666666658057,0.12048703915818693,5,8,3,0
difficulty-easy,20260712,1,0.12,0.45,0.2,0.18,3,30,9,2493,3475837978,2847235824,false,false,765.0999999999615,786.0999999999615,9,8,7,179,23,6,3,10,47,43,4,10,4,0,0.0851063829787234,0.9148936170212766,20,2.5,167.7333333333248,0.21923060166427033,1,0,1,5,3,36,6,3,43,0,0,0,0,0,3,4,2,0
difficulty-easy,20260712,1,0.12,0.45,0.2,0.18,3,30,9,2494,661228626,890330189,true,false,798.9666666665973,819.9666666665973,9,8,7,180,19,6,3,3,36,30,6,3,6,0,0.16666666666666666,0.8333333333333334,11,1.375,167.7333333333248,0.209937836371988,1,1,0,3,2,21,6,3,29,6,3,29,105.93333333323699,0.13258792607106618,4,11,2,0
difficulty-easy,20260712,1,0.12,0.45,0.2,0.18,3,30,9,2495,2710725784,3659180003,true,false,806.4333333332572,827.4333333332572,9,8,7,180,26,8,3,11,50,46,4,11,4,0,0.08,0.92,21,2.625,167.7333333333248,0.20799404786509398,1,1,0,6,3,36,7,3,42,8,3,45,113.89999999989641,0.14123920142178378,5,9,2,0
difficulty-easy,20260712,1,0.12,0.45,0.2,0.18,3,30,9,2496,2613763704,656449871,false,false,771.4999999999557,792.4999999999557,9,8,7,179,13,3,3,0,29,22,7,0,7,0,0.2413793103448276,0.7586206896551724,13,1.625,167.7333333333248,0.2174119680276532,1,0,1,3,3,22,3,3,22,0,0,0,0,0,3,5,2,0
difficulty-easy,20260712,1,0.12,0.45,0.2,0.18,3,30,9,2497,1571194644,4076327323,false,false,867.466666666535,888.466666666535,9,8,7,179,23,7,3,8,50,41,9,8,9,0,0.18,0.82,16,2,167.7333333333248,0.19335997540733582,1,0,1,5,3,27,7,3,41,0,0,0,0,0,5,6,2,0
difficulty-easy,20260712,1,0.12,0.45,0.2,0.18,3,30,9,2498,2768046349,915836509,false,false,838.2333333332283,859.2333333332283,9,8,7,179,24,7,2,9,47,43,4,9,4,0,0.0851063829787234,0.9148936170212766,19,2.375,167.7333333333248,0.20010339205473315,1,0,1,5,2,29,7,2,43,0,0,0,0,0,3,5,2,0
difficulty-easy,20260712,1,0.12,0.45,0.2,0.18,3,30,9,2499,3360153192,2160059237,true,false,769.5333333332908,790.5333333332908,9,8,7,180,21,6,2,4,35,35,0,4,0,0,0,1,18,2.25,167.7333333333248,0.21796759941089933,1,1,0,5,2,28,6,2,34,6,2,34,81.7666666665923,0.10625487308316316,5,9,3,0
difficulty-easy,20260712,1,0.12,0.45,0.2,0.18,3,30,9,2500,1270335331,2855624573,false,false,842.7333333332242,863.7333333332242,9,8,7,179,22,7,3,5,39,35,4,5,4,0,0.10256410256410256,0.8974358974358975,20,2.5,167.7333333333248,0.1990348864805156,1,0,1,6,3,29,7,3,35,0,0,0,0,0,3,7,4,0
difficulty-easy,20260712,1,0.12,0.45,0.2,0.18,3,30,9,2501,2420958683,3432604826,true,false,809.1333333332548,830.1333333332548,9,8,7,180,14,4,3,0,33,23,10,0,10,0,0.30303030303030304,0.696969696969697,10,1.25,167.7333333333248,0.2072999917607412,1,1,0,3,2,18,4,3,23,4,3,23,109.59999999990032,0.13545357172272096,4,13,2,0
difficulty-easy,20260712,1,0.12,0.45,0.2,0.18,3,30,9,2502,3700429688,2215787753,false,false,767.8666666666256,788.8666666666256,9,8,7,179,29,8,3,14,65,53,12,14,12,0,0.18461538461538463,0.8153846153846154,27,3.375,167.7333333333248,0.21844070151067949,1,0,1,8,3,43,8,3,52,0,0,0,0,0,3,5,2,0
difficulty-easy,20260712,1,0.12,0.45,0.2,0.18,3,30,9,2503,4059307661,2658639161,true,false,858.3666666665433,879.3666666665433,9,8,7,180,26,8,3,15,56,51,5,15,5,0,0.08928571428571429,0.9107142857142857,22,2.75,167.7333333333248,0.19540988699469794,1,1,0,6,3,41,8,3,49,8,3,50,160.73333333318715,0.18725486388863763,6,11,2,0
difficulty-easy,20260712,1,0.12,0.45,0.2,0.18,3,30,9,2504,1201958805,4077409055,true,false,781.8333333332796,802.8333333332796,9,8,7,180,17,5,3,4,36,31,5,4,5,0,0.1388888888888889,0.8611111111111112,17,2.125,167.7333333333248,0.21453847793647793,1,1,0,5,3,28,5,3,30,5,3,30,79.4999999999277,0.10168407588991664,4,8,2,0
difficulty-easy,20260712,1,0.12,0.45,0.2,0.18,3,30,9,2505,2280941461,2251160730,true,false,815.433333333249,836.433333333249,9,8,7,180,29,9,3,23,73,62,11,23,11,0,0.1506849315068493,0.8493150684931506,25,3.125,167.7333333333248,0.20569840166783568,1,1,0,8,3,42,9,3,61,9,3,62,123.7666666665541,0.1517802395453136,5,8,3,0
difficulty-easy,20260712,1,0.12,0.45,0.2,0.18,3,30,9,2506,2177825421,3250094118,false,false,827.4333333332381,848.4333333332381,9,8,7,179,24,7,3,6,45,39,6,6,6,0,0.13333333333333333,0.8666666666666667,19,2.375,167.7333333333248,0.2027152237844065,1,0,1,6,3,31,7,3,38,0,0,0,0,0,6,10,2,0
difficulty-easy,20260712,1,0.12,0.45,0.2,0.18,3,30,9,2507,1023142951,1593842691,false,false,837.2333333332292,858.2333333332292,9,8,7,179,24,7,3,19,57,52,5,19,5,0,0.08771929824561403,0.9122807017543859,23,2.875,167.7333333333248,0.20034239757934347,1,0,1,7,3,41,7,3,52,0,0,0,0,0,3,5,2,0
difficulty-easy,20260712,1,0.12,0.45,0.2,0.18,3,30,9,2508,1113443278,2674344937,true,false,789.8666666666056,810.8666666666056,9,8,7,180,19,5,3,2,39,31,8,2,8,0,0.20512820512820512,0.7948717948717948,17,2.125,167.7333333333248,0.21235651586766258,1,1,0,5,3,26,5,3,30,5,3,30,117.79999999989286,0.1491390952058178,2,7,2,0
difficulty-easy,20260712,1,0.12,0.45,0.2,0.18,3,30,9,2509,1170398327,3480926767,false,false,834.6999999998982,855.6999999998982,9,8,7,179,22,6,3,9,48,40,8,9,8,0,0.16666666666666666,0.8333333333333334,19,2.375,167.7333333333248,0.20095044127632114,1,0,1,5,3,33,6,3,40,0,0,0,0,0,2,5,2,0
difficulty-easy,20260712,1,0.12,0.45,0.2,0.18,3,30,9,2510,302376861,1932719815,true,false,770.3999999999567,791.3999999999567,9,8,7,180,18,5,3,7,40,35,5,7,5,0,0.125,0.875,14,1.75,167.7333333333248,0.2177223952924899,1,1,0,4,3,22,5,3,34,5,3,34,78.26666666659548,0.10159224645197286,4,8,2,0
difficulty-easy,20260712,1,0.12,0.45,0.2,0.18,3,30,9,2511,4204179030,2512473561,true,false,852.2999999998822,873.2999999998822,9,8,7,180,25,8,3,11,58,45,13,11,13,0,0.22413793103448276,0.7758620689655172,23,2.875,167.7333333333248,0.1968008134850968,1,1,0,7,3,37,7,3,42,7,3,44,170.1999999998452,0.19969494309500027,5,7,4,0
difficulty-easy,20260712,1,0.12,0.45,0.2,0.18,3,30,9,2512,2276036417,3378194526,true,false,819.1999999999123,840.1999999999123,9,8,7,180,27,8,3,13,55,50,5,13,5,0,0.09090909090909091,0.9090909090909091,19,2.375,167.7333333333248,0.20475260416667818,1,1,0,6,3,31,8,3,45,8,3,49,117.1333333332268,0.14298502604155194,6,11,2,0
difficulty-easy,20260712,1,0.12,0.45,0.2,0.18,3,30,9,2513,478965805,763820333,false,false,778.6666666666158,799.6666666666158,9,8,7,179,21,6,2,10,44,40,4,10,4,0,0.09090909090909091,0.9090909090909091,17,2.125,167.7333333333248,0.2154109589041127,1,0,1,5,2,28,6,2,40,0,0,0,0,0,2,5,3,0
difficulty-easy,20260712,1,0.12,0.45,0.2,0.18,3,30,9,2514,1912082842,2079362172,true,false,826.7666666665721,847.7666666665721,9,8,7,180,23,7,2,13,54,46,8,13,8,0,0.14814814814814814,0.8518518518518519,18,2.25,167.7333333333248,0.20287868403017054,1,1,0,5,2,36,7,2,45,7,2,45,129.83333333321525,0.15703745514643,5,9,3,0
difficulty-easy,20260712,1,0.12,0.45,0.2,0.18,3,30,9,2515,1886242013,2084772951,true,false,749.7333333333088,770.7333333333088,9,8,7,180,18,5,3,2,39,30,9,2,9,0,0.23076923076923078,0.7692307692307693,16,2,167.7333333333248,0.2237239907522634,1,1,0,5,3,24,5,3,28,5,3,29,77.46666666659621,0.10332562688947014,4,10,2,0
difficulty-easy,20260712,1,0.12,0.45,0.2,0.18,3,30,9,2516,759636684,853762351,false,false,793.5999999999356,814.5999999999356,9,8,7,179,22,6,3,12,50,44,6,12,6,0,0.12,0.88,18,2.25,167.7333333333248,0.21135752688172682,1,0,1,5,3,36,6,3,44,0,0,0,0,0,5,11,3,0
difficulty-easy,20260712,1,0.12,0.45,0.2,0.18,3,30,9,2517,651442987,3109971408,true,false,777.5333333332835,798.5333333332835,9,8,7,180,21,6,3,13,49,44,5,13,5,0,0.10204081632653061,0.8979591836734694,18,2.25,167.7333333333248,0.21572494212467058,1,1,0,5,3,35,6,3,42,6,3,43,79.5999999999276,0.10237503215287581,6,8,2,0
difficulty-easy,20260712,1,0.12,0.45,0.2,0.18,3,30,9,2518,1524651300,527658699,false,false,847.3999999998866,868.3999999998866,9,8,7,179,31,9,3,30,76,69,7,30,7,0,0.09210526315789473,0.9078947368421053,28,3.5,167.7333333333248,0.19793879317128538,1,0,1,8,3,62,9,3,69,0,0,0,0,0,5,11,3,0
difficulty-easy,20260712,1,0.12,0.45,0.2,0.18,3,30,9,2519,2522465019,626960571,true,false,731.1999999999923,752.1999999999923,9,8,7,180,28,9,3,14,55,51,4,14,4,0,0.07272727272727272,0.9272727272727272,23,2.875,167.7333333333248,0.22939460247993237,1,1,0,7,3,41,8,3,50,8,3,50,51.79999999995289,0.07084245076580065,5,11,3,0
difficulty-easy,20260712,1,0.12,0.45,0.2,0.18,3,30,9,2520,1452445198,2463100805,true,false,836.33333333323,857.33333333323,9,8,7,180,34,11,3,18,78,62,16,18,16,0,0.20512820512820512,0.7948717948717948,28,3.5,167.7333333333248,0.2005579912315809,1,1,0,9,3,48,11,3,61,11,3,61,149.76666666653045,0.1790753288161207,5,14,4,0
difficulty-easy,20260712,1,0.12,0.45,0.2,0.18,3,30,9,2521,1742435724,2000976437,true,false,772.199999999955,793.199999999955,9,8,7,180,22,6,3,7,44,39,5,7,5,0,0.11363636363636363,0.8863636363636364,19,2.375,167.7333333333248,0.21721488388155213,1,1,0,5,3,32,6,3,38,6,3,38,82.16666666659194,0.1064059397391825,5,10,2,0
difficulty-easy,20260712,1,0.12,0.45,0.2,0.18,3,30,9,2522,2133503713,924747407,true,false,805.4666666665914,826.4666666665914,9,8,7,180,21,6,3,8,46,39,7,8,7,0,0.15217391304347827,0.8478260869565217,21,2.625,167.7333333333248,0.2082436682668521,1,1,0,6,3,34,6,3,38,6,3,38,110.86666666656583,0.13764277437499112,6,11,3,0
difficulty-easy,20260712,1,0.12,0.45,0.2,0.18,3,30,9,2523,319925308,3201444662,true,false,771.099999999956,792.099999999956,9,8,7,180,21,6,3,4,42,35,7,4,7,0,0.16666666666666666,0.8333333333333334,17,2.125,167.7333333333248,0.21752474819522027,1,1,0,5,3,27,6,3,33,6,3,34,81.99999999992542,0.10634158993636376,5,10,2,0
difficulty-easy,20260712,1,0.12,0.45,0.2,0.18,3,30,9,2524,3968887411,1051560786,true,false,837.0333333332294,858.0333333332294,9,8,7,180,23,7,3,13,49,46,3,13,3,0,0.061224489795918366,0.9387755102040817,20,2.5,167.7333333333248,0.2003902672135864,1,1,0,6,3,33,7,3,44,7,3,44,143.03333333320325,0.1708812870852069,5,10,2,0
difficulty-easy,20260712,1,0.12,0.45,0.2,0.18,3,30,9,2525,2390431454,1512760482,false,false,836.9333333332295,857.9333333332295,9,8,7,179,20,6,3,4,41,32,9,4,9,0,0.21951219512195122,0.7804878048780488,18,2.25,167.7333333333248,0.20041421061017875,1,0,1,5,3,28,6,3,32,0,0,0,0,0,3,5,2,0
difficulty-easy,20260712,1,0.12,0.45,0.2,0.18,3,30,9,2526,3736030702,2515942099,true,false,780.3999999999476,801.3999999999476,9,8,7,180,19,6,3,4,34,32,2,4,2,0,0.058823529411764705,0.9411764705882353,17,2.125,167.7333333333248,0.21493251324107646,1,1,0,5,3,29,6,3,31,6,3,31,98.3333333332439,0.12600375875608727,4,9,1,0
difficulty-easy,20260712,1,0.12,0.45,0.2,0.18,3,30,9,2527,1795123252,1509450195,false,false,848.9333333332186,869.9333333332186,9,8,7,179,28,9,3,11,56,48,8,11,8,0,0.14285714285714285,0.8571428571428571,24,3,167.7333333333248,0.19758127846711263,1,0,1,7,3,37,9,3,47,0,0,0,0,0,2,5,2,0
difficulty-easy,20260712,1,0.12,0.45,0.2,0.18,3,30,9,2528,777968606,1966289302,true,false,828.6999999999036,849.6999999999036,9,8,7,180,17,5,3,7,39,33,6,7,6,0,0.15384615384615385,0.8461538461538461,12,1.5,167.7333333333248,0.20240537387877916,1,1,0,3,3,21,4,3,30,4,3,32,127.96666666655028,0.15441856723369754,5,11,2,0
difficulty-easy,20260712,1,0.12,0.45,0.2,0.18,3,30,9,2529,1985904974,1796395709,true,false,826.5999999999055,847.5999999999055,9,8,7,180,21,6,3,9,44,40,4,9,4,0,0.09090909090909091,0.9090909090909091,19,2.375,167.7333333333248,0.20291959028955234,1,1,0,6,3,31,6,3,38,6,3,39,133.99999999987813,0.16210984756822336,5,10,2,0
difficulty-easy,20260712,1,0.12,0.45,0.2,0.18,3,30,9,2530,603466638,420002774,false,false,785.1999999999432,806.1999999999432,9,8,7,179,26,8,3,13,55,49,6,13,6,0,0.10909090909090909,0.8909090909090909,25,3.125,167.7333333333248,0.21361861096960894,1,0,1,8,3,43,8,3,49,0,0,0,0,0,4,7,2,0
difficulty-easy,20260712,1,0.12,0.45,0.2,0.18,3,30,9,2531,746961670,1686073931,false,false,855.2666666665461,876.2666666665461,9,8,7,179,29,9,3,16,61,54,7,16,7,0,0.11475409836065574,0.8852459016393442,24,3,167.7333333333248,0.19611816977162885,1,0,1,7,3,43,9,3,52,0,0,0,0,0,6,14,2,0
difficulty-easy,20260712,1,0.12,0.45,0.2,0.18,3,30,9,2532,2934152290,3967588600,false,false,816.5999999999146,837.5999999999146,9,8,7,179,31,9,3,18,64,59,5,18,5,0,0.078125,0.921875,27,3.375,167.7333333333248,0.20540452281820026,1,0,1,8,3,51,9,3,59,0,0,0,0,0,2,4,2,0
difficulty-easy,20260712,1,0.12,0.45,0.2,0.18,3,30,9,2533,1469029702,301354528,true,false,769.1666666666245,790.1666666666245,9,8,7,180,26,8,3,10,52,46,6,10,6,0,0.11538461538461539,0.8846153846153846,19,2.375,167.7333333333248,0.21807150595883076,1,1,0,5,3,33,8,3,43,8,3,44,60.99999999994452,0.0793066088840059,6,14,4,0
difficulty-easy,20260712,1,0.12,0.45,0.2,0.18,3,30,9,2534,1025546148,3588545281,true,false,767.9333333332922,788.9333333332922,9,8,7,180,21,6,3,2,36,33,3,2,3,0,0.08333333333333333,0.9166666666666666,16,2,167.7333333333248,0.21842173799809067,1,1,0,5,3,24,6,3,32,6,3,32,79.86666666659403,0.10400208351410492,5,9,2,0
difficulty-easy,20260712,1,0.12,0.45,0.2,0.18,3,30,9,2535,146836929,3961849435,false,false,828.299999999904,849.299999999904,9,8,7,179,26,8,3,11,58,47,11,11,11,0,0.1896551724137931,0.8103448275862069,21,2.625,167.7333333333248,0.20250311883779334,1,0,1,6,3,37,8,3,47,0,0,0,0,0,3,7,3,0
difficulty-easy,20260712,1,0.12,0.45,0.2,0.18,3,30,9,2536,2055634159,829095171,true,false,810.2333333332538,831.2333333332538,9,8,7,180,18,5,3,7,43,35,8,7,8,0,0.18604651162790697,0.813953488372093,17,2.125,167.7333333333248,0.20701855432592414,1,1,0,5,3,26,5,3,33,5,3,34,124.8666666665531,0.15411198420195668,5,14,3,0
difficulty-easy,20260712,1,0.12,0.45,0.2,0.18,3,30,9,2537,4013308865,579532314,true,false,792.8666666666029,813.8666666666029,9,8,7,180,24,7,3,8,47,41,6,8,6,0,0.1276595744680851,0.8723404255319149,14,1.75,167.7333333333248,0.21155301437821192,1,1,0,4,3,24,5,3,32,5,3,32,111.36666666656538,0.14046077524582654,3,5,5,0
difficulty-easy,20260712,1,0.12,0.45,0.2,0.18,3,30,9,2538,2150576856,2975748291,true,false,821.5999999999101,842.5999999999101,9,8,7,180,25,7,3,14,59,49,10,14,10,0,0.1694915254237288,0.8305084745762712,23,2.875,167.7333333333248,0.20415449529374774,1,1,0,7,3,37,7,3,48,7,3,48,130.89999999988095,0.15932327166491636,4,5,2,0
difficulty-easy,20260712,1,0.12,0.45,0.2,0.18,3,30,9,2539,3783335076,1836229128,true,false,787.7999999999408,808.7999999999408,9,8,7,180,28,9,3,17,62,55,7,17,7,0,0.11290322580645161,0.8870967741935484,22,2.75,167.7333333333248,0.21291359905221807,1,1,0,6,2,43,9,3,54,9,3,54,96.73333333324535,0.12278920199702033,5,5,3,0
difficulty-easy,20260712,1,0.12,0.45,0.2,0.18,3,30,9,2540,2856001514,3796902761,true,false,825.5999999999065,846.5999999999065,9,8,7,180,23,7,3,13,54,46,8,13,8,0,0.14814814814814814,0.8518518518518519,18,2.25,167.7333333333248,0.20316537467701526,1,1,0,5,3,31,7,3,43,7,3,46,123.19999999988795,0.14922480620143158,5,8,2,0
difficulty-easy,20260712,1,0.12,0.45,0.2,0.18,3,30,9,2541,287611788,1691726326,true,false,842.8999999998907,863.8999999998907,9,8,7,180,23,7,3,14,53,47,6,14,6,0,0.11320754716981132,0.8867924528301887,22,2.75,167.7333333333248,0.19899553130068398,1,1,0,7,3,37,7,3,45,7,3,45,148.56666666653155,0.17625657452432175,5,14,3,0
difficulty-easy,20260712,1,0.12,0.45,0.2,0.18,3,30,9,2542,237107035,3528570752,false,false,830.5999999999019,851.5999999999019,9,8,7,179,25,7,3,10,52,45,7,10,7,0,0.1346153846153846,0.8653846153846154,24,3,167.7333333333248,0.20194237097681747,1,0,1,7,3,41,7,3,45,0,0,0,0,0,3,5,2,0
difficulty-easy,20260712,1,0.12,0.45,0.2,0.18,3,30,9,2543,1014164204,2001602703,true,false,815.5999999999156,836.5999999999156,9,8,7,180,24,7,3,12,48,46,2,12,2,0,0.041666666666666664,0.9583333333333334,22,2.75,167.7333333333248,0.20565636750041952,1,1,0,6,3,39,7,3,45,7,3,45,130.466666666548,0.15996403465738293,5,5,2,0
difficulty-easy,20260712,1,0.12,0.45,0.2,0.18,3,30,9,2544,1811339596,2453441120,true,false,772.0999999999551,793.0999999999551,9,8,7,180,22,7,3,9,43,40,3,9,3,0,0.06976744186046512,0.9302325581395349,18,2.25,167.7333333333248,0.21724301688037112,1,1,0,5,3,27,6,3,39,6,3,39,79.26666666659457,0.10266373095013494,4,6,3,0
difficulty-easy,20260712,1,0.12,0.45,0.2,0.18,3,30,9,2545,721888904,873259845,true,false,839.5333333332271,860.5333333332271,9,8,7,180,22,7,2,15,52,46,6,15,6,0,0.11538461538461539,0.8846153846153846,20,2.5,167.7333333333248,0.1997935360914945,1,1,0,6,2,36,6,2,42,6,2,42,146.06666666653382,0.17398554752626733,5,11,3,0
difficulty-easy,20260712,1,0.12,0.45,0.2,0.18,3,30,9,2546,3589114738,700223175,true,false,781.4999999999466,802.4999999999466,9,8,7,180,18,5,2,12,42,40,2,12,2,0,0.047619047619047616,0.9523809523809523,18,2.25,167.7333333333248,0.21462998507144757,1,1,0,5,2,30,5,2,38,5,2,39,112.79999999989741,0.14433781190007053,3,4,2,0
difficulty-easy,20260712,1,0.12,0.45,0.2,0.18,3,30,9,2547,2111209049,1828673106,false,false,858.5666666665431,879.5666666665431,9,8,7,179,19,5,1,24,54,52,2,24,2,0,0.037037037037037035,0.9629629629629629,15,1.875,167.7333333333248,0.195364366968221,1,0,1,4,1,40,5,1,52,0,0,0,0,0,6,6,2,0
difficulty-easy,20260712,1,0.12,0.45,0.2,0.18,3,30,9,2548,2912584603,2511695205,true,false,776.3333333332846,797.3333333332846,9,8,7,180,23,7,3,3,39,35,4,3,4,0,0.10256410256410256,0.8974358974358975,18,2.25,167.7333333333248,0.2160583941605865,1,1,0,5,3,28,7,3,34,7,3,34,102.56666666657338,0.13211678832105603,3,7,3,0
difficulty-easy,20260712,1,0.12,0.45,0.2,0.18,3,30,9,2549,1397559986,3809567994,false,false,834.2999999998985,855.2999999998985,9,8,7,179,26,7,3,11,52,47,5,11,5,0,0.09615384615384616,0.9038461538461539,21,2.625,167.7333333333248,0.2010467857285691,1,0,1,6,3,37,7,3,47,0,0,0,0,0,3,5,2,0
difficulty-easy,20260712,1,0.12,0.45,0.2,0.18,3,30,9,2550,3740294535,1567593727,true,false,773.5999999999538,794.5999999999538,9,8,7,180,22,7,3,7,43,38,5,7,5,0,0.11627906976744186,0.8837209302325582,17,2.125,167.7333333333248,0.21682178559117737,1,1,0,5,3,27,6,3,37,6,3,37,89.89999999991824,0.11620992761106982,4,10,2,0
difficulty-easy,20260712,1,0.12,0.45,0.2,0.18,3,30,9,2551,1228675154,127303379,false,false,845.9999999998879,866.9999999998879,9,8,7,179,29,8,2,15,63,54,9,15,9,0,0.14285714285714285,0.8571428571428571,25,3.125,167.7333333333248,0.19826635145785698,1,0,1,7,2,40,8,2,52,0,0,0,0,0,3,5,3,0
difficulty-easy,20260712,1,0.12,0.45,0.2,0.18,3,30,9,2552,2295847309,3275569646,true,false,794.4666666666014,815.4666666666014,9,8,7,180,24,7,3,11,50,45,5,11,5,0,0.1,0.9,23,2.875,167.7333333333248,0.21112696148360144,1,1,0,7,3,40,7,3,44,7,3,44,93.23333333324854,0.11735336074505688,6,10,1,0
difficulty-easy,20260712,1,0.12,0.45,0.2,0.18,3,30,9,2553,1465560113,1740372024,false,false,794.0333333332685,815.0333333332685,9,8,7,179,26,8,3,11,47,45,2,11,2,0,0.0425531914893617,0.9574468085106383,23,2.875,167.7333333333248,0.211242181268635,1,0,1,7,3,36,7,3,44,0,0,0,0,0,3,7,2,0
difficulty-easy,20260712,1,0.12,0.45,0.2,0.18,3,30,9,2554,2085096546,4073133946,true,false,837.1666666665626,858.1666666665626,9,8,7,180,22,6,3,5,38,37,1,5,1,0,0.02631578947368421,0.9736842105263158,19,2.375,167.7333333333248,0.20035835158273418,1,1,0,5,3,28,6,3,36,6,3,36,137.066666666542,0.16372685646015414,4,6,2,0
difficulty-easy,20260712,1,0.12,0.45,0.2,0.18,3,30,9,2555,3892939221,2189505863,true,false,801.9999999999279,822.9999999999279,9,8,7,180,23,7,3,14,50,47,3,14,3,0,0.06,0.94,15,1.875,167.7333333333248,0.20914380714880282,1,1,0,4,3,33,7,3,44,7,3,46,129.56666666654883,0.16155444721516268,4,5,2,0
difficulty-easy,20260712,1,0.12,0.45,0.2,0.18,3,30,9,2556,3278125022,356524513,true,false,819.7333333332451,840.7333333332451,9,8,7,180,16,4,2,13,49,39,10,13,10,0,0.20408163265306123,0.7959183673469388,16,2,167.7333333333248,0.20461938841900965,1,1,0,4,2,29,4,2,39,4,2,39,121.63333333322271,0.14838158750801375,6,14,3,0
difficulty-easy,20260712,1,0.12,0.45,0.2,0.18,3,30,9,2557,683367723,256360729,true,false,776.2333333332847,797.2333333332847,9,8,7,180,25,8,3,4,43,38,5,4,5,0,0.11627906976744186,0.8837209302325582,23,2.875,167.7333333333248,0.21608622836776137,1,1,0,7,3,35,8,3,37,8,3,37,81.99999999992542,0.10563833898732841,5,6,2,0
difficulty-easy,20260712,1,0.12,0.45,0.2,0.18,3,30,9,2558,3617482935,1974495183,true,false,823.133333333242,844.133333333242,9,8,7,180,24,7,3,13,54,47,7,13,7,0,0.12962962962962962,0.8703703703703703,22,2.75,167.7333333333248,0.203774196161023,1,1,0,6,3,39,7,3,45,7,3,46,130.86666666654764,0.15898598849910361,5,5,2,0
difficulty-easy,20260712,1,0.12,0.45,0.2,0.18,3,30,9,2559,614209330,1927492299,false,false,850.8666666665501,871.8666666665501,9,8,7,179,18,5,3,10,44,38,6,10,6,0,0.13636363636363635,0.8636363636363636,18,2.25,167.7333333333248,0.19713233565777769,1,0,1,5,3,31,5,3,38,0,0,0,0,0,3,5,2,0
difficulty-easy,20260712,1,0.12,0.45,0.2,0.18,3,30,9,2560,3405636920,1481317083,false,false,783.6666666666113,804.6666666666113,9,8,7,179,15,4,3,1,38,26,12,1,12,0,0.3157894736842105,0.6842105263157895,11,1.375,167.7333333333248,0.21403658017865163,1,0,1,3,3,18,4,3,26,0,0,0,0,0,5,12,2,0
difficulty-easy,20260712,1,0.12,0.45,0.2,0.18,3,30,9,2561,3889146217,882747165,true,false,824.2999999999076,845.2999999999076,9,8,7,180,26,8,3,14,53,49,4,14,4,0,0.07547169811320754,0.9245283018867925,23,2.875,167.7333333333248,0.20348578591937835,1,1,0,7,3,37,7,3,47,7,3,48,142.6333333332036,0.17303570706444207,5,5,2,0
difficulty-easy,20260712,1,0.12,0.45,0.2,0.18,3,30,9,2562,1146997939,3789206250,false,false,795.7999999999336,816.7999999999336,9,8,7,179,21,6,3,14,58,45,13,14,13,0,0.22413793103448276,0.7758620689655172,20,2.5,167.7333333333248,0.21077322610371801,1,0,1,6,3,37,6,3,45,0,0,0,0,0,4,5,3,0
difficulty-easy,20260712,1,0.12,0.45,0.2,0.18,3,30,9,2563,3382142585,3551895201,true,false,764.166666666629,785.166666666629,9,8,7,180,26,8,3,9,57,44,13,9,13,0,0.22807017543859648,0.7719298245614035,21,2.625,167.7333333333248,0.2194983642311883,1,1,0,6,3,34,7,3,43,7,3,43,79.03333333326145,0.10342420937831888,5,8,3,0
difficulty-easy,20260712,1,0.12,0.45,0.2,0.18,3,30,9,2564,4131177655,2210857882,true,false,814.9999999999161,835.9999999999161,9,8,7,180,17,5,3,11,46,38,8,11,8,0,0.17391304347826086,0.8260869565217391,16,2,167.7333333333248,0.2058077709611559,1,1,0,5,3,31,5,3,36,5,3,37,130.2666666665482,0.15983640081786699,5,11,2,0
difficulty-easy,20260712,1,0.12,0.45,0.2,0.18,3,30,9,2565,3331064026,1746807915,true,false,793.2666666666025,814.2666666666025,9,8,7,180,23,7,3,7,50,40,10,7,10,0,0.2,0.8,20,2.5,167.7333333333248,0.21144634002858015,1,1,0,6,3,32,7,3,39,7,3,39,117.79999999989286,0.1484998739388634,2,7,4,0
difficulty-easy,20260712,1,0.12,0.45,0.2,0.18,3,30,9,2566,2655437912,1670207731,true,false,807.5666666665895,828.5666666665895,9,8,7,180,22,7,2,7,42,38,4,7,4,0,0.09523809523809523,0.9047619047619048,18,2.25,167.7333333333248,0.2077021504932606,1,1,0,5,2,30,6,2,37,6,2,37,133.53333333321189,0.16535270565884094,2,5,2,0
difficulty-easy,20260712,1,0.12,0.45,0.2,0.18,3,30,9,2567,1092622521,3544849773,true,false,774.5666666666195,795.5666666666195,9,8,7,180,19,6,3,4,38,33,5,4,5,0,0.13157894736842105,0.868421052631579,17,2.125,167.7333333333248,0.21655118991264147,1,1,0,5,3,27,6,3,31,6,3,32,87.56666666658703,0.11305245943959076,5,13,2,0
difficulty-easy,20260712,1,0.12,0.45,0.2,0.18,3,30,9,2568,1810543532,1257181018,true,false,765.0333333332949,786.0333333332949,9,8,7,180,23,7,3,9,47,41,6,9,6,0,0.1276595744680851,0.8723404255319149,17,2.125,167.7333333333248,0.21924970589516782,1,1,0,5,3,29,6,3,40,6,3,40,79.79999999992742,0.10430918042777844,6,10,2,0
difficulty-easy,20260712,1,0.12,0.45,0.2,0.18,3,30,9,2569,964064906,3968392741,true,false,770.33333333329,791.33333333329,9,8,7,180,23,7,3,4,41,37,4,4,4,0,0.0975609756097561,0.9024390243902439,17,2.125,167.7333333333248,0.2177412375594992,1,1,0,5,3,26,7,3,36,7,3,36,102.53333333324008,0.13310255300724255,2,7,3,0
difficulty-easy,20260712,1,0.12,0.45,0.2,0.18,3,30,9,2570,1241014342,755559800,true,false,843.8999999998898,864.8999999998898,9,8,7,180,19,6,3,4,41,33,8,4,8,0,0.1951219512195122,0.8048780487804879,16,2,167.7333333333248,0.1987597266658925,1,1,0,5,3,25,6,3,31,6,3,32,156.7666666665241,0.18576450606297495,5,5,2,0
difficulty-easy,20260712,1,0.12,0.45,0.2,0.18,3,30,9,2571,3154841696,3630886631,true,false,818.4333333332463,839.4333333332463,9,8,7,180,20,6,2,6,44,36,8,6,8,0,0.18181818181818182,0.8181818181818182,17,2.125,167.7333333333248,0.20494440597891414,1,1,0,5,2,27,6,2,34,6,2,34,132.4333333332129,0.16181322038027163,5,9,3,0
difficulty-easy,20260712,1,0.12,0.45,0.2,0.18,3,30,9,2572,542793544,1232606573,true,false,818.1666666665799,839.1666666665799,9,8,7,180,28,8,3,18,60,56,4,18,4,0,0.06666666666666667,0.9333333333333333,24,3,167.7333333333248,0.20501120391119484,1,1,0,7,3,44,8,3,55,8,3,55,126.23333333321852,0.15428804237103105,6,8,3,0
difficulty-easy,20260712,1,0.12,0.45,0.2,0.18,3,30,9,2573,515003004,3458609451,true,false,766.2999999999604,787.2999999999604,9,8,7,180,27,8,3,8,48,45,3,8,3,0,0.0625,0.9375,21,2.625,167.7333333333248,0.21888729392318082,1,1,0,6,3,32,8,3,43,8,3,44,80.39999999992688,0.10491974422540915,6,6,3,0
difficulty-easy,20260712,1,0.12,0.45,0.2,0.18,3,30,9,2574,3938146241,3164471894,true,false,772.7999999999545,793.7999999999545,9,8,7,180,23,6,3,17,55,50,5,17,5,0,0.09090909090909091,0.9090909090909091,22,2.75,167.7333333333248,0.21704623878537097,1,1,0,6,3,36,6,3,47,6,3,49,75.69999999993115,0.09795548654235975,5,14,4,0
difficulty-easy,20260712,1,0.12,0.45,0.2,0.18,3,30,9,2575,3859000842,1409608147,false,false,862.8666666665392,883.8666666665392,9,8,7,179,28,9,2,17,60,55,5,17,5,0,0.08333333333333333,0.9166666666666666,23,2.875,167.7333333333248,0.19439079038864587,1,0,1,7,2,43,9,2,54,0,0,0,0,0,5,9,2,0
difficulty-easy,20260712,1,0.12,0.45,0.2,0.18,3,30,9,2576,752282308,3163660704,false,false,765.5666666666277,786.5666666666277,9,8,7,179,23,7,3,18,55,49,6,18,6,0,0.10909090909090909,0.8909090909090909,19,2.375,167.7333333333248,0.21909696521095484,1,0,1,5,3,40,7,3,49,0,0,0,0,0,3,6,2,0
difficulty-easy,20260712,1,0.12,0.45,0.2,0.18,3,30,9,2577,3480698058,1547542659,false,false,838.8999999998944,859.8999999998944,9,8,7,179,25,7,3,22,61,56,5,22,5,0,0.08196721311475409,0.9180327868852459,22,2.75,167.7333333333248,0.19994437159774217,1,0,1,6,3,44,7,3,56,0,0,0,0,0,2,5,2,0
difficulty-easy,20260712,1,0.12,0.45,0.2,0.18,3,30,9,2578,3142101864,2076506258,true,false,743.7333333333142,764.7333333333142,9,8,7,180,19,6,3,7,44,36,8,7,8,0,0.18181818181818182,0.8181818181818182,16,2,167.7333333333248,0.22552886339189104,1,1,0,5,3,24,6,3,35,6,3,35,52.36666666661904,0.07041054141263049,5,12,2,0
difficulty-easy,20260712,1,0.12,0.45,0.2,0.18,3,30,9,2579,1013105328,3256655554,true,false,819.4333333332454,840.4333333332454,9,8,7,180,25,8,3,11,54,45,9,11,9,0,0.16666666666666666,0.8333333333333334,21,2.625,167.7333333333248,0.2046943009396853,1,1,0,6,3,36,7,3,43,7,3,44,126.36666666655174,0.15421226050510348,5,11,2,0
difficulty-easy,20260712,1,0.12,0.45,0.2,0.18,3,30,9,2580,2833093181,2608222593,true,false,820.4666666665778,841.4666666665778,9,8,7,180,26,8,3,18,56,54,2,18,2,0,0.03571428571428571,0.9642857142857143,21,2.625,167.7333333333248,0.2044364995531116,1,1,0,6,3,44,8,3,53,8,3,53,134.96666666654392,0.16449987811801237,4,6,2,0
difficulty-easy,20260712,1,0.12,0.45,0.2,0.18,3,30,9,2581,3947590133,3145575318,false,false,855.6999999998791,876.6999999998791,9,8,7,179,21,6,3,9,43,39,4,9,4,0,0.09302325581395349,0.9069767441860465,18,2.25,167.7333333333248,0.1960188539597388,1,0,1,5,3,31,6,3,38,0,0,0,0,0,6,8,2,0
difficulty-easy,20260712,1,0.12,0.45,0.2,0.18,3,30,9,2582,3672107227,2978285008,true,false,764.9999999999616,785.9999999999616,9,8,7,180,22,7,3,1,37,32,5,1,5,0,0.13513513513513514,0.8648648648648649,17,2.125,167.7333333333248,0.2192592592592591,1,1,0,5,3,27,6,3,31,6,3,31,96.99999999991178,0.12679738562080609,3,5,2,0
difficulty-easy,20260712,1,0.12,0.45,0.2,0.18,3,30,9,2583,373365212,3803114913,false,false,850.3999999998839,871.3999999998839,9,8,7,179,22,6,2,14,57,46,11,14,11,0,0.19298245614035087,0.8070175438596491,22,2.75,167.7333333333248,0.19724051426781244,1,0,1,6,2,40,6,2,45,0,0,0,0,0,7,10,3,0
difficulty-easy,20260712,1,0.12,0.45,0.2,0.18,3,30,9,2584,2013252514,2468562529,false,false,835.8333333332305,856.8333333332305,9,8,7,179,24,7,3,11,53,45,8,11,8,0,0.1509433962264151,0.8490566037735849,18,2.25,167.7333333333248,0.2006779661017094,1,0,1,5,3,30,7,3,43,0,0,0,0,0,3,7,2,0
difficulty-easy,20260712,1,0.12,0.45,0.2,0.18,3,30,9,2585,3870364319,3357852511,true,false,776.2999999999513,797.2999999999513,9,8,7,180,18,6,3,2,30,29,1,2,1,0,0.03333333333333333,0.9666666666666667,16,2,167.7333333333248,0.21606767143286787,1,1,0,5,3,24,6,3,28,6,3,28,80.56666666659339,0.10378290179904476,4,8,1,0
difficulty-easy,20260712,1,0.12,0.45,0.2,0.18,3,30,9,2586,2064108184,3229319737,true,false,784.3666666666106,805.3666666666106,9,8,7,180,24,7,3,5,41,39,2,5,2,0,0.04878048780487805,0.9512195121951219,17,2.125,167.7333333333248,0.21384556542433825,1,1,0,5,3,26,7,3,38,7,3,38,118.2666666665591,0.1507798223618642,2,7,3,0
difficulty-easy,20260712,1,0.12,0.45,0.2,0.18,3,30,9,2587,1866907721,2919177787,true,false,799.1333333332639,820.1333333332639,9,8,7,180,20,6,3,5,40,33,7,5,7,0,0.175,0.825,13,1.625,167.7333333333248,0.20989405188955457,1,1,0,4,3,20,6,3,33,6,3,33,88.89999999991915,0.11124551597554877,5,11,3,0
difficulty-easy,20260712,1,0.12,0.45,0.2,0.18,3,30,9,2588,2576698719,3670580753,true,false,779.3333333332819,800.3333333332819,9,8,7,180,26,8,3,16,60,51,9,16,9,0,0.15,0.85,20,2.5,167.7333333333248,0.21522668947818974,1,1,0,6,2,41,7,3,49,8,3,50,86.03333333325509,0.1103934987167589,6,8,2,0
difficulty-easy,20260712,1,0.12,0.45,0.2,0.18,3,30,9,2589,635820793,3556424176,false,false,805.7333333332579,826.7333333332579,9,8,7,179,25,7,3,9,51,44,7,9,7,0,0.13725490196078433,0.8627450980392157,22,2.75,167.7333333333248,0.20817474764190863,1,0,1,6,3,38,7,3,44,0,0,0,0,0,2,5,2,0
difficulty-easy,20260712,1,0.12,0.45,0.2,0.18,3,30,9,2590,2538051427,873460794,true,false,782.866666666612,803.866666666612,9,8,7,180,24,7,3,11,48,45,3,11,3,0,0.0625,0.9375,20,2.5,167.7333333333248,0.21425530103040513,1,1,0,6,3,33,7,3,41,7,3,43,86.59999999992124,0.11061909222506253,5,11,2,0
difficulty-easy,20260712,1,0.12,0.45,0.2,0.18,3,30,9,2591,3103253333,461398330,false,false,801.1999999999287,822.1999999999287,9,8,7,179,25,7,2,22,67,57,10,22,10,0,0.14925373134328357,0.8507462686567164,23,2.875,167.7333333333248,0.2093526377101095,1,0,1,7,2,45,7,2,56,0,0,0,0,0,6,11,3,0
difficulty-easy,20260712,1,0.12,0.45,0.2,0.18,3,30,9,2592,2374469875,3743281720,false,false,832.2999999999004,853.2999999999004,9,8,7,179,25,8,3,3,38,36,2,3,2,0,0.05263157894736842,0.9473684210526315,17,2.125,167.7333333333248,0.2015298970723836,1,0,1,5,2,26,8,3,36,0,0,0,0,0,3,5,2,0
difficulty-easy,20260712,1,0.12,0.45,0.2,0.18,3,30,9,2593,1122612467,2703292198,true,false,789.466666666606,810.466666666606,9,8,7,180,30,9,3,16,62,55,7,16,7,0,0.11290322580645161,0.8870967741935484,27,3.375,167.7333333333248,0.21246411079210145,1,1,0,8,3,43,8,3,53,9,3,54,98.19999999991069,0.12438777233565053,5,5,2,0
difficulty-easy,20260712,1,0.12,0.45,0.2,0.18,3,30,9,2594,136442895,4253547826,false,false,781.9666666666128,802.9666666666128,9,8,7,179,23,6,3,10,50,43,7,10,7,0,0.14,0.86,21,2.625,167.7333333333248,0.21450189692655655,1,0,1,6,3,34,6,3,40,0,0,0,0,0,5,11,3,0
difficulty-easy,20260712,1,0.12,0.45,0.2,0.18,3,30,9,2595,1647983553,4084536736,false,false,801.5999999999283,822.5999999999283,9,8,7,179,26,8,3,7,46,43,3,7,3,0,0.06521739130434782,0.9347826086956522,23,2.875,167.7333333333248,0.2092481703260227,1,0,1,7,3,35,8,3,41,0,0,0,0,0,5,8,2,0
difficulty-easy,20260712,1,0.12,0.45,0.2,0.18,3,30,9,2596,2396023031,1565367782,false,false,770.4666666666233,791.4666666666233,9,8,7,179,22,6,3,16,56,48,8,16,8,0,0.14285714285714285,0.8571428571428571,17,2.125,167.7333333333248,0.21770355628623464,1,0,1,4,3,36,6,3,48,0,0,0,0,0,3,5,2,0
difficulty-easy,20260712,1,0.12,0.45,0.2,0.18,3,30,9,2597,3953357032,3472505141,true,false,778.5333333332826,799.5333333332826,9,8,7,180,21,6,3,7,42,38,4,7,4,0,0.09523809523809523,0.9047619047619048,18,2.25,167.7333333333248,0.21544785065936256,1,1,0,5,3,29,6,3,37,6,3,37,79.19999999992797,0.10172974824447653,5,7,2,0
difficulty-easy,20260712,1,0.12,0.45,0.2,0.18,3,30,9,2598,165088147,1663668297,true,false,796.4666666665996,817.4666666665996,9,8,7,180,19,5,3,3,38,31,7,3,7,0,0.18421052631578946,0.8157894736842105,14,1.75,167.7333333333248,0.21059680254457885,1,1,0,4,3,22,5,3,31,5,3,31,102.39999999990687,0.12856784129896479,3,6,2,0
difficulty-easy,20260712,1,0.12,0.45,0.2,0.18,3,30,9,2599,601177311,51988696,true,false,806.3333333332573,827.3333333332573,9,8,7,180,26,8,3,25,66,60,6,25,6,0,0.09090909090909091,0.9090909090909091,23,2.875,167.7333333333248,0.20801984291030254,1,1,0,6,3,52,7,3,59,7,3,59,109.13333333323408,0.13534518396020384,5,9,3,0
difficulty-easy,20260712,1,0.12,0.45,0.2,0.18,3,30,9,2600,1437926941,1038785077,true,false,796.4333333332663,817.4333333332663,9,8,7,180,21,6,3,1,36,31,5,1,5,0,0.1388888888888889,0.8611111111111112,19,2.375,167.7333333333248,0.21060561670782937,1,1,0,6,3,28,6,3,31,6,3,31,97.2666666665782,0.12212781986345757,5,13,2,0
difficulty-easy,20260712,1,0.12,0.45,0.2,0.18,3,30,9,2601,1964502815,4052954905,true,false,799.3999999999303,820.3999999999303,9,8,7,180,21,6,3,4,39,33,6,4,6,0,0.15384615384615385,0.8461538461538461,17,2.125,167.7333333333248,0.20982403469269378,1,1,0,4,3,28,6,3,32,6,3,32,99.93333333324244,0.12501042448492763,5,14,2,0
difficulty-easy,20260712,1,0.12,0.45,0.2,0.18,3,30,9,2602,2959597271,3200338261,true,false,741.0999999999833,762.0999999999833,9,8,7,180,22,6,3,4,44,36,8,4,8,0,0.18181818181818182,0.8181818181818182,20,2.5,167.7333333333248,0.22633022983852188,1,1,0,6,3,29,6,3,35,6,3,35,50.29999999995425,0.0678720820401503,5,11,3,0
difficulty-easy,20260712,1,0.12,0.45,0.2,0.18,3,30,9,2603,924953590,3270593447,false,false,838.7666666665612,859.7666666665612,9,8,7,179,25,7,3,10,49,44,5,10,5,0,0.10204081632653061,0.8979591836734694,18,2.25,167.7333333333248,0.19997615546637432,1,0,1,5,3,36,7,3,43,0,0,0,0,0,3,5,2,0
difficulty-easy,20260712,1,0.12,0.45,0.2,0.18,3,30,9,2604,3409085759,2516926210,false,false,792.33333333327,813.33333333327,9,8,7,179,26,8,3,16,58,52,6,16,6,0,0.10344827586206896,0.896551724137931,21,2.625,167.7333333333248,0.21169541438789002,1,0,1,6,3,44,8,3,51,0,0,0,0,0,4,5,2,0
difficulty-easy,20260712,1,0.12,0.45,0.2,0.18,3,30,9,2605,1790746515,2260967388,true,false,843.3999999998903,864.3999999998903,9,8,7,180,19,6,2,13,55,42,13,13,13,0,0.23636363636363636,0.7636363636363637,17,2.125,167.7333333333248,0.19887755908625399,1,1,0,5,1,33,5,1,40,5,1,40,147.69999999986567,0.17512449608712935,4,5,3,0
difficulty-easy,20260712,1,0.12,0.45,0.2,0.18,3,30,9,2606,2441426585,2092532447,false,false,771.9666666666219,792.9666666666219,9,8,7,179,26,8,3,13,53,49,4,13,4,0,0.07547169811320754,0.9245283018867925,20,2.5,167.7333333333248,0.217280538883373,1,0,1,6,3,38,8,3,49,0,0,0,0,0,2,6,2,0
difficulty-easy,20260712,1,0.12,0.45,0.2,0.18,3,30,9,2607,934153384,3875011684,true,false,826.3666666665724,847.3666666665724,9,8,7,180,21,6,3,3,40,34,6,3,6,0,0.15,0.85,17,2.125,167.7333333333248,0.20297688677343864,1,1,0,5,3,26,6,3,32,6,3,33,133.36666666654537,0.16138921382747035,6,11,2,0
difficulty-easy,20260712,1,0.12,0.45,0.2,0.18,3,30,9,2608,3120954150,755821321,true,false,793.1333333332693,814.1333333332693,9,8,7,180,29,9,3,18,68,57,11,18,11,0,0.16176470588235295,0.8382352941176471,27,3.375,167.7333333333248,0.21148188618980204,1,1,0,9,3,43,9,3,56,9,3,56,105.56666666657065,0.1331007817095644,4,5,3,0
difficulty-easy,20260712,1,0.12,0.45,0.2,0.18,3,30,9,2609,4078318549,4170444504,true,false,769.5999999999574,790.5999999999574,9,8,7,180,30,9,3,7,51,47,4,7,4,0,0.0784313725490196,0.9215686274509803,18,2.25,167.7333333333248,0.21794871794871892,1,1,0,5,2,30,9,3,43,9,3,46,80.23333333326036,0.1042532917532027,6,10,3,0
difficulty-easy,20260712,1,0.12,0.45,0.2,0.18,3,30,9,2610,2530504688,430504190,false,false,842.7999999998908,863.7999999998908,9,8,7,179,26,8,3,13,58,49,9,13,9,0,0.15517241379310345,0.8448275862068966,26,3.25,167.7333333333248,0.19901914254075287,1,0,1,8,3,42,8,3,48,0,0,0,0,0,5,7,3,0
difficulty-easy,20260712,1,0.12,0.45,0.2,0.18,3,30,9,2611,2644079501,771767224,false,false,782.9666666666119,803.9666666666119,9,8,7,179,27,8,3,9,53,45,8,9,8,0,0.1509433962264151,0.8490566037735849,25,3.125,167.7333333333248,0.21422793648091004,1,0,1,7,3,39,8,3,45,0,0,0,0,0,5,7,3,0
difficulty-easy,20260712,1,0.12,0.45,0.2,0.18,3,30,9,2612,268154068,634512411,true,false,770.5999999999565,791.5999999999565,9,8,7,180,25,8,3,6,47,40,7,6,7,0,0.14893617021276595,0.851063829787234,19,2.375,167.7333333333248,0.21766588805260093,1,1,0,6,3,28,6,3,30,6,3,31,88.4666666665862,0.11480231853956813,4,11,4,0
difficulty-easy,20260712,1,0.12,0.45,0.2,0.18,3,30,9,2613,431082292,1060651887,false,false,799.8999999999298,820.8999999999298,9,8,7,179,23,6,3,6,45,37,8,6,8,0,0.17777777777777778,0.8222222222222222,18,2.25,167.7333333333248,0.20969287827645894,1,0,1,5,3,28,5,3,36,0,0,0,0,0,5,5,2,0
difficulty-easy,20260712,1,0.12,0.45,0.2,0.18,3,30,9,2614,2343133753,1271926334,false,false,865.0666666665372,886.0666666665372,9,8,7,179,26,8,3,8,52,44,8,8,8,0,0.15384615384615385,0.8461538461538461,19,2.375,167.7333333333248,0.19389642416771335,1,0,1,6,3,31,8,3,43,0,0,0,0,0,6,8,3,0
difficulty-easy,20260712,1,0.12,0.45,0.2,0.18,3,30,9,2615,3203871767,2372744654,true,false,760.1666666666326,781.1666666666326,9,8,7,180,26,7,3,13,55,49,6,13,6,0,0.10909090909090909,0.8909090909090909,24,3,167.7333333333248,0.22065336549002276,1,1,0,7,3,39,7,3,48,7,3,48,78.4666666665953,0.1032229774171438,4,8,3,0
difficulty-easy,20260712,1,0.12,0.45,0.2,0.18,3,30,9,2616,2011638318,306367677,false,false,861.1333333332075,882.1333333332075,9,8,7,179,25,8,3,7,54,41,13,7,13,0,0.24074074074074073,0.7592592592592593,18,2.25,167.7333333333248,0.19478207014014398,1,0,1,5,3,32,8,3,40,0,0,0,0,0,5,10,3,0
difficulty-easy,20260712,1,0.12,0.45,0.2,0.18,3,30,9,2617,3080884106,1994054931,true,false,779.899999999948,800.899999999948,9,8,7,180,23,7,3,4,40,36,4,4,4,0,0.1,0.9,19,2.375,167.7333333333248,0.21507030815916908,1,1,0,6,3,29,7,3,35,7,3,35,111.39999999989868,0.14283882549032711,2,5,2,0
difficulty-easy,20260712,1,0.12,0.45,0.2,0.18,3,30,9,2618,4077933799,3199139982,true,false,775.3666666666188,796.3666666666188,9,8,7,180,25,8,3,8,46,43,3,8,3,0,0.06521739130434782,0.9347826086956522,22,2.75,167.7333333333248,0.21632775890976547,1,1,0,7,3,33,8,3,41,8,3,42,85.73333333325536,0.11057134259050856,4,9,2,0
difficulty-easy,20260712,1,0.12,0.45,0.2,0.18,3,30,9,2619,182988757,1000439307,true,false,826.1999999999059,847.1999999999059,9,8,7,180,30,9,2,22,69,62,7,22,7,0,0.10144927536231885,0.8985507246376812,27,3.375,167.7333333333248,0.20301783264747505,1,1,0,8,2,46,9,2,61,9,2,61,155.23333333319215,0.18788832405375192,3,7,3,0
difficulty-easy,20260712,1,0.12,0.45,0.2,0.18,3,30,9,2620,232638007,260734779,true,false,845.133333333222,866.133333333222,9,8,7,180,22,6,3,16,57,48,9,16,9,0,0.15789473684210525,0.8421052631578947,18,2.25,167.7333333333248,0.19846966948017697,1,1,0,5,3,31,6,3,43,6,3,44,155.19999999985885,0.1836396623805466,3,4,3,0
difficulty-easy,20260712,1,0.12,0.45,0.2,0.18,3,30,9,2621,2444651848,1888268554,true,false,783.3333333332782,804.3333333332782,9,8,7,180,26,7,3,12,55,48,7,12,7,0,0.12727272727272726,0.8727272727272727,21,2.625,167.7333333333248,0.21412765957447225,1,1,0,6,3,34,7,3,47,7,3,47,111.26666666656547,0.14204255319137016,3,5,2,0
difficulty-easy,20260712,1,0.12,0.45,0.2,0.18,3,30,9,2622,2954153933,434183877,true,false,778.9999999999488,799.9999999999488,9,8,7,180,22,7,3,8,45,39,6,8,6,0,0.13333333333333333,0.8666666666666667,17,2.125,167.7333333333248,0.21531878476679822,1,1,0,5,3,28,7,3,37,7,3,38,111.19999999989886,0.14274711168152268,3,5,2,0
difficulty-easy,20260712,1,0.12,0.45,0.2,0.18,3,30,9,2623,1855999675,2720692596,false,false,787.599999999941,808.599999999941,9,8,7,179,20,6,3,2,43,32,11,2,11,0,0.2558139534883721,0.7441860465116279,19,2.375,167.7333333333248,0.21296766548163706,1,0,1,6,3,29,6,3,32,0,0,0,0,0,3,5,2,0
difficulty-easy,20260712,1,0.12,0.45,0.2,0.18,3,30,9,2624,3947031486,4283637828,true,false,777.7999999999499,798.7999999999499,9,8,7,180,24,7,3,5,42,39,3,5,3,0,0.07142857142857142,0.9285714285714286,19,2.375,167.7333333333248,0.21565098140053432,1,1,0,5,3,30,7,3,38,7,3,38,79.43333333326109,0.10212565355266932,5,9,2,0
difficulty-easy,20260712,1,0.12,0.45,0.2,0.18,3,30,9,2625,3080090364,1702007681,true,false,847.6333333332198,868.6333333332198,9,8,7,180,31,10,3,15,61,55,6,15,6,0,0.09836065573770492,0.9016393442622951,23,2.875,167.7333333333248,0.19788430532071327,1,1,0,7,3,35,9,3,52,9,3,54,155.19999999985885,0.18309803767338037,5,14,4,0
difficulty-easy,20260712,1,0.12,0.45,0.2,0.18,3,30,9,2626,1595901776,4216464204,false,false,841.3666666665588,862.3666666665588,9,8,7,179,24,7,3,6,43,40,3,6,3,0,0.06976744186046512,0.9302325581395349,19,2.375,167.7333333333248,0.19935818707659717,1,0,1,6,3,28,7,3,40,0,0,0,0,0,3,5,2,0
difficulty-easy,20260712,1,0.12,0.45,0.2,0.18,3,30,9,2627,3410374698,29104184,true,false,784.8666666666102,805.8666666666102,9,8,7,180,21,7,2,10,45,40,5,10,5,0,0.1111111111111111,0.8888888888888888,15,1.875,167.7333333333248,0.2137093349188867,1,1,0,4,2,27,6,2,37,6,2,39,94.19999999991433,0.12002038562803165,5,8,3,0
difficulty-easy,20260712,1,0.12,0.45,0.2,0.18,3,30,9,2628,1887054874,983620770,false,false,771.3333333332891,792.3333333332891,9,8,7,179,24,7,3,14,55,48,7,14,7,0,0.12727272727272726,0.8727272727272727,22,2.75,167.7333333333248,0.21745894554883458,1,0,1,6,3,42,7,3,48,0,0,0,0,0,3,7,3,0
difficulty-easy,20260712,1,0.12,0.45,0.2,0.18,3,30,9,2629,2702435487,650651212,true,false,820.7999999999108,841.7999999999108,9,8,7,180,23,7,2,11,49,43,6,11,6,0,0.12244897959183673,0.8775510204081632,18,2.25,167.7333333333248,0.20435347628331263,1,1,0,5,2,31,6,2,42,6,2,42,154.7333333331926,0.18851526965546955,2,4,2,0
difficulty-easy,20260712,1,0.12,0.45,0.2,0.18,3,30,9,2630,325115324,4112210715,true,false,819.6666666665785,840.6666666665785,9,8,7,180,29,9,3,22,67,61,6,22,6,0,0.08955223880597014,0.9104477611940298,27,3.375,167.7333333333248,0.2046360309068843,1,1,0,8,3,54,9,3,59,9,3,60,138.0333333332078,0.16840178934512726,4,7,2,0
difficulty-easy,20260712,1,0.12,0.45,0.2,0.18,3,30,9,2631,554518256,933578425,true,false,824.6999999999073,845.6999999999073,9,8,7,180,22,6,3,9,49,40,9,9,9,0,0.1836734693877551,0.8163265306122449,15,1.875,167.7333333333248,0.20338709025505475,1,1,0,4,3,28,6,3,40,6,3,40,116.43333333322744,0.14118265227748336,6,9,2,0
difficulty-easy,20260712,1,0.12,0.45,0.2,0.18,3,30,9,2632,4192458309,2458673631,true,false,780.7999999999472,801.7999999999472,9,8,7,180,28,8,3,14,55,52,3,14,3,0,0.05454545454545454,0.9454545454545454,23,2.875,167.7333333333248,0.21482240437158828,1,1,0,7,3,38,8,3,49,8,3,51,78.09999999992897,0.10002561475401416,5,9,2,0
difficulty-easy,20260712,1,0.12,0.45,0.2,0.18,3,30,9,2633,3117919580,2366390154,true,false,787.599999999941,808.599999999941,9,8,7,180,21,6,3,5,43,36,7,5,7,0,0.16279069767441862,0.8372093023255814,19,2.375,167.7333333333248,0.21296766548163706,1,1,0,6,3,31,6,3,36,6,3,36,86.96666666658757,0.11041984086667608,5,7,2,0
difficulty-easy,20260712,1,0.12,0.45,0.2,0.18,3,30,9,2634,228731077,1456032090,true,false,812.9666666665846,833.9666666665846,9,8,7,180,27,8,3,20,65,57,8,20,8,0,0.12307692307692308,0.8769230769230769,23,2.875,167.7333333333248,0.2063225224486552,1,1,0,7,3,41,8,3,55,8,3,56,123.59999999988759,0.15203575382332207,4,7,2,0
difficulty-easy,20260712,1,0.12,0.45,0.2,0.18,3,30,9,2635,3984032855,3701134543,false,false,839.4666666665605,860.4666666665605,9,8,7,179,25,7,2,13,52,48,4,13,4,0,0.07692307692307693,0.9230769230769231,23,2.875,167.7333333333248,0.19980940279544077,1,0,1,6,2,42,7,2,48,0,0,0,0,0,3,3,2,0
difficulty-easy,20260712,1,0.12,0.45,0.2,0.18,3,30,9,2636,1872327048,1728896475,false,false,787.0999999999415,808.0999999999415,9,8,7,179,24,8,3,6,50,38,12,6,12,0,0.24,0.76,22,2.75,167.7333333333248,0.21310295176386387,1,0,1,7,3,32,8,3,38,0,0,0,0,0,3,4,3,0
difficulty-easy,20260712,1,0.12,0.45,0.2,0.18,3,30,9,2637,4266130951,2670480612,true,false,818.8666666665792,839.8666666665792,9,8,7,180,19,6,2,7,41,35,6,7,6,0,0.14634146341463414,0.8536585365853658,15,1.875,167.7333333333248,0.20483595212897016,1,1,0,4,2,26,5,2,34,5,2,34,126.16666666655192,0.1540747374418693,5,13,3,0
difficulty-easy,20260712,1,0.12,0.45,0.2,0.18,3,30,9,2638,2197031490,1839462232,true,false,810.4333333332536,831.4333333332536,9,8,7,180,19,5,3,5,38,34,4,5,4,0,0.10526315789473684,0.8947368421052632,18,2.25,167.7333333333248,0.20696746596472007,1,1,0,5,3,30,5,3,33,5,3,33,121.93333333322244,0.1504544893677059,6,13,2,0
difficulty-easy,20260712,1,0.12,0.45,0.2,0.18,3,30,9,2639,4089025443,311428071,true,false,793.3999999999357,814.3999999999357,9,8,7,180,21,6,2,20,58,51,7,20,7,0,0.1206896551724138,0.8793103448275862,21,2.625,167.7333333333248,0.21141080581464378,1,1,0,6,2,39,6,2,46,6,2,50,104.16666666657193,0.13129148811013405,5,8,2,0
difficulty-easy,20260712,1,0.12,0.45,0.2,0.18,3,30,9,2640,4112572727,1763623706,false,false,869.5666666665331,890.5666666665331,9,8,7,179,22,7,3,7,42,39,3,7,3,0,0.07142857142857142,0.9285714285714286,21,2.625,167.7333333333248,0.19289301184500005,1,0,1,7,3,34,7,3,38,0,0,0,0,0,5,11,2,0
difficulty-easy,20260712,1,0.12,0.45,0.2,0.18,3,30,9,2641,3170647571,599827950,true,false,784.5999999999437,805.5999999999437,9,8,7,180,22,7,3,5,40,36,4,5,4,0,0.1,0.9,20,2.5,167.7333333333248,0.21378196958110735,1,1,0,6,3,33,7,3,35,7,3,35,82.8666666665913,0.10561644999566307,4,8,2,0
difficulty-easy,20260712,1,0.12,0.45,0.2,0.18,3,30,9,2642,4189562314,837127910,false,false,777.69999999995,798.69999999995,9,8,7,179,23,7,3,7,46,39,7,7,7,0,0.15217391304347827,0.8478260869565217,22,2.75,167.7333333333248,0.21567871072821856,1,0,1,7,3,33,7,3,39,0,0,0,0,0,3,7,2,0
difficulty-easy,20260712,1,0.12,0.45,0.2,0.18,3,30,9,2643,1738709220,3263790536,true,false,873.0999999998633,894.0999999998633,9,8,7,180,25,7,3,26,72,61,11,26,11,0,0.1527777777777778,0.8472222222222222,23,2.875,167.7333333333248,0.19211239644181774,1,1,0,6,3,48,7,3,59,7,3,60,176.53333333317278,0.20219142518978403,6,11,2,0
difficulty-easy,20260712,1,0.12,0.45,0.2,0.18,3,30,9,2644,1505775085,3122827153,false,false,831.9999999999006,852.9999999999006,9,8,7,179,26,8,3,14,51,48,3,14,3,0,0.058823529411764705,0.9411764705882353,20,2.5,167.7333333333248,0.2016025641025779,1,0,1,6,3,37,7,3,47,0,0,0,0,0,4,7,2,0
difficulty-easy,20260712,1,0.12,0.45,0.2,0.18,3,30,9,2645,3979362318,3341510157,true,false,853.5666666665477,874.5666666665477,9,8,7,180,26,8,3,12,55,48,7,12,7,0,0.12727272727272726,0.8727272727272727,22,2.75,167.7333333333248,0.1965087671340042,1,1,0,7,3,40,8,3,46,8,3,47,164.6666666665169,0.19291599953122957,4,7,3,0
difficulty-easy,20260712,1,0.12,0.45,0.2,0.18,3,30,9,2646,880680033,3127141907,false,false,812.5999999999183,833.5999999999183,9,8,7,179,30,9,3,20,70,59,11,20,11,0,0.15714285714285714,0.8428571428571429,25,3.125,167.7333333333248,0.20641562064157232,1,0,1,7,3,48,9,3,59,0,0,0,0,0,3,4,3,0
difficulty-easy,20260712,1,0.12,0.45,0.2,0.18,3,30,9,2647,3303689988,4099118480,false,false,792.0666666666036,813.0666666666036,9,8,7,179,32,9,3,10,60,52,8,10,8,0,0.13333333333333333,0.8666666666666667,27,3.375,167.7333333333248,0.2117666863058726,1,0,1,7,3,43,9,3,51,0,0,0,0,0,6,13,3,0
difficulty-easy,20260712,1,0.12,0.45,0.2,0.18,3,30,9,2648,3861835826,1843779689,true,false,839.8999999998935,860.8999999998935,9,8,7,180,28,9,3,27,72,64,8,27,8,0,0.1111111111111111,0.8888888888888888,26,3.25,167.7333333333248,0.19970631424377436,1,1,0,8,3,54,8,3,62,8,3,63,151.4999999998622,0.18037861650182335,5,7,2,0
difficulty-easy,20260712,1,0.12,0.45,0.2,0.18,3,30,9,2649,1741223264,1586513397,false,false,852.4666666665487,873.4666666665487,9,8,7,179,31,10,3,16,62,57,5,16,5,0,0.08064516129032258,0.9193548387096774,27,3.375,167.7333333333248,0.19676233674827717,1,0,1,8,3,47,10,3,56,0,0,0,0,0,5,7,2,0
difficulty-easy,20260712,1,0.12,0.45,0.2,0.18,3,30,9,2650,135034168,597791154,true,false,814.3666666665833,835.3666666665833,9,8,7,180,20,5,2,11,46,41,5,11,5,0,0.10869565217391304,0.8913043478260869,18,2.25,167.7333333333248,0.20596782775982395,1,1,0,5,2,29,5,2,39,5,2,41,107.06666666656929,0.13147230977026758,5,8,2,0
difficulty-easy,20260712,1,0.12,0.45,0.2,0.18,3,30,9,2651,1525916360,1348116277,true,false,802.8999999999271,823.8999999999271,9,8,7,180,23,7,3,13,48,46,2,13,2,0,0.041666666666666664,0.9583333333333334,20,2.5,167.7333333333248,0.2089093701997011,1,1,0,6,3,39,7,3,44,7,3,45,117.23333333322671,0.14601237181870388,5,8,1,0
difficulty-easy,20260712,1,0.12,0.45,0.2,0.18,3,30,9,2652,1939298593,1789069471,false,false,819.5999999999119,840.5999999999119,9,8,7,179,22,7,3,4,39,35,4,4,4,0,0.10256410256410256,0.8974358974358975,19,2.375,167.7333333333248,0.20465267610217522,1,0,1,6,3,28,7,3,35,0,0,0,0,0,5,13,2,0
difficulty-easy,20260712,1,0.12,0.45,0.2,0.18,3,30,9,2653,3442122504,361008566,true,false,824.7999999999072,845.7999999999072,9,8,7,180,27,8,3,29,71,66,5,29,5,0,0.07042253521126761,0.9295774647887324,26,3.25,167.7333333333248,0.20336243129648846,1,1,0,8,3,47,8,3,65,8,3,65,155.6666666665251,0.18873262204963945,2,4,2,0
difficulty-easy,20260712,1,0.12,0.45,0.2,0.18,3,30,9,2654,1694764886,572855732,true,false,780.5666666666141,801.5666666666141,9,8,7,180,22,7,3,3,42,34,8,3,8,0,0.19047619047619047,0.8095238095238095,17,2.125,167.7333333333248,0.21488662083102372,1,1,0,5,3,25,6,3,32,6,3,33,89.96666666658484,0.11525814579142192,4,10,2,0
difficulty-easy,20260712,1,0.12,0.45,0.2,0.18,3,30,9,2655,1560061753,2254347893,true,false,779.6666666666149,800.6666666666149,9,8,7,180,20,6,3,3,37,32,5,3,5,0,0.13513513513513514,0.8648648648648649,17,2.125,167.7333333333248,0.21513467293715596,1,1,0,5,3,26,6,3,31,6,3,32,89.79999999991833,0.11517742625043731,5,11,2,0
difficulty-easy,20260712,1,0.12,0.45,0.2,0.18,3,30,9,2656,3795507768,345653849,false,false,845.1666666665553,866.1666666665553,9,8,7,179,28,8,3,13,59,51,8,13,8,0,0.13559322033898305,0.864406779661017,23,2.875,167.7333333333248,0.19846184184580581,1,0,1,7,3,33,8,3,50,0,0,0,0,0,3,7,3,0
difficulty-easy,20260712,1,0.12,0.45,0.2,0.18,3,30,9,2657,2049165146,1320636980,true,false,813.7999999999172,834.7999999999172,9,8,7,180,27,8,3,8,45,43,2,8,2,0,0.044444444444444446,0.9555555555555556,21,2.625,167.7333333333248,0.20611124764480446,1,1,0,6,3,34,8,3,43,8,3,43,115.23333333322853,0.1415990824935368,5,11,2,0
difficulty-easy,20260712,1,0.12,0.45,0.2,0.18,3,30,9,2658,534044182,338303864,false,false,800.799999999929,821.799999999929,9,8,7,179,29,9,3,7,53,46,7,7,7,0,0.1320754716981132,0.8679245283018868,26,3.25,167.7333333333248,0.20945720945721735,1,0,1,8,3,39,9,3,46,0,0,0,0,0,5,7,2,0
difficulty-easy,20260712,1,0.12,0.45,0.2,0.18,3,30,9,2659,3877542647,1018869612,false,false,813.999999999917,834.999999999917,9,8,7,179,21,6,3,5,47,36,11,5,11,0,0.23404255319148937,0.7659574468085106,17,2.125,167.7333333333248,0.20606060606061657,1,0,1,5,3,27,6,3,33,0,0,0,0,0,6,10,3,0
difficulty-easy,20260712,1,0.12,0.45,0.2,0.18,3,30,9,2660,4153352849,4129838134,true,false,815.3999999999157,836.3999999999157,9,8,7,180,24,7,3,12,55,46,9,12,9,0,0.16363636363636364,0.8363636363636363,23,2.875,167.7333333333248,0.20570681056333348,1,1,0,7,3,38,7,3,44,7,3,45,119.13333333322498,0.1461041615565824,4,8,2,0
difficulty-easy,20260712,1,0.12,0.45,0.2,0.18,3,30,9,2661,2060733925,3072290549,true,false,754.7999999999709,775.7999999999709,9,8,7,180,29,9,3,10,51,48,3,10,3,0,0.058823529411764705,0.9411764705882353,20,2.5,167.7333333333248,0.2222222222222195,1,1,0,6,3,34,8,3,46,8,3,47,52.433333333285645,0.0694665253488178,5,14,5,0
difficulty-easy,20260712,1,0.12,0.45,0.2,0.18,3,30,9,2662,3326939572,4270470601,true,false,766.69999999996,787.69999999996,9,8,7,180,20,6,3,3,34,31,3,3,3,0,0.08823529411764706,0.9117647058823529,16,2,167.7333333333248,0.21877309682187757,1,1,0,4,3,26,6,3,30,6,3,30,80.19999999992706,0.10460414764566485,5,8,2,0
difficulty-easy,20260712,1,0.12,0.45,0.2,0.18,3,30,9,2663,17139197,2322447204,false,false,766.0666666666273,787.0666666666273,9,8,7,179,26,8,3,5,46,41,5,5,5,0,0.10869565217391304,0.8913043478260869,23,2.875,167.7333333333248,0.21895396397180414,1,0,1,7,3,37,8,3,41,0,0,0,0,0,2,5,3,0
difficulty-easy,20260712,1,0.12,0.45,0.2,0.18,3,30,9,2664,2179131089,2402273517,true,false,780.666666666614,801.666666666614,9,8,7,180,22,7,3,5,44,37,7,5,7,0,0.1590909090909091,0.8409090909090909,18,2.25,167.7333333333248,0.21485909479078066,1,1,0,5,3,28,6,3,35,6,3,35,85.76666666658866,0.10986336464550954,5,9,2,0
difficulty-easy,20260712,1,0.12,0.45,0.2,0.18,3,30,9,2665,2314308382,1549224610,false,false,781.0333333332803,802.0333333332803,9,8,7,179,21,6,3,10,50,39,11,10,11,0,0.22,0.78,18,2.25,167.7333333333248,0.21475822628142568,1,0,1,5,3,31,6,3,39,0,0,0,0,0,3,7,2,0
difficulty-easy,20260712,1,0.12,0.45,0.2,0.18,3,30,9,2666,4120515464,3578989575,true,false,787.5666666666077,808.5666666666077,9,8,7,180,19,5,3,6,40,35,5,6,5,0,0.125,0.875,18,2.25,167.7333333333248,0.21297667922292804,1,1,0,5,3,28,5,3,35,5,3,35,102.53333333324008,0.13019003682217092,3,6,2,0
difficulty-easy,20260712,1,0.12,0.45,0.2,0.18,3,30,9,2667,1499501907,1415680566,false,false,850.9999999998834,871.9999999998834,9,8,7,179,22,6,3,10,46,42,4,10,4,0,0.08695652173913043,0.9130434782608695,21,2.625,167.7333333333248,0.1971014492753793,1,0,1,6,3,33,6,3,42,0,0,0,0,0,3,7,2,0
difficulty-easy,20260712,1,0.12,0.45,0.2,0.18,3,30,9,2668,3355567197,1805847074,true,false,811.466666666586,832.466666666586,9,8,7,180,16,4,2,7,38,33,5,7,5,0,0.13157894736842105,0.868421052631579,14,1.75,167.7333333333248,0.20670391061453516,1,1,0,4,2,26,4,2,28,4,2,32,120.76666666655683,0.14882517252699085,5,8,2,0
difficulty-easy,20260712,1,0.12,0.45,0.2,0.18,3,30,9,2669,2235266365,3477861376,false,false,829.2999999999031,850.2999999999031,9,8,7,179,33,10,3,13,60,56,4,13,4,0,0.06666666666666667,0.9333333333333333,28,3.5,167.7333333333248,0.20225893323687977,1,0,1,9,3,39,10,3,56,0,0,0,0,0,3,5,3,0
difficulty-easy,20260712,1,0.12,0.45,0.2,0.18,3,30,9,2670,1507557710,1442264445,true,false,819.3999999999121,840.3999999999121,9,8,7,180,23,7,3,12,48,45,3,12,3,0,0.0625,0.9375,21,2.625,167.7333333333248,0.204702627939154,1,1,0,6,3,37,7,3,43,7,3,44,119.3333333332248,0.14563501749235733,5,13,2,0
difficulty-easy,20260712,1,0.12,0.45,0.2,0.18,3,30,9,2671,1990515326,1828211957,true,false,760.099999999966,781.099999999966,9,8,7,180,22,7,3,5,45,36,9,5,9,0,0.2,0.8,18,2.25,167.7333333333248,0.22067271850195014,1,1,0,6,3,28,6,3,35,6,3,35,79.23333333326127,0.10424067008717908,5,8,3,0
difficulty-easy,20260712,1,0.12,0.45,0.2,0.18,3,30,9,2672,3828316250,1144137425,true,false,824.233333333241,845.233333333241,9,8,7,180,21,6,3,3,39,34,5,3,5,0,0.1282051282051282,0.8717948717948718,16,2,167.7333333333248,0.20350224451006216,1,1,0,4,3,26,6,3,33,6,3,33,138.36666666654082,0.16787317507165,5,14,2,0
difficulty-easy,20260712,1,0.12,0.45,0.2,0.18,3,30,9,2673,3170919371,3364110781,true,false,776.7666666666175,797.7666666666175,9,8,7,180,23,7,3,8,55,41,14,8,14,0,0.2545454545454545,0.7454545454545455,18,2.25,167.7333333333248,0.2159378620778467,1,1,0,5,3,31,7,3,39,7,3,41,77.93333333326245,0.10033042955834105,5,9,3,0
difficulty-easy,20260712,1,0.12,0.45,0.2,0.18,3,30,9,2674,3758362486,1560503398,true,false,825.5666666665732,846.5666666665732,9,8,7,180,25,7,3,9,51,44,7,9,7,0,0.13725490196078433,0.8627450980392157,24,3,167.7333333333248,0.20317357774459216,1,1,0,7,3,38,7,3,43,7,3,43,154.6999999998593,0.18738644163589877,2,4,2,0
difficulty-easy,20260712,1,0.12,0.45,0.2,0.18,3,30,9,2675,3194454765,2381987417,true,false,832.7666666665666,853.7666666665666,9,8,7,180,27,8,3,12,58,48,10,12,10,0,0.1724137931034483,0.8275862068965517,19,2.375,167.7333333333248,0.20141696353521787,1,1,0,5,3,29,8,3,45,8,3,46,154.6999999998593,0.18576632109820024,3,4,3,0
difficulty-easy,20260712,1,0.12,0.45,0.2,0.18,3,30,9,2676,3955012075,2418270128,true,false,831.599999999901,852.599999999901,9,8,7,180,26,7,3,17,58,53,5,17,5,0,0.08620689655172414,0.9137931034482759,22,2.75,167.7333333333248,0.2016995350328821,1,1,0,6,3,40,7,3,52,7,3,52,130.93333333321425,0.15744749078069967,4,6,2,0
difficulty-easy,20260712,1,0.12,0.45,0.2,0.18,3,30,9,2677,3536866435,2973253047,false,false,866.5666666665359,887.5666666665359,9,8,7,179,22,6,3,16,55,48,7,16,7,0,0.12727272727272726,0.8727272727272727,19,2.375,167.7333333333248,0.1935607954764205,1,0,1,5,3,33,6,3,48,0,0,0,0,0,4,11,4,0
difficulty-easy,20260712,1,0.12,0.45,0.2,0.18,3,30,9,2678,3168558955,4096801261,true,false,830.7666666665684,851.7666666665684,9,8,7,180,28,9,3,13,59,50,9,13,9,0,0.15254237288135594,0.847457627118644,23,2.875,167.7333333333248,0.2019018577217967,1,1,0,7,3,40,8,3,49,8,3,49,154.7333333331926,0.18625366127658496,3,3,2,0
difficulty-easy,20260712,1,0.12,0.45,0.2,0.18,3,30,9,2679,3654787054,1072403878,false,false,811.8666666665856,832.8666666665856,9,8,7,179,24,7,3,9,50,43,7,9,7,0,0.14,0.86,22,2.75,167.7333333333248,0.20660206930531475,1,0,1,7,3,33,7,3,43,0,0,0,0,0,3,6,2,0
difficulty-easy,20260712,1,0.12,0.45,0.2,0.18,3,30,9,2680,2865576057,1731498178,true,false,801.5999999999283,822.5999999999283,9,8,7,180,20,6,3,5,40,35,5,5,5,0,0.125,0.875,18,2.25,167.7333333333248,0.2092481703260227,1,1,0,5,3,27,6,3,33,6,3,34,109.79999999990014,0.1369760479040793,5,8,2,0
difficulty-easy,20260712,1,0.12,0.45,0.2,0.18,3,30,9,2681,97507920,2294293652,false,false,789.2666666666062,810.2666666666062,9,8,7,179,27,8,2,8,52,45,7,8,7,0,0.1346153846153846,0.8653846153846154,23,2.875,167.7333333333248,0.21251794915111621,1,0,1,7,2,36,8,2,43,0,0,0,0,0,6,10,4,0
difficulty-easy,20260712,1,0.12,0.45,0.2,0.18,3,30,9,2682,1477064272,1256716968,false,false,850.0666666665509,871.0666666665509,9,8,7,179,25,8,3,15,55,49,6,15,6,0,0.10909090909090909,0.8909090909090909,19,2.375,167.7333333333248,0.19731785742296404,1,0,1,5,2,40,8,3,49,0,0,0,0,0,6,8,2,0
difficulty-easy,20260712,1,0.12,0.45,0.2,0.18,3,30,9,2683,503781053,407585602,true,false,802.3999999999276,823.3999999999276,9,8,7,180,22,7,3,3,35,33,2,3,2,0,0.05714285714285714,0.9428571428571428,16,2,167.7333333333248,0.2090395480226071,1,1,0,5,3,26,6,3,31,7,3,32,95.19999999991342,0.11864406779651297,6,14,2,0
difficulty-easy,20260712,1,0.12,0.45,0.2,0.18,3,30,9,2684,3550736458,1095694361,true,false,778.0999999999497,799.0999999999497,9,8,7,180,21,7,3,6,38,36,2,6,2,0,0.05263157894736842,0.9473684210526315,15,1.875,167.7333333333248,0.21556783618215608,1,1,0,4,3,27,6,3,35,6,3,35,86.46666666658803,0.11112539090938647,5,14,1,0
difficulty-easy,20260712,1,0.12,0.45,0.2,0.18,3,30,9,2685,2637477292,3435331163,false,false,847.9666666665528,868.9666666665528,9,8,7,179,26,7,3,18,64,52,12,18,12,0,0.1875,0.8125,22,2.75,167.7333333333248,0.19780651755180706,1,0,1,6,3,38,7,3,52,0,0,0,0,0,3,7,3,0
difficulty-easy,20260712,1,0.12,0.45,0.2,0.18,3,30,9,2686,2984422766,2735837797,true,false,851.06666666655,872.06666666655,9,8,7,180,26,8,3,22,61,58,3,22,3,0,0.04918032786885246,0.9508196721311475,23,2.875,167.7333333333248,0.19708600971331794,1,1,0,7,3,48,8,3,57,8,3,57,154.43333333319288,0.18145856180465383,5,10,2,0
difficulty-easy,20260712,1,0.12,0.45,0.2,0.18,3,30,9,2687,1997896190,4186399420,true,false,834.1666666665653,855.1666666665653,9,8,7,180,28,9,3,10,55,47,8,10,8,0,0.14545454545454545,0.8545454545454545,23,2.875,167.7333333333248,0.20107892107893527,1,1,0,7,3,36,8,3,46,8,3,46,141.3999999998714,0.16951048951035594,4,5,3,0
difficulty-easy,20260712,1,0.12,0.45,0.2,0.18,3,30,9,2688,776548645,2627313019,false,false,767.2666666666262,788.2666666666262,9,8,7,179,24,7,3,22,60,56,4,22,4,0,0.06666666666666667,0.9333333333333333,24,3,167.7333333333248,0.2186115214180211,1,0,1,7,3,49,7,3,56,0,0,0,0,0,3,4,2,0
difficulty-easy,20260712,1,0.12,0.45,0.2,0.18,3,30,9,2689,759506606,1899301641,true,false,812.4333333332518,833.4333333332518,9,8,7,180,26,8,2,13,56,48,8,13,8,0,0.14285714285714285,0.8571428571428571,25,3.125,167.7333333333248,0.20645796578181796,1,1,0,7,2,43,7,2,46,7,2,47,124.13333333322043,0.15279202396081676,5,8,5,0
difficulty-easy,20260712,1,0.12,0.45,0.2,0.18,3,30,9,2690,619111035,472115770,false,false,840.9999999998925,861.9999999998925,9,8,7,179,26,7,3,11,50,47,3,11,3,0,0.06,0.94,24,3,167.7333333333248,0.1994451050337054,1,0,1,7,3,42,7,3,47,0,0,0,0,0,3,5,1,0
difficulty-easy,20260712,1,0.12,0.45,0.2,0.18,3,30,9,2691,2981116530,313917162,true,false,824.1666666665744,845.1666666665744,9,8,7,180,19,6,2,1,34,29,5,1,5,0,0.14705882352941177,0.8529411764705882,11,1.375,167.7333333333248,0.20351870576340977,1,1,0,2,2,20,5,2,27,5,2,28,128.86666666654946,0.15635995955498147,4,11,2,0
difficulty-easy,20260712,1,0.12,0.45,0.2,0.18,3,30,9,2692,3933295441,128532903,true,false,776.0999999999515,797.0999999999515,9,8,7,180,26,8,3,14,53,49,4,14,4,0,0.07547169811320754,0.9245283018867925,20,2.5,167.7333333333248,0.21612335180174627,1,1,0,6,3,33,7,3,48,7,3,48,78.93333333326154,0.10170510673014621,4,13,4,0
difficulty-easy,20260712,1,0.12,0.45,0.2,0.18,3,30,9,2693,819877158,2639229008,false,false,803.4666666665933,824.4666666665933,9,8,7,179,22,7,3,8,51,40,11,8,11,0,0.21568627450980393,0.7843137254901961,22,2.75,167.7333333333248,0.20876203119814984,1,0,1,7,3,35,7,3,40,0,0,0,0,0,3,5,3,0
difficulty-easy,20260712,1,0.12,0.45,0.2,0.18,3,30,9,2694,1385146110,4053690305,false,false,800.7666666665957,821.7666666665957,9,8,7,179,26,7,3,11,54,46,8,11,8,0,0.14814814814814814,0.8518518518518519,22,2.75,167.7333333333248,0.2094659284852096,1,0,1,6,3,33,7,3,45,0,0,0,0,0,6,13,3,0
difficulty-easy,20260712,1,0.12,0.45,0.2,0.18,3,30,9,2695,1030873501,40876964,true,false,827.4333333332381,848.4333333332381,9,8,7,180,24,7,3,14,52,48,4,14,4,0,0.07692307692307693,0.9230769230769231,23,2.875,167.7333333333248,0.2027152237844065,1,1,0,7,3,43,7,3,47,7,3,47,136.49999999987585,0.1649679732504833,6,14,3,0
difficulty-easy,20260712,1,0.12,0.45,0.2,0.18,3,30,9,2696,731343659,3203683584,true,false,781.5999999999465,802.5999999999465,9,8,7,180,21,6,3,10,42,41,1,10,1,0,0.023809523809523808,0.9761904761904762,19,2.375,167.7333333333248,0.21460252473558888,1,1,0,5,3,35,6,3,40,6,3,40,102.56666666657338,0.1312265438415819,2,7,3,0
difficulty-easy,20260712,1,0.12,0.45,0.2,0.18,3,30,9,2697,2417665246,3739751712,true,false,794.3333333332682,815.3333333332682,9,8,7,180,22,6,3,7,50,39,11,7,11,0,0.22,0.78,18,2.25,167.7333333333248,0.21116240033571784,1,1,0,5,3,29,6,3,38,6,3,38,90.6333333332509,0.11409987410817247,5,10,3,0
difficulty-easy,20260712,1,0.12,0.45,0.2,0.18,3,30,9,2698,3490238019,2073020932,true,false,808.833333333255,829.833333333255,9,8,7,180,22,7,3,8,47,39,8,8,8,0,0.1702127659574468,0.8297872340425532,20,2.5,167.7333333333248,0.20737688028024853,1,1,0,6,3,30,6,3,37,6,3,38,123.16666666655465,0.1522769420975478,6,8,3,0
difficulty-easy,20260712,1,0.12,0.45,0.2,0.18,3,30,9,2699,4032836474,382787401,false,false,792.2333333332701,813.2333333332701,9,8,7,179,28,9,3,14,57,52,5,14,5,0,0.08771929824561403,0.9122807017543859,25,3.125,167.7333333333248,0.21172213573442777,1,0,1,8,3,45,9,3,51,0,0,0,0,0,5,14,4,0
difficulty-easy,20260712,1,0.12,0.45,0.2,0.18,3,30,9,2700,4229137568,3254405636,false,false,796.4999999999329,817.4999999999329,9,8,7,179,27,8,3,10,51,47,4,10,4,0,0.0784313725490196,0.9215686274509803,26,3.25,167.7333333333248,0.2105879891190696,1,0,1,8,3,40,8,3,45,0,0,0,0,0,6,11,2,0
difficulty-easy,20260712,1,0.12,0.45,0.2,0.18,3,30,9,2701,731996228,611070885,true,false,816.6999999999146,837.6999999999146,9,8,7,180,22,7,3,3,37,34,3,3,3,0,0.08108108108108109,0.918918918918919,20,2.5,167.7333333333248,0.2053793722705306,1,1,0,6,3,30,7,3,33,7,3,33,129.09999999988258,0.15807518060474604,4,11,2,0
difficulty-easy,20260712,1,0.12,0.45,0.2,0.18,3,30,9,2702,478920631,4117145433,true,false,863.066666666539,884.066666666539,9,8,7,180,25,8,3,13,49,47,2,13,2,0,0.04081632653061224,0.9591836734693877,22,2.75,167.7333333333248,0.1943457438591259,1,1,0,7,3,41,7,3,45,8,3,46,159.43333333318833,0.1847288737832673,5,11,2,0
difficulty-easy,20260712,1,0.12,0.45,0.2,0.18,3,30,9,2703,3638029367,2526834487,true,false,771.1666666666226,792.1666666666226,9,8,7,180,27,8,3,12,53,49,4,12,4,0,0.07547169811320754,0.9245283018867925,18,2.25,167.7333333333248,0.2175059433758388,1,1,0,5,3,34,8,3,46,8,3,48,78.3999999999287,0.10166414523440653,5,14,3,0
difficulty-easy,20260712,1,0.12,0.45,0.2,0.18,3,30,9,2704,2077682144,3822975164,true,false,784.9333333332768,805.9333333332768,9,8,7,180,25,8,3,8,49,43,6,8,6,0,0.12244897959183673,0.8775510204081632,22,2.75,167.7333333333248,0.21369118396467243,1,1,0,7,3,34,8,3,42,8,3,42,111.19999999989886,0.14166808221493146,3,5,3,0
difficulty-easy,20260712,1,0.12,0.45,0.2,0.18,3,30,9,2705,736050776,2221497021,true,false,847.766666666553,868.766666666553,9,8,7,180,16,5,3,2,38,28,10,2,10,0,0.2631578947368421,0.7368421052631579,14,1.75,167.7333333333248,0.19785318287266224,1,1,0,4,2,22,5,3,27,5,3,27,154.7333333331926,0.18251877481997408,4,6,2,0
difficulty-easy,20260712,1,0.12,0.45,0.2,0.18,3,30,9,2706,3629930511,865622738,true,false,782.1333333332793,803.1333333332793,9,8,7,180,27,8,3,7,50,44,6,7,6,0,0.12,0.88,23,2.875,167.7333333333248,0.2144561882032088,1,1,0,7,3,37,8,3,42,8,3,44,82.43333333325836,0.10539549948848967,5,8,3,0
difficulty-easy,20260712,1,0.12,0.45,0.2,0.18,3,30,9,2707,2243268079,1677609133,true,false,767.2999999999595,788.2999999999595,9,8,7,180,25,8,3,16,54,51,3,16,3,0,0.05555555555555555,0.9444444444444444,23,2.875,167.7333333333248,0.21860202441461443,1,1,0,7,3,42,8,3,50,8,3,50,76.79999999993015,0.10009122898466598,5,6,3,0
difficulty-easy,20260712,1,0.12,0.45,0.2,0.18,3,30,9,2708,595390150,3403213128,true,false,837.1666666665626,858.1666666665626,9,8,7,180,24,7,3,17,56,51,5,17,5,0,0.08928571428571429,0.9107142857142857,20,2.5,167.7333333333248,0.20035835158273418,1,1,0,6,3,37,7,3,49,7,3,50,142.89999999987003,0.17069480390191655,4,9,2,0
difficulty-easy,20260712,1,0.12,0.45,0.2,0.18,3,30,9,2709,4120230020,3400587948,true,false,848.7333333332188,869.7333333332188,9,8,7,180,27,7,3,13,57,50,7,13,7,0,0.12280701754385964,0.8771929824561403,25,3.125,167.7333333333248,0.1976278375618735,1,1,0,7,3,43,7,3,48,7,3,49,155.766666666525,0.183528395255533,5,11,4,0
difficulty-easy,20260712,1,0.12,0.45,0.2,0.18,3,30,9,2710,3328624344,4253020131,true,false,789.9666666666055,810.9666666666055,9,8,7,180,16,5,2,3,31,28,3,3,3,0,0.0967741935483871,0.9032258064516129,11,1.375,167.7333333333248,0.2123296341617846,1,1,0,2,2,20,4,2,26,4,2,27,114.09999999989623,0.14443647411271157,5,5,2,0
difficulty-easy,20260712,1,0.12,0.45,0.2,0.18,3,30,9,2711,1905785713,4081063918,true,false,834.0666666665654,855.0666666665654,9,8,7,180,29,9,3,19,65,58,7,19,7,0,0.1076923076923077,0.8923076923076924,28,3.5,167.7333333333248,0.2011030293342001,1,1,0,9,3,48,9,3,56,9,3,57,143.39999999986958,0.17192870274145192,4,5,3,0
difficulty-easy,20260712,1,0.12,0.45,0.2,0.18,3,30,9,2712,1038134393,2418141948,false,false,788.5333333332735,809.5333333332735,9,8,7,179,27,8,3,16,57,53,4,16,4,0,0.07017543859649122,0.9298245614035088,24,3,167.7333333333248,0.21271559012513214,1,0,1,7,3,41,8,3,52,0,0,0,0,0,3,5,2,0
difficulty-easy,20260712,1,0.12,0.45,0.2,0.18,3,30,9,2713,3427376121,31905144,false,false,828.4666666665705,849.4666666665705,9,8,7,179,27,8,3,12,55,48,7,12,7,0,0.12727272727272726,0.8727272727272727,23,2.875,167.7333333333248,0.20246238030097077,1,0,1,7,3,34,8,3,48,0,0,0,0,0,3,5,2,0
difficulty-easy,20260712,1,0.12,0.45,0.2,0.18,3,30,9,2714,2178112394,1018157060,true,false,756.8333333333023,777.8333333333023,9,8,7,180,19,6,3,3,33,30,3,3,3,0,0.09090909090909091,0.9090909090909091,15,1.875,167.7333333333248,0.22162519268883285,1,1,0,4,3,23,6,3,29,6,3,29,60.63333333327819,0.08011451222190795,5,14,2,0
difficulty-easy,20260712,1,0.12,0.45,0.2,0.18,3,30,9,2715,27950962,2929809291,true,false,849.8999999998844,870.8999999998844,9,8,7,180,26,8,3,12,55,48,7,12,7,0,0.12727272727272726,0.8727272727272727,23,2.875,167.7333333333248,0.19735655175120323,1,1,0,7,3,40,8,3,46,8,3,47,149.76666666653045,0.17621680982062693,6,10,3,0
difficulty-easy,20260712,1,0.12,0.45,0.2,0.18,3,30,9,2716,1585556688,950210573,false,false,829.2333333332365,850.2333333332365,9,8,7,179,29,9,3,16,61,54,7,16,7,0,0.11475409836065574,0.8852459016393442,27,3.375,167.7333333333248,0.20227519395426827,1,0,1,8,3,43,9,3,54,0,0,0,0,0,3,5,2,0
difficulty-easy,20260712,1,0.12,0.45,0.2,0.18,3,30,9,2717,2974683213,897093263,true,false,797.5666666665986,818.5666666665986,9,8,7,180,20,6,3,13,49,43,6,13,6,0,0.12244897959183673,0.8775510204081632,19,2.375,167.7333333333248,0.2103063484766236,1,1,0,6,3,31,6,3,41,6,3,42,104.73333333323808,0.13131608642944834,6,8,2,0
difficulty-easy,20260712,1,0.12,0.45,0.2,0.18,3,30,9,2718,218639418,1713384870,true,false,796.733333333266,817.733333333266,9,8,7,180,23,6,2,8,46,41,5,8,5,0,0.10869565217391304,0.8913043478260869,21,2.625,167.7333333333248,0.21052631578948075,1,1,0,6,2,36,6,2,40,6,2,40,105.73333333323717,0.13270855995303252,5,8,1,0
difficulty-easy,20260712,1,0.12,0.45,0.2,0.18,3,30,9,2719,2266882547,79733647,true,false,825.5666666665732,846.5666666665732,9,8,7,180,22,6,3,10,50,42,8,10,8,0,0.16,0.84,16,2,167.7333333333248,0.20317357774459216,1,1,0,4,3,32,6,3,42,6,3,42,127.59999999988395,0.15456050389619058,4,5,2,0
difficulty-easy,20260712,1,0.12,0.45,0.2,0.18,3,30,9,2720,2611829698,3309980468,true,false,783.8666666666111,804.8666666666111,9,8,7,180,20,6,3,3,38,33,5,3,5,0,0.13157894736842105,0.868421052631579,16,2,167.7333333333248,0.21398196972274625,1,1,0,5,3,26,6,3,33,6,3,33,111.43333333323199,0.1421585303621873,3,5,2,0
difficulty-easy,20260712,1,0.12,0.45,0.2,0.18,3,30,9,2721,4032327976,684998715,true,false,814.9333333332495,835.9333333332495,9,8,7,180,22,7,3,6,41,36,5,6,5,0,0.12195121951219512,0.8780487804878049,18,2.25,167.7333333333248,0.20582460732985364,1,1,0,5,3,28,6,3,35,6,3,35,114.9333333332288,0.1410340314134988,6,11,3,0
difficulty-easy,20260712,1,0.12,0.45,0.2,0.18,3,30,9,2722,2008124854,1377389211,true,false,780.4333333332809,801.4333333332809,9,8,7,180,24,8,3,15,57,48,9,15,9,0,0.15789473684210525,0.8421052631578947,22,2.75,167.7333333333248,0.2149233331909658,1,1,0,7,3,41,7,3,47,7,3,47,91.43333333325018,0.11715713492494297,5,10,2,0
difficulty-easy,20260712,1,0.12,0.45,0.2,0.18,3,30,9,2723,402259106,3606034732,true,false,811.5666666665859,832.5666666665859,9,8,7,180,21,6,2,11,48,42,6,11,6,0,0.125,0.875,15,1.875,167.7333333333248,0.20667844087568263,1,1,0,4,2,27,6,2,39,6,2,41,115.09999999989532,0.14182445475817157,5,10,3,0
difficulty-easy,20260712,1,0.12,0.45,0.2,0.18,3,30,9,2724,4152001918,3406653624,false,false,820.4999999999111,841.4999999999111,9,8,7,179,26,8,3,17,58,53,5,17,5,0,0.08620689655172414,0.9137931034482759,23,2.875,167.7333333333248,0.20442819419054598,1,0,1,7,3,38,8,3,52,0,0,0,0,0,5,14,3,0
difficulty-easy,20260712,1,0.12,0.45,0.2,0.18,3,30,9,2725,1021529761,2758013664,false,false,856.8333333332114,877.8333333332114,9,8,7,179,21,6,3,4,43,35,8,4,8,0,0.18604651162790697,0.813953488372093,21,2.625,167.7333333333248,0.19575957984829645,1,0,1,6,3,33,6,3,35,0,0,0,0,0,4,14,2,0
difficulty-easy,20260712,1,0.12,0.45,0.2,0.18,3,30,9,2726,2351894541,4158615681,false,false,796.1333333332666,817.1333333332666,9,8,7,179,26,7,3,17,54,52,2,17,2,0,0.037037037037037035,0.9629629629629629,24,3,167.7333333333248,0.21068497739072875,1,0,1,7,3,46,7,3,52,0,0,0,0,0,4,6,2,0
difficulty-easy,20260712,1,0.12,0.45,0.2,0.18,3,30,9,2727,3369428327,3035996740,true,false,812.899999999918,833.899999999918,9,8,7,180,23,8,3,14,54,46,8,14,8,0,0.14814814814814814,0.8518518518518519,20,2.5,167.7333333333248,0.2063394431459487,1,1,0,6,3,36,7,3,45,7,3,45,144.7333333332017,0.17804568007530605,2,7,2,0
difficulty-easy,20260712,1,0.12,0.45,0.2,0.18,3,30,9,2728,2483151655,4158156914,false,false,840.7999999998926,861.7999999998926,9,8,7,179,21,6,3,9,45,40,5,9,5,0,0.1111111111111111,0.8888888888888888,18,2.25,167.7333333333248,0.19949254678085895,1,0,1,5,3,30,6,3,39,0,0,0,0,0,3,5,2,0
difficulty-easy,20260712,1,0.12,0.45,0.2,0.18,3,30,9,2729,2519812881,696319948,true,false,820.8999999999107,841.8999999999107,9,8,7,180,23,7,2,10,48,41,7,10,7,0,0.14583333333333334,0.8541666666666666,20,2.5,167.7333333333248,0.20432858245016816,1,1,0,6,2,35,6,2,40,7,2,41,121.06666666655656,0.14748040768250667,4,10,2,0
difficulty-easy,20260712,1,0.12,0.45,0.2,0.18,3,30,9,2730,2415799580,629167769,true,false,793.099999999936,814.099999999936,9,8,7,180,17,5,3,0,30,26,4,0,4,0,0.13333333333333333,0.8666666666666667,13,1.625,167.7333333333248,0.211490774597577,1,1,0,4,3,20,5,3,25,5,3,25,90.46666666658439,0.11406716261075739,5,13,2,0
difficulty-easy,20260712,1,0.12,0.45,0.2,0.18,3,30,9,2731,3665706483,595085739,true,false,787.0333333332749,808.0333333332749,9,8,7,180,26,8,3,19,61,55,6,19,6,0,0.09836065573770492,0.9016393442622951,21,2.625,167.7333333333248,0.21312100292237168,1,1,0,6,3,45,7,3,52,7,3,53,93.36666666658175,0.11863114649941385,4,9,3,0
difficulty-easy,20260712,1,0.12,0.45,0.2,0.18,3,30,9,2732,1513230912,2048884746,false,false,814.4999999999166,835.4999999999166,9,8,7,179,26,8,3,14,59,50,9,14,9,0,0.15254237288135594,0.847457627118644,21,2.625,167.7333333333248,0.20593411090649721,1,0,1,6,3,34,8,3,50,0,0,0,0,0,3,5,3,0
difficulty-easy,20260712,1,0.12,0.45,0.2,0.18,3,30,9,2733,1757532089,4051343672,false,false,817.0666666665809,838.0666666665809,9,8,7,179,16,4,1,8,34,32,2,8,2,0,0.058823529411764705,0.9411764705882353,14,1.75,167.7333333333248,0.20528720626632962,1,0,1,3,1,26,4,1,32,0,0,0,0,0,4,5,2,0
difficulty-easy,20260712,1,0.12,0.45,0.2,0.18,3,30,9,2734,2413887565,3808898650,false,false,792.0333333332703,813.0333333332703,9,8,7,179,29,8,3,24,75,63,12,24,12,0,0.16,0.84,22,2.75,167.7333333333248,0.2117755986700957,1,0,1,6,3,38,8,3,61,0,0,0,0,0,5,7,3,0
difficulty-easy,20260712,1,0.12,0.45,0.2,0.18,3,30,9,2735,2615265509,2189159483,false,false,763.5666666666295,784.5666666666295,9,8,7,179,27,8,3,8,52,45,7,8,7,0,0.1346153846153846,0.8653846153846154,26,3.25,167.7333333333248,0.21967084297376296,1,0,1,8,3,38,8,3,45,0,0,0,0,0,2,4,2,0
difficulty-easy,20260712,1,0.12,0.45,0.2,0.18,3,30,9,2736,4065187052,3959203400,true,false,826.1999999999059,847.1999999999059,9,8,7,180,19,6,3,0,34,28,6,0,6,0,0.17647058823529413,0.8235294117647058,18,2.25,167.7333333333248,0.20301783264747505,1,1,0,6,3,26,6,3,27,6,3,28,117.49999999989313,0.14221738077935914,4,13,2,0
difficulty-easy,20260712,1,0.12,0.45,0.2,0.18,3,30,9,2737,4171860146,3185019868,true,false,817.4666666665805,838.4666666665805,9,8,7,180,31,10,3,22,67,62,5,22,5,0,0.07462686567164178,0.9253731343283582,28,3.5,167.7333333333248,0.20518675583103385,1,1,0,9,3,44,9,3,61,9,3,61,134.19999999987795,0.16416571521761386,4,4,4,0
difficulty-easy,20260712,1,0.12,0.45,0.2,0.18,3,30,9,2738,3105633456,2365497894,false,false,787.4666666666078,808.4666666666078,9,8,7,179,23,7,3,8,45,40,5,8,5,0,0.1111111111111111,0.8888888888888888,21,2.625,167.7333333333248,0.213003725025403,1,0,1,6,3,36,7,3,40,0,0,0,0,0,4,11,3,0
difficulty-easy,20260712,1,0.12,0.45,0.2,0.18,3,30,9,2739,1935259506,1180806665,true,false,848.1666666665526,869.1666666665526,9,8,7,180,21,6,2,17,55,48,7,17,7,0,0.12727272727272726,0.8727272727272727,15,1.875,167.7333333333248,0.19775987423857028,1,1,0,4,2,30,6,2,46,6,2,47,154.23333333319306,0.18184319119655784,6,10,3,0
difficulty-easy,20260712,1,0.12,0.45,0.2,0.18,3,30,9,2740,2816064664,1301632649,false,false,821.366666666577,842.366666666577,9,8,7,179,28,8,3,21,65,59,6,21,6,0,0.09230769230769231,0.9076923076923077,24,3,167.7333333333248,0.2042124913761736,1,0,1,7,3,44,8,3,55,0,0,0,0,0,4,7,2,0
difficulty-easy,20260712,1,0.12,0.45,0.2,0.18,3,30,9,2741,3451110826,171900221,true,false,768.9333333332913,789.9333333332913,9,8,7,180,24,6,3,11,48,45,3,11,3,0,0.0625,0.9375,19,2.375,167.7333333333248,0.2181376799028966,1,1,0,5,3,35,6,3,44,6,3,44,102.53333333324008,0.1333448933586514,2,6,2,0
difficulty-easy,20260712,1,0.12,0.45,0.2,0.18,3,30,9,2742,1251278813,929585260,true,false,825.1333333332402,846.1333333332402,9,8,7,180,25,8,3,11,52,46,6,11,6,0,0.11538461538461539,0.8846153846153846,22,2.75,167.7333333333248,0.2032802779348918,1,1,0,7,3,32,8,3,43,8,3,45,141.4999999998713,0.17148743637378275,5,7,3,0
difficulty-easy,20260712,1,0.12,0.45,0.2,0.18,3,30,9,2743,1987959558,962942371,true,false,826.2666666665725,847.2666666665725,9,8,7,180,19,5,3,5,35,34,1,5,1,0,0.02857142857142857,0.9714285714285714,18,2.25,167.7333333333248,0.2030014523156494,1,1,0,5,3,28,5,3,33,5,3,33,132.26666666654637,0.16007745683382457,6,17,1,0
difficulty-easy,20260712,1,0.12,0.45,0.2,0.18,3,30,9,2744,690343446,3976966206,false,false,876.3999999998603,897.3999999998603,9,8,7,179,30,9,3,12,57,52,5,12,5,0,0.08771929824561403,0.9122807017543859,25,3.125,167.7333333333248,0.1913890156701866,1,0,1,8,3,40,9,3,50,0,0,0,0,0,6,10,2,0
difficulty-easy,20260712,1,0.12,0.45,0.2,0.18,3,30,9,2745,3768873433,2755959845,true,false,788.9666666666064,809.9666666666064,9,8,7,180,20,6,3,2,36,32,4,2,4,0,0.1111111111111111,0.8888888888888888,16,2,167.7333333333248,0.2125987578689479,1,1,0,5,3,25,6,3,31,6,3,31,117.79999999989286,0.14930922303422434,2,7,2,0
difficulty-easy,20260712,1,0.12,0.45,0.2,0.18,3,30,9,2746,3168750359,2625441328,false,false,827.3999999999048,848.3999999999048,9,8,7,179,21,6,3,8,44,39,5,8,5,0,0.11363636363636363,0.8863636363636364,20,2.5,167.7333333333248,0.20272339054066243,1,0,1,6,3,29,6,3,39,0,0,0,0,0,3,5,2,0
difficulty-easy,20260712,1,0.12,0.45,0.2,0.18,3,30,9,2747,499049041,474173955,true,false,799.0999999999306,820.0999999999306,9,8,7,180,21,6,3,4,40,35,5,4,5,0,0.125,0.875,15,1.875,167.7333333333248,0.20990280732491473,1,1,0,5,3,24,5,3,32,6,3,34,109.73333333323353,0.13732115296363792,5,8,2,0
difficulty-easy,20260712,1,0.12,0.45,0.2,0.18,3,30,9,2748,3657169409,3540409547,true,false,783.5666666666114,804.5666666666114,9,8,7,180,20,6,3,8,44,38,6,8,6,0,0.13636363636363635,0.8636363636363636,14,1.75,167.7333333333248,0.21406389586081162,1,1,0,4,3,23,6,3,38,6,3,38,80.56666666659339,0.10282043646564736,4,7,5,0
difficulty-easy,20260712,1,0.12,0.45,0.2,0.18,3,30,9,2749,1774409043,4025016279,true,false,831.6999999999009,852.6999999999009,9,8,7,180,23,7,3,5,47,37,10,5,10,0,0.2127659574468085,0.7872340425531915,20,2.5,167.7333333333248,0.20167528355578307,1,1,0,6,3,29,6,3,36,6,3,36,140.4333333332056,0.16885094785766783,5,11,2,0
difficulty-easy,20260712,1,0.12,0.45,0.2,0.18,3,30,9,2750,1653307781,3816018033,false,false,847.8333333332196,868.8333333332196,9,8,7,179,25,7,3,20,65,55,10,20,10,0,0.15384615384615385,0.8461538461538461,20,2.5,167.7333333333248,0.1978376253194582,1,0,1,5,3,47,7,3,55,0,0,0,0,0,6,10,3,0
difficulty-easy,20260712,1,0.12,0.45,0.2,0.18,3,30,9,2751,2690925620,1485190967,false,false,780.6999999999473,801.6999999999473,9,8,7,179,32,9,3,17,64,59,5,17,5,0,0.078125,0.921875,27,3.375,167.7333333333248,0.214849921011062,1,0,1,8,3,46,9,3,57,0,0,0,0,0,7,14,2,0
difficulty-easy,20260712,1,0.12,0.45,0.2,0.18,3,30,9,2752,554942620,2888270141,true,false,780.8666666666138,801.8666666666138,9,8,7,180,16,5,3,2,31,28,3,2,3,0,0.0967741935483871,0.9032258064516129,12,1.5,167.7333333333248,0.21480406386067125,1,1,0,4,3,19,5,3,26,5,3,27,85.83333333325527,0.1099206010414852,5,9,2,0
difficulty-easy,20260712,1,0.12,0.45,0.2,0.18,3,30,9,2753,1236361254,2079776391,true,false,790.899999999938,811.899999999938,9,8,7,180,21,6,3,11,48,42,6,11,6,0,0.125,0.875,20,2.5,167.7333333333248,0.21207906604291052,1,1,0,6,3,36,6,3,41,6,3,41,104.43333333323835,0.13204366333701673,5,7,2,0
difficulty-easy,20260712,1,0.12,0.45,0.2,0.18,3,30,9,2754,369564673,3988096793,false,false,790.233333333272,811.233333333272,9,8,7,179,26,8,3,29,70,65,5,29,5,0,0.07142857142857142,0.9285714285714286,20,2.5,167.7333333333248,0.21225798287426223,1,0,1,6,3,47,8,3,64,0,0,0,0,0,5,5,3,0
difficulty-easy,20260712,1,0.12,0.45,0.2,0.18,3,30,9,2755,4103033821,2728508923,true,false,817.0333333332476,838.0333333332476,9,8,7,180,25,8,3,7,48,41,7,7,7,0,0.14583333333333334,0.8541666666666666,18,2.25,167.7333333333248,0.20529558157563021,1,1,0,5,3,29,8,3,40,8,3,40,121.16666666655647,0.14830076292265004,5,13,2,0
difficulty-easy,20260712,1,0.12,0.45,0.2,0.18,3,30,9,2756,2422490878,4036646795,false,false,858.5999999998764,879.5999999998764,9,8,7,179,33,10,3,22,68,63,5,22,5,0,0.07352941176470588,0.9264705882352942,30,3.75,167.7333333333248,0.19535678235889697,1,0,1,9,3,49,9,3,62,0,0,0,0,0,5,9,2,0
difficulty-easy,20260712,1,0.12,0.45,0.2,0.18,3,30,9,2757,1779530372,152000803,false,false,791.666666666604,812.666666666604,9,8,7,179,22,6,3,7,46,39,7,7,7,0,0.15217391304347827,0.8478260869565217,20,2.5,167.7333333333248,0.2118736842105323,1,0,1,6,3,32,6,3,39,0,0,0,0,0,4,14,3,0
difficulty-easy,20260712,1,0.12,0.45,0.2,0.18,3,30,9,2758,3876985154,2236159759,true,false,858.0333333332103,879.0333333332103,9,8,7,180,26,8,3,14,58,50,8,14,8,0,0.13793103448275862,0.8620689655172413,24,3,167.7333333333248,0.19548580086245543,1,1,0,8,3,39,8,3,48,8,3,49,168.33333333318024,0.19618507439478386,6,11,2,0
difficulty-easy,20260712,1,0.12,0.45,0.2,0.18,3,30,9,2759,2810159094,194203532,false,false,867.3666666665351,888.3666666665351,9,8,7,179,21,6,3,10,48,40,8,10,8,0,0.16666666666666666,0.8333333333333334,19,2.375,167.7333333333248,0.1933822681680376,1,0,1,6,3,32,6,3,40,0,0,0,0,0,6,7,2,0
difficulty-easy,20260712,1,0.12,0.45,0.2,0.18,3,30,9,2760,970494186,1622227577,true,false,785.6333333332761,806.6333333332761,9,8,7,180,21,6,2,9,42,40,2,9,2,0,0.047619047619047616,0.9523809523809523,18,2.25,167.7333333333248,0.21350078492936103,1,1,0,5,2,27,6,2,38,6,2,39,89.69999999991842,0.11417539988959008,5,9,2,0
difficulty-easy,20260712,1,0.12,0.45,0.2,0.18,3,30,9,2761,3411775858,1500541115,true,false,797.3999999999321,818.3999999999321,9,8,7,180,25,8,3,5,43,39,4,5,4,0,0.09302325581395349,0.9069767441860465,20,2.5,167.7333333333248,0.21035030515843878,1,1,0,6,3,28,8,3,37,8,3,38,96.36666666657902,0.12085109940630452,5,14,2,0
difficulty-easy,20260712,1,0.12,0.45,0.2,0.18,3,30,9,2762,1076763953,1264326672,true,false,769.2333333332911,790.2333333332911,9,8,7,180,27,8,3,29,74,66,8,29,8,0,0.10810810810810811,0.8918918918918919,27,3.375,167.7333333333248,0.21805260649131258,1,1,0,8,3,49,8,3,63,8,3,65,81.13333333325954,0.10547298175663734,6,8,2,0
difficulty-easy,20260712,1,0.12,0.45,0.2,0.18,3,30,9,2763,3428672564,2455769995,true,false,775.0999999999524,796.0999999999524,9,8,7,180,22,6,3,9,52,41,11,9,11,0,0.21153846153846154,0.7884615384615384,19,2.375,167.7333333333248,0.21640218466434666,1,1,0,5,3,31,6,3,39,6,3,40,78.83333333326163,0.10170730658401042,5,9,3,0
difficulty-easy,20260712,1,0.12,0.45,0.2,0.18,3,30,9,2764,3960223387,2474799960,true,false,815.9333333332486,836.9333333332486,9,8,7,180,27,9,3,10,51,46,5,10,5,0,0.09803921568627451,0.9019607843137255,23,2.875,167.7333333333248,0.20557235068225616,1,1,0,7,3,38,8,3,45,8,3,45,113.63333333322998,0.13926791404515293,4,11,3,0
difficulty-easy,20260712,1,0.12,0.45,0.2,0.18,3,30,9,2765,879748375,595190413,true,false,823.2999999999086,844.2999999999086,9,8,7,180,24,7,3,12,50,46,4,12,4,0,0.08,0.92,18,2.25,167.7333333333248,0.20373294465364195,1,1,0,5,3,27,7,3,42,7,3,44,146.23333333320033,0.1776185270657313,4,7,2,0
difficulty-easy,20260712,1,0.12,0.45,0.2,0.18,3,30,9,2766,2745056265,1131386889,true,false,825.3999999999066,846.3999999999066,9,8,7,180,24,7,3,6,43,39,4,6,4,0,0.09302325581395349,0.9069767441860465,16,2,167.7333333333248,0.20321460302077024,1,1,0,4,3,27,7,3,38,7,3,38,135.7666666665432,0.16448590582330816,5,14,2,0
difficulty-easy,20260712,1,0.12,0.45,0.2,0.18,3,30,9,2767,243552388,3081985215,false,false,766.4333333332936,787.4333333332936,9,8,7,179,21,6,3,9,44,39,5,9,5,0,0.11363636363636363,0.8863636363636364,19,2.375,167.7333333333248,0.2188492149784719,1,0,1,5,3,32,6,3,39,0,0,0,0,0,3,4,2,0
difficulty-easy,20260712,1,0.12,0.45,0.2,0.18,3,30,9,2768,854771971,3437981784,true,false,778.2333333332829,799.2333333332829,9,8,7,180,22,7,3,9,44,40,4,9,4,0,0.09090909090909091,0.9090909090909091,18,2.25,167.7333333333248,0.21553090332805372,1,1,0,5,3,29,6,3,39,6,3,39,102.03333333324053,0.13110892191705206,3,7,2,0
difficulty-easy,20260712,1,0.12,0.45,0.2,0.18,3,30,9,2769,1413795930,1714884151,true,false,814.0666666665836,835.0666666665836,9,8,7,180,24,7,2,17,63,51,12,17,12,0,0.19047619047619047,0.8095238095238095,22,2.75,167.7333333333248,0.2060437310621676,1,1,0,6,2,44,7,2,50,7,2,50,112.93333333323062,0.1387273769550923,5,9,2,0
difficulty-easy,20260712,1,0.12,0.45,0.2,0.18,3,30,9,2770,2989653358,2370655850,false,false,785.4999999999429,806.4999999999429,9,8,7,179,23,7,2,17,55,48,7,17,7,0,0.12727272727272726,0.8727272727272727,17,2.125,167.7333333333248,0.21353702524931506,1,0,1,5,2,28,6,2,47,0,0,0,0,0,5,14,3,0
difficulty-easy,20260712,1,0.12,0.45,0.2,0.18,3,30,9,2771,1128003727,534853344,false,false,792.2999999999367,813.2999999999367,9,8,7,179,30,9,3,26,73,66,7,26,7,0,0.0958904109589041,0.9041095890410958,27,3.375,167.7333333333248,0.2117043207539293,1,0,1,8,3,57,9,3,65,0,0,0,0,0,6,8,3,0
difficulty-easy,20260712,1,0.12,0.45,0.2,0.18,3,30,9,2772,2085168637,3629041915,true,false,800.3333333332628,821.3333333332628,9,8,7,180,18,5,3,9,41,36,5,9,5,0,0.12195121951219512,0.8780487804878049,16,2,167.7333333333248,0.20957934194086578,1,1,0,4,3,30,5,3,35,5,3,35,117.83333333322616,0.14723032069958752,6,14,2,0
difficulty-easy,20260712,1,0.12,0.45,0.2,0.18,3,30,9,2773,1967252721,212495151,true,false,835.8999999998971,856.8999999998971,9,8,7,180,24,7,3,15,58,49,9,15,9,0,0.15517241379310345,0.8448275862068966,24,3,167.7333333333248,0.20066196115964283,1,1,0,7,3,42,7,3,47,7,3,48,156.66666666652418,0.18742273796691405,3,3,2,0
difficulty-easy,20260712,1,0.12,0.45,0.2,0.18,3,30,9,2774,1518657738,1161734509,true,false,813.5999999999174,834.5999999999174,9,8,7,180,25,8,3,11,52,45,7,11,7,0,0.1346153846153846,0.8653846153846154,21,2.625,167.7333333333248,0.20616191412652635,1,1,0,6,3,34,7,3,43,7,3,44,126.33333333321843,0.15527695837417804,5,6,2,0
difficulty-easy,20260712,1,0.12,0.45,0.2,0.18,3,30,9,2775,3523801145,1148544868,true,false,803.6333333332598,824.6333333332598,9,8,7,180,27,8,3,20,66,57,9,20,9,0,0.13636363636363635,0.8636363636363636,27,3.375,167.7333333333248,0.20871873574184763,1,1,0,8,3,45,8,3,56,8,3,56,110.89999999989914,0.1379982579118702,6,11,4,0
difficulty-easy,20260712,1,0.12,0.45,0.2,0.18,3,30,9,2776,3852508258,2947049677,true,false,778.133333333283,799.133333333283,9,8,7,180,20,6,3,4,41,34,7,4,7,0,0.17073170731707318,0.8292682926829268,18,2.25,167.7333333333248,0.21555860178204547,1,1,0,5,3,28,6,3,31,6,3,32,81.96666666659212,0.10533755997249497,6,10,2,0
difficulty-easy,20260712,1,0.12,0.45,0.2,0.18,3,30,9,2777,3802670486,1145112356,true,false,795.633333333267,816.633333333267,9,8,7,180,26,7,3,13,56,49,7,13,7,0,0.125,0.875,22,2.75,167.7333333333248,0.21081737818929,1,1,0,7,3,33,7,3,49,7,3,49,94.69999999991387,0.11902467635835824,6,10,3,0
difficulty-easy,20260712,1,0.12,0.45,0.2,0.18,3,30,9,2778,1171839706,1542375395,true,false,814.6999999999164,835.6999999999164,9,8,7,180,26,7,3,14,57,50,7,14,7,0,0.12280701754385964,0.8771929824561403,24,3,167.7333333333248,0.20588355631931018,1,1,0,7,3,42,7,3,48,7,3,49,121.16666666655647,0.14872550222973965,4,5,3,0
difficulty-easy,20260712,1,0.12,0.45,0.2,0.18,3,30,9,2779,1652292704,4267470327,true,false,784.5333333332771,805.5333333332771,9,8,7,180,26,8,3,14,56,50,6,14,6,0,0.10714285714285714,0.8928571428571429,19,2.375,167.7333333333248,0.2138001359619351,1,1,0,5,2,37,8,3,49,8,3,49,102.33333333324026,0.13043847722626734,3,7,2,0
difficulty-easy,20260712,1,0.12,0.45,0.2,0.18,3,30,9,2780,1340362265,1305710756,true,false,780.4333333332809,801.4333333332809,9,8,7,180,25,8,3,3,41,37,4,3,4,0,0.0975609756097561,0.9024390243902439,17,2.125,167.7333333333248,0.2149233331909658,1,1,0,5,3,26,7,3,36,7,3,36,111.43333333323199,0.14278392346120464,2,5,2,0
difficulty-easy,20260712,1,0.12,0.45,0.2,0.18,3,30,9,2781,3798678443,917028908,true,false,831.9999999999006,852.9999999999006,9,8,7,180,29,9,3,15,63,54,9,15,9,0,0.14285714285714285,0.8571428571428571,26,3.25,167.7333333333248,0.2016025641025779,1,1,0,8,3,40,9,3,52,9,3,52,155.6666666665251,0.18709935897421115,2,4,5,0
difficulty-easy,20260712,1,0.12,0.45,0.2,0.18,3,30,9,2782,2583842723,3365799862,true,false,804.3999999999257,825.3999999999257,9,8,7,180,26,8,3,23,64,58,6,23,6,0,0.09375,0.90625,25,3.125,167.7333333333248,0.2085198077241923,1,1,0,7,3,48,7,3,55,7,3,57,99.23333333324308,0.12336316923576858,4,10,3,0
difficulty-easy,20260712,1,0.12,0.45,0.2,0.18,3,30,9,2783,2345303789,3833483613,true,false,808.2333333332556,829.2333333332556,9,8,7,180,23,7,3,6,47,38,9,6,9,0,0.19148936170212766,0.8085106382978723,21,2.625,167.7333333333248,0.20753082855611943,1,1,0,6,3,32,7,3,37,7,3,37,129.2999999998824,0.15997855404779335,6,11,3,0
difficulty-easy,20260712,1,0.12,0.45,0.2,0.18,3,30,9,2784,1184868556,1665796607,true,false,763.4666666666296,784.4666666666296,9,8,7,180,23,7,3,7,42,39,3,7,3,0,0.07142857142857142,0.9285714285714286,17,2.125,167.7333333333248,0.2196996157876348,1,1,0,5,3,28,6,3,36,6,3,38,79.63333333326091,0.10430492490385711,5,10,2,0
difficulty-easy,20260712,1,0.12,0.45,0.2,0.18,3,30,9,2785,44969970,1634259932,false,false,816.3333333332482,837.3333333332482,9,8,7,179,24,7,3,24,60,56,4,24,4,0,0.06666666666666667,0.9333333333333333,22,2.75,167.7333333333248,0.20547162106983538,1,0,1,6,3,43,7,3,56,0,0,0,0,0,3,5,2,0
difficulty-easy,20260712,1,0.12,0.45,0.2,0.18,3,30,9,2786,3547184103,3464909742,true,false,789.8999999999389,810.8999999999389,9,8,7,180,22,7,3,11,48,43,5,11,5,0,0.10416666666666667,0.8958333333333334,22,2.75,167.7333333333248,0.21234755454277474,1,1,0,7,3,40,7,3,42,7,3,42,117.73333333322626,0.1490484027512791,3,7,2,0
difficulty-easy,20260712,1,0.12,0.45,0.2,0.18,3,30,9,2787,1699901364,1554363000,false,false,855.4999999998793,876.4999999998793,9,8,7,179,25,7,3,20,63,55,8,20,8,0,0.12698412698412698,0.873015873015873,22,2.75,167.7333333333248,0.19606467952466214,1,0,1,6,3,43,7,3,55,0,0,0,0,0,5,10,2,0
difficulty-easy,20260712,1,0.12,0.45,0.2,0.18,3,30,9,2788,724134885,3739252547,true,false,842.0999999998915,863.0999999998915,9,8,7,180,24,7,3,7,48,41,7,7,7,0,0.14583333333333334,0.8541666666666666,20,2.5,167.7333333333248,0.19918457823696284,1,1,0,6,3,31,7,3,40,7,3,40,152.16666666652827,0.18069904603556333,6,11,3,0
difficulty-easy,20260712,1,0.12,0.45,0.2,0.18,3,30,9,2789,3767892949,1819564763,true,false,812.5999999999183,833.5999999999183,9,8,7,180,24,8,3,12,50,45,5,12,5,0,0.1,0.9,18,2.25,167.7333333333248,0.20641562064157232,1,1,0,6,3,28,7,3,43,7,3,44,114.49999999989586,0.14090573467869477,6,11,3,0
difficulty-easy,20260712,1,0.12,0.45,0.2,0.18,3,30,9,2790,1121229109,3953930399,true,false,846.7333333332206,867.7333333332206,9,8,7,180,25,8,3,6,50,41,9,6,9,0,0.18,0.82,20,2.5,167.7333333333248,0.1980946382174795,1,1,0,6,3,33,8,3,39,8,3,40,158.66666666652236,0.1873868199352927,5,5,3,0
difficulty-easy,20260712,1,0.12,0.45,0.2,0.18,3,30,9,2791,3275200854,501334478,true,false,828.6666666665703,849.6666666665703,9,8,7,180,23,7,3,20,58,53,5,20,5,0,0.08620689655172414,0.9137931034482759,21,2.625,167.7333333333248,0.2024135156878652,1,1,0,6,3,46,7,3,52,7,3,52,137.83333333320797,0.16633145615433306,5,7,2,0
difficulty-easy,20260712,1,0.12,0.45,0.2,0.18,3,30,9,2792,3985475808,3027163139,false,false,836.4666666665632,857.4666666665632,9,8,7,179,27,8,3,10,52,47,5,10,5,0,0.09615384615384616,0.9038461538461539,23,2.875,167.7333333333248,0.20052602215670542,1,0,1,7,3,32,8,3,47,0,0,0,0,0,3,6,3,0
difficulty-easy,20260712,1,0.12,0.45,0.2,0.18,3,30,9,2793,834398132,810778026,true,false,759.3666666666334,780.3666666666334,9,8,7,180,25,8,3,7,48,41,7,7,7,0,0.14583333333333334,0.8541666666666666,19,2.375,167.7333333333248,0.22088582590755299,1,1,0,5,3,31,7,3,39,7,3,40,59.79999999994561,0.0787498353890719,4,14,2,0
difficulty-easy,20260712,1,0.12,0.45,0.2,0.18,3,30,9,2794,367822341,2519514097,true,false,789.2666666666062,810.2666666666062,9,8,7,180,22,7,3,7,48,38,10,7,10,0,0.20833333333333334,0.7916666666666666,18,2.25,167.7333333333248,0.21251794915111621,1,1,0,5,3,33,6,3,37,6,3,37,117.73333333322626,0.14916800405427225,2,7,2,0
difficulty-easy,20260712,1,0.12,0.45,0.2,0.18,3,30,9,2795,1110090291,215945819,false,false,848.6666666665521,869.6666666665521,9,8,7,179,19,5,2,4,40,33,7,4,7,0,0.175,0.825,14,1.75,167.7333333333248,0.1976433621367016,1,0,1,4,2,23,5,2,33,0,0,0,0,0,3,4,2,0
difficulty-easy,20260712,1,0.12,0.45,0.2,0.18,3,30,9,2796,1559314464,2853402427,true,false,815.5666666665823,836.5666666665823,9,8,7,180,24,8,3,6,41,39,2,6,2,0,0.04878048780487805,0.9512195121951219,19,2.375,167.7333333333248,0.20566477295950727,1,1,0,6,3,28,6,3,36,7,3,38,127.46666666655074,0.15629214860820362,6,11,2,0
difficulty-easy,20260712,1,0.12,0.45,0.2,0.18,3,30,9,2797,4038694622,3066763551,true,false,801.9999999999279,822.9999999999279,9,8,7,180,23,6,3,5,45,37,8,5,8,0,0.17777777777777778,0.8222222222222222,21,2.625,167.7333333333248,0.20914380714880282,1,1,0,6,3,32,6,3,37,6,3,37,120.53333333322371,0.15029093931824755,2,7,3,0
difficulty-easy,20260712,1,0.12,0.45,0.2,0.18,3,30,9,2798,3039183538,3630886907,false,false,798.1666666665981,819.1666666665981,9,8,7,179,27,8,3,13,57,50,7,13,7,0,0.12280701754385964,0.8771929824561403,24,3,167.7333333333248,0.21014825642097207,1,0,1,7,3,39,8,3,48,0,0,0,0,0,6,9,3,0
difficulty-easy,20260712,1,0.12,0.45,0.2,0.18,3,30,9,2799,710959395,586836307,false,false,784.0999999999442,805.0999999999442,9,8,7,179,18,5,2,15,49,43,6,15,6,0,0.12244897959183673,0.8775510204081632,18,2.25,167.7333333333248,0.21391829273477456,1,0,1,5,2,35,5,2,43,0,0,0,0,0,4,5,2,0
difficulty-easy,20260712,1,0.12,0.45,0.2,0.18,3,30,9,2800,3643587639,3074647789,false,false,798.8333333332641,819.8333333332641,9,8,7,179,25,7,3,5,41,39,2,5,2,0,0.04878048780487805,0.9512195121951219,20,2.5,167.7333333333248,0.20997287711246315,1,0,1,5,3,32,7,3,39,0,0,0,0,0,5,11,1,0
difficulty-easy,20260712,1,0.12,0.45,0.2,0.18,3,30,9,2801,3693170207,2053155519,true,false,766.1999999999605,787.1999999999605,9,8,7,180,22,7,3,10,47,42,5,10,5,0,0.10638297872340426,0.8936170212765957,17,2.125,167.7333333333248,0.2189158618289395,1,1,0,5,3,33,6,3,39,6,3,40,80.99999999992633,0.10571652310092731,5,8,2,0
difficulty-easy,20260712,1,0.12,0.45,0.2,0.18,3,30,9,2802,2755298439,3765478029,false,false,924.0999999998169,945.0999999998169,9,8,7,179,26,8,3,8,49,44,5,8,5,0,0.10204081632653061,0.8979591836734694,24,3,167.7333333333248,0.1815099375969679,1,0,1,8,3,36,8,3,42,0,0,0,0,0,5,11,2,0
difficulty-easy,20260712,1,0.12,0.45,0.2,0.18,3,30,9,2803,1782352687,1772577135,true,false,812.1666666665853,833.1666666665853,9,8,7,180,24,7,3,11,48,45,3,11,3,0,0.0625,0.9375,19,2.375,167.7333333333248,0.20652575415556115,1,1,0,5,2,38,7,3,44,7,3,44,113.8333333332298,0.1401600656678529,5,11,2,0
difficulty-easy,20260712,1,0.12,0.45,0.2,0.18,3,30,9,2804,2827730532,3926220501,true,false,774.2999999999531,795.2999999999531,9,8,7,180,23,7,3,7,46,40,6,7,6,0,0.13043478260869565,0.8695652173913043,22,2.75,167.7333333333248,0.2166257695122497,1,1,0,7,3,35,7,3,39,7,3,39,102.56666666657338,0.1324637306813633,2,7,3,0
difficulty-easy,20260712,1,0.12,0.45,0.2,0.18,3,30,9,2805,3018921930,1801119133,false,false,791.2666666666044,812.2666666666044,9,8,7,179,22,7,3,4,41,34,7,4,7,0,0.17073170731707318,0.8292682926829268,17,2.125,167.7333333333248,0.2119807902940492,1,0,1,5,3,26,6,3,31,0,0,0,0,0,4,9,2,0
difficulty-easy,20260712,1,0.12,0.45,0.2,0.18,3,30,9,2806,3846078887,16917134,true,false,865.2333333332037,886.2333333332037,9,8,7,180,18,5,2,4,40,31,9,4,9,0,0.225,0.775,14,1.75,167.7333333333248,0.19385907462343482,1,1,0,4,2,24,5,2,30,5,2,31,159.36666666652172,0.18418923604408705,4,14,3,0
difficulty-easy,20260712,1,0.12,0.45,0.2,0.18,3,30,9,2807,3551815627,2910197135,true,false,827.3999999999048,848.3999999999048,9,8,7,180,21,6,3,14,51,45,6,14,6,0,0.11764705882352941,0.8823529411764706,20,2.5,167.7333333333248,0.20272339054066243,1,1,0,6,3,35,6,3,43,6,3,45,125.59999999988577,0.15180082185146268,5,11,2,0
difficulty-easy,20260712,1,0.12,0.45,0.2,0.18,3,30,9,2808,3297852539,696749625,true,false,828.7333333332369,849.7333333332369,9,8,7,180,26,7,3,31,73,67,6,31,6,0,0.0821917808219178,0.9178082191780822,25,3.125,167.7333333333248,0.20239723272465324,1,1,0,7,3,54,7,3,62,7,3,63,134.49999999987767,0.16229587322004663,5,8,3,0
difficulty-easy,20260712,1,0.12,0.45,0.2,0.18,3,30,9,2809,3602105999,3297149265,true,false,794.0666666666018,815.0666666666018,9,8,7,180,17,5,3,1,31,28,3,1,3,0,0.0967741935483871,0.9032258064516129,11,1.375,167.7333333333248,0.21123331374360485,1,1,0,3,2,18,5,3,27,5,3,27,97.86666666657766,0.12324741835268112,5,13,2,0
difficulty-easy,20260712,1,0.12,0.45,0.2,0.18,3,30,9,2810,2277153910,3225827144,false,false,844.3333333332228,865.3333333332228,9,8,7,179,25,7,2,14,56,48,8,14,8,0,0.14285714285714285,0.8571428571428571,19,2.375,167.7333333333248,0.19865771812082128,1,0,1,5,2,34,7,2,48,0,0,0,0,0,3,5,2,0
difficulty-easy,20260712,1,0.12,0.45,0.2,0.18,3,30,9,2811,1039590506,1542853378,true,false,813.0666666665845,834.0666666665845,9,8,7,180,24,7,3,13,50,46,4,13,4,0,0.08,0.92,21,2.625,167.7333333333248,0.20629714660545476,1,1,0,6,3,39,7,3,45,7,3,46,108.3333333332348,0.13324040669061055,5,14,2,0
difficulty-easy,20260712,1,0.12,0.45,0.2,0.18,3,30,9,2812,4178283018,862995625,true,false,783.4333333332781,804.4333333332781,9,8,7,180,22,7,3,8,44,40,4,8,4,0,0.09090909090909091,0.9090909090909091,18,2.25,167.7333333333248,0.2141003276177551,1,1,0,5,3,28,7,3,38,7,3,38,107.86666666656856,0.13768455090827916,3,7,3,0
difficulty-easy,20260712,1,0.12,0.45,0.2,0.18,3,30,9,2813,901533536,2273612137,true,false,843.6666666665567,864.6666666665567,9,8,7,180,23,7,3,7,48,40,8,7,8,0,0.16666666666666666,0.8333333333333334,21,2.625,167.7333333333248,0.19881469774794153,1,1,0,7,3,34,7,3,40,7,3,40,145.9333333332006,0.17297510865257168,5,10,2,0
difficulty-easy,20260712,1,0.12,0.45,0.2,0.18,3,30,9,2814,3679871750,3463471839,false,false,809.3333333332546,830.3333333332546,9,8,7,179,29,9,3,19,66,58,8,19,8,0,0.12121212121212122,0.8787878787878788,27,3.375,167.7333333333248,0.20724876441516613,1,0,1,8,3,51,9,3,58,0,0,0,0,0,5,8,3,0
difficulty-easy,20260712,1,0.12,0.45,0.2,0.18,3,30,9,2815,2830749403,2244155972,true,false,837.7666666665621,858.7666666665621,9,8,7,180,17,5,3,0,30,26,4,0,4,0,0.13333333333333333,0.8666666666666667,14,1.75,167.7333333333248,0.20021485696098246,1,1,0,4,3,23,5,3,25,5,3,25,132.79999999987922,0.15851669120267672,5,11,2,0
difficulty-easy,20260712,1,0.12,0.45,0.2,0.18,3,30,9,2816,4044898969,2461704456,true,false,793.866666666602,814.866666666602,9,8,7,180,23,7,3,17,55,50,5,17,5,0,0.09090909090909091,0.9090909090909091,19,2.375,167.7333333333248,0.2112865300638291,1,1,0,6,3,31,7,3,47,7,3,49,101.79999999990741,0.128233120591093,6,13,3,0
difficulty-easy,20260712,1,0.12,0.45,0.2,0.18,3,30,9,2817,3524958828,310564025,true,false,817.733333333247,838.733333333247,9,8,7,180,24,7,3,10,47,43,4,10,4,0,0.0851063829787234,0.9148936170212766,20,2.5,167.7333333333248,0.20511984346976503,1,1,0,6,3,35,6,3,41,7,3,42,122.29999999988877,0.14955975868241686,5,8,2,0
difficulty-easy,20260712,1,0.12,0.45,0.2,0.18,3,30,9,2818,1000266474,2229543015,false,false,772.8333333332878,793.8333333332878,9,8,7,179,23,7,3,8,47,39,8,8,8,0,0.1702127659574468,0.8297872340425532,18,2.25,167.7333333333248,0.2170368772913539,1,0,1,5,3,30,7,3,39,0,0,0,0,0,3,7,2,0
difficulty-easy,20260712,1,0.12,0.45,0.2,0.18,3,30,9,2819,3248645987,2981917625,true,false,825.4999999999065,846.4999999999065,9,8,7,180,27,8,3,13,55,50,5,13,5,0,0.09090909090909091,0.9090909090909091,23,2.875,167.7333333333248,0.20318998586716389,1,1,0,7,3,38,8,3,48,8,3,49,144.7999999998683,0.17540884312523888,5,5,3,0
difficulty-easy,20260712,1,0.12,0.45,0.2,0.18,3,30,9,2820,2563762725,81179506,true,false,825.8999999999062,846.8999999999062,9,8,7,180,20,6,3,13,51,43,8,13,8,0,0.1568627450980392,0.8431372549019608,19,2.375,167.7333333333248,0.20309157686565424,1,1,0,5,2,35,5,2,40,5,2,41,134.7333333332108,0.16313516567771655,6,11,2,0
difficulty-easy,20260712,1,0.12,0.45,0.2,0.18,3,30,9,2821,2489665356,2547652943,true,false,764.0666666666291,785.0666666666291,9,8,7,180,20,6,3,3,36,32,4,3,4,0,0.1111111111111111,0.8888888888888888,11,1.375,167.7333333333248,0.2195270918767992,1,1,0,3,3,20,4,3,27,6,3,31,78.69999999992842,0.10300148329107271,6,8,3,0
difficulty-easy,20260712,1,0.12,0.45,0.2,0.18,3,30,9,2822,3788986561,3435092656,true,false,808.1333333332557,829.1333333332557,9,8,7,180,26,8,3,18,65,54,11,18,11,0,0.16923076923076924,0.8307692307692308,24,3,167.7333333333248,0.20755650882693563,1,1,0,7,3,45,8,3,54,8,3,54,109.3999999999005,0.13537370070934376,5,9,3,0
difficulty-easy,20260712,1,0.12,0.45,0.2,0.18,3,30,9,2823,154687350,1346200063,false,false,854.4333333332136,875.4333333332136,9,8,7,179,24,7,3,13,56,47,9,13,9,0,0.16071428571428573,0.8392857142857143,22,2.75,167.7333333333248,0.19630944485625754,1,0,1,6,3,39,7,3,47,0,0,0,0,0,6,11,3,0
difficulty-easy,20260712,1,0.12,0.45,0.2,0.18,3,30,9,2824,2833792355,2946586517,true,false,814.6999999999164,835.6999999999164,9,8,7,180,18,6,3,2,32,29,3,2,3,0,0.09375,0.90625,14,1.75,167.7333333333248,0.20588355631931018,1,1,0,4,3,23,5,3,28,5,3,28,110.79999999989923,0.1360009819564387,5,11,2,0
difficulty-easy,20260712,1,0.12,0.45,0.2,0.18,3,30,9,2825,436860347,2364961185,true,false,845.7666666665548,866.7666666665548,9,8,7,180,30,9,3,23,73,63,10,23,10,0,0.136986301369863,0.863013698630137,27,3.375,167.7333333333248,0.1983210499349864,1,1,0,8,3,48,9,3,61,9,3,62,147.0666666665329,0.17388562645318137,4,13,3,0
difficulty-easy,20260712,1,0.12,0.45,0.2,0.18,3,30,9,2826,2829791073,4061761491,true,false,809.0999999999215,830.0999999999215,9,8,7,180,27,8,3,16,56,52,4,16,4,0,0.07142857142857142,0.9285714285714286,22,2.75,167.7333333333248,0.20730853211388095,1,1,0,6,3,39,7,3,50,8,3,51,109.3333333332339,0.13512956783246138,6,10,2,0
difficulty-easy,20260712,1,0.12,0.45,0.2,0.18,3,30,9,2827,1201725204,98733120,true,false,829.9999999999025,850.9999999999025,9,8,7,180,24,7,3,19,60,53,7,19,7,0,0.11666666666666667,0.8833333333333333,21,2.625,167.7333333333248,0.20208835341366807,1,1,0,6,3,39,7,3,49,7,3,50,135.73333333320988,0.16353413654605523,4,5,2,0
difficulty-easy,20260712,1,0.12,0.45,0.2,0.18,3,30,9,2828,2220897329,3679040796,false,false,826.099999999906,847.099999999906,9,8,7,179,24,7,3,15,57,49,8,15,8,0,0.14035087719298245,0.8596491228070176,22,2.75,167.7333333333248,0.20304240810234098,1,0,1,6,3,40,7,3,48,0,0,0,0,0,2,4,3,0
difficulty-easy,20260712,1,0.12,0.45,0.2,0.18,3,30,9,2829,687100164,90192094,false,false,818.5333333332462,839.5333333332462,9,8,7,179,21,6,2,16,53,47,6,16,6,0,0.11320754716981132,0.8867924528301887,21,2.625,167.7333333333248,0.20491936797525165,1,0,1,6,2,43,6,2,47,0,0,0,0,0,4,5,2,0
difficulty-easy,20260712,1,0.12,0.45,0.2,0.18,3,30,9,2830,407257528,3606174261,false,false,860.6999999998745,881.6999999998745,9,8,7,179,24,7,3,5,45,39,6,5,6,0,0.13333333333333333,0.8666666666666667,22,2.75,167.7333333333248,0.1948801363231663,1,0,1,7,3,33,7,3,38,0,0,0,0,0,5,10,2,0
difficulty-easy,20260712,1,0.12,0.45,0.2,0.18,3,30,9,2831,3842317487,1186816624,false,false,785.2999999999431,806.2999999999431,9,8,7,179,28,8,3,12,53,50,3,12,3,0,0.05660377358490566,0.9433962264150944,23,2.875,167.7333333333248,0.21359140880343427,1,0,1,6,3,41,8,3,50,0,0,0,0,0,6,11,2,0
difficulty-easy,20260712,1,0.12,0.45,0.2,0.18,3,30,9,2832,800969809,1162435889,true,false,811.799999999919,832.799999999919,9,8,7,180,27,8,3,8,49,45,4,8,4,0,0.08163265306122448,0.9183673469387755,21,2.625,167.7333333333248,0.20661903588733865,1,1,0,6,3,34,8,3,43,8,3,44,120.79999999989013,0.14880512441476001,5,13,2,0
difficulty-easy,20260712,1,0.12,0.45,0.2,0.18,3,30,9,2833,909194270,2857288479,false,false,842.6333333332243,863.6333333332243,9,8,7,179,28,8,3,11,54,48,6,11,6,0,0.1111111111111111,0.8888888888888888,24,3,167.7333333333248,0.19905850706121267,1,0,1,7,3,41,8,3,48,0,0,0,0,0,2,5,3,0
difficulty-easy,20260712,1,0.12,0.45,0.2,0.18,3,30,9,2834,14005604,3365002335,true,false,748.2666666666435,769.2666666666435,9,8,7,180,22,7,3,8,45,39,6,8,6,0,0.13333333333333333,0.8666666666666667,21,2.625,167.7333333333248,0.22416250890947523,1,1,0,6,3,34,6,3,38,6,3,38,60.53333333327828,0.08089807555231668,6,11,3,0
difficulty-easy,20260712,1,0.12,0.45,0.2,0.18,3,30,9,2835,189735902,3594922616,true,false,781.5666666666132,802.5666666666132,9,8,7,180,19,6,3,3,35,30,5,3,5,0,0.14285714285714285,0.8571428571428571,11,1.375,167.7333333333248,0.2146116774000976,1,1,0,3,3,19,5,3,29,5,3,29,96.69999999991205,0.12372584978878151,3,5,3,0
difficulty-easy,20260712,1,0.12,0.45,0.2,0.18,3,30,9,2836,3281506882,1738642697,false,false,789.2999999999395,810.2999999999395,9,8,7,179,22,6,3,14,46,45,1,14,1,0,0.021739130434782608,0.9782608695652174,20,2.5,167.7333333333248,0.21250897419655093,1,0,1,6,3,37,6,3,44,0,0,0,0,0,5,14,2,0
difficulty-easy,20260712,1,0.12,0.45,0.2,0.18,3,30,9,2837,3695481226,2725791192,true,false,768.0333333332921,789.0333333332921,9,8,7,180,25,7,2,9,51,44,7,9,7,0,0.13725490196078433,0.8627450980392157,21,2.625,167.7333333333248,0.21839329890195797,1,1,0,6,2,35,7,2,41,7,2,43,81.53333333325918,0.1061585868667986,6,8,4,0
difficulty-easy,20260712,1,0.12,0.45,0.2,0.18,3,30,9,2838,3826339365,2363767256,false,false,870.1999999998659,891.1999999998659,9,8,7,179,27,8,3,8,52,45,7,8,7,0,0.1346153846153846,0.8653846153846154,21,2.625,167.7333333333248,0.1927526239178932,1,0,1,6,3,34,8,3,45,0,0,0,0,0,5,14,2,0
difficulty-easy,20260712,1,0.12,0.45,0.2,0.18,3,30,9,2839,577714514,932557684,false,false,852.2333333332156,873.2333333332156,9,8,7,179,24,7,3,11,46,45,1,11,1,0,0.021739130434782608,0.9782608695652174,18,2.25,167.7333333333248,0.1968162083936496,1,0,1,5,3,32,7,3,45,0,0,0,0,0,5,11,1,0
difficulty-easy,20260712,1,0.12,0.45,0.2,0.18,3,30,9,2840,2924646717,2790875212,true,false,810.8666666665865,831.8666666665865,9,8,7,180,21,6,3,3,45,34,11,3,11,0,0.24444444444444444,0.7555555555555555,17,2.125,167.7333333333248,0.20685686097180964,1,1,0,5,3,26,6,3,33,6,3,34,118.86666666655856,0.146592123653585,5,13,3,0
difficulty-easy,20260712,1,0.12,0.45,0.2,0.18,3,30,9,2841,1902721859,1279035668,true,false,793.1999999999359,814.1999999999359,9,8,7,180,27,8,3,5,47,41,6,5,6,0,0.1276595744680851,0.8723404255319149,24,3,167.7333333333248,0.21146411161540385,1,1,0,7,3,35,7,3,37,7,3,37,84.46666666658984,0.10648848545965288,4,10,3,0
difficulty-easy,20260712,1,0.12,0.45,0.2,0.18,3,30,9,2842,2483875248,1364258107,false,false,844.3999999998894,865.3999999998894,9,8,7,179,29,8,3,21,65,58,7,21,7,0,0.1076923076923077,0.8923076923076924,26,3.25,167.7333333333248,0.19864203379126807,1,0,1,7,3,50,7,3,57,0,0,0,0,0,5,6,2,0
difficulty-easy,20260712,1,0.12,0.45,0.2,0.18,3,30,9,2843,122202428,2404153426,false,false,831.4666666665678,852.4666666665678,9,8,7,179,30,9,3,25,70,64,6,25,6,0,0.08571428571428572,0.9142857142857143,25,3.125,167.7333333333248,0.20173187940989185,1,0,1,7,3,50,9,3,64,0,0,0,0,0,3,5,3,0
difficulty-easy,20260712,1,0.12,0.45,0.2,0.18,3,30,9,2844,4083504959,1198427605,false,false,828.6999999999036,849.6999999999036,9,8,7,179,23,7,3,14,54,47,7,14,7,0,0.12962962962962962,0.8703703703703703,21,2.625,167.7333333333248,0.20240537387877916,1,0,1,6,3,39,7,3,46,0,0,0,0,0,3,5,2,0
difficulty-easy,20260712,1,0.12,0.45,0.2,0.18,3,30,9,2845,3230576950,3542278644,true,false,779.4999999999484,800.4999999999484,9,8,7,180,18,5,3,4,38,32,6,4,6,0,0.15789473684210525,0.8421052631578947,15,1.875,167.7333333333248,0.21518067137053995,1,1,0,5,3,27,5,3,32,5,3,32,96.73333333324535,0.12409664314721201,2,5,2,0
difficulty-easy,20260712,1,0.12,0.45,0.2,0.18,3,30,9,2846,3052422526,1467079402,true,false,810.0666666665873,831.0666666665873,9,8,7,180,27,9,3,9,55,45,10,9,10,0,0.18181818181818182,0.8181818181818182,23,2.875,167.7333333333248,0.20706114723069036,1,1,0,7,3,35,8,3,44,8,3,44,132.03333333321325,0.16299070035374807,5,5,3,0
difficulty-easy,20260712,1,0.12,0.45,0.2,0.18,3,30,9,2847,2869850910,1506917609,false,false,803.7999999999263,824.7999999999263,9,8,7,179,26,8,3,9,46,44,2,9,2,0,0.043478260869565216,0.9565217391304348,21,2.625,167.7333333333248,0.20867545824003506,1,0,1,6,3,36,7,3,42,0,0,0,0,0,6,13,2,0
difficulty-easy,20260712,1,0.12,0.45,0.2,0.18,3,30,9,2848,3895012506,3029949638,false,false,794.2666666666016,815.2666666666016,9,8,7,179,23,6,3,11,51,44,7,11,7,0,0.13725490196078433,0.8627450980392157,21,2.625,167.7333333333248,0.21118012422360902,1,0,1,6,3,37,6,3,44,0,0,0,0,0,5,7,2,0
difficulty-easy,20260712,1,0.12,0.45,0.2,0.18,3,30,9,2849,2829386306,3139268090,false,false,799.2333333332638,820.2333333332638,9,8,7,179,24,6,3,13,53,47,6,13,6,0,0.11320754716981132,0.8867924528301887,20,2.5,167.7333333333248,0.20986778996539107,1,0,1,5,3,35,6,3,46,0,0,0,0,0,5,10,2,0
difficulty-easy,20260712,1,0.12,0.45,0.2,0.18,3,30,9,2850,1882902161,3635716634,true,false,818.1333333332466,839.1333333332466,9,8,7,180,24,7,3,7,47,41,6,7,6,0,0.1276595744680851,0.8723404255319149,18,2.25,167.7333333333248,0.20501955671448327,1,1,0,5,3,28,7,3,39,7,3,40,117.53333333322644,0.14366036505855473,5,11,2,0
difficulty-easy,20260712,1,0.12,0.45,0.2,0.18,3,30,9,2851,1151430065,3005304205,true,false,775.3999999999521,796.3999999999521,9,8,7,180,20,6,3,1,35,30,5,1,5,0,0.14285714285714285,0.8571428571428571,16,2,167.7333333333248,0.21631845928983126,1,1,0,5,3,23,6,3,29,6,3,30,82.9333333332579,0.10695554982365621,5,9,2,0
difficulty-easy,20260712,1,0.12,0.45,0.2,0.18,3,30,9,2852,2906687835,763092424,false,false,836.7333333332297,857.7333333332297,9,8,7,179,27,8,3,17,61,54,7,17,7,0,0.11475409836065574,0.8852459016393442,23,2.875,167.7333333333248,0.20046211457255866,1,0,1,7,3,39,8,3,54,0,0,0,0,0,3,5,3,0
difficulty-easy,20260712,1,0.12,0.45,0.2,0.18,3,30,9,2853,1110811358,1226677148,true,false,777.7666666666166,798.7666666666166,9,8,7,180,27,8,3,17,58,54,4,17,4,0,0.06896551724137931,0.9310344827586207,22,2.75,167.7333333333248,0.21566022371748458,1,1,0,6,3,41,8,3,49,8,3,53,88.29999999991969,0.1135301932883796,5,11,2,0
difficulty-easy,20260712,1,0.12,0.45,0.2,0.18,3,30,9,2854,1985651222,1751427452,true,false,809.3666666665879,830.3666666665879,9,8,7,180,28,8,3,10,52,47,5,10,5,0,0.09615384615384616,0.9038461538461539,24,3,167.7333333333248,0.20724022898563624,1,1,0,7,3,37,8,3,46,8,3,47,108.99999999990087,0.13467320126837215,6,8,2,0
difficulty-easy,20260712,1,0.12,0.45,0.2,0.18,3,30,9,2855,3379405947,1892294719,true,false,791.666666666604,812.666666666604,9,8,7,180,18,5,3,5,43,33,10,5,10,0,0.23255813953488372,0.7674418604651163,14,1.75,167.7333333333248,0.2118736842105323,1,1,0,4,3,24,5,3,32,5,3,32,88.29999999991969,0.11153684210517055,5,11,2,0
difficulty-easy,20260712,1,0.12,0.45,0.2,0.18,3,30,9,2856,1319267054,4116020686,true,false,806.4333333332572,827.4333333332572,9,8,7,180,30,9,3,16,58,55,3,16,3,0,0.05172413793103448,0.9482758620689655,26,3.25,167.7333333333248,0.20799404786509398,1,1,0,8,3,44,9,3,54,9,3,55,109.23333333323399,0.13545240358770425,5,9,2,0
difficulty-easy,20260712,1,0.12,0.45,0.2,0.18,3,30,9,2857,4130229939,3431137844,false,false,826.3666666665724,847.3666666665724,9,8,7,179,26,8,3,16,53,51,2,16,2,0,0.03773584905660377,0.9622641509433962,23,2.875,167.7333333333248,0.20297688677343864,1,0,1,7,3,42,7,3,49,0,0,0,0,0,5,8,2,0
difficulty-easy,20260712,1,0.12,0.45,0.2,0.18,3,30,9,2858,4176248271,392051216,true,false,829.733333333236,850.733333333236,9,8,7,180,17,5,3,4,37,31,6,4,6,0,0.16216216216216217,0.8378378378378378,14,1.75,167.7333333333248,0.2021533022658016,1,1,0,4,3,23,5,3,29,5,3,30,114.99999999989541,0.13859874658513846,4,10,2,0
difficulty-easy,20260712,1,0.12,0.45,0.2,0.18,3,30,9,2859,2911255710,3042445206,true,false,789.2666666666062,810.2666666666062,9,8,7,180,24,7,3,16,56,49,7,16,7,0,0.125,0.875,22,2.75,167.7333333333248,0.21251794915111621,1,1,0,6,3,44,7,3,48,7,3,49,89.5666666665852,0.11348086831648628,4,11,2,0
difficulty-easy,20260712,1,0.12,0.45,0.2,0.18,3,30,9,2860,696631532,2073635051,true,false,817.3999999999139,838.3999999999139,9,8,7,180,14,4,3,0,28,23,5,0,5,0,0.17857142857142858,0.8214285714285714,11,1.375,167.7333333333248,0.20520349074301744,1,1,0,3,2,19,4,3,22,4,3,22,115.9999999998945,0.14191338390005714,5,11,2,0
difficulty-easy,20260712,1,0.12,0.45,0.2,0.18,3,30,9,2861,589667950,2327482080,false,false,791.4666666666042,812.4666666666042,9,8,7,179,26,8,3,17,57,52,5,17,5,0,0.08771929824561403,0.9122807017543859,24,3,167.7333333333248,0.2119272237196825,1,0,1,7,3,44,8,3,52,0,0,0,0,0,2,4,2,0
difficulty-easy,20260712,1,0.12,0.45,0.2,0.18,3,30,9,2862,3473755299,3898488991,false,false,778.133333333283,799.133333333283,9,8,7,179,28,9,3,19,59,55,4,19,4,0,0.06779661016949153,0.9322033898305084,23,2.875,167.7333333333248,0.21555860178204547,1,0,1,7,3,39,9,3,55,0,0,0,0,0,3,7,2,0
difficulty-easy,20260712,1,0.12,0.45,0.2,0.18,3,30,9,2863,3093371003,2961852507,false,false,856.7333333332115,877.7333333332115,9,8,7,179,23,7,2,16,53,49,4,16,4,0,0.07547169811320754,0.9245283018867925,23,2.875,167.7333333333248,0.19578242938294527,1,0,1,7,2,43,7,2,49,0,0,0,0,0,4,5,2,0
difficulty-easy,20260712,1,0.12,0.45,0.2,0.18,3,30,9,2864,2431957365,2520319645,true,false,846.8666666665538,867.8666666665538,9,8,7,180,20,6,3,7,45,37,8,7,8,0,0.17777777777777778,0.8222222222222222,16,2,167.7333333333248,0.19806344957885597,1,1,0,4,3,28,6,3,37,6,3,37,149.43333333319742,0.17645438085477919,4,7,2,0
difficulty-easy,20260712,1,0.12,0.45,0.2,0.18,3,30,9,2865,1822340507,2164034421,true,false,769.1999999999578,790.1999999999578,9,8,7,180,24,7,3,17,58,51,7,17,7,0,0.1206896551724138,0.8793103448275862,21,2.625,167.7333333333248,0.21806205581556684,1,1,0,6,3,38,7,3,49,7,3,49,90.09999999991805,0.11713468538731539,5,13,3,0
difficulty-easy,20260712,1,0.12,0.45,0.2,0.18,3,30,9,2866,657891451,389149425,true,false,795.2333333332674,816.2333333332674,9,8,7,180,23,7,3,16,54,48,6,16,6,0,0.1111111111111111,0.8888888888888888,17,2.125,167.7333333333248,0.21092341870311276,1,1,0,4,3,35,6,3,46,7,3,47,111.6666666665651,0.14042000251486905,6,11,2,0
difficulty-easy,20260712,1,0.12,0.45,0.2,0.18,3,30,9,2867,1809825107,2339455668,false,false,828.1333333332375,849.1333333332375,9,8,7,179,22,6,2,8,44,39,5,8,5,0,0.11363636363636363,0.8863636363636364,18,2.25,167.7333333333248,0.20254387377235253,1,0,1,5,2,32,6,2,39,0,0,0,0,0,2,7,2,0
difficulty-easy,20260712,1,0.12,0.45,0.2,0.18,3,30,9,2868,298403759,869605480,true,false,773.9999999999534,794.9999999999534,9,8,7,180,13,3,1,6,33,29,4,6,4,0,0.12121212121212122,0.8787878787878788,12,1.5,167.7333333333248,0.21670973298880478,1,1,0,3,1,20,3,1,28,3,1,28,80.7333333332599,0.10430663221352038,5,8,1,0
difficulty-easy,20260712,1,0.12,0.45,0.2,0.18,3,30,9,2869,1631881006,1851426816,true,false,768.7666666666248,789.7666666666248,9,8,7,180,22,7,3,9,46,41,5,9,5,0,0.10869565217391304,0.8913043478260869,18,2.25,167.7333333333248,0.21818497159953248,1,1,0,6,3,31,6,3,38,7,3,40,79.83333333326073,0.10384598707878212,5,11,2,0
difficulty-easy,20260712,1,0.12,0.45,0.2,0.18,3,30,9,2870,2984557073,317588060,false,false,816.199999999915,837.199999999915,9,8,7,179,25,7,3,13,52,48,4,13,4,0,0.07692307692307693,0.9230769230769231,21,2.625,167.7333333333248,0.20550518663727305,1,0,1,6,3,35,7,3,47,0,0,0,0,0,6,10,2,0
difficulty-easy,20260712,1,0.12,0.45,0.2,0.18,3,30,9,2871,527467762,2468280500,true,false,775.5333333332853,796.5333333332853,9,8,7,180,23,6,3,20,55,53,2,20,2,0,0.03636363636363636,0.9636363636363636,22,2.75,167.7333333333248,0.2162812688042661,1,1,0,6,3,42,6,3,51,6,3,51,89.83333333325163,0.11583426459201047,6,14,2,0
difficulty-easy,20260712,1,0.12,0.45,0.2,0.18,3,30,9,2872,3523641356,770754645,true,false,790.233333333272,811.233333333272,9,8,7,180,19,6,2,12,44,40,4,12,4,0,0.09090909090909091,0.9090909090909091,18,2.25,167.7333333333248,0.21225798287426223,1,1,0,5,2,34,5,2,39,5,2,39,100.96666666657484,0.1277681697387894,5,10,2,0
difficulty-easy,20260712,1,0.12,0.45,0.2,0.18,3,30,9,2873,2286009268,3252731659,false,false,793.6999999999355,814.6999999999355,9,8,7,179,23,7,3,3,40,36,4,3,4,0,0.1,0.9,20,2.5,167.7333333333248,0.2113308974843624,1,0,1,6,3,31,7,3,36,0,0,0,0,0,3,5,2,0
difficulty-easy,20260712,1,0.12,0.45,0.2,0.18,3,30,9,2874,1740713976,3695986928,false,false,811.5666666665859,832.5666666665859,9,8,7,179,28,8,3,11,56,47,9,11,9,0,0.16071428571428573,0.8392857142857143,22,2.75,167.7333333333248,0.20667844087568263,1,0,1,6,3,35,7,3,45,0,0,0,0,0,7,11,3,0
difficulty-easy,20260712,1,0.12,0.45,0.2,0.18,3,30,9,2875,3477666317,3865566625,false,false,781.0999999999469,802.0999999999469,9,8,7,179,28,8,3,16,60,54,6,16,6,0,0.1,0.9,27,3.375,167.7333333333248,0.21473989672684188,1,0,1,8,3,46,8,3,53,0,0,0,0,0,5,7,2,0
difficulty-easy,20260712,1,0.12,0.45,0.2,0.18,3,30,9,2876,2412462498,3343301741,true,false,789.033333333273,810.033333333273,9,8,7,180,23,6,2,12,48,45,3,12,3,0,0.0625,0.9375,21,2.625,167.7333333333248,0.2125807950656976,1,1,0,6,2,37,6,2,44,6,2,44,116.19999999989432,0.14726880993608618,3,5,3,0
difficulty-easy,20260712,1,0.12,0.45,0.2,0.18,3,30,9,2877,2437687237,1652114165,false,false,769.333333333291,790.333333333291,9,8,7,179,31,10,3,14,60,55,5,14,5,0,0.08333333333333333,0.9166666666666666,26,3.25,167.7333333333248,0.21802426343154338,1,0,1,8,3,45,10,3,55,0,0,0,0,0,3,7,2,0
difficulty-easy,20260712,1,0.12,0.45,0.2,0.18,3,30,9,2878,1287743151,2225897739,false,false,818.5999999999128,839.5999999999128,9,8,7,179,23,7,3,8,47,41,6,8,6,0,0.1276595744680851,0.8723404255319149,19,2.375,167.7333333333248,0.2049026793712957,1,0,1,5,3,32,7,3,39,0,0,0,0,0,6,13,2,0
difficulty-easy,20260712,1,0.12,0.45,0.2,0.18,3,30,9,2879,1290434984,975751822,true,false,796.2666666665998,817.2666666665998,9,8,7,180,26,8,3,9,52,45,7,9,7,0,0.1346153846153846,0.8653846153846154,24,3,167.7333333333248,0.21064969859344299,1,1,0,8,3,38,8,3,44,8,3,44,102.33333333324026,0.1285164099128209,5,8,2,0
difficulty-easy,20260712,1,0.12,0.45,0.2,0.18,3,30,9,2880,997454812,59321519,true,false,833.6666666665658,854.6666666665658,9,8,7,180,25,7,3,11,52,46,6,11,6,0,0.11538461538461539,0.8846153846153846,21,2.625,167.7333333333248,0.20119952019193732,1,1,0,6,3,36,7,3,45,7,3,45,154.7333333331926,0.18560575769677487,2,4,2,0
difficulty-easy,20260712,1,0.12,0.45,0.2,0.18,3,30,9,2881,1915740602,645739931,false,false,832.0333333332339,853.0333333332339,9,8,7,179,24,7,2,19,58,53,5,19,5,0,0.08620689655172414,0.9137931034482759,20,2.5,167.7333333333248,0.20159448740035835,1,0,1,5,2,38,7,2,52,0,0,0,0,0,3,5,2,0
difficulty-easy,20260712,1,0.12,0.45,0.2,0.18,3,30,9,2882,3156209603,853562573,false,false,861.1333333332075,882.1333333332075,9,8,7,179,28,8,3,16,60,54,6,16,6,0,0.1,0.9,22,2.75,167.7333333333248,0.19478207014014398,1,0,1,6,3,40,8,3,53,0,0,0,0,0,5,11,2,0
difficulty-easy,20260712,1,0.12,0.45,0.2,0.18,3,30,9,2883,258032266,2412546151,true,false,806.8666666665902,827.8666666665902,9,8,7,180,18,5,2,4,38,31,7,4,7,0,0.18421052631578946,0.8157894736842105,16,2,167.7333333333248,0.2078823432206982,1,1,0,5,2,25,5,2,30,5,2,31,95.73333333324626,0.11864826902411221,5,14,2,0
difficulty-easy,20260712,1,0.12,0.45,0.2,0.18,3,30,9,2884,3207124358,3407924899,true,false,767.133333333293,788.133333333293,9,8,7,180,26,8,3,3,48,39,9,3,9,0,0.1875,0.8125,18,2.25,167.7333333333248,0.21864951768488783,1,1,0,5,3,29,8,3,38,8,3,38,101.09999999990805,0.13178934561559924,2,5,3,0
difficulty-easy,20260712,1,0.12,0.45,0.2,0.18,3,30,9,2885,2509925599,2093945767,false,false,760.9666666666319,781.9666666666319,9,8,7,179,24,7,2,14,57,48,9,14,9,0,0.15789473684210525,0.8421052631578947,21,2.625,167.7333333333248,0.22042139384116577,1,0,1,6,2,38,7,2,48,0,0,0,0,0,2,3,2,0
difficulty-easy,20260712,1,0.12,0.45,0.2,0.18,3,30,9,2886,3822820971,869396442,true,false,786.7999999999417,807.7999999999417,9,8,7,180,27,9,3,3,45,39,6,3,6,0,0.13333333333333333,0.8666666666666667,23,2.875,167.7333333333248,0.21318420606677327,1,1,0,7,3,35,8,3,37,8,3,38,97.76666666657775,0.1242586002371441,4,5,3,0
difficulty-easy,20260712,1,0.12,0.45,0.2,0.18,3,30,9,2887,2789137795,3768925455,true,false,837.9999999998952,858.9999999998952,9,8,7,180,30,10,3,10,53,49,4,10,4,0,0.07547169811320754,0.9245283018867925,22,2.75,167.7333333333248,0.20015910898967276,1,1,0,7,3,36,9,3,47,9,3,48,139.03333333320688,0.1659108989656614,5,10,2,0
difficulty-easy,20260712,1,0.12,0.45,0.2,0.18,3,30,9,2888,1621675041,2053223118,true,false,817.2333333332474,838.2333333332474,9,8,7,180,31,10,3,18,66,58,8,18,8,0,0.12121212121212122,0.8787878787878788,24,3,167.7333333333248,0.20524533996819647,1,1,0,7,3,44,9,3,56,9,3,57,127.66666666655055,0.1562181343556275,6,11,2,0
difficulty-easy,20260712,1,0.12,0.45,0.2,0.18,3,30,9,2889,3369168718,3809145534,true,false,820.3333333332446,841.3333333332446,9,8,7,180,23,7,3,9,49,41,8,9,8,0,0.16326530612244897,0.8367346938775511,19,2.375,167.7333333333248,0.20446972775295766,1,1,0,6,3,32,6,3,40,6,3,40,121.5999999998894,0.14823242584303442,5,9,2,0
difficulty-easy,20260712,1,0.12,0.45,0.2,0.18,3,30,9,2890,3006302003,692260405,false,false,850.4999999998838,871.4999999998838,9,8,7,179,18,5,2,8,41,36,5,8,5,0,0.12195121951219512,0.8780487804878049,13,1.625,167.7333333333248,0.19721732314326598,1,0,1,3,2,23,5,2,35,0,0,0,0,0,6,8,2,0
difficulty-easy,20260712,1,0.12,0.45,0.2,0.18,3,30,9,2891,182096629,4150434482,true,false,809.9666666665873,830.9666666665873,9,8,7,180,26,8,3,17,62,53,9,17,9,0,0.14516129032258066,0.8548387096774194,23,2.875,167.7333333333248,0.20708671138730964,1,1,0,7,3,42,8,3,51,8,3,52,116.69999999989386,0.14408000329219964,6,13,2,0
difficulty-easy,20260712,1,0.12,0.45,0.2,0.18,3,30,9,2892,3944954293,3899526389,true,false,839.3666666665606,860.3666666665606,9,8,7,180,28,8,3,26,73,64,9,26,9,0,0.1232876712328767,0.8767123287671232,24,3,167.7333333333248,0.19983320757715659,1,1,0,7,3,49,8,3,64,8,3,64,154.6999999998593,0.18430562725850305,3,3,3,0
difficulty-easy,20260712,1,0.12,0.45,0.2,0.18,3,30,9,2893,3646666244,3764483646,true,false,752.4999999999729,773.4999999999729,9,8,7,180,20,6,3,3,35,33,2,3,2,0,0.05714285714285714,0.9428571428571428,16,2,167.7333333333248,0.22290143964562237,1,1,0,5,3,25,6,3,32,6,3,32,57.59999999994761,0.076544850498272,5,11,2,0
difficulty-easy,20260712,1,0.12,0.45,0.2,0.18,3,30,9,2894,3120423574,3596252543,true,false,812.899999999918,833.899999999918,9,8,7,180,20,6,3,7,40,36,4,7,4,0,0.1,0.9,18,2.25,167.7333333333248,0.2063394431459487,1,1,0,5,3,29,6,3,35,6,3,35,121.5999999998894,0.1495878951899393,5,14,2,0
difficulty-easy,20260712,1,0.12,0.45,0.2,0.18,3,30,9,2895,3936629208,3911333272,true,false,817.2333333332474,838.2333333332474,9,8,7,180,22,6,3,9,44,41,3,9,3,0,0.06818181818181818,0.9318181818181818,21,2.625,167.7333333333248,0.20524533996819647,1,1,0,6,3,35,6,3,40,6,3,40,120.76666666655683,0.14777501325598916,5,14,2,0
difficulty-easy,20260712,1,0.12,0.45,0.2,0.18,3,30,9,2896,1195845113,2235326802,true,false,836.6333333332298,857.6333333332298,9,8,7,180,20,6,3,3,38,33,5,3,5,0,0.13157894736842105,0.868421052631579,19,2.375,167.7333333333248,0.20048607514245056,1,1,0,6,3,27,6,3,33,6,3,33,136.16666666654282,0.16275548826633693,6,14,2,0
difficulty-easy,20260712,1,0.12,0.45,0.2,0.18,3,30,9,2897,3354332450,3637677658,false,false,836.7999999998963,857.7999999998963,9,8,7,179,20,6,2,6,43,36,7,6,7,0,0.16279069767441862,0.8372093023255814,17,2.125,167.7333333333248,0.20044614404080496,1,0,1,5,2,27,6,2,35,0,0,0,0,0,5,14,2,0
difficulty-easy,20260712,1,0.12,0.45,0.2,0.18,3,30,9,2898,2224913804,3762847621,true,false,811.2666666665862,832.2666666665862,9,8,7,180,21,6,3,6,40,37,3,6,3,0,0.075,0.925,19,2.375,167.7333333333248,0.20675486892925643,1,1,0,6,3,28,6,3,36,6,3,36,119.83333333322435,0.14771139781399817,5,13,3,0
difficulty-easy,20260712,1,0.12,0.45,0.2,0.18,3,30,9,2899,3183188134,1720595075,true,false,800.1666666665963,821.1666666665963,9,8,7,180,18,5,2,10,41,38,3,10,3,0,0.07317073170731707,0.926829268292683,18,2.25,167.7333333333248,0.20962299520933916,1,1,0,5,2,30,5,2,36,5,2,37,102.19999999990705,0.1277233909601117,6,8,2,0
difficulty-easy,20260712,1,0.12,0.45,0.2,0.18,3,30,9,2900,302079356,1932228383,true,false,782.6333333332789,803.6333333332789,9,8,7,180,22,6,3,13,52,45,7,13,7,0,0.1346153846153846,0.8653846153846154,20,2.5,167.7333333333248,0.21431917884067014,1,1,0,6,3,35,6,3,44,6,3,44,83.59999999992397,0.10681885940618824,6,13,3,0
difficulty-easy,20260712,1,0.12,0.45,0.2,0.18,3,30,9,2901,1557109451,2002940321,true,false,826.2666666665725,847.2666666665725,9,8,7,180,20,6,3,4,42,34,8,4,8,0,0.19047619047619047,0.8095238095238095,17,2.125,167.7333333333248,0.2030014523156494,1,1,0,5,3,26,6,3,33,6,3,33,138.36666666654082,0.16746006131986033,5,6,2,0
difficulty-easy,20260712,1,0.12,0.45,0.2,0.18,3,30,9,2902,3618213521,2193892106,false,false,773.0333333332876,794.0333333332876,9,8,7,179,27,8,3,14,59,51,8,14,8,0,0.13559322033898305,0.864406779661017,24,3,167.7333333333248,0.21698072528136095,1,0,1,7,3,44,8,3,51,0,0,0,0,0,2,5,3,0
difficulty-easy,20260712,1,0.12,0.45,0.2,0.18,3,30,9,2903,3349089228,1858423235,true,false,743.0999999999815,764.0999999999815,9,8,7,180,22,7,3,3,40,34,6,3,6,0,0.15,0.85,15,1.875,167.7333333333248,0.2257210783654003,1,1,0,4,3,24,5,3,30,7,3,33,52.03333333328601,0.07002197999365806,5,13,3,0
difficulty-easy,20260712,1,0.12,0.45,0.2,0.18,3,30,9,2904,2801129120,1481455743,true,false,828.0999999999042,849.0999999999042,9,8,7,180,25,7,3,18,58,53,5,18,5,0,0.08620689655172414,0.9137931034482759,24,3,167.7333333333248,0.20255202672786402,1,1,0,7,3,44,7,3,51,7,3,52,135.09999999987713,0.16314454775980286,4,7,2,0
difficulty-easy,20260712,1,0.12,0.45,0.2,0.18,3,30,9,2905,2071913685,2248849363,false,false,871.5666666665313,892.5666666665313,9,8,7,179,25,8,3,8,52,43,9,8,9,0,0.17307692307692307,0.8269230769230769,19,2.375,167.7333333333248,0.19245037671627815,1,0,1,6,3,32,8,3,41,0,0,0,0,0,6,8,2,0
difficulty-easy,20260712,1,0.12,0.45,0.2,0.18,3,30,9,2906,3075200930,2054958143,true,false,760.1999999999659,781.1999999999659,9,8,7,180,19,6,3,3,36,31,5,3,5,0,0.1388888888888889,0.8611111111111112,12,1.5,167.7333333333248,0.22064369025694858,1,1,0,3,3,22,5,3,29,5,3,30,79.69999999992751,0.10484083136007773,5,8,3,0
difficulty-easy,20260712,1,0.12,0.45,0.2,0.18,3,30,9,2907,1085273474,3482901544,false,false,800.6333333332625,821.6333333332625,9,8,7,179,24,6,2,17,57,50,7,17,7,0,0.12280701754385964,0.8771929824561403,19,2.375,167.7333333333248,0.20950081185728753,1,0,1,5,2,34,6,2,50,0,0,0,0,0,4,12,5,0
difficulty-easy,20260712,1,0.12,0.45,0.2,0.18,3,30,9,2908,87463318,3566652637,true,false,786.9666666666083,807.9666666666083,9,8,7,180,19,6,3,12,44,40,4,12,4,0,0.09090909090909091,0.9090909090909091,17,2.125,167.7333333333248,0.21313905713923154,1,1,0,5,3,28,5,3,39,5,3,39,111.19999999989886,0.14130204582986206,3,5,2,0
difficulty-easy,20260712,1,0.12,0.45,0.2,0.18,3,30,9,2909,3314706888,2821053697,false,false,864.0333333332048,885.0333333332048,9,8,7,179,23,6,2,14,57,47,10,14,10,0,0.17543859649122806,0.8245614035087719,18,2.25,167.7333333333248,0.19412831295090824,1,0,1,5,2,35,6,2,45,0,0,0,0,0,6,14,2,0
difficulty-easy,20260712,1,0.12,0.45,0.2,0.18,3,30,9,2910,1884862660,874646374,true,false,769.666666666624,790.666666666624,9,8,7,180,17,5,2,3,35,29,6,3,6,0,0.17142857142857143,0.8285714285714286,12,1.5,167.7333333333248,0.21792983975747177,1,1,0,3,2,21,4,2,27,4,2,28,84.73333333325627,0.11009094846244387,5,9,2,0
difficulty-easy,20260712,1,0.12,0.45,0.2,0.18,3,30,9,2911,2762640524,899109050,false,false,841.3999999998921,862.3999999998921,9,8,7,179,25,7,3,12,52,45,7,12,7,0,0.1346153846153846,0.8653846153846154,20,2.5,167.7333333333248,0.1993502892005542,1,0,1,5,3,36,7,3,45,0,0,0,0,0,3,4,3,0
difficulty-easy,20260712,1,0.12,0.45,0.2,0.18,3,30,9,2912,57313263,3460049814,false,false,864.266666666538,885.266666666538,9,8,7,179,30,9,3,11,57,51,6,11,6,0,0.10526315789473684,0.8947368421052632,26,3.25,167.7333333333248,0.19407590249924767,1,0,1,8,3,43,9,3,49,0,0,0,0,0,5,10,3,0
difficulty-easy,20260712,1,0.12,0.45,0.2,0.18,3,30,9,2913,1281887477,2112368893,true,false,767.3666666666261,788.3666666666261,9,8,7,180,20,6,2,7,38,37,1,7,1,0,0.02631578947368421,0.9736842105263158,20,2.5,167.7333333333248,0.21858303288302028,1,1,0,6,2,33,6,2,35,6,2,35,78.23333333326218,0.1019503931192385,4,9,2,0
difficulty-easy,20260712,1,0.12,0.45,0.2,0.18,3,30,9,2914,1538869928,2700324224,true,false,820.1333333332448,841.1333333332448,9,8,7,180,26,8,3,15,61,51,10,15,10,0,0.16393442622950818,0.8360655737704918,26,3.25,167.7333333333248,0.2045195903105303,1,1,0,8,3,44,8,3,50,8,3,50,117.33333333322662,0.14306616810263284,4,14,3,0
difficulty-easy,20260712,1,0.12,0.45,0.2,0.18,3,30,9,2915,3192632067,2251178819,true,false,849.866666666551,870.866666666551,9,8,7,180,24,6,3,14,56,48,8,14,8,0,0.14285714285714285,0.8571428571428571,20,2.5,167.7333333333248,0.1973642924380463,1,1,0,5,3,36,6,3,46,6,3,47,156.19999999985794,0.18379353624083683,5,11,3,0
difficulty-easy,20260712,1,0.12,0.45,0.2,0.18,3,30,9,2916,3695144890,2455104937,true,false,781.6333333332798,802.6333333332798,9,8,7,180,24,7,3,10,49,44,5,10,5,0,0.10204081632653061,0.8979591836734694,22,2.75,167.7333333333248,0.21459337285172453,1,1,0,6,3,36,7,3,43,7,3,43,89.29999999991878,0.11424794234286098,5,10,2,0
difficulty-easy,20260712,1,0.12,0.45,0.2,0.18,3,30,9,2917,2541602909,1100459451,true,false,778.9999999999488,799.9999999999488,9,8,7,180,26,8,3,7,46,42,4,7,4,0,0.08695652173913043,0.9130434782608695,22,2.75,167.7333333333248,0.21531878476679822,1,1,0,7,3,33,7,3,41,7,3,41,100.93333333324154,0.12956782199390007,2,5,3,0
difficulty-easy,20260712,1,0.12,0.45,0.2,0.18,3,30,9,2918,2142383134,3912702032,true,false,847.33333333322,868.33333333322,9,8,7,180,26,8,3,12,55,47,8,12,8,0,0.14545454545454545,0.8545454545454545,22,2.75,167.7333333333248,0.19795436664045699,1,1,0,6,3,40,8,3,46,8,3,46,155.39999999985866,0.18339889850497182,5,5,2,0
difficulty-easy,20260712,1,0.12,0.45,0.2,0.18,3,30,9,2919,1133019840,2479567485,false,false,837.7999999998954,858.7999999998954,9,8,7,179,29,8,3,17,58,56,2,17,2,0,0.034482758620689655,0.9655172413793104,24,3,167.7333333333248,0.20020689106391232,1,0,1,7,3,42,8,3,56,0,0,0,0,0,3,7,2,0
difficulty-easy,20260712,1,0.12,0.45,0.2,0.18,3,30,9,2920,89411442,897506349,true,false,815.9333333332486,836.9333333332486,9,8,7,180,17,5,3,3,36,29,7,3,7,0,0.19444444444444445,0.8055555555555556,15,1.875,167.7333333333248,0.20557235068225616,1,1,0,4,3,25,5,3,28,5,3,28,117.86666666655947,0.14445624642524518,4,13,3,0
difficulty-easy,20260712,1,0.12,0.45,0.2,0.18,3,30,9,2921,3451180619,3287796414,true,false,812.3333333332519,833.3333333332519,9,8,7,180,19,6,3,0,32,27,5,0,5,0,0.15625,0.84375,14,1.75,167.7333333333248,0.20648338120641152,1,1,0,4,3,21,5,3,26,5,3,26,117.56666666655974,0.14472712351239828,5,14,2,0
difficulty-easy,20260712,1,0.12,0.45,0.2,0.18,3,30,9,2922,1375237165,2771182826,false,false,837.6333333332288,858.6333333332288,9,8,7,179,25,7,2,5,45,39,6,5,6,0,0.13333333333333333,0.8666666666666667,18,2.25,167.7333333333248,0.20024672688926626,1,0,1,5,2,29,7,2,37,0,0,0,0,0,3,5,2,0
difficulty-easy,20260712,1,0.12,0.45,0.2,0.18,3,30,9,2923,3426108824,1409277392,true,false,740.0666666666509,761.0666666666509,9,8,7,180,24,8,3,3,38,35,3,3,3,0,0.07894736842105263,0.9210526315789473,20,2.5,167.7333333333248,0.22664624808575132,1,1,0,6,3,28,7,3,34,7,3,34,54.733333333283554,0.07395730114397539,5,14,1,0
difficulty-easy,20260712,1,0.12,0.45,0.2,0.18,3,30,9,2924,635461793,2573715919,false,false,793.2333333332692,814.2333333332692,9,8,7,179,27,8,3,16,58,51,7,16,7,0,0.1206896551724138,0.8793103448275862,21,2.625,167.7333333333248,0.21145522544859227,1,0,1,6,3,39,8,3,51,0,0,0,0,0,3,4,2,0
difficulty-easy,20260712,1,0.12,0.45,0.2,0.18,3,30,9,2925,4165253356,431813991,true,false,799.9999999999297,820.9999999999297,9,8,7,180,27,8,3,11,58,48,10,11,10,0,0.1724137931034483,0.8275862068965517,25,3.125,167.7333333333248,0.2096666666666744,1,1,0,7,3,38,8,3,46,8,3,47,111.5999999998985,0.13949999999988538,4,5,3,0
difficulty-easy,20260712,1,0.12,0.45,0.2,0.18,3,30,9,2926,3819207459,2078455527,false,false,798.3999999999312,819.3999999999312,9,8,7,179,19,5,3,17,51,46,5,17,5,0,0.09803921568627451,0.9019607843137255,18,2.25,167.7333333333248,0.2100868403473688,1,0,1,5,3,32,5,3,45,0,0,0,0,0,6,11,2,0
difficulty-easy,20260712,1,0.12,0.45,0.2,0.18,3,30,9,2927,3995407772,3376999030,true,false,745.6666666666458,766.6666666666458,9,8,7,180,17,5,3,2,38,29,9,2,9,0,0.23684210526315788,0.7631578947368421,13,1.625,167.7333333333248,0.22494412159141192,1,1,0,4,3,21,5,3,27,5,3,28,53.766666666617766,0.07210549843534099,5,11,2,0
difficulty-easy,20260712,1,0.12,0.45,0.2,0.18,3,30,9,2928,3662983899,3358277804,true,false,766.3333333332937,787.3333333332937,9,8,7,180,23,7,3,9,44,42,2,9,2,0,0.045454545454545456,0.9545454545454546,19,2.375,167.7333333333248,0.21887777294475877,1,1,0,6,3,31,7,3,38,7,3,41,66.56666666660612,0.08686385384942527,5,11,2,0
difficulty-easy,20260712,1,0.12,0.45,0.2,0.18,3,30,9,2929,3460050420,1866351328,false,false,818.3666666665797,839.3666666665797,9,8,7,179,30,8,3,15,60,55,5,15,5,0,0.08333333333333333,0.9166666666666666,28,3.5,167.7333333333248,0.2049611013808105,1,0,1,8,3,47,8,3,55,0,0,0,0,0,5,17,3,0
difficulty-easy,20260712,1,0.12,0.45,0.2,0.18,3,30,9,2930,839932867,415904115,false,false,867.6666666665349,888.6666666665349,9,8,7,179,19,5,3,11,48,40,8,11,8,0,0.16666666666666666,0.8333333333333334,18,2.25,167.7333333333248,0.19331540530159463,1,0,1,5,3,35,5,3,40,0,0,0,0,0,5,10,2,0
difficulty-easy,20260712,1,0.12,0.45,0.2,0.18,3,30,9,2931,3919176794,1198446517,true,false,821.9999999999097,842.9999999999097,9,8,7,180,19,6,2,2,36,29,7,2,7,0,0.19444444444444445,0.8055555555555556,14,1.75,167.7333333333248,0.20405515004056352,1,1,0,4,2,22,4,2,27,5,2,28,135.7999999998765,0.165206812651936,5,11,2,0
difficulty-easy,20260712,1,0.12,0.45,0.2,0.18,3,30,9,2932,3498930229,1207793358,true,false,827.8999999999044,848.8999999999044,9,8,7,180,31,10,3,29,81,68,13,29,13,0,0.16049382716049382,0.8395061728395061,25,3.125,167.7333333333248,0.2026009582477886,1,1,0,8,3,41,9,3,59,9,3,60,154.6999999998593,0.18685831622161755,3,4,4,0
difficulty-easy,20260712,1,0.12,0.45,0.2,0.18,3,30,9,2933,3638365361,1787997264,false,false,847.2999999998867,868.2999999998867,9,8,7,179,25,7,3,16,57,51,6,16,6,0,0.10526315789473684,0.8947368421052632,24,3,167.7333333333248,0.1979621542940484,1,0,1,7,3,40,7,3,51,0,0,0,0,0,2,5,2,0
difficulty-easy,20260712,1,0.12,0.45,0.2,0.18,3,30,9,2934,563105409,3484691240,true,false,777.8999999999498,798.8999999999498,9,8,7,180,22,6,3,4,39,36,3,4,3,0,0.07692307692307693,0.9230769230769231,18,2.25,167.7333333333248,0.2156232592021283,1,1,0,5,2,27,6,3,33,6,3,33,102.46666666657347,0.13172215794649708,3,7,2,0
difficulty-easy,20260712,1,0.12,0.45,0.2,0.18,3,30,9,2935,127474828,21106249,false,false,768.9333333332913,789.9333333332913,9,8,7,179,28,8,3,13,55,51,4,13,4,0,0.07272727272727272,0.9272727272727272,25,3.125,167.7333333333248,0.2181376799028966,1,0,1,7,3,40,8,3,51,0,0,0,0,0,3,5,2,0
difficulty-easy,20260712,1,0.12,0.45,0.2,0.18,3,30,9,2936,2248938641,2174011546,true,false,800.5999999999292,821.5999999999292,9,8,7,180,26,8,3,11,54,47,7,11,7,0,0.12962962962962962,0.8703703703703703,20,2.5,167.7333333333248,0.2095095345157877,1,1,0,6,3,38,8,3,45,8,3,46,112.49999999989768,0.14051961029216542,6,10,2,0
difficulty-easy,20260712,1,0.12,0.45,0.2,0.18,3,30,9,2937,4066189622,1916914714,true,false,825.4999999999065,846.4999999999065,9,8,7,180,28,9,3,26,72,64,8,26,8,0,0.1111111111111111,0.8888888888888888,26,3.25,167.7333333333248,0.20318998586716389,1,1,0,8,3,55,9,3,63,9,3,63,156.03333333319142,0.189016757520544,3,4,2,0
difficulty-easy,20260712,1,0.12,0.45,0.2,0.18,3,30,9,2938,2253081583,4150359267,true,false,791.2666666666044,812.2666666666044,9,8,7,180,22,7,3,5,40,36,4,5,4,0,0.1,0.9,18,2.25,167.7333333333248,0.2119807902940492,1,1,0,5,3,30,6,3,35,6,3,35,117.83333333322616,0.14891734771240472,2,7,2,0
difficulty-easy,20260712,1,0.12,0.45,0.2,0.18,3,30,9,2939,392492170,3620011824,true,false,750.299999999975,771.299999999975,9,8,7,180,23,7,3,5,44,38,6,5,6,0,0.13636363636363635,0.8636363636363636,23,2.875,167.7333333333248,0.22355502243546635,1,1,0,7,3,35,7,3,36,7,3,37,49.39999999995507,0.0658403305343952,5,11,2,0
difficulty-easy,20260712,1,0.12,0.45,0.2,0.18,3,30,9,2940,2480353114,465669971,true,false,781.43333333328,802.43333333328,9,8,7,180,22,7,3,4,42,35,7,4,7,0,0.16666666666666666,0.8333333333333334,19,2.375,167.7333333333248,0.21464829586657372,1,1,0,5,3,31,6,3,33,6,3,34,91.79999999991651,0.11747643219714556,4,10,3,0
difficulty-easy,20260712,1,0.12,0.45,0.2,0.18,3,30,9,2941,2837823434,3633685838,false,false,791.8666666666038,812.8666666666038,9,8,7,179,24,7,3,6,45,40,5,6,5,0,0.1111111111111111,0.8888888888888888,23,2.875,167.7333333333248,0.21182017174609122,1,0,1,7,3,36,7,3,40,0,0,0,0,0,4,14,2,0
difficulty-easy,20260712,1,0.12,0.45,0.2,0.18,3,30,9,2942,371589044,2512491619,false,false,817.1333333332475,838.1333333332475,9,8,7,179,27,8,3,13,52,50,2,13,2,0,0.038461538461538464,0.9615384615384616,25,3.125,167.7333333333248,0.20527045769765329,1,0,1,7,3,43,8,3,50,0,0,0,0,0,3,6,2,0
difficulty-easy,20260712,1,0.12,0.45,0.2,0.18,3,30,9,2943,686874997,3811526891,true,false,794.0999999999351,815.0999999999351,9,8,7,180,28,8,3,28,76,66,10,28,10,0,0.13157894736842105,0.868421052631579,25,3.125,167.7333333333248,0.21122444696302545,1,1,0,7,3,50,8,3,65,8,3,65,99.93333333324244,0.12584477185902357,5,10,3,0
difficulty-easy,20260712,1,0.12,0.45,0.2,0.18,3,30,9,2944,2953689637,1159255875,true,false,783.8666666666111,804.8666666666111,9,8,7,180,24,7,3,13,49,47,2,13,2,0,0.04081632653061224,0.9591836734693877,20,2.5,167.7333333333248,0.21398196972274625,1,1,0,6,3,32,7,3,46,7,3,46,86.63333333325454,0.1105204966830167,5,13,3,0
difficulty-easy,20260712,1,0.12,0.45,0.2,0.18,3,30,9,2945,1449825249,1394426326,true,false,755.7999999999699,776.7999999999699,9,8,7,180,22,6,3,9,45,40,5,9,5,0,0.1111111111111111,0.8888888888888888,17,2.125,167.7333333333248,0.22192819970009456,1,1,0,5,3,26,5,3,38,6,3,39,66.2666666666064,0.08767751609765684,5,11,4,0
difficulty-easy,20260712,1,0.12,0.45,0.2,0.18,3,30,9,2946,3138215760,707821063,true,false,784.7666666666103,805.7666666666103,9,8,7,180,22,7,3,3,38,34,4,3,4,0,0.10526315789473684,0.8947368421052632,21,2.625,167.7333333333248,0.21373656713248548,1,1,0,6,3,31,6,3,33,6,3,33,102.56666666657338,0.13069702246941436,2,7,2,0
difficulty-easy,20260712,1,0.12,0.45,0.2,0.18,3,30,9,2947,1080898899,1088487288,false,false,821.8999999999098,842.8999999999098,9,8,7,179,23,7,3,10,46,43,3,10,3,0,0.06521739130434782,0.9347826086956522,21,2.625,167.7333333333248,0.2040799772884088,1,0,1,6,3,33,7,3,43,0,0,0,0,0,3,5,2,0
difficulty-easy,20260712,1,0.12,0.45,0.2,0.18,3,30,9,2948,910222349,3574189023,true,false,765.9999999999607,786.9999999999607,9,8,7,180,22,6,3,13,48,45,3,13,3,0,0.0625,0.9375,21,2.625,167.7333333333248,0.21897302001740654,1,1,0,6,3,39,6,3,44,6,3,44,85.73333333325536,0.11192341166221902,6,12,2,0
difficulty-easy,20260712,1,0.12,0.45,0.2,0.18,3,30,9,2949,355068524,3432916530,false,false,818.833333333246,839.833333333246,9,8,7,179,28,8,3,12,60,50,10,12,10,0,0.16666666666666666,0.8333333333333334,25,3.125,167.7333333333248,0.20484429065745088,1,0,1,8,3,39,8,3,50,0,0,0,0,0,2,5,4,0
difficulty-easy,20260712,1,0.12,0.45,0.2,0.18,3,30,9,2950,1620153244,3803631267,false,false,781.43333333328,802.43333333328,9,8,7,179,35,11,3,17,64,62,2,17,2,0,0.03125,0.96875,31,3.875,167.7333333333248,0.21464829586657372,1,0,1,10,3,50,11,3,62,0,0,0,0,0,3,7,3,0
difficulty-easy,20260712,1,0.12,0.45,0.2,0.18,3,30,9,2951,2375129223,3207605818,true,false,788.7999999999399,809.7999999999399,9,8,7,180,20,5,3,6,43,36,7,6,7,0,0.16279069767441862,0.8372093023255814,17,2.125,167.7333333333248,0.21264367816092491,1,1,0,4,2,30,5,3,36,5,3,36,84.36666666658994,0.10695571331972155,5,11,2,0
difficulty-easy,20260712,1,0.12,0.45,0.2,0.18,3,30,9,2952,552479520,1445056057,false,false,856.899999999878,877.899999999878,9,8,7,179,24,7,3,11,50,43,7,11,7,0,0.14,0.86,19,2.375,167.7333333333248,0.1957443497880134,1,0,1,5,3,34,7,3,42,0,0,0,0,0,5,8,2,0
difficulty-easy,20260712,1,0.12,0.45,0.2,0.18,3,30,9,2953,3021899944,1756064945,false,false,838.7666666665612,859.7666666665612,9,8,7,179,19,5,2,17,49,46,3,17,3,0,0.061224489795918366,0.9387755102040817,18,2.25,167.7333333333248,0.19997615546637432,1,0,1,5,2,39,5,2,45,0,0,0,0,0,5,9,2,0
difficulty-easy,20260712,1,0.12,0.45,0.2,0.18,3,30,9,2954,3885917920,247521833,false,false,805.3333333332582,826.3333333332582,9,8,7,179,26,7,3,8,48,44,4,8,4,0,0.08333333333333333,0.9166666666666666,23,2.875,167.7333333333248,0.20827814569537306,1,0,1,7,3,38,7,3,44,0,0,0,0,0,5,8,2,0
difficulty-easy,20260712,1,0.12,0.45,0.2,0.18,3,30,9,2955,1651331209,3377817666,true,false,799.6333333332634,820.6333333332634,9,8,7,180,23,7,3,14,51,46,5,14,5,0,0.09803921568627451,0.9019607843137255,20,2.5,167.7333333333248,0.2097628079536531,1,1,0,6,3,40,6,3,45,6,3,45,112.7333333332308,0.14098128308796615,5,11,2,0
difficulty-easy,20260712,1,0.12,0.45,0.2,0.18,3,30,9,2956,1382210790,3118073628,true,false,773.7999999999536,794.7999999999536,9,8,7,180,23,7,3,11,47,44,3,11,3,0,0.06382978723404255,0.9361702127659575,17,2.125,167.7333333333248,0.21676574480916885,1,1,0,5,3,28,7,3,43,7,3,43,102.49999999990678,0.13246316877734934,2,7,3,0
difficulty-easy,20260712,1,0.12,0.45,0.2,0.18,3,30,9,2957,3593992290,2322306074,false,false,857.4333333332108,878.4333333332108,9,8,7,179,22,6,3,3,40,34,6,3,6,0,0.15,0.85,18,2.25,167.7333333333248,0.19562259456519313,1,0,1,5,2,28,6,3,33,0,0,0,0,0,5,11,2,0
difficulty-easy,20260712,1,0.12,0.45,0.2,0.18,3,30,9,2958,2909753436,470152301,false,false,803.3999999999266,824.3999999999266,9,8,7,179,25,7,3,7,46,41,5,7,5,0,0.10869565217391304,0.8913043478260869,18,2.25,167.7333333333248,0.2087793544104308,1,0,1,5,3,27,7,3,40,0,0,0,0,0,6,8,2,0
difficulty-easy,20260712,1,0.12,0.45,0.2,0.18,3,30,9,2959,518164714,43422304,true,false,806.299999999924,827.299999999924,9,8,7,180,22,6,3,5,40,37,3,5,3,0,0.075,0.925,18,2.25,167.7333333333248,0.2080284426805663,1,1,0,5,3,28,6,3,35,6,3,36,109.29999999990059,0.13555748480703322,5,7,2,0
difficulty-easy,20260712,1,0.12,0.45,0.2,0.18,3,30,9,2960,915103260,3086153159,false,false,786.1333333332757,807.1333333332757,9,8,7,179,30,9,3,15,65,54,11,15,11,0,0.16923076923076924,0.8307692307692308,26,3.25,167.7333333333248,0.21336499321574426,1,0,1,8,3,46,9,3,53,0,0,0,0,0,5,10,3,0
difficulty-easy,20260712,1,0.12,0.45,0.2,0.18,3,30,9,2961,3062526471,2999157605,true,false,798.8999999999307,819.8999999999307,9,8,7,180,18,6,3,2,33,29,4,2,4,0,0.12121212121212122,0.8787878787878788,16,2,167.7333333333248,0.2099553552801844,1,1,0,5,3,24,5,3,28,5,3,28,109.93333333323335,0.13760587474432706,5,7,2,0
difficulty-easy,20260712,1,0.12,0.45,0.2,0.18,3,30,9,2962,1611807446,190331845,false,false,792.5999999999365,813.5999999999365,9,8,7,179,26,8,3,14,59,50,9,14,9,0,0.15254237288135594,0.847457627118644,24,3,167.7333333333248,0.21162419042813302,1,0,1,7,3,38,8,3,50,0,0,0,0,0,5,10,3,0
difficulty-easy,20260712,1,0.12,0.45,0.2,0.18,3,30,9,2963,2378043760,2750192045,true,false,851.2999999998831,872.2999999998831,9,8,7,180,25,8,2,19,57,53,4,19,4,0,0.07017543859649122,0.9298245614035088,23,2.875,167.7333333333248,0.1970319902893784,1,1,0,7,2,44,7,2,51,7,2,52,169.83333333317887,0.19949880574791753,4,7,2,0
difficulty-easy,20260712,1,0.12,0.45,0.2,0.18,3,30,9,2964,1087161015,1120454019,false,false,849.199999999885,870.199999999885,9,8,7,179,28,8,3,17,59,55,4,17,4,0,0.06779661016949153,0.9322033898305084,25,3.125,167.7333333333248,0.19751923378868053,1,0,1,7,3,46,8,3,54,0,0,0,0,0,5,8,2,0
difficulty-easy,20260712,1,0.12,0.45,0.2,0.18,3,30,9,2965,2857817955,2866564682,true,false,767.3999999999594,788.3999999999594,9,8,7,180,16,5,3,1,34,27,7,1,7,0,0.20588235294117646,0.7941176470588235,16,2,167.7333333333248,0.21857353835461776,1,1,0,5,3,24,5,3,26,5,3,26,80.23333333326036,0.10455216749187465,4,8,2,0
difficulty-easy,20260712,1,0.12,0.45,0.2,0.18,3,30,9,2966,1943768990,72129001,true,false,791.233333333271,812.233333333271,9,8,7,180,22,6,3,6,41,38,3,6,3,0,0.07317073170731707,0.926829268292683,17,2.125,167.7333333333248,0.21198972068922525,1,1,0,4,3,30,6,3,38,6,3,38,102.36666666657356,0.1293760795381661,2,6,2,0
difficulty-easy,20260712,1,0.12,0.45,0.2,0.18,3,30,9,2967,1751066736,427558742,true,false,803.6999999999264,824.6999999999264,9,8,7,180,25,8,3,12,50,45,5,12,5,0,0.1,0.9,21,2.625,167.7333333333248,0.20870142258720936,1,1,0,6,3,37,7,3,43,7,3,44,120.3666666665572,0.14976566712276748,5,9,2,0
difficulty-easy,20260712,1,0.12,0.45,0.2,0.18,3,30,9,2968,1095091823,2232203957,true,false,859.8999999998753,880.8999999998753,9,8,7,180,24,7,3,9,53,43,10,9,10,0,0.18867924528301888,0.8113207547169812,22,2.75,167.7333333333248,0.19506144125287722,1,1,0,7,3,35,7,3,43,7,3,43,161.4333333331865,0.18773500794651696,5,7,3,0
difficulty-easy,20260712,1,0.12,0.45,0.2,0.18,3,30,9,2969,3509510474,3311457298,true,false,806.4666666665905,827.4666666665905,9,8,7,180,23,7,3,11,49,44,5,11,5,0,0.10204081632653061,0.8979591836734694,21,2.625,167.7333333333248,0.2079854509382582,1,1,0,7,3,34,7,3,38,7,3,43,119.53333333322462,0.14821856658663624,5,10,2,0
difficulty-easy,20260712,1,0.12,0.45,0.2,0.18,3,30,9,2970,3569503536,4222539680,true,false,795.9999999999334,816.9999999999334,9,8,7,180,19,6,3,2,37,31,6,2,6,0,0.16216216216216217,0.8378378378378378,16,2,167.7333333333248,0.21072026800670707,1,1,0,5,2,25,6,3,31,6,3,31,96.69999999991205,0.12148241206020119,3,5,3,0
difficulty-easy,20260712,1,0.12,0.45,0.2,0.18,3,30,9,2971,4061297125,184596966,true,false,820.9666666665773,841.9666666665773,9,8,7,180,24,7,3,17,59,51,8,17,8,0,0.13559322033898305,0.864406779661017,23,2.875,167.7333333333248,0.20431198993058147,1,1,0,7,3,39,7,3,48,7,3,50,136.76666666654228,0.16659222867338158,5,14,3,0
difficulty-easy,20260712,1,0.12,0.45,0.2,0.18,3,30,9,2972,510216080,2708134044,false,false,774.0333333332867,795.0333333332867,9,8,7,179,28,8,3,18,62,56,6,18,6,0,0.0967741935483871,0.9032258064516129,27,3.375,167.7333333333248,0.21670040049954986,1,0,1,8,3,48,8,3,56,0,0,0,0,0,3,5,2,0
difficulty-easy,20260712,1,0.12,0.45,0.2,0.18,3,30,9,2973,2627016483,2839385681,false,false,774.8666666666193,795.8666666666193,9,8,7,179,24,7,3,5,41,38,3,5,3,0,0.07317073170731707,0.926829268292683,16,2,167.7333333333248,0.21646734922137364,1,0,1,4,2,29,7,3,38,0,0,0,0,0,3,5,2,0
difficulty-easy,20260712,1,0.12,0.45,0.2,0.18,3,30,9,2974,3794977092,2197391759,true,false,828.5333333332371,849.5333333332371,9,8,7,180,25,7,3,15,56,50,6,15,6,0,0.10714285714285714,0.8928571428571429,24,3,167.7333333333248,0.2024460894753914,1,1,0,7,3,41,7,3,49,7,3,49,153.4666666665271,0.1852269069840822,2,5,2,0
difficulty-easy,20260712,1,0.12,0.45,0.2,0.18,3,30,9,2975,4223146019,2459473500,true,false,885.499999999852,906.499999999852,9,8,7,180,26,8,3,12,56,48,8,12,8,0,0.14285714285714285,0.8571428571428571,24,3,167.7333333333248,0.1894221720308897,1,1,0,8,3,40,8,3,46,8,3,48,178.79999999983738,0.20191981931097377,5,14,2,0
difficulty-easy,20260712,1,0.12,0.45,0.2,0.18,3,30,9,2976,231038106,3348898174,false,false,794.3666666666015,815.3666666666015,9,8,7,179,24,8,3,9,47,41,6,9,6,0,0.1276595744680851,0.8723404255319149,20,2.5,167.7333333333248,0.21115353950737092,1,0,1,6,3,34,8,3,40,0,0,0,0,0,4,13,2,0
difficulty-easy,20260712,1,0.12,0.45,0.2,0.18,3,30,9,2977,2573565244,2379145735,true,false,814.2333333332501,835.2333333332501,9,8,7,180,29,9,3,14,60,52,8,14,8,0,0.13333333333333333,0.8666666666666667,25,3.125,167.7333333333248,0.20600155565563752,1,1,0,8,3,41,8,3,51,8,3,51,122.46666666655528,0.15040733614430893,5,10,2,0
difficulty-easy,20260712,1,0.12,0.45,0.2,0.18,3,30,9,2978,3137734675,1175938202,true,false,807.2666666665898,828.2666666665898,9,8,7,180,22,6,3,7,47,39,8,7,8,0,0.1702127659574468,0.8297872340425532,20,2.5,167.7333333333248,0.20777933768272455,1,1,0,6,3,31,6,3,37,6,3,38,108.2999999999015,0.13415641258557084,5,9,2,0
difficulty-easy,20260712,1,0.12,0.45,0.2,0.18,3,30,9,2979,309845859,3426077310,false,false,859.3999999998757,880.3999999998757,9,8,7,179,23,7,3,10,48,43,5,10,5,0,0.10416666666666667,0.8958333333333334,23,2.875,167.7333333333248,0.19517492824452995,1,0,1,7,3,35,7,3,42,0,0,0,0,0,5,7,2,0
difficulty-easy,20260712,1,0.12,0.45,0.2,0.18,3,30,9,2980,3789261142,1553509641,true,false,771.4666666666224,792.4666666666224,9,8,7,180,21,6,3,5,41,36,5,5,5,0,0.12195121951219512,0.8780487804878049,18,2.25,167.7333333333248,0.21742136190805533,1,1,0,5,3,29,6,3,35,6,3,35,102.56666666657338,0.13295022468014941,3,7,3,0
difficulty-easy,20260712,1,0.12,0.45,0.2,0.18,3,30,9,2981,253841583,3796215447,true,false,785.7666666666094,806.7666666666094,9,8,7,180,25,7,3,10,53,45,8,10,8,0,0.1509433962264151,0.8490566037735849,24,3,167.7333333333248,0.21346455690833202,1,1,0,7,3,39,7,3,44,7,3,44,89.93333333325154,0.1144529758621195,5,11,3,0
difficulty-easy,20260712,1,0.12,0.45,0.2,0.18,3,30,9,2982,1180594418,3353117964,true,false,798.6666666665976,819.6666666665976,9,8,7,180,21,7,3,16,54,46,8,16,8,0,0.14814814814814814,0.8518518518518519,17,2.125,167.7333333333248,0.2100166944908255,1,1,0,5,2,34,6,2,44,6,2,45,109.3666666665672,0.1369365609347788,5,8,2,0
difficulty-easy,20260712,1,0.12,0.45,0.2,0.18,3,30,9,2983,2663388956,2141307682,false,false,858.5999999998764,879.5999999998764,9,8,7,179,29,9,3,7,52,46,6,7,6,0,0.11538461538461539,0.8846153846153846,21,2.625,167.7333333333248,0.19535678235889697,1,0,1,7,3,34,9,3,44,0,0,0,0,0,5,11,2,0
difficulty-easy,20260712,1,0.12,0.45,0.2,0.18,3,30,9,2984,2147892386,220486213,false,false,804.433333333259,825.433333333259,9,8,7,179,26,8,2,11,50,47,3,11,3,0,0.06,0.94,19,2.375,167.7333333333248,0.20851116728132468,1,0,1,6,2,30,8,2,44,0,0,0,0,0,7,5,2,0
difficulty-easy,20260712,1,0.12,0.45,0.2,0.18,3,30,9,2985,158899949,679158864,false,false,775.2333333332856,796.2333333332856,9,8,7,179,20,6,3,6,44,36,8,6,8,0,0.18181818181818182,0.8181818181818182,20,2.5,167.7333333333248,0.21636496538676758,1,0,1,6,3,30,6,3,36,0,0,0,0,0,3,5,2,0
difficulty-easy,20260712,1,0.12,0.45,0.2,0.18,3,30,9,2986,1479533352,1822548952,true,false,783.8999999999444,804.8999999999444,9,8,7,180,26,7,3,21,64,57,7,21,7,0,0.109375,0.890625,22,2.75,167.7333333333248,0.21397287068929288,1,1,0,6,3,43,7,3,56,7,3,56,102.36666666657356,0.1305863843176181,4,7,3,0
difficulty-easy,20260712,1,0.12,0.45,0.2,0.18,3,30,9,2987,2262731973,2786061299,true,false,740.4999999999839,761.4999999999839,9,8,7,180,21,6,3,5,40,36,4,5,4,0,0.1,0.9,19,2.375,167.7333333333248,0.22651361692549418,1,1,0,5,3,31,6,3,34,6,3,35,50.099999999954434,0.06765698852120935,5,11,2,0
difficulty-easy,20260712,1,0.12,0.45,0.2,0.18,3,30,9,2988,2592135871,1306514180,true,false,820.6999999999109,841.6999999999109,9,8,7,180,26,8,3,9,51,44,7,9,7,0,0.13725490196078433,0.8627450980392157,23,2.875,167.7333333333248,0.20437837618294505,1,1,0,7,3,35,7,3,43,7,3,43,119.13333333322498,0.14516063522997186,5,7,3,0
difficulty-easy,20260712,1,0.12,0.45,0.2,0.18,3,30,9,2989,136519652,4145381463,false,false,824.7999999999072,845.7999999999072,9,8,7,179,15,4,2,7,40,32,8,7,8,0,0.2,0.8,15,1.875,167.7333333333248,0.20336243129648846,1,0,1,4,2,24,4,2,32,0,0,0,0,0,5,9,2,0
difficulty-easy,20260712,1,0.12,0.45,0.2,0.18,3,30,9,2990,3092125916,2948711849,true,false,765.9666666666274,786.9666666666274,9,8,7,180,19,6,3,3,35,31,4,3,4,0,0.11428571428571428,0.8857142857142857,14,1.75,167.7333333333248,0.21898254928412908,1,1,0,4,3,21,4,3,26,5,3,30,90.46666666658439,0.11810783759074246,4,10,2,0
difficulty-easy,20260712,1,0.12,0.45,0.2,0.18,3,30,9,2991,4048518938,3390558745,false,false,829.2999999999031,850.2999999999031,9,8,7,179,27,8,3,23,65,58,7,23,7,0,0.1076923076923077,0.8923076923076924,21,2.625,167.7333333333248,0.20225893323687977,1,0,1,6,3,47,8,3,58,0,0,0,0,0,3,5,3,0
difficulty-easy,20260712,1,0.12,0.45,0.2,0.18,3,30,9,2992,3379929998,3895216177,false,false,858.9333333332095,879.9333333332095,9,8,7,179,27,8,3,16,55,51,4,16,4,0,0.07272727272727272,0.9272727272727272,23,2.875,167.7333333333248,0.1952809686432967,1,0,1,7,3,38,7,3,50,0,0,0,0,0,5,10,2,0
difficulty-easy,20260712,1,0.12,0.45,0.2,0.18,3,30,9,2993,980399198,2332809181,true,false,768.4999999999584,789.4999999999584,9,8,7,180,25,7,2,15,53,50,3,15,3,0,0.05660377358490566,0.9433962264150944,22,2.75,167.7333333333248,0.2182606809802653,1,1,0,6,2,42,7,2,49,7,2,49,73.73333333326627,0.09594448058981167,6,11,2,0
difficulty-easy,20260712,1,0.12,0.45,0.2,0.18,3,30,9,2994,169163808,1313098939,true,false,794.4999999999347,815.4999999999347,9,8,7,180,15,4,3,1,30,26,4,1,4,0,0.13333333333333333,0.8666666666666667,13,1.625,167.7333333333248,0.21111810362912345,1,1,0,4,3,22,4,3,26,4,3,26,84.13333333325681,0.10589469267874603,5,8,2,0
difficulty-easy,20260712,1,0.12,0.45,0.2,0.18,3,30,9,2995,2651013332,1851740899,false,false,834.3666666665652,855.3666666665652,9,8,7,179,18,5,3,9,44,37,7,9,7,0,0.1590909090909091,0.8409090909090909,12,1.5,167.7333333333248,0.20103072190485222,1,0,1,3,3,23,5,3,35,0,0,0,0,0,3,7,3,0
difficulty-easy,20260712,1,0.12,0.45,0.2,0.18,3,30,9,2996,643267194,2487263954,false,false,851.7999999998826,872.7999999998826,9,8,7,179,23,6,2,18,55,51,4,18,4,0,0.07272727272727272,0.9272727272727272,20,2.5,167.7333333333248,0.19691633403774114,1,0,1,5,2,40,6,2,49,0,0,0,0,0,5,10,2,0
difficulty-easy,20260712,1,0.12,0.45,0.2,0.18,3,30,9,2997,238477568,3677831428,true,false,820.0666666665782,841.0666666665782,9,8,7,180,25,7,3,11,51,46,5,11,5,0,0.09803921568627451,0.9019607843137255,18,2.25,167.7333333333248,0.20453621656777038,1,1,0,5,3,30,7,3,43,7,3,45,133.33333333321207,0.16258840744641873,5,16,3,0
difficulty-easy,20260712,1,0.12,0.45,0.2,0.18,3,30,9,2998,3076104119,3679421726,false,false,804.2666666665925,825.2666666665925,9,8,7,179,24,7,3,13,53,47,6,13,6,0,0.11320754716981132,0.8867924528301887,19,2.375,167.7333333333248,0.20855437665783355,1,0,1,5,2,33,7,3,46,0,0,0,0,0,5,7,2,0
difficulty-easy,20260712,1,0.12,0.45,0.2,0.18,3,30,9,2999,2334876383,3446584219,false,false,829.4666666665696,850.4666666665696,9,8,7,179,20,6,3,4,41,34,7,4,7,0,0.17073170731707318,0.8292682926829268,18,2.25,167.7333333333248,0.20221829287897172,1,0,1,5,3,27,6,3,33,0,0,0,0,0,6,10,2,0
