variants,batchSeed,metaPowerMultiplier,permanentMissChance,pickupReactionSeconds,pickupReactionJitterSeconds,pickupActionIntervalSeconds,perkDecisionSeconds,simulationHz,totalWaves,runIndex,gameplaySeed,botSeed,win,timedOut,activeDurationSeconds,estimatedWallDurationSeconds,waveReached,level,perkDecisions,kills,merges,formed3Star,locked3Star,consumes,dropsGenerated,collected,expired,cardsFull,permanentlyMissedDrops,unresolvedDrops,expiredRate,collectedRate,mergesBeforeBoss,mergesPerRegularWave,breatherSeconds,breatherShare,bossReached,bossKilled,bossBreached,bossEntryFormed3Star,bossEntryLocked3Star,bossEntryCollected,bossSpawnFormed3Star,bossSpawnLocked3Star,bossSpawnCollected,preBossKillFormed3Star,preBossKillLocked3Star,preBossKillCollected,bossFightDurationSeconds,bossShare,peakEnemies,peakBullets,peakDrops,peakParticles
difficulty-hard,20260712,1,0.12,0.45,0.2,0.18,3,30,9,0,2296215870,2743432545,false,false,746.9333333333113,761.9333333333113,9,6,5,179,22,6,3,7,43,39,4,7,4,0,0.09302325581395349,0.9069767441860465,21,2.625,159.73333333332567,0.21385219564440874,1,0,1,6,3,33,6,3,39,0,0,0,0,0,5,11,2,0
difficulty-hard,20260712,1,0.12,0.45,0.2,0.18,3,30,9,1,121806499,3016168439,false,false,807.2666666665898,825.2666666665898,9,7,6,179,18,5,3,7,36,34,2,7,2,0,0.05555555555555555,0.9444444444444444,16,2,159.73333333332567,0.19786935337353317,1,0,1,4,3,25,4,3,32,0,0,0,0,0,6,10,2,0
difficulty-hard,20260712,1,0.12,0.45,0.2,0.18,3,30,9,2,584696471,3861983035,false,false,812.7999999999181,830.7999999999181,9,7,6,179,19,6,2,8,40,35,5,8,5,0,0.125,0.875,14,1.75,159.73333333332567,0.19652230971129647,1,0,1,4,2,26,5,2,33,0,0,0,0,0,6,14,2,0
difficulty-hard,20260712,1,0.12,0.45,0.2,0.18,3,30,9,3,2410699453,783182251,false,false,805.9333333332577,823.9333333332577,9,7,6,179,17,5,3,1,34,28,6,1,6,0,0.17647058823529413,0.8235294117647058,17,2.125,159.73333333332567,0.198196707750857,1,0,1,5,3,26,5,3,27,0,0,0,0,0,5,7,2,0
difficulty-hard,20260712,1,0.12,0.45,0.2,0.18,3,30,9,4,3511399940,1742797195,false,false,801.5999999999283,819.5999999999283,9,7,6,179,24,7,3,3,39,37,2,3,2,0,0.05128205128205128,0.9487179487179487,18,2.25,159.73333333332567,0.19926813040586322,1,0,1,5,3,29,7,3,35,0,0,0,0,0,8,10,2,0
difficulty-hard,20260712,1,0.12,0.45,0.2,0.18,3,30,9,5,4218843850,964822691,false,false,773.2666666666207,788.2666666666207,9,6,5,179,27,9,3,7,49,44,5,7,5,0,0.10204081632653061,0.8979591836734694,25,3.125,159.73333333332567,0.20656953185619686,1,0,1,8,3,36,9,3,42,0,0,0,0,0,7,8,2,0
difficulty-hard,20260712,1,0.12,0.45,0.2,0.18,3,30,9,6,2039225980,2443286865,false,false,804.7999999999254,822.7999999999254,9,7,6,179,19,5,2,9,42,38,4,9,4,0,0.09523809523809523,0.9047619047619048,16,2,159.73333333332567,0.1984758117959002,1,0,1,5,2,24,5,2,38,0,0,0,0,0,6,8,2,0
difficulty-hard,20260712,1,0.12,0.45,0.2,0.18,3,30,9,7,2204589574,1442323462,false,false,790.3999999999385,808.3999999999385,9,7,6,179,8,2,2,0,18,16,2,0,2,0,0.1111111111111111,0.8888888888888888,8,1,159.73333333332567,0.2020917678812476,1,0,1,2,2,16,2,2,16,0,0,0,0,0,6,6,2,0
difficulty-hard,20260712,1,0.12,0.45,0.2,0.18,3,30,9,8,3214878234,669185841,true,false,803.0333333332603,821.0333333332603,9,7,6,180,23,7,3,7,42,40,2,7,2,0,0.047619047619047616,0.9523809523809523,21,2.625,159.73333333332567,0.1989124569341333,1,1,0,6,3,37,7,3,39,7,3,39,144.93333333320152,0.18048233780235112,5,8,1,0
difficulty-hard,20260712,1,0.12,0.45,0.2,0.18,3,30,9,9,2053453029,1438868833,false,false,750.966666666641,768.966666666641,9,7,6,179,14,4,3,0,26,22,4,0,4,0,0.15384615384615385,0.8461538461538461,11,1.375,159.73333333332567,0.21270362643703378,1,0,1,3,3,19,4,3,21,0,0,0,0,0,4,7,2,0
difficulty-hard,20260712,1,0.12,0.45,0.2,0.18,3,30,9,10,559618858,496218829,false,false,789.5333333332726,807.5333333332726,9,7,6,179,22,6,3,6,45,37,8,6,8,0,0.17777777777777778,0.8222222222222222,17,2.125,159.73333333332567,0.20231360297222575,1,0,1,4,3,27,6,3,36,0,0,0,0,0,3,5,2,0
difficulty-hard,20260712,1,0.12,0.45,0.2,0.18,3,30,9,11,531742719,992158343,false,false,728.9999999999943,743.9999999999943,9,6,5,179,14,4,3,0,26,23,3,0,3,0,0.11538461538461539,0.8846153846153846,14,1.75,159.73333333332567,0.21911294010058563,1,0,1,4,3,21,4,3,23,0,0,0,0,0,3,5,2,0
difficulty-hard,20260712,1,0.12,0.45,0.2,0.18,3,30,9,12,4201694498,3214489409,false,false,817.9666666665801,835.9666666665801,9,7,6,179,25,7,3,10,51,44,7,10,7,0,0.13725490196078433,0.8627450980392157,22,2.75,159.73333333332567,0.1952809812950926,1,0,1,6,3,36,7,3,41,0,0,0,0,0,5,6,3,0
difficulty-hard,20260712,1,0.12,0.45,0.2,0.18,3,30,9,13,1839324408,3166077543,false,false,816.5999999999146,831.5999999999146,9,6,5,179,20,5,2,7,40,36,4,7,4,0,0.1,0.9,17,2.125,159.73333333332567,0.19560780471876363,1,0,1,4,2,30,5,2,36,0,0,0,0,0,4,4,1,0
difficulty-hard,20260712,1,0.12,0.45,0.2,0.18,3,30,9,14,56504798,1525320432,false,false,785.2333333332765,803.2333333332765,9,7,6,179,26,8,3,10,52,45,7,10,7,0,0.1346153846153846,0.8653846153846154,21,2.625,159.73333333332567,0.2034214883049674,1,0,1,7,3,37,8,3,42,0,0,0,0,0,8,7,3,0
difficulty-hard,20260712,1,0.12,0.45,0.2,0.18,3,30,9,15,2397099859,2713521751,false,false,773.8999999999535,791.8999999999535,9,7,6,179,22,7,3,4,36,35,1,4,1,0,0.027777777777777776,0.9722222222222222,15,1.875,159.73333333332567,0.20640048240513667,1,0,1,4,2,25,7,3,35,0,0,0,0,0,3,5,2,0
difficulty-hard,20260712,1,0.12,0.45,0.2,0.18,3,30,9,16,2015134913,1153751129,false,false,796.4999999999329,814.4999999999329,9,7,6,179,25,7,3,3,47,38,9,3,9,0,0.19148936170212766,0.8085106382978723,19,2.375,159.73333333332567,0.20054404687173777,1,0,1,5,3,30,7,3,35,0,0,0,0,0,7,7,3,0
difficulty-hard,20260712,1,0.12,0.45,0.2,0.18,3,30,9,17,608994987,47701258,true,false,801.2999999999286,819.2999999999286,9,7,6,180,16,5,3,0,28,25,3,0,3,0,0.10714285714285714,0.8928571428571429,11,1.375,159.73333333332567,0.19934273472275044,1,1,0,3,2,18,5,3,24,5,3,24,143.09999999986985,0.17858479970034022,6,13,1,0
difficulty-hard,20260712,1,0.12,0.45,0.2,0.18,3,30,9,18,3557860175,4154778242,false,false,800.9999999999288,818.9999999999288,9,7,6,179,27,8,3,12,52,47,5,12,5,0,0.09615384615384616,0.9038461538461539,21,2.625,159.73333333332567,0.19941739492302105,1,0,1,6,3,34,7,3,45,0,0,0,0,0,6,5,2,0
difficulty-hard,20260712,1,0.12,0.45,0.2,0.18,3,30,9,19,120728548,626776274,false,false,742.6666666666486,757.6666666666486,9,6,5,179,21,6,3,4,41,34,7,4,7,0,0.17073170731707318,0.8292682926829268,16,2,159.73333333332567,0.21508078994613497,1,0,1,4,3,27,6,3,34,0,0,0,0,0,5,6,2,0
difficulty-hard,20260712,1,0.12,0.45,0.2,0.18,3,30,9,20,2151529111,2734624010,false,false,762.2666666666307,780.2666666666307,9,7,6,179,22,6,3,3,37,34,3,3,3,0,0.08108108108108109,0.918918918918919,19,2.375,159.73333333332567,0.20955046352982318,1,0,1,5,3,28,6,3,34,0,0,0,0,0,3,4,2,0
difficulty-hard,20260712,1,0.12,0.45,0.2,0.18,3,30,9,21,1382418872,836112913,false,false,813.0333333332512,828.0333333332512,9,6,5,179,24,7,3,6,47,38,9,6,9,0,0.19148936170212766,0.8085106382978723,19,2.375,159.73333333332567,0.19646590955681417,1,0,1,6,3,29,6,3,37,0,0,0,0,0,6,11,2,0
difficulty-hard,20260712,1,0.12,0.45,0.2,0.18,3,30,9,22,4072874768,3284093835,false,false,777.366666666617,795.366666666617,9,7,6,179,23,7,3,6,45,37,8,6,8,0,0.17777777777777778,0.8222222222222222,19,2.375,159.73333333332567,0.20548003944942655,1,0,1,5,3,31,7,3,37,0,0,0,0,0,4,5,2,0
difficulty-hard,20260712,1,0.12,0.45,0.2,0.18,3,30,9,23,1358835280,2977920616,false,false,799.4333333332636,814.4333333332636,9,6,5,179,19,5,3,10,41,39,2,10,2,0,0.04878048780487805,0.9512195121951219,18,2.25,159.73333333332567,0.19980819747321804,1,0,1,5,3,33,5,3,39,0,0,0,0,0,6,11,1,0
difficulty-hard,20260712,1,0.12,0.45,0.2,0.18,3,30,9,24,1091918759,2357897933,false,false,767.1666666666263,782.1666666666263,9,6,5,179,23,7,3,5,46,38,8,5,8,0,0.17391304347826086,0.8260869565217391,19,2.375,159.73333333332567,0.20821203562893864,1,0,1,6,3,27,7,3,36,0,0,0,0,0,6,8,3,0
difficulty-hard,20260712,1,0.12,0.45,0.2,0.18,3,30,9,25,3043943479,2490355969,false,false,794.533333333268,812.533333333268,9,7,6,179,23,7,3,1,39,33,6,1,6,0,0.15384615384615385,0.8461538461538461,17,2.125,159.73333333332567,0.20104044302736046,1,0,1,5,3,26,7,3,32,0,0,0,0,0,7,4,2,0
difficulty-hard,20260712,1,0.12,0.45,0.2,0.18,3,30,9,26,2575129775,3048092246,false,false,750.2333333333083,768.2333333333083,9,7,6,179,15,4,3,0,29,24,5,0,5,0,0.1724137931034483,0.8275862068965517,12,1.5,159.73333333332567,0.21291153863242235,1,0,1,3,2,20,4,3,24,0,0,0,0,0,6,11,2,0
difficulty-hard,20260712,1,0.12,0.45,0.2,0.18,3,30,9,27,4119587018,401003158,false,false,814.2999999999167,832.2999999999167,9,7,6,179,28,8,3,13,57,50,7,13,7,0,0.12280701754385964,0.8771929824561403,24,3,159.73333333332567,0.19616030128127473,1,0,1,7,3,40,7,3,46,0,0,0,0,0,5,5,2,0
difficulty-hard,20260712,1,0.12,0.45,0.2,0.18,3,30,9,28,3898742175,1879299208,false,false,829.3666666665697,844.3666666665697,9,6,5,179,20,6,3,0,31,30,1,0,1,0,0.03225806451612903,0.967741935483871,17,2.125,159.73333333332567,0.1925967605803758,1,0,1,5,3,26,6,3,30,0,0,0,0,0,5,10,2,0
difficulty-hard,20260712,1,0.12,0.45,0.2,0.18,3,30,9,29,1855762452,1504534728,true,false,759.3999999999667,777.3999999999667,9,7,6,180,15,4,3,3,30,28,2,3,2,0,0.06666666666666667,0.9333333333333333,13,1.625,159.73333333332567,0.2103414976736011,1,1,0,3,3,23,4,3,27,4,3,27,100.06666666657566,0.1317706961635239,5,11,1,0
difficulty-hard,20260712,1,0.12,0.45,0.2,0.18,3,30,9,30,4081068806,3053816541,false,false,814.1666666665835,832.1666666665835,9,7,6,179,28,9,3,5,49,42,7,5,7,0,0.14285714285714285,0.8571428571428571,21,2.625,159.73333333332567,0.19619242579325524,1,0,1,6,3,34,9,3,41,0,0,0,0,0,6,10,2,0
difficulty-hard,20260712,1,0.12,0.45,0.2,0.18,3,30,9,31,1572237487,3552385709,false,false,805.0666666665918,820.0666666665918,9,6,5,179,24,7,3,5,44,39,5,5,5,0,0.11363636363636363,0.8863636363636364,18,2.25,159.73333333332567,0.19841006955946572,1,0,1,5,3,29,6,3,36,0,0,0,0,0,7,13,2,0
difficulty-hard,20260712,1,0.12,0.45,0.2,0.18,3,30,9,32,3917082294,2930887124,false,false,794.0666666666018,812.0666666666018,9,7,6,179,17,5,3,2,31,27,4,2,4,0,0.12903225806451613,0.8709677419354839,9,1.125,159.73333333332567,0.2011585928973286,1,0,1,2,2,18,5,3,27,0,0,0,0,0,4,7,2,0
difficulty-hard,20260712,1,0.12,0.45,0.2,0.18,3,30,9,33,4041928192,2770734689,false,false,829.5999999999028,847.5999999999028,9,7,6,179,23,6,3,5,42,37,5,5,5,0,0.11904761904761904,0.8809523809523809,17,2.125,159.73333333332567,0.19254259080682784,1,0,1,4,3,27,6,3,36,0,0,0,0,0,5,5,2,0
difficulty-hard,20260712,1,0.12,0.45,0.2,0.18,3,30,9,34,2630378983,2742851049,false,false,745.0999999999797,760.0999999999797,9,6,5,179,22,6,2,8,45,40,5,8,5,0,0.1111111111111111,0.8888888888888888,21,2.625,159.73333333332567,0.2143783832147766,1,0,1,6,2,33,6,2,40,0,0,0,0,0,8,5,2,0
difficulty-hard,20260712,1,0.12,0.45,0.2,0.18,3,30,9,35,164910933,1925266347,false,false,760.6333333332989,775.6333333332989,9,6,5,179,24,7,3,4,45,38,7,4,7,0,0.15555555555555556,0.8444444444444444,19,2.375,159.73333333332567,0.21000043823129794,1,0,1,5,3,30,7,3,36,0,0,0,0,0,5,7,2,0
difficulty-hard,20260712,1,0.12,0.45,0.2,0.18,3,30,9,36,424926903,3312036924,false,false,809.7999999999208,827.7999999999208,9,7,6,179,20,6,3,6,38,34,4,6,4,0,0.10526315789473684,0.8947368421052632,15,1.875,159.73333333332567,0.19725034988063878,1,0,1,5,3,22,5,3,33,0,0,0,0,0,7,8,2,0
difficulty-hard,20260712,1,0.12,0.45,0.2,0.18,3,30,9,37,1867347015,483734156,false,false,741.6666666666495,756.6666666666495,9,6,5,179,19,5,3,1,34,30,4,1,4,0,0.11764705882352941,0.8823529411764706,15,1.875,159.73333333332567,0.2153707865168486,1,0,1,4,3,25,5,3,28,0,0,0,0,0,5,8,2,0
difficulty-hard,20260712,1,0.12,0.45,0.2,0.18,3,30,9,38,687125727,1490913570,false,false,782.9666666666119,797.9666666666119,9,6,5,179,16,4,3,0,32,25,7,0,7,0,0.21875,0.78125,14,1.75,159.73333333332567,0.2040103878411216,1,0,1,4,3,20,4,3,25,0,0,0,0,0,3,5,2,0
difficulty-hard,20260712,1,0.12,0.45,0.2,0.18,3,30,9,39,1479431960,713292789,false,false,724.1333333333321,742.1333333333321,9,7,6,179,22,6,3,3,40,34,6,3,6,0,0.15,0.85,15,1.875,159.73333333332567,0.22058552752714872,1,0,1,4,2,25,6,3,32,0,0,0,0,0,6,10,3,0
difficulty-hard,20260712,1,0.12,0.45,0.2,0.18,3,30,9,40,1931715813,566750882,false,false,816.8999999999144,831.8999999999144,9,6,5,179,23,6,3,10,50,43,7,10,7,0,0.14,0.86,19,2.375,159.73333333332567,0.19553596931490075,1,0,1,5,3,35,6,3,40,0,0,0,0,0,7,8,2,0
difficulty-hard,20260712,1,0.12,0.45,0.2,0.18,3,30,9,41,1460645803,1912962488,false,false,782.1666666666126,797.1666666666126,9,6,5,179,16,4,2,5,31,30,1,5,1,0,0.03225806451612903,0.967741935483871,11,1.375,159.73333333332567,0.20421904964841683,1,0,1,3,2,18,4,2,24,0,0,0,0,0,6,7,2,0
difficulty-hard,20260712,1,0.12,0.45,0.2,0.18,3,30,9,42,2149213617,2917479110,false,false,796.9333333332659,811.9333333332659,9,6,5,179,15,4,2,2,30,27,3,2,3,0,0.1,0.9,11,1.375,159.73333333332567,0.20043500083654742,1,0,1,3,2,19,4,2,26,0,0,0,0,0,6,11,1,0
difficulty-hard,20260712,1,0.12,0.45,0.2,0.18,3,30,9,43,921984714,2696115224,false,false,815.4666666665823,833.4666666665823,9,7,6,179,23,7,2,10,49,43,6,10,6,0,0.12244897959183673,0.8775510204081632,20,2.5,159.73333333332567,0.19587965990844775,1,0,1,6,2,34,7,2,43,0,0,0,0,0,6,8,2,0
difficulty-hard,20260712,1,0.12,0.45,0.2,0.18,3,30,9,44,2396834857,3400542604,false,false,744.4333333333136,759.4333333333136,9,6,5,179,18,5,3,3,35,31,4,3,4,0,0.11428571428571428,0.8857142857142857,15,1.875,159.73333333332567,0.21457036672188676,1,0,1,4,3,25,5,3,30,0,0,0,0,0,5,7,2,0
difficulty-hard,20260712,1,0.12,0.45,0.2,0.18,3,30,9,45,2622366761,1405968849,false,false,781.1999999999468,799.1999999999468,9,7,6,179,22,6,3,6,47,38,9,6,9,0,0.19148936170212766,0.8085106382978723,21,2.625,159.73333333332567,0.20447175285885374,1,0,1,6,3,31,6,3,38,0,0,0,0,0,3,3,2,0
difficulty-hard,20260712,1,0.12,0.45,0.2,0.18,3,30,9,46,2480912865,2438698184,false,false,811.3666666665861,826.3666666665861,9,6,5,179,11,3,2,0,21,20,1,0,1,0,0.047619047619047616,0.9523809523809523,11,1.375,159.73333333332567,0.19686947947907835,1,0,1,3,2,19,3,2,20,0,0,0,0,0,3,5,1,0
difficulty-hard,20260712,1,0.12,0.45,0.2,0.18,3,30,9,47,4115300923,114495816,false,false,801.2666666665953,819.2666666665953,9,7,6,179,22,6,3,8,47,40,7,8,7,0,0.14893617021276595,0.851063829787234,21,2.625,159.73333333332567,0.19935102753973696,1,0,1,6,3,32,6,3,39,0,0,0,0,0,5,5,2,0
difficulty-hard,20260712,1,0.12,0.45,0.2,0.18,3,30,9,48,418587956,548361773,false,false,779.7999999999481,794.7999999999481,9,6,5,179,26,8,3,5,42,41,1,5,1,0,0.023809523809523808,0.9761904761904762,21,2.625,159.73333333332567,0.20483884756775622,1,0,1,6,3,34,8,3,40,0,0,0,0,0,6,13,1,0
difficulty-hard,20260712,1,0.12,0.45,0.2,0.18,3,30,9,49,25899053,4184930629,false,false,759.1666666666335,774.1666666666335,9,6,5,179,18,5,3,8,43,36,7,8,7,0,0.16279069767441862,0.8372093023255814,18,2.25,159.73333333332567,0.21040614709110778,1,0,1,5,3,31,5,3,35,0,0,0,0,0,7,9,2,0
difficulty-hard,20260712,1,0.12,0.45,0.2,0.18,3,30,9,50,1398077836,2646842237,false,false,794.4333333332681,812.4333333332681,9,7,6,179,17,5,2,0,31,27,4,0,4,0,0.12903225806451613,0.8709677419354839,12,1.5,159.73333333332567,0.20106574917132394,1,0,1,3,2,20,5,2,27,0,0,0,0,0,5,5,2,0
difficulty-hard,20260712,1,0.12,0.45,0.2,0.18,3,30,9,51,4262311237,4162853964,false,false,793.099999999936,811.099999999936,9,7,6,179,14,4,3,0,27,24,3,0,3,0,0.1111111111111111,0.8888888888888888,12,1.5,159.73333333332567,0.2014037742193148,1,0,1,3,3,20,4,3,24,0,0,0,0,0,3,6,1,0
difficulty-hard,20260712,1,0.12,0.45,0.2,0.18,3,30,9,52,1084489622,1314381746,false,false,750.7666666666412,768.7666666666412,9,7,6,179,25,7,3,14,56,48,8,14,8,0,0.14285714285714285,0.8571428571428571,22,2.75,159.73333333332567,0.21276028948186002,1,0,1,6,3,42,7,3,47,0,0,0,0,0,5,7,2,0
difficulty-hard,20260712,1,0.12,0.45,0.2,0.18,3,30,9,53,72294272,1334344572,false,false,752.2999999999731,770.2999999999731,9,7,6,179,20,6,3,5,40,35,5,5,5,0,0.125,0.875,17,2.125,159.73333333332567,0.21232664274003907,1,0,1,5,3,29,6,3,33,0,0,0,0,0,7,8,1,0
difficulty-hard,20260712,1,0.12,0.45,0.2,0.18,3,30,9,54,1025788700,2240132783,false,false,755.4666666666369,773.4666666666369,9,7,6,179,20,6,3,6,44,35,9,6,9,0,0.20454545454545456,0.7954545454545454,15,1.875,159.73333333332567,0.21143663960465756,1,0,1,4,3,27,6,3,34,0,0,0,0,0,8,7,2,0
difficulty-hard,20260712,1,0.12,0.45,0.2,0.18,3,30,9,55,32769415,533269338,true,false,794.6999999999346,812.6999999999346,9,7,6,180,23,7,3,5,43,37,6,5,6,0,0.13953488372093023,0.8604651162790697,20,2.5,159.73333333332567,0.20099828027348537,1,1,0,6,3,31,6,3,35,6,3,36,129.03333333321598,0.16236735036268604,5,11,2,0
difficulty-hard,20260712,1,0.12,0.45,0.2,0.18,3,30,9,56,1186139222,1902446670,false,false,770.8333333332896,788.8333333332896,9,7,6,179,21,7,3,5,38,35,3,5,3,0,0.07894736842105263,0.9210526315789473,14,1.75,159.73333333332567,0.20722162162162344,1,0,1,4,3,21,7,3,33,0,0,0,0,0,5,9,4,0
difficulty-hard,20260712,1,0.12,0.45,0.2,0.18,3,30,9,57,2186131343,324611309,false,false,738.6999999999855,756.6999999999855,9,7,6,179,14,4,3,0,24,23,1,0,1,0,0.041666666666666664,0.9583333333333334,12,1.5,159.73333333332567,0.2162357294345862,1,0,1,3,3,19,4,3,23,0,0,0,0,0,3,7,1,0
difficulty-hard,20260712,1,0.12,0.45,0.2,0.18,3,30,9,58,753116385,3137016239,true,false,808.7666666665884,826.7666666665884,9,7,6,180,19,6,3,3,42,32,10,3,10,0,0.23809523809523808,0.7619047619047619,18,2.25,159.73333333332567,0.19750236986358793,1,1,0,5,3,26,5,3,30,5,3,30,147.59999999986576,0.18250010303739855,6,11,2,0
difficulty-hard,20260712,1,0.12,0.45,0.2,0.18,3,30,9,59,4171387993,912606203,false,false,814.3999999999166,832.3999999999166,9,7,6,179,17,5,3,3,34,28,6,3,6,0,0.17647058823529413,0.8235294117647058,12,1.5,159.73333333332567,0.19613621480027263,1,0,1,3,3,22,5,3,28,0,0,0,0,0,6,12,2,0
difficulty-hard,20260712,1,0.12,0.45,0.2,0.18,3,30,9,60,1599599045,3404086600,false,false,788.2666666666071,803.2666666666071,9,6,5,179,16,4,2,0,32,25,7,0,7,0,0.21875,0.78125,14,1.75,159.73333333332567,0.20263870094723158,1,0,1,4,2,22,4,2,25,0,0,0,0,0,10,5,2,0
difficulty-hard,20260712,1,0.12,0.45,0.2,0.18,3,30,9,61,1184744348,2660779864,false,false,782.3666666666124,797.3666666666124,9,6,5,179,16,5,3,0,25,23,2,0,2,0,0.08,0.92,12,1.5,159.73333333332567,0.20416684419070777,1,0,1,3,3,20,5,3,23,0,0,0,0,0,2,5,1,0
difficulty-hard,20260712,1,0.12,0.45,0.2,0.18,3,30,9,62,3726251780,2830737307,false,false,810.4333333332536,828.4333333332536,9,7,6,179,22,6,3,15,53,47,6,15,6,0,0.11320754716981132,0.8867924528301887,20,2.5,159.73333333332567,0.19709620367705516,1,0,1,6,3,35,6,3,44,0,0,0,0,0,5,11,3,0
difficulty-hard,20260712,1,0.12,0.45,0.2,0.18,3,30,9,63,628420005,93984634,false,false,823.0666666665754,841.0666666665754,9,7,6,179,28,8,3,8,50,46,4,8,4,0,0.08,0.92,24,3,159.73333333332567,0.19407095415520417,1,0,1,7,3,34,8,3,46,0,0,0,0,0,8,6,2,0
difficulty-hard,20260712,1,0.12,0.45,0.2,0.18,3,30,9,64,3310469291,3058166250,false,false,819.1333333332457,837.1333333332457,9,7,6,179,25,8,3,6,46,40,6,6,6,0,0.13043478260869565,0.8695652173913043,19,2.375,159.73333333332567,0.1950028485391179,1,0,1,6,3,27,8,3,40,0,0,0,0,0,7,10,2,0
difficulty-hard,20260712,1,0.12,0.45,0.2,0.18,3,30,9,65,772134288,1673145911,false,false,752.0999999999733,770.0999999999733,9,7,6,179,14,4,2,1,24,23,1,1,1,0,0.041666666666666664,0.9583333333333334,10,1.25,159.73333333332567,0.21238310508354122,1,0,1,2,2,20,4,2,23,0,0,0,0,0,6,9,1,0
difficulty-hard,20260712,1,0.12,0.45,0.2,0.18,3,30,9,66,3226336270,3407807712,false,false,733.6666666666567,751.6666666666567,9,7,6,179,15,4,3,1,32,26,6,1,6,0,0.1875,0.8125,12,1.5,159.73333333332567,0.21771921853702114,1,0,1,4,3,18,4,3,24,0,0,0,0,0,8,5,1,0
difficulty-hard,20260712,1,0.12,0.45,0.2,0.18,3,30,9,67,176166743,3655424218,false,false,784.0999999999442,802.0999999999442,9,7,6,179,14,4,3,0,24,21,3,0,3,0,0.125,0.875,8,1,159.73333333332567,0.20371551247715475,1,0,1,2,2,15,4,3,21,0,0,0,0,0,2,5,1,0
difficulty-hard,20260712,1,0.12,0.45,0.2,0.18,3,30,9,68,1364349378,290956375,false,false,825.6999999999064,840.6999999999064,9,6,5,179,13,4,3,0,25,20,5,0,5,0,0.2,0.8,6,0.75,159.73333333332567,0.19345202050786459,1,0,1,1,1,13,4,3,20,0,0,0,0,0,7,7,2,0
difficulty-hard,20260712,1,0.12,0.45,0.2,0.18,3,30,9,69,3700438327,214477261,false,false,803.2666666665934,821.2666666665934,9,7,6,179,29,9,3,17,60,54,6,17,6,0,0.1,0.9,27,3.375,159.73333333332567,0.19885467673666724,1,0,1,8,3,45,9,3,54,0,0,0,0,0,3,4,2,0
difficulty-hard,20260712,1,0.12,0.45,0.2,0.18,3,30,9,70,1009379196,346025300,false,false,798.8666666665974,816.8666666665974,9,7,6,179,19,5,3,1,37,30,7,1,7,0,0.1891891891891892,0.8108108108108109,13,1.625,159.73333333332567,0.19994992906618483,1,0,1,4,3,21,5,3,30,0,0,0,0,0,5,7,2,0
difficulty-hard,20260712,1,0.12,0.45,0.2,0.18,3,30,9,71,879063749,3923476295,false,false,810.5333333332535,828.5333333332535,9,7,6,179,22,6,2,16,50,48,2,16,2,0,0.04,0.96,21,2.625,159.73333333332567,0.19707188682350066,1,0,1,6,2,40,6,2,47,0,0,0,0,0,6,8,2,0
difficulty-hard,20260712,1,0.12,0.45,0.2,0.18,3,30,9,72,2558025091,4035319720,false,false,805.3999999999248,823.3999999999248,9,7,6,179,16,4,3,1,35,27,8,1,8,0,0.22857142857142856,0.7714285714285715,12,1.5,159.73333333332567,0.1983279529840335,1,0,1,3,2,19,4,3,27,0,0,0,0,0,6,6,2,0
difficulty-hard,20260712,1,0.12,0.45,0.2,0.18,3,30,9,73,105028354,696519562,false,false,795.299999999934,813.299999999934,9,7,6,179,18,5,2,8,39,34,5,8,5,0,0.1282051282051282,0.8717948717948718,15,1.875,159.73333333332567,0.20084664068067262,1,0,1,4,2,26,4,2,32,0,0,0,0,0,7,11,2,0
difficulty-hard,20260712,1,0.12,0.45,0.2,0.18,3,30,9,74,3147724494,1758340152,false,false,796.6666666665994,811.6666666665994,9,6,5,179,21,6,3,1,34,31,3,1,3,0,0.08823529411764706,0.9117647058823529,16,2,159.73333333332567,0.20050209205021652,1,0,1,5,2,25,6,3,30,0,0,0,0,0,5,8,2,0
difficulty-hard,20260712,1,0.12,0.45,0.2,0.18,3,30,9,75,3072069306,173343261,false,false,720.7666666666685,738.7666666666685,9,7,6,179,20,6,3,1,32,29,3,1,3,0,0.09375,0.90625,15,1.875,159.73333333332567,0.22161587198814958,1,0,1,4,3,23,5,3,28,0,0,0,0,0,5,11,3,0
difficulty-hard,20260712,1,0.12,0.45,0.2,0.18,3,30,9,76,1276772488,3889190384,false,false,785.5333333332762,803.5333333332762,9,7,6,179,20,6,3,5,36,34,2,5,2,0,0.05555555555555555,0.9444444444444444,14,1.75,159.73333333332567,0.20334380039039798,1,0,1,4,3,22,6,3,33,0,0,0,0,0,3,5,2,0
difficulty-hard,20260712,1,0.12,0.45,0.2,0.18,3,30,9,77,930022865,72636026,false,false,735.1666666666554,753.1666666666554,9,7,6,179,19,5,3,3,37,32,5,3,5,0,0.13513513513513514,0.8648648648648649,14,1.75,159.73333333332567,0.21727499433234387,1,0,1,3,3,25,5,3,30,0,0,0,0,0,7,5,2,0
difficulty-hard,20260712,1,0.12,0.45,0.2,0.18,3,30,9,78,2075503612,2137709207,false,false,805.5666666665913,823.5666666665913,9,7,6,179,20,6,3,6,39,36,3,6,3,0,0.07692307692307693,0.9230769230769231,18,2.25,159.73333333332567,0.19828692018042035,1,0,1,5,3,27,6,3,36,0,0,0,0,0,7,8,2,0
difficulty-hard,20260712,1,0.12,0.45,0.2,0.18,3,30,9,79,2401082734,2377095938,false,false,796.8999999999326,811.8999999999326,9,6,5,179,15,4,3,1,27,25,2,1,2,0,0.07407407407407407,0.9259259259259259,12,1.5,159.73333333332567,0.20044338478270698,1,0,1,3,2,20,4,3,25,0,0,0,0,0,5,13,2,0
difficulty-hard,20260712,1,0.12,0.45,0.2,0.18,3,30,9,80,3833849000,715543658,false,false,762.0666666666309,777.0666666666309,9,6,5,179,22,7,3,15,54,47,7,15,7,0,0.12962962962962962,0.8703703703703703,22,2.75,159.73333333332567,0.2096054588399963,1,0,1,7,3,39,7,3,46,0,0,0,0,0,7,10,2,0
difficulty-hard,20260712,1,0.12,0.45,0.2,0.18,3,30,9,81,2103077099,2100715288,false,false,794.7666666666012,809.7666666666012,9,6,5,179,21,6,3,4,39,34,5,4,5,0,0.1282051282051282,0.8717948717948718,17,2.125,159.73333333332567,0.20098142012331355,1,0,1,5,3,27,6,3,34,0,0,0,0,0,4,3,1,0
difficulty-hard,20260712,1,0.12,0.45,0.2,0.18,3,30,9,82,1221524396,2315615845,false,false,807.4999999999229,825.4999999999229,9,7,6,179,25,8,3,4,43,38,5,4,5,0,0.11627906976744186,0.8837209302325582,19,2.375,159.73333333332567,0.19781217750258936,1,0,1,6,3,29,8,3,38,0,0,0,0,0,7,11,2,0
difficulty-hard,20260712,1,0.12,0.45,0.2,0.18,3,30,9,83,604884436,1246445482,false,false,731.8999999999917,746.8999999999917,9,6,5,179,22,7,3,8,48,40,8,8,8,0,0.16666666666666666,0.8333333333333334,20,2.5,159.73333333332567,0.2182447511044234,1,0,1,6,3,33,7,3,40,0,0,0,0,0,4,3,2,0
difficulty-hard,20260712,1,0.12,0.45,0.2,0.18,3,30,9,84,1429170968,2254597352,false,false,802.333333333261,820.333333333261,9,7,6,179,20,6,3,2,37,32,5,2,5,0,0.13513513513513514,0.8648648648648649,17,2.125,159.73333333332567,0.19908599916909858,1,0,1,5,3,28,6,3,32,0,0,0,0,0,5,11,2,0
difficulty-hard,20260712,1,0.12,0.45,0.2,0.18,3,30,9,85,3090036666,1569748138,false,false,798.9999999999307,813.9999999999307,9,6,5,179,18,5,3,8,40,34,6,8,6,0,0.15,0.85,14,1.75,159.73333333332567,0.19991656236963648,1,0,1,3,3,26,4,3,32,0,0,0,0,0,8,11,2,0
difficulty-hard,20260712,1,0.12,0.45,0.2,0.18,3,30,9,86,1070644286,2008798237,false,false,802.666666666594,820.666666666594,9,7,6,179,15,4,3,7,37,32,5,7,5,0,0.13513513513513514,0.8648648648648649,15,1.875,159.73333333332567,0.1990033222591447,1,0,1,4,3,29,4,3,32,0,0,0,0,0,5,10,2,0
difficulty-hard,20260712,1,0.12,0.45,0.2,0.18,3,30,9,87,63675402,4169177116,false,false,778.1666666666163,793.1666666666163,9,6,5,179,13,4,3,0,22,20,2,0,2,0,0.09090909090909091,0.9090909090909091,7,0.875,159.73333333332567,0.20526879417434485,1,0,1,2,2,13,4,3,19,0,0,0,0,0,6,10,1,0
difficulty-hard,20260712,1,0.12,0.45,0.2,0.18,3,30,9,88,1444555853,1377558937,false,false,791.7999999999372,809.7999999999372,9,7,6,179,20,6,3,10,46,40,6,10,6,0,0.13043478260869565,0.8695652173913043,18,2.25,159.73333333332567,0.20173444472510527,1,0,1,5,3,32,6,3,40,0,0,0,0,0,3,5,2,0
difficulty-hard,20260712,1,0.12,0.45,0.2,0.18,3,30,9,89,1067362471,1799108961,false,false,767.8999999999589,785.8999999999589,9,7,6,179,26,8,3,14,56,50,6,14,6,0,0.10714285714285714,0.8928571428571429,18,2.25,159.73333333332567,0.20801319616269595,1,0,1,5,3,30,8,3,50,0,0,0,0,0,7,7,3,0
difficulty-hard,20260712,1,0.12,0.45,0.2,0.18,3,30,9,90,1775346706,1778769634,false,false,732.7333333333243,747.7333333333243,9,6,5,179,16,5,3,0,27,26,1,0,1,0,0.037037037037037035,0.9629629629629629,13,1.625,159.73333333332567,0.21799654262577697,1,0,1,4,3,20,5,3,26,0,0,0,0,0,5,11,1,0
difficulty-hard,20260712,1,0.12,0.45,0.2,0.18,3,30,9,91,3239144485,1960303496,true,false,796.0999999999333,814.0999999999333,9,7,6,180,20,6,3,5,35,34,1,5,1,0,0.02857142857142857,0.9714285714285714,14,1.75,159.73333333332567,0.20064481011598928,1,1,0,4,3,22,5,3,32,6,3,33,144.56666666653518,0.18159360214363435,6,11,1,0
difficulty-hard,20260712,1,0.12,0.45,0.2,0.18,3,30,9,92,1924126919,3688351243,true,false,773.8999999999535,791.8999999999535,9,7,6,180,18,5,2,4,33,31,2,4,2,0,0.06060606060606061,0.9393939393939394,13,1.625,159.73333333332567,0.20640048240513667,1,1,0,3,2,22,4,2,28,4,2,30,120.89999999989004,0.1562217340740371,5,11,1,0
difficulty-hard,20260712,1,0.12,0.45,0.2,0.18,3,30,9,93,2784716749,3071825351,false,false,751.3999999999739,769.3999999999739,9,7,6,179,23,7,3,6,44,38,6,6,6,0,0.13636363636363635,0.8636363636363636,18,2.25,159.73333333332567,0.21258095998580145,1,0,1,5,3,29,7,3,37,0,0,0,0,0,5,5,2,0
difficulty-hard,20260712,1,0.12,0.45,0.2,0.18,3,30,9,94,4011032937,1061175039,false,false,809.6999999999209,824.6999999999209,9,6,5,179,16,5,3,0,29,25,4,0,4,0,0.13793103448275862,0.8620689655172413,13,1.625,159.73333333332567,0.19727471079824785,1,0,1,4,3,21,5,3,24,0,0,0,0,0,6,11,2,0
difficulty-hard,20260712,1,0.12,0.45,0.2,0.18,3,30,9,95,554532066,1805251060,false,false,736.333333333321,751.333333333321,9,6,5,179,14,4,2,0,26,22,4,0,4,0,0.15384615384615385,0.8461538461538461,11,1.375,159.73333333332567,0.2169307378904414,1,0,1,3,2,19,4,2,22,0,0,0,0,0,3,5,2,0
difficulty-hard,20260712,1,0.12,0.45,0.2,0.18,3,30,9,96,303311596,432556793,false,false,771.4666666666224,789.4666666666224,9,7,6,179,17,5,3,2,31,28,3,2,3,0,0.0967741935483871,0.9032258064516129,12,1.5,159.73333333332567,0.20705150362945235,1,0,1,3,3,21,5,3,27,0,0,0,0,0,4,4,2,0
difficulty-hard,20260712,1,0.12,0.45,0.2,0.18,3,30,9,97,2259200563,2457409816,false,false,801.3333333332619,819.3333333332619,9,7,6,179,25,7,3,17,51,51,0,17,0,0,0,1,24,3,159.73333333332567,0.1993344425956821,1,0,1,7,3,41,7,3,50,0,0,0,0,0,3,4,1,0
difficulty-hard,20260712,1,0.12,0.45,0.2,0.18,3,30,9,98,3329616752,961188463,false,false,810.5333333332535,825.5333333332535,9,6,5,179,29,8,3,18,66,56,10,18,10,0,0.15151515151515152,0.8484848484848485,25,3.125,159.73333333332567,0.19707188682350066,1,0,1,7,3,46,7,3,54,0,0,0,0,0,6,9,3,0
difficulty-hard,20260712,1,0.12,0.45,0.2,0.18,3,30,9,99,2675902986,2873391931,false,false,789.033333333273,804.033333333273,9,6,5,179,20,6,3,2,37,32,5,2,5,0,0.13513513513513514,0.8648648648648649,17,2.125,159.73333333332567,0.20244180642981438,1,0,1,5,3,28,6,3,32,0,0,0,0,0,6,10,2,0
difficulty-hard,20260712,1,0.12,0.45,0.2,0.18,3,30,9,100,309787450,158724146,false,false,806.0666666665909,824.0666666665909,9,7,6,179,26,8,3,12,54,47,7,12,7,0,0.12962962962962962,0.8703703703703703,23,2.875,159.73333333332567,0.19816392357953108,1,0,1,7,3,42,8,3,46,0,0,0,0,0,7,11,2,0
difficulty-hard,20260712,1,0.12,0.45,0.2,0.18,3,30,9,101,1869400402,545914937,false,false,801.7333333332615,819.7333333332615,9,7,6,179,19,6,3,2,32,29,3,2,3,0,0.09375,0.90625,13,1.625,159.73333333332567,0.1992349908531598,1,0,1,4,3,20,6,3,29,0,0,0,0,0,5,8,2,0
difficulty-hard,20260712,1,0.12,0.45,0.2,0.18,3,30,9,102,2354606193,3300882003,false,false,826.866666666572,841.866666666572,9,6,5,179,15,4,3,1,32,26,6,1,6,0,0.1875,0.8125,11,1.375,159.73333333332567,0.1931790695799532,1,0,1,3,3,19,4,3,25,0,0,0,0,0,6,8,2,0
difficulty-hard,20260712,1,0.12,0.45,0.2,0.18,3,30,9,103,3199188327,2525595952,false,false,744.2333333333138,762.2333333333138,9,7,6,179,15,5,3,0,25,23,2,0,2,0,0.08,0.92,13,1.625,159.73333333332567,0.21462802884399587,1,0,1,4,3,20,5,3,23,0,0,0,0,0,3,5,1,0
difficulty-hard,20260712,1,0.12,0.45,0.2,0.18,3,30,9,104,1254458595,3556934750,true,false,794.4999999999347,812.4999999999347,9,7,6,180,18,5,3,1,30,29,1,1,1,0,0.03333333333333333,0.9666666666666667,14,1.75,159.73333333332567,0.20104887770086696,1,1,0,4,3,22,5,3,28,5,3,28,140.366666666539,0.17667295993272567,6,11,1,0
difficulty-hard,20260712,1,0.12,0.45,0.2,0.18,3,30,9,105,2746295834,2515366423,false,false,738.2999999999859,756.2999999999859,9,7,6,179,21,6,3,4,39,34,5,4,5,0,0.1282051282051282,0.8717948717948718,15,1.875,159.73333333332567,0.21635288274865058,1,0,1,4,3,28,6,3,34,0,0,0,0,0,4,3,2,0
difficulty-hard,20260712,1,0.12,0.45,0.2,0.18,3,30,9,106,3926062226,2262177562,false,false,752.5666666666395,767.5666666666395,9,6,5,179,16,4,3,1,32,25,7,1,7,0,0.21875,0.78125,12,1.5,159.73333333332567,0.2122514062984428,1,0,1,3,3,20,4,3,25,0,0,0,0,0,6,10,2,0
difficulty-hard,20260712,1,0.12,0.45,0.2,0.18,3,30,9,107,4016111893,1700202281,false,false,800.3333333332628,815.3333333332628,9,6,5,179,17,5,3,0,33,26,7,0,7,0,0.21212121212121213,0.7878787878787878,12,1.5,159.73333333332567,0.19958350687214463,1,0,1,3,3,20,5,3,25,0,0,0,0,0,6,11,3,0
difficulty-hard,20260712,1,0.12,0.45,0.2,0.18,3,30,9,108,3799113412,2842840435,false,false,818.0333333332467,833.0333333332467,9,6,5,179,20,6,3,3,35,33,2,3,2,0,0.05714285714285714,0.9428571428571428,15,1.875,159.73333333332567,0.1952650666232133,1,0,1,4,3,24,5,3,28,0,0,0,0,0,6,10,3,0
difficulty-hard,20260712,1,0.12,0.45,0.2,0.18,3,30,9,109,1209543035,937138471,false,false,758.1999999999678,776.1999999999678,9,7,6,179,27,8,3,8,53,43,10,8,10,0,0.18867924528301888,0.8113207547169812,22,2.75,159.73333333332567,0.21067440429086318,1,0,1,6,3,37,7,3,40,0,0,0,0,0,7,10,2,0
difficulty-hard,20260712,1,0.12,0.45,0.2,0.18,3,30,9,110,3966348207,2065116556,false,false,752.399999999973,767.399999999973,9,6,5,179,21,6,3,3,36,34,2,3,2,0,0.05555555555555555,0.9444444444444444,19,2.375,159.73333333332567,0.21229842282473604,1,0,1,6,3,27,6,3,33,0,0,0,0,0,5,7,2,0
difficulty-hard,20260712,1,0.12,0.45,0.2,0.18,3,30,9,111,295997754,2402882070,false,false,806.0999999999242,821.0999999999242,9,6,5,179,23,6,3,6,44,38,6,6,6,0,0.13636363636363635,0.8636363636363636,19,2.375,159.73333333332567,0.1981557292312873,1,0,1,6,3,31,6,3,37,0,0,0,0,0,3,4,2,0
difficulty-hard,20260712,1,0.12,0.45,0.2,0.18,3,30,9,112,1783978857,2278458826,false,false,859.1333333332093,874.1333333332093,9,6,5,179,17,5,2,4,33,31,2,4,2,0,0.06060606060606061,0.9393939393939394,15,1.875,159.73333333332567,0.18592379917748358,1,0,1,4,2,22,5,2,27,0,0,0,0,0,6,10,1,0
difficulty-hard,20260712,1,0.12,0.45,0.2,0.18,3,30,9,113,2517524705,3418042266,false,false,793.5999999999356,811.5999999999356,9,7,6,179,20,6,2,3,37,32,5,3,5,0,0.13513513513513514,0.8648648648648649,15,1.875,159.73333333332567,0.2012768817204368,1,0,1,4,2,25,6,2,32,0,0,0,0,0,3,5,4,0
difficulty-hard,20260712,1,0.12,0.45,0.2,0.18,3,30,9,114,3071509352,521227380,false,false,760.6999999999655,778.6999999999655,9,7,6,179,22,7,3,3,37,32,5,3,5,0,0.13513513513513514,0.8648648648648649,18,2.25,159.73333333332567,0.2099820340914065,1,0,1,5,3,30,7,3,32,0,0,0,0,0,6,5,2,0
difficulty-hard,20260712,1,0.12,0.45,0.2,0.18,3,30,9,115,740257506,134522956,false,false,747.5666666666441,765.5666666666441,9,7,6,179,17,5,3,2,34,28,6,2,6,0,0.17647058823529413,0.8235294117647058,13,1.625,159.73333333332567,0.21367102153653697,1,0,1,3,2,23,5,3,28,0,0,0,0,0,6,13,2,0
difficulty-hard,20260712,1,0.12,0.45,0.2,0.18,3,30,9,116,2962464148,2114920476,false,false,804.8999999999253,822.8999999999253,9,7,6,179,22,6,3,6,41,37,4,6,4,0,0.0975609756097561,0.9024390243902439,20,2.5,159.73333333332567,0.19845115335239222,1,0,1,5,3,30,5,3,35,0,0,0,0,0,7,8,2,0
difficulty-hard,20260712,1,0.12,0.45,0.2,0.18,3,30,9,117,1210375085,4259043814,false,false,787.3333333332746,805.3333333332746,9,7,6,179,15,5,3,0,25,21,4,0,4,0,0.16,0.84,10,1.25,159.73333333332567,0.20287891617274037,1,0,1,3,3,16,5,3,21,0,0,0,0,0,3,5,2,0
difficulty-hard,20260712,1,0.12,0.45,0.2,0.18,3,30,9,118,3421255839,1498656756,false,false,808.1333333332557,826.1333333332557,9,7,6,179,23,7,3,10,48,43,5,10,5,0,0.10416666666666667,0.8958333333333334,22,2.75,159.73333333332567,0.197657152285111,1,0,1,7,3,37,7,3,40,0,0,0,0,0,6,8,2,0
difficulty-hard,20260712,1,0.12,0.45,0.2,0.18,3,30,9,119,3072983141,1207315300,false,false,750.3999999999749,765.3999999999749,9,6,5,179,21,6,3,9,45,39,6,9,6,0,0.13333333333333333,0.8666666666666667,16,2,159.73333333332567,0.21286425017767993,1,0,1,5,3,26,5,3,37,0,0,0,0,0,6,14,3,0
difficulty-hard,20260712,1,0.12,0.45,0.2,0.18,3,30,9,120,2202207500,3656528266,false,false,743.5666666666477,758.5666666666477,9,6,5,179,21,6,3,4,44,35,9,4,9,0,0.20454545454545456,0.7954545454545454,19,2.375,159.73333333332567,0.21482045994530383,1,0,1,6,3,28,6,3,35,0,0,0,0,0,4,4,2,0
difficulty-hard,20260712,1,0.12,0.45,0.2,0.18,3,30,9,121,3165678159,4196636827,false,false,760.6333333332989,778.6333333332989,9,7,6,179,23,7,3,11,51,42,9,11,9,0,0.17647058823529413,0.8235294117647058,20,2.5,159.73333333332567,0.21000043823129794,1,0,1,6,3,36,7,3,42,0,0,0,0,0,6,9,3,0
difficulty-hard,20260712,1,0.12,0.45,0.2,0.18,3,30,9,122,2719753289,1508627709,false,false,805.0333333332585,823.0333333332585,9,7,6,179,24,7,3,8,45,40,5,8,5,0,0.1111111111111111,0.8888888888888888,21,2.625,159.73333333332567,0.19841828495715355,1,0,1,6,3,35,7,3,40,0,0,0,0,0,6,6,4,0
difficulty-hard,20260712,1,0.12,0.45,0.2,0.18,3,30,9,123,567898651,3393913153,false,false,795.1666666666008,810.1666666666008,9,6,5,179,20,6,2,3,38,32,6,3,6,0,0.15789473684210525,0.8421052631578947,18,2.25,159.73333333332567,0.20088031859149727,1,0,1,5,2,26,5,2,30,0,0,0,0,0,6,5,2,0
difficulty-hard,20260712,1,0.12,0.45,0.2,0.18,3,30,9,124,1859314885,3515844217,false,false,779.6666666666149,797.6666666666149,9,7,6,179,18,5,3,1,33,27,6,1,6,0,0.18181818181818182,0.8181818181818182,7,0.875,159.73333333332567,0.2048738777255275,1,0,1,1,1,15,5,3,26,0,0,0,0,0,5,8,3,0
difficulty-hard,20260712,1,0.12,0.45,0.2,0.18,3,30,9,125,2371572170,1588596298,false,false,822.5666666665759,840.5666666665759,9,7,6,179,23,6,3,5,44,38,6,5,6,0,0.13636363636363635,0.8636363636363636,19,2.375,159.73333333332567,0.19418892085749073,1,0,1,5,3,32,6,3,38,0,0,0,0,0,5,8,2,0
difficulty-hard,20260712,1,0.12,0.45,0.2,0.18,3,30,9,126,3664689629,248663365,false,false,809.2999999999213,827.2999999999213,9,7,6,179,20,5,1,6,41,36,5,6,5,0,0.12195121951219512,0.8780487804878049,16,2,159.73333333332567,0.1973722146711247,1,0,1,4,1,27,5,1,35,0,0,0,0,0,6,5,2,0
difficulty-hard,20260712,1,0.12,0.45,0.2,0.18,3,30,9,127,3957446512,2387814600,false,false,804.8333333332587,822.8333333332587,9,7,6,179,18,5,2,4,36,32,4,4,4,0,0.1111111111111111,0.8888888888888888,16,2,159.73333333332567,0.19846759163388755,1,0,1,5,2,26,5,2,31,0,0,0,0,0,7,10,2,0
difficulty-hard,20260712,1,0.12,0.45,0.2,0.18,3,30,9,128,3096907722,722873398,false,false,779.3666666666152,797.3666666666152,9,7,6,179,24,7,3,11,49,45,4,11,4,0,0.08163265306122448,0.9183673469387755,20,2.5,159.73333333332567,0.2049527394037931,1,0,1,6,3,35,7,3,44,0,0,0,0,0,4,4,2,0
difficulty-hard,20260712,1,0.12,0.45,0.2,0.18,3,30,9,129,3036198834,1656015064,false,false,813.4999999999175,828.4999999999175,9,6,5,179,18,5,3,0,32,28,4,0,4,0,0.125,0.875,16,2,159.73333333332567,0.19635320631019285,1,0,1,5,3,25,5,3,28,0,0,0,0,0,5,10,2,0
difficulty-hard,20260712,1,0.12,0.45,0.2,0.18,3,30,9,130,2999277546,924322600,true,false,819.2333333332456,837.2333333332456,9,7,6,180,18,6,3,3,33,30,3,3,3,0,0.09090909090909091,0.9090909090909091,14,1.75,159.73333333332567,0.19497904544900857,1,1,0,4,2,21,5,3,27,5,3,29,167.06666666651472,0.2039305041297139,5,11,1,0
difficulty-hard,20260712,1,0.12,0.45,0.2,0.18,3,30,9,131,207872869,3645634908,false,false,813.5333333332508,831.5333333332508,9,7,6,179,15,4,3,0,26,24,2,0,2,0,0.07692307692307693,0.9230769230769231,15,1.875,159.73333333332567,0.19634516102598773,1,0,1,4,3,22,4,3,24,0,0,0,0,0,6,11,1,0
difficulty-hard,20260712,1,0.12,0.45,0.2,0.18,3,30,9,132,979158521,3452732761,false,false,778.033333333283,793.033333333283,9,6,5,179,14,4,3,0,28,21,7,0,7,0,0.25,0.75,11,1.375,159.73333333332567,0.2053039715522077,1,0,1,3,3,18,4,3,21,0,0,0,0,0,5,8,2,0
difficulty-hard,20260712,1,0.12,0.45,0.2,0.18,3,30,9,133,2975105594,3411493043,false,false,798.1666666665981,816.1666666665981,9,7,6,179,24,7,3,4,42,38,4,4,4,0,0.09523809523809523,0.9047619047619048,17,2.125,159.73333333332567,0.2001252871163158,1,0,1,5,3,28,7,3,38,0,0,0,0,0,6,10,2,0
difficulty-hard,20260712,1,0.12,0.45,0.2,0.18,3,30,9,134,1317838698,792364634,false,false,789.8333333332723,807.8333333332723,9,7,6,179,16,4,3,3,31,29,2,3,2,0,0.06451612903225806,0.9354838709677419,15,1.875,159.73333333332567,0.20223675880988143,1,0,1,4,3,23,4,3,29,0,0,0,0,0,3,3,1,0
difficulty-hard,20260712,1,0.12,0.45,0.2,0.18,3,30,9,135,1597404232,785209467,false,false,783.8333333332778,798.8333333332778,9,6,5,179,15,4,3,4,30,26,4,4,4,0,0.13333333333333333,0.8666666666666667,11,1.375,159.73333333332567,0.20378481820115288,1,0,1,2,2,21,2,2,23,0,0,0,0,0,6,6,2,0
difficulty-hard,20260712,1,0.12,0.45,0.2,0.18,3,30,9,136,3506374869,3452123525,false,false,811.6666666665858,826.6666666665858,9,6,5,179,27,8,3,12,55,49,6,12,6,0,0.10909090909090909,0.8909090909090909,20,2.5,159.73333333332567,0.1967967145790656,1,0,1,6,3,34,8,3,49,0,0,0,0,0,5,11,3,0
difficulty-hard,20260712,1,0.12,0.45,0.2,0.18,3,30,9,137,98372788,3958419568,false,false,802.1666666665944,820.1666666665944,9,7,6,179,22,6,3,9,48,41,7,9,7,0,0.14583333333333334,0.8541666666666666,19,2.375,159.73333333332567,0.19912736339082493,1,0,1,5,3,32,6,3,41,0,0,0,0,0,7,7,3,0
difficulty-hard,20260712,1,0.12,0.45,0.2,0.18,3,30,9,138,4021316731,3301874808,false,false,809.0333333332549,827.0333333332549,9,7,6,179,21,6,3,8,42,39,3,8,3,0,0.07142857142857142,0.9285714285714286,19,2.375,159.73333333332567,0.1974372708170341,1,0,1,6,3,30,6,3,38,0,0,0,0,0,6,8,2,0
difficulty-hard,20260712,1,0.12,0.45,0.2,0.18,3,30,9,139,1118674039,2615891444,false,false,797.1333333332657,815.1333333332657,9,7,6,179,24,7,3,5,42,38,4,5,4,0,0.09523809523809523,0.9047619047619048,20,2.5,159.73333333332567,0.2003847118842593,1,0,1,6,3,31,7,3,37,0,0,0,0,0,5,6,2,0
difficulty-hard,20260712,1,0.12,0.45,0.2,0.18,3,30,9,140,3788704140,3797786968,false,false,794.2999999999349,812.2999999999349,9,7,6,179,21,6,3,6,43,36,7,6,7,0,0.16279069767441862,0.8372093023255814,20,2.5,159.73333333332567,0.2010995006085091,1,0,1,6,3,32,6,3,36,0,0,0,0,0,4,3,2,0
difficulty-hard,20260712,1,0.12,0.45,0.2,0.18,3,30,9,141,1843501865,1453385799,false,false,756.6333333333025,771.6333333333025,9,6,5,179,22,7,3,2,39,34,5,2,5,0,0.1282051282051282,0.8717948717948718,17,2.125,159.73333333332567,0.2111106216132854,1,0,1,5,3,25,7,3,33,0,0,0,0,0,6,11,3,0
difficulty-hard,20260712,1,0.12,0.45,0.2,0.18,3,30,9,142,2108085073,2692805170,false,false,799.8333333332632,817.8333333332632,9,7,6,179,19,5,3,3,37,32,5,3,5,0,0.13513513513513514,0.8648648648648649,16,2,159.73333333332567,0.1997082725567906,1,0,1,4,2,27,5,3,32,0,0,0,0,0,2,7,3,0
difficulty-hard,20260712,1,0.12,0.45,0.2,0.18,3,30,9,143,3478216589,3237700627,false,false,811.9999999999188,829.9999999999188,9,7,6,179,21,6,3,2,36,33,3,2,3,0,0.08333333333333333,0.9166666666666666,18,2.25,159.73333333332567,0.19671592775042074,1,0,1,5,3,27,6,3,33,0,0,0,0,0,6,8,2,0
difficulty-hard,20260712,1,0.12,0.45,0.2,0.18,3,30,9,144,1504087569,74755035,false,false,819.4333333332454,834.4333333332454,9,6,5,179,24,7,3,5,50,39,11,5,11,0,0.22,0.78,24,3,159.73333333332567,0.19493145669772952,1,0,1,7,3,37,7,3,39,0,0,0,0,0,5,5,2,0
difficulty-hard,20260712,1,0.12,0.45,0.2,0.18,3,30,9,145,2981424582,2850458104,false,false,769.3999999999576,787.3999999999576,9,7,6,179,24,7,3,9,48,43,5,9,5,0,0.10416666666666667,0.8958333333333334,21,2.625,159.73333333332567,0.20760765964821223,1,0,1,7,3,29,7,3,41,0,0,0,0,0,6,9,2,0
difficulty-hard,20260712,1,0.12,0.45,0.2,0.18,3,30,9,146,280611867,1323195042,false,false,803.1333333332602,821.1333333332602,9,7,6,179,24,7,3,5,39,38,1,5,1,0,0.02564102564102564,0.9743589743589743,23,2.875,159.73333333332567,0.1988876898813068,1,0,1,7,3,35,7,3,38,0,0,0,0,0,5,11,2,0
difficulty-hard,20260712,1,0.12,0.45,0.2,0.18,3,30,9,147,2544746304,1567418394,false,false,748.5999999999765,766.5999999999765,9,7,6,179,24,7,2,10,49,44,5,10,5,0,0.10204081632653061,0.8979591836734694,19,2.375,159.73333333332567,0.21337607979338857,1,0,1,5,2,33,7,2,44,0,0,0,0,0,3,6,2,0
difficulty-hard,20260712,1,0.12,0.45,0.2,0.18,3,30,9,148,2336725293,3566457257,false,false,729.5666666666605,744.5666666666605,9,6,5,179,16,5,3,2,30,26,4,2,4,0,0.13333333333333333,0.8666666666666667,13,1.625,159.73333333332567,0.21894275140493494,1,0,1,4,3,23,5,3,26,0,0,0,0,0,7,11,2,0
difficulty-hard,20260712,1,0.12,0.45,0.2,0.18,3,30,9,149,955363084,3901899374,false,false,745.133333333313,760.133333333313,9,6,5,179,15,4,3,0,31,25,6,0,6,0,0.1935483870967742,0.8064516129032258,11,1.375,159.73333333332567,0.21436879305716655,1,0,1,3,3,18,4,3,25,0,0,0,0,0,7,8,2,0
difficulty-hard,20260712,1,0.12,0.45,0.2,0.18,3,30,9,150,3688972581,3399886802,false,false,775.7999999999518,793.7999999999518,9,7,6,179,14,4,2,0,24,22,2,0,2,0,0.08333333333333333,0.9166666666666666,10,1.25,159.73333333332567,0.20589499011773088,1,0,1,3,2,15,4,2,19,0,0,0,0,0,7,8,2,0
difficulty-hard,20260712,1,0.12,0.45,0.2,0.18,3,30,9,151,309556288,2821558726,false,false,806.9666666665901,821.9666666665901,9,6,5,179,19,5,3,5,39,34,5,5,5,0,0.1282051282051282,0.8717948717948718,15,1.875,159.73333333332567,0.19794291379240056,1,0,1,4,3,28,5,3,34,0,0,0,0,0,7,5,2,0
difficulty-hard,20260712,1,0.12,0.45,0.2,0.18,3,30,9,152,3310279876,3631038247,false,false,802.7333333332606,820.7333333332606,9,7,6,179,18,5,3,2,33,30,3,2,3,0,0.09090909090909091,0.9090909090909091,15,1.875,159.73333333332567,0.19898679511669315,1,0,1,5,3,25,5,3,28,0,0,0,0,0,7,8,2,0
difficulty-hard,20260712,1,0.12,0.45,0.2,0.18,3,30,9,153,1709836494,957570155,false,false,821.4999999999102,839.4999999999102,9,7,6,179,19,6,3,5,38,34,4,5,4,0,0.10526315789473684,0.8947368421052632,15,1.875,159.73333333332567,0.19444106309597461,1,0,1,4,3,27,6,3,33,0,0,0,0,0,7,8,2,0
difficulty-hard,20260712,1,0.12,0.45,0.2,0.18,3,30,9,154,891065281,2001501134,false,false,780.333333333281,798.333333333281,9,7,6,179,9,2,2,0,20,17,3,0,3,0,0.15,0.85,7,0.875,159.73333333332567,0.2046988466467361,1,0,1,1,1,14,2,2,17,0,0,0,0,0,4,7,1,0
difficulty-hard,20260712,1,0.12,0.45,0.2,0.18,3,30,9,155,1300447633,3815942107,false,false,750.0666666666418,765.0666666666418,9,6,5,179,21,6,3,6,42,37,5,6,5,0,0.11904761904761904,0.8809523809523809,17,2.125,159.73333333332567,0.21295884810238774,1,0,1,5,3,29,6,3,35,0,0,0,0,0,5,11,2,0
difficulty-hard,20260712,1,0.12,0.45,0.2,0.18,3,30,9,156,243781276,4168973638,false,false,748.7999999999763,763.7999999999763,9,6,5,179,16,4,3,1,30,26,4,1,4,0,0.13333333333333333,0.8666666666666667,12,1.5,159.73333333332567,0.21331908831908483,1,0,1,4,3,20,4,3,26,0,0,0,0,0,3,5,2,0
difficulty-hard,20260712,1,0.12,0.45,0.2,0.18,3,30,9,157,3695728801,1924031485,false,false,819.166666666579,834.166666666579,9,6,5,179,16,5,2,1,30,27,3,1,3,0,0.1,0.9,12,1.5,159.73333333332567,0.19499491353002169,1,0,1,3,2,22,5,2,27,0,0,0,0,0,7,14,2,0
difficulty-hard,20260712,1,0.12,0.45,0.2,0.18,3,30,9,158,2953847507,2947029615,false,false,810.8333333332532,828.8333333332532,9,7,6,179,17,5,3,1,29,27,2,1,2,0,0.06896551724137931,0.9310344827586207,15,1.875,159.73333333332567,0.19699897225078083,1,0,1,4,3,24,5,3,26,0,0,0,0,0,5,6,2,0
difficulty-hard,20260712,1,0.12,0.45,0.2,0.18,3,30,9,159,597318306,2969988937,false,false,787.8333333332741,805.8333333332741,9,7,6,179,21,6,3,2,36,33,3,2,3,0,0.08333333333333333,0.9166666666666666,17,2.125,159.73333333332567,0.2027501586630053,1,0,1,5,3,27,6,3,33,0,0,0,0,0,7,7,1,0
difficulty-hard,20260712,1,0.12,0.45,0.2,0.18,3,30,9,160,4021549137,175298607,false,false,814.43333333325,832.43333333325,9,7,6,179,15,4,3,0,25,23,2,0,2,0,0.08,0.92,15,1.875,159.73333333332567,0.19612818728769538,1,0,1,4,3,23,4,3,23,0,0,0,0,0,6,14,2,0
difficulty-hard,20260712,1,0.12,0.45,0.2,0.18,3,30,9,161,3627696161,2215963411,false,false,796.1666666665999,811.1666666665999,9,6,5,179,24,7,3,6,43,40,3,6,3,0,0.06976744186046512,0.9302325581395349,22,2.75,159.73333333332567,0.20062800921080898,1,0,1,6,3,35,7,3,40,0,0,0,0,0,5,11,2,0
difficulty-hard,20260712,1,0.12,0.45,0.2,0.18,3,30,9,162,1721084332,2679391550,false,false,749.8333333333087,767.8333333333087,9,7,6,179,18,6,3,2,34,28,6,2,6,0,0.17647058823529413,0.8235294117647058,13,1.625,159.73333333332567,0.21302511669259513,1,0,1,4,3,21,5,3,25,0,0,0,0,0,6,7,2,0
difficulty-hard,20260712,1,0.12,0.45,0.2,0.18,3,30,9,163,3200445703,2404784930,false,false,814.8999999999162,829.8999999999162,9,6,5,179,18,5,3,3,35,31,4,3,4,0,0.11428571428571428,0.8857142857142857,12,1.5,159.73333333332567,0.19601587106803547,1,0,1,3,3,22,5,3,31,0,0,0,0,0,6,14,2,0
difficulty-hard,20260712,1,0.12,0.45,0.2,0.18,3,30,9,164,3590333780,1706214015,false,false,796.6666666665994,814.6666666665994,9,7,6,179,24,7,3,15,49,49,0,15,0,0,0,1,18,2.25,159.73333333332567,0.20050209205021652,1,0,1,5,3,37,7,3,48,0,0,0,0,0,3,5,1,0
difficulty-hard,20260712,1,0.12,0.45,0.2,0.18,3,30,9,165,2747337816,804328599,false,false,787.7333333332742,805.7333333332742,9,7,6,179,23,7,3,3,39,36,3,3,3,0,0.07692307692307693,0.9230769230769231,22,2.75,159.73333333332567,0.20277589708869878,1,0,1,7,3,32,7,3,34,0,0,0,0,0,7,7,2,0
difficulty-hard,20260712,1,0.12,0.45,0.2,0.18,3,30,9,166,2617124955,1707924128,false,false,740.0666666666509,758.0666666666509,9,7,6,179,18,5,3,2,32,30,2,2,2,0,0.0625,0.9375,16,2,159.73333333332567,0.2158364111341263,1,0,1,5,3,24,5,3,30,0,0,0,0,0,3,3,2,0
difficulty-hard,20260712,1,0.12,0.45,0.2,0.18,3,30,9,167,3812811456,3006015671,false,false,805.0333333332585,823.0333333332585,9,7,6,179,24,7,3,6,42,40,2,6,2,0,0.047619047619047616,0.9523809523809523,22,2.75,159.73333333332567,0.19841828495715355,1,0,1,6,3,36,7,3,40,0,0,0,0,0,6,11,1,0
difficulty-hard,20260712,1,0.12,0.45,0.2,0.18,3,30,9,168,1894926263,3091468205,false,false,756.2333333333029,771.2333333333029,9,6,5,179,18,5,3,4,35,30,5,4,5,0,0.14285714285714285,0.8571428571428571,16,2,159.73333333332567,0.21122228589059652,1,0,1,4,3,24,4,3,29,0,0,0,0,0,5,11,2,0
difficulty-hard,20260712,1,0.12,0.45,0.2,0.18,3,30,9,169,1343395008,3077451486,false,false,805.4666666665914,820.4666666665914,9,6,5,179,18,5,2,5,36,32,4,5,4,0,0.1111111111111111,0.8888888888888888,15,1.875,159.73333333332567,0.19831153782487246,1,0,1,4,2,24,5,2,32,0,0,0,0,0,7,6,2,0
difficulty-hard,20260712,1,0.12,0.45,0.2,0.18,3,30,9,170,3083524862,3128302937,false,false,801.133333333262,819.133333333262,9,7,6,179,22,6,3,16,56,48,8,16,8,0,0.14285714285714285,0.8571428571428571,22,2.75,159.73333333332567,0.1993842057085877,1,0,1,6,3,41,6,3,48,0,0,0,0,0,6,8,3,0
difficulty-hard,20260712,1,0.12,0.45,0.2,0.18,3,30,9,171,3692811832,1601863949,false,false,802.333333333261,820.333333333261,9,7,6,179,21,6,3,4,44,33,11,4,11,0,0.25,0.75,13,1.625,159.73333333332567,0.19908599916909858,1,0,1,3,3,23,6,3,33,0,0,0,0,0,3,4,2,0
difficulty-hard,20260712,1,0.12,0.45,0.2,0.18,3,30,9,172,260346616,1777829146,false,false,796.6666666665994,814.6666666665994,9,7,6,179,20,5,3,5,41,34,7,5,7,0,0.17073170731707318,0.8292682926829268,18,2.25,159.73333333332567,0.20050209205021652,1,0,1,5,3,28,5,3,34,0,0,0,0,0,7,8,2,0
difficulty-hard,20260712,1,0.12,0.45,0.2,0.18,3,30,9,173,2363802864,251246025,false,false,812.9666666665846,830.9666666665846,9,7,6,179,18,5,3,2,36,28,8,2,8,0,0.2222222222222222,0.7777777777777778,15,1.875,159.73333333332567,0.19648202058306014,1,0,1,4,3,26,4,3,27,0,0,0,0,0,7,13,2,0
difficulty-hard,20260712,1,0.12,0.45,0.2,0.18,3,30,9,174,3472932576,2670432390,true,false,798.7333333332642,816.7333333332642,9,7,6,180,17,5,3,0,32,26,6,0,6,0,0.1875,0.8125,16,2,159.73333333332567,0.1999833069026035,1,1,0,5,3,23,5,3,25,5,3,25,143.86666666653582,0.18011852099142175,5,11,2,0
difficulty-hard,20260712,1,0.12,0.45,0.2,0.18,3,30,9,175,35922449,1183517001,false,false,796.7999999999327,814.7999999999327,9,7,6,179,23,7,3,10,52,41,11,10,11,0,0.21153846153846154,0.7884615384615384,20,2.5,159.73333333332567,0.20046854082999394,1,0,1,6,3,33,6,3,40,0,0,0,0,0,4,3,2,0
difficulty-hard,20260712,1,0.12,0.45,0.2,0.18,3,30,9,176,3309073840,2474689324,false,false,776.0666666666182,794.0666666666182,9,7,6,179,23,7,3,9,50,42,8,9,8,0,0.16,0.84,22,2.75,159.73333333332567,0.20582424190361953,1,0,1,7,3,35,7,3,39,0,0,0,0,0,6,8,4,0
difficulty-hard,20260712,1,0.12,0.45,0.2,0.18,3,30,9,177,1709810134,1706985734,false,false,817.1999999999141,835.1999999999141,9,7,6,179,22,6,3,6,45,38,7,6,7,0,0.15555555555555556,0.8444444444444444,19,2.375,159.73333333332567,0.19546418665362514,1,0,1,5,3,31,6,3,38,0,0,0,0,0,5,5,2,0
difficulty-hard,20260712,1,0.12,0.45,0.2,0.18,3,30,9,178,2231219360,3165967807,false,false,795.2666666666007,810.2666666666007,9,6,5,179,16,5,3,0,37,25,12,0,12,0,0.32432432432432434,0.6756756756756757,12,1.5,159.73333333332567,0.2008550590996801,1,0,1,3,2,20,5,3,24,0,0,0,0,0,4,8,2,0
difficulty-hard,20260712,1,0.12,0.45,0.2,0.18,3,30,9,179,4086400158,1411118034,false,false,761.5999999999647,776.5999999999647,9,6,5,179,21,6,3,7,42,38,4,7,4,0,0.09523809523809523,0.9047619047619048,18,2.25,159.73333333332567,0.20973389355742264,1,0,1,5,3,31,6,3,38,0,0,0,0,0,5,11,2,0
difficulty-hard,20260712,1,0.12,0.45,0.2,0.18,3,30,9,180,3396149480,2643783067,true,false,822.3666666665761,840.3666666665761,9,7,6,180,20,6,3,2,38,31,7,2,7,0,0.18421052631578946,0.8157894736842105,16,2,159.73333333332567,0.19423614770379385,1,1,0,5,3,24,5,3,30,5,3,30,158.9999999998554,0.1933444124679254,6,11,2,0
difficulty-hard,20260712,1,0.12,0.45,0.2,0.18,3,30,9,181,1539862456,2124321942,false,false,768.7333333332915,783.7333333332915,9,6,5,179,15,4,3,0,27,24,3,0,3,0,0.1111111111111111,0.8888888888888888,9,1.125,159.73333333332567,0.20778770271442334,1,0,1,2,2,17,4,3,24,0,0,0,0,0,6,11,2,0
difficulty-hard,20260712,1,0.12,0.45,0.2,0.18,3,30,9,182,3982333332,2191480214,false,false,807.4999999999229,825.4999999999229,9,7,6,179,16,5,3,0,25,25,0,0,0,0,0,1,13,1.625,159.73333333332567,0.19781217750258936,1,0,1,4,3,20,5,3,24,0,0,0,0,0,6,13,1,0
difficulty-hard,20260712,1,0.12,0.45,0.2,0.18,3,30,9,183,3370242222,2233083578,false,false,792.766666666603,807.766666666603,9,6,5,179,26,8,3,7,44,41,3,7,3,0,0.06818181818181818,0.9318181818181818,21,2.625,159.73333333332567,0.20148845814237712,1,0,1,7,3,33,7,3,39,0,0,0,0,0,5,5,2,0
difficulty-hard,20260712,1,0.12,0.45,0.2,0.18,3,30,9,184,1945302814,3761440154,false,false,795.0999999999342,810.0999999999342,9,6,5,179,17,5,3,3,31,29,2,3,2,0,0.06451612903225806,0.9354838709677419,15,1.875,159.73333333332567,0.20089716178259198,1,0,1,4,3,27,5,3,29,0,0,0,0,0,5,10,2,0
difficulty-hard,20260712,1,0.12,0.45,0.2,0.18,3,30,9,185,335860985,1158552183,false,false,804.7999999999254,822.7999999999254,9,7,6,179,25,7,2,7,42,41,1,7,1,0,0.023809523809523808,0.9761904761904762,20,2.5,159.73333333332567,0.1984758117959002,1,0,1,6,2,34,7,2,40,0,0,0,0,0,8,9,2,0
difficulty-hard,20260712,1,0.12,0.45,0.2,0.18,3,30,9,186,1518606970,3817611327,false,false,766.1666666666272,784.1666666666272,9,7,6,179,19,5,2,2,36,30,6,2,6,0,0.16666666666666666,0.8333333333333334,17,2.125,159.73333333332567,0.20848379377855197,1,0,1,5,2,28,5,2,30,0,0,0,0,0,3,7,2,0
difficulty-hard,20260712,1,0.12,0.45,0.2,0.18,3,30,9,187,3923749955,2167258355,false,false,805.3999999999248,823.3999999999248,9,7,6,179,17,5,3,2,30,27,3,2,3,0,0.1,0.9,12,1.5,159.73333333332567,0.1983279529840335,1,0,1,4,3,18,4,3,25,0,0,0,0,0,9,4,2,0
difficulty-hard,20260712,1,0.12,0.45,0.2,0.18,3,30,9,188,3735206585,3581428821,false,false,819.8666666665783,834.8666666665783,9,6,5,179,19,5,3,9,40,37,3,9,3,0,0.075,0.925,15,1.875,159.73333333332567,0.19482842738657857,1,0,1,4,3,26,5,3,35,0,0,0,0,0,7,6,2,0
difficulty-hard,20260712,1,0.12,0.45,0.2,0.18,3,30,9,189,1567608989,762687710,false,false,778.2333333332829,796.2333333332829,9,7,6,179,16,5,3,1,34,26,8,1,8,0,0.23529411764705882,0.7647058823529411,8,1,159.73333333332567,0.20525121000557164,1,0,1,2,2,16,4,3,24,0,0,0,0,0,5,5,2,0
difficulty-hard,20260712,1,0.12,0.45,0.2,0.18,3,30,9,190,1875642726,415732446,false,false,745.899999999979,763.899999999979,9,7,6,179,13,3,2,1,28,24,4,1,4,0,0.14285714285714285,0.8571428571428571,11,1.375,159.73333333332567,0.2141484560039284,1,0,1,3,2,19,3,2,23,0,0,0,0,0,6,10,1,0
difficulty-hard,20260712,1,0.12,0.45,0.2,0.18,3,30,9,191,3635021742,1948714062,false,false,783.6999999999446,801.6999999999446,9,7,6,179,17,5,3,0,30,26,4,0,4,0,0.13333333333333333,0.8666666666666667,11,1.375,159.73333333332567,0.20381948874995148,1,0,1,3,3,19,5,3,26,0,0,0,0,0,3,6,1,0
difficulty-hard,20260712,1,0.12,0.45,0.2,0.18,3,30,9,192,1847269624,695243254,false,false,754.1999999999714,772.1999999999714,9,7,6,179,24,7,3,9,46,42,4,9,4,0,0.08695652173913043,0.9130434782608695,21,2.625,159.73333333332567,0.2117917440113123,1,0,1,6,3,37,7,3,42,0,0,0,0,0,7,8,2,0
difficulty-hard,20260712,1,0.12,0.45,0.2,0.18,3,30,9,193,2435878032,3002292414,false,false,777.8999999999498,795.8999999999498,9,7,6,179,17,5,3,0,29,27,2,0,2,0,0.06896551724137931,0.9310344827586207,16,2,159.73333333332567,0.20533916098899083,1,0,1,5,3,23,5,3,26,0,0,0,0,0,7,8,2,0
difficulty-hard,20260712,1,0.12,0.45,0.2,0.18,3,30,9,194,1526140492,834550320,false,false,789.4333333332727,804.4333333332727,9,6,5,179,22,6,3,8,41,40,1,8,1,0,0.024390243902439025,0.975609756097561,19,2.375,159.73333333332567,0.20233923067179574,1,0,1,5,3,33,6,3,40,0,0,0,0,0,6,4,1,0
difficulty-hard,20260712,1,0.12,0.45,0.2,0.18,3,30,9,195,830050442,807777994,false,false,782.3333333332791,800.3333333332791,9,7,6,179,23,7,3,17,57,49,8,17,8,0,0.14035087719298245,0.8596491228070176,18,2.25,159.73333333332567,0.20417554324670226,1,0,1,5,3,39,6,3,47,0,0,0,0,0,6,10,2,0
difficulty-hard,20260712,1,0.12,0.45,0.2,0.18,3,30,9,196,2401368156,3670785343,false,false,785.8666666666093,800.8666666666093,9,6,5,179,22,7,3,6,40,36,4,6,4,0,0.1,0.9,13,1.625,159.73333333332567,0.20325755005090432,1,0,1,3,2,25,6,2,34,0,0,0,0,0,5,4,2,0
difficulty-hard,20260712,1,0.12,0.45,0.2,0.18,3,30,9,197,2198695329,3600445244,false,false,797.6333333332652,815.6333333332652,9,7,6,179,18,6,3,2,30,28,2,2,2,0,0.06666666666666667,0.9333333333333333,16,2,159.73333333332567,0.20025909983702533,1,0,1,5,3,23,6,3,28,0,0,0,0,0,6,8,2,0
difficulty-hard,20260712,1,0.12,0.45,0.2,0.18,3,30,9,198,3126872149,1628234327,false,false,733.8999999999899,748.8999999999899,9,6,5,179,25,8,3,8,45,41,4,8,4,0,0.08888888888888889,0.9111111111111111,21,2.625,159.73333333332567,0.21764999772902013,1,0,1,6,3,32,7,3,40,0,0,0,0,0,5,6,2,0
difficulty-hard,20260712,1,0.12,0.45,0.2,0.18,3,30,9,199,3628101857,872160027,false,false,816.5666666665813,834.5666666665813,9,7,6,179,20,6,3,4,40,33,7,4,7,0,0.175,0.825,17,2.125,159.73333333332567,0.19561578968854434,1,0,1,5,3,27,6,3,33,0,0,0,0,0,5,13,2,0
difficulty-hard,20260712,1,0.12,0.45,0.2,0.18,3,30,9,200,82110196,1843425213,false,false,742.7666666666485,760.7666666666485,9,7,6,179,20,6,3,7,42,37,5,7,5,0,0.11904761904761904,0.8809523809523809,15,1.875,159.73333333332567,0.21505183323609423,1,0,1,4,2,25,6,3,34,0,0,0,0,0,11,5,2,0
difficulty-hard,20260712,1,0.12,0.45,0.2,0.18,3,30,9,201,4018850377,3814553458,false,false,789.799999999939,804.799999999939,9,6,5,179,20,6,3,3,35,32,3,3,3,0,0.08571428571428572,0.9142857142857143,17,2.125,159.73333333332567,0.20224529416730566,1,0,1,5,3,27,6,3,31,0,0,0,0,0,4,5,2,0
difficulty-hard,20260712,1,0.12,0.45,0.2,0.18,3,30,9,202,3870910387,4069866358,false,false,734.4999999999893,749.4999999999893,9,6,5,179,22,7,3,3,37,35,2,3,2,0,0.05405405405405406,0.9459459459459459,19,2.375,159.73333333332567,0.217472203312904,1,0,1,6,3,29,7,3,35,0,0,0,0,0,3,7,2,0
difficulty-hard,20260712,1,0.12,0.45,0.2,0.18,3,30,9,203,149356833,2060664912,false,false,795.8666666666002,810.8666666666002,9,6,5,179,21,6,3,5,44,36,8,5,8,0,0.18181818181818182,0.8181818181818182,20,2.5,159.73333333332567,0.20070363544983125,1,0,1,6,3,31,6,3,34,0,0,0,0,0,7,8,3,0
difficulty-hard,20260712,1,0.12,0.45,0.2,0.18,3,30,9,204,2155685474,828924839,false,false,757.0666666666355,775.0666666666355,9,7,6,179,20,6,3,5,40,35,5,5,5,0,0.125,0.875,18,2.25,159.73333333332567,0.2109897851356097,1,0,1,5,3,29,6,3,35,0,0,0,0,0,6,11,4,0
difficulty-hard,20260712,1,0.12,0.45,0.2,0.18,3,30,9,205,417693831,1154257760,false,false,783.633333333278,798.633333333278,9,6,5,179,24,6,3,13,52,47,5,13,5,0,0.09615384615384616,0.9038461538461539,21,2.625,159.73333333332567,0.20383682844868387,1,0,1,6,3,36,6,3,47,0,0,0,0,0,5,5,3,0
difficulty-hard,20260712,1,0.12,0.45,0.2,0.18,3,30,9,206,2491093858,3679727859,false,false,771.099999999956,789.099999999956,9,7,6,179,22,6,3,13,51,45,6,13,6,0,0.11764705882352941,0.8823529411764706,21,2.625,159.73333333332567,0.2071499589331277,1,0,1,6,3,38,6,3,43,0,0,0,0,0,10,5,2,0
difficulty-hard,20260712,1,0.12,0.45,0.2,0.18,3,30,9,207,2769506202,234627338,false,false,794.6999999999346,812.6999999999346,9,7,6,179,16,4,1,4,32,30,2,4,2,0,0.0625,0.9375,15,1.875,159.73333333332567,0.20099828027348537,1,0,1,4,1,25,4,1,29,0,0,0,0,0,6,10,1,0
difficulty-hard,20260712,1,0.12,0.45,0.2,0.18,3,30,9,208,1695446040,1464608370,true,false,808.833333333255,826.833333333255,9,7,6,180,13,4,3,0,27,22,5,0,5,0,0.18518518518518517,0.8148148148148148,8,1,159.73333333332567,0.19748609107769355,1,1,0,2,2,14,4,3,21,4,3,21,147.39999999986594,0.18223779105693,6,11,2,0
difficulty-hard,20260712,1,0.12,0.45,0.2,0.18,3,30,9,209,4174067465,2298668592,false,false,808.2999999999222,823.2999999999222,9,6,5,179,19,6,3,0,31,28,3,0,3,0,0.0967741935483871,0.9032258064516129,14,1.75,159.73333333332567,0.1976163965524447,1,0,1,4,3,20,6,3,27,0,0,0,0,0,5,14,1,0
difficulty-hard,20260712,1,0.12,0.45,0.2,0.18,3,30,9,210,1707711480,1083167641,false,false,749.8999999999753,767.8999999999753,9,7,6,179,23,7,3,5,43,37,6,5,6,0,0.13953488372093023,0.8604651162790697,20,2.5,159.73333333332567,0.21300617860158813,1,0,1,6,3,31,7,3,36,0,0,0,0,0,6,8,2,0
difficulty-hard,20260712,1,0.12,0.45,0.2,0.18,3,30,9,211,2141854888,1341466183,false,false,806.7666666665903,824.7666666665903,9,7,6,179,21,6,3,8,42,39,3,8,3,0,0.07142857142857142,0.9285714285714286,20,2.5,159.73333333332567,0.19799198446474503,1,0,1,6,3,32,6,3,39,0,0,0,0,0,4,4,2,0
difficulty-hard,20260712,1,0.12,0.45,0.2,0.18,3,30,9,212,2240692290,1984115244,false,false,762.4666666666305,777.4666666666305,9,6,5,179,22,6,3,10,50,42,8,10,8,0,0.16,0.84,19,2.375,159.73333333332567,0.20949549707091009,1,0,1,5,3,35,6,3,40,0,0,0,0,0,7,6,2,0
difficulty-hard,20260712,1,0.12,0.45,0.2,0.18,3,30,9,213,3154705907,830505868,false,false,780.666666666614,798.666666666614,9,7,6,179,20,6,3,1,36,31,5,1,5,0,0.1388888888888889,0.8611111111111112,17,2.125,159.73333333332567,0.20461144321093483,1,0,1,5,3,25,6,3,30,0,0,0,0,0,5,4,2,0
difficulty-hard,20260712,1,0.12,0.45,0.2,0.18,3,30,9,214,2843314281,1521524693,false,false,784.9666666666101,802.9666666666101,9,7,6,179,21,6,3,4,38,34,4,4,4,0,0.10526315789473684,0.8947368421052632,19,2.375,159.73333333332567,0.20349059408043296,1,0,1,6,3,29,6,3,34,0,0,0,0,0,3,3,2,0
difficulty-hard,20260712,1,0.12,0.45,0.2,0.18,3,30,9,215,1951423146,1811103409,false,false,804.1333333332593,822.1333333332593,9,7,6,179,16,4,2,4,28,28,0,4,0,0,0,1,12,1.5,159.73333333332567,0.19864035814956937,1,0,1,3,2,20,4,2,28,0,0,0,0,0,6,11,1,0
difficulty-hard,20260712,1,0.12,0.45,0.2,0.18,3,30,9,216,2515557984,419142457,false,false,795.9999999999334,813.9999999999334,9,7,6,179,25,8,3,7,47,41,6,7,6,0,0.1276595744680851,0.8723404255319149,21,2.625,159.73333333332567,0.20067001675042592,1,0,1,7,3,31,7,3,39,0,0,0,0,0,6,8,2,0
difficulty-hard,20260712,1,0.12,0.45,0.2,0.18,3,30,9,217,2905933155,4116718287,false,false,788.0999999999406,806.0999999999406,9,7,6,179,16,4,3,0,29,26,3,0,3,0,0.10344827586206896,0.896551724137931,15,1.875,159.73333333332567,0.2026815547942364,1,0,1,4,3,23,4,3,26,0,0,0,0,0,6,14,2,0
difficulty-hard,20260712,1,0.12,0.45,0.2,0.18,3,30,9,218,4226582809,416812559,false,false,754.9333333333041,772.9333333333041,9,7,6,179,16,4,2,2,31,27,4,2,4,0,0.12903225806451613,0.8709677419354839,13,1.625,159.73333333332567,0.21158601200988855,1,0,1,3,2,23,4,2,27,0,0,0,0,0,4,5,2,0
difficulty-hard,20260712,1,0.12,0.45,0.2,0.18,3,30,9,219,605723200,1003772549,true,false,804.9666666665919,822.9666666665919,9,7,6,180,17,5,3,2,29,28,1,2,1,0,0.034482758620689655,0.9655172413793104,13,1.625,159.73333333332567,0.1984347177937064,1,1,0,4,3,21,4,3,27,4,3,27,143.86666666653582,0.17872375667714918,5,11,1,0
difficulty-hard,20260712,1,0.12,0.45,0.2,0.18,3,30,9,220,4087178351,1237651290,false,false,798.0999999999315,816.0999999999315,9,7,6,179,14,4,3,0,28,24,4,0,4,0,0.14285714285714285,0.8571428571428571,9,1.125,159.73333333332567,0.20014200392599849,1,0,1,2,2,16,3,2,20,0,0,0,0,0,9,7,2,0
difficulty-hard,20260712,1,0.12,0.45,0.2,0.18,3,30,9,221,1144567018,480018665,false,false,806.6999999999236,824.6999999999236,9,7,6,179,26,8,3,10,49,45,4,10,4,0,0.08163265306122448,0.9183673469387755,24,3,159.73333333332567,0.19800834676253973,1,0,1,7,3,39,8,3,45,0,0,0,0,0,7,9,2,0
difficulty-hard,20260712,1,0.12,0.45,0.2,0.18,3,30,9,222,2167231004,1571274072,false,false,758.8333333333005,773.8333333333005,9,6,5,179,13,3,3,0,25,20,5,0,5,0,0.2,0.8,11,1.375,159.73333333332567,0.21049857236986502,1,0,1,3,3,17,3,3,19,0,0,0,0,0,7,6,2,0
difficulty-hard,20260712,1,0.12,0.45,0.2,0.18,3,30,9,223,737399196,3205082114,false,false,814.2333333332501,832.2333333332501,9,7,6,179,16,5,3,1,28,24,4,1,4,0,0.14285714285714285,0.8571428571428571,12,1.5,159.73333333332567,0.19617636222214188,1,0,1,3,3,22,5,3,24,0,0,0,0,0,6,14,1,0
difficulty-hard,20260712,1,0.12,0.45,0.2,0.18,3,30,9,224,1788945342,275024770,false,false,797.8999999999317,815.8999999999317,9,7,6,179,18,5,3,5,34,32,2,5,2,0,0.058823529411764705,0.9411764705882353,14,1.75,159.73333333332567,0.2001921711158533,1,0,1,4,3,25,5,3,32,0,0,0,0,0,5,5,1,0
difficulty-hard,20260712,1,0.12,0.45,0.2,0.18,3,30,9,225,2464768654,2049551651,false,false,770.6999999999564,788.6999999999564,9,7,6,179,20,6,3,2,34,32,2,2,2,0,0.058823529411764705,0.9411764705882353,18,2.25,159.73333333332567,0.20725747156265045,1,0,1,6,3,24,6,3,32,0,0,0,0,0,3,5,1,0
difficulty-hard,20260712,1,0.12,0.45,0.2,0.18,3,30,9,226,2618027127,3819495355,false,false,795.1999999999341,810.1999999999341,9,6,5,179,15,4,2,0,31,24,7,0,7,0,0.22580645161290322,0.7741935483870968,11,1.375,159.73333333332567,0.20087189805500366,1,0,1,2,2,20,4,2,24,0,0,0,0,0,5,6,3,0
difficulty-hard,20260712,1,0.12,0.45,0.2,0.18,3,30,9,227,684539206,3416307305,false,false,766.5999999999601,784.5999999999601,9,7,6,179,26,8,3,9,48,43,5,9,5,0,0.10416666666666667,0.8958333333333334,21,2.625,159.73333333332567,0.2083659448647717,1,0,1,6,3,33,8,3,43,0,0,0,0,0,3,3,2,0
difficulty-hard,20260712,1,0.12,0.45,0.2,0.18,3,30,9,228,576204067,2256529216,false,false,803.5333333332599,821.5333333332599,9,7,6,179,19,6,3,3,37,30,7,3,7,0,0.1891891891891892,0.8108108108108109,15,1.875,159.73333333332567,0.1987886833153658,1,0,1,4,3,25,6,3,30,0,0,0,0,0,2,6,2,0
difficulty-hard,20260712,1,0.12,0.45,0.2,0.18,3,30,9,229,1483928871,1445423649,false,false,811.466666666586,829.466666666586,9,7,6,179,26,8,3,10,47,45,2,10,2,0,0.0425531914893617,0.9574468085106383,19,2.375,159.73333333332567,0.19684521853435125,1,0,1,5,3,35,8,3,44,0,0,0,0,0,7,5,2,0
difficulty-hard,20260712,1,0.12,0.45,0.2,0.18,3,30,9,230,3174676850,928612638,false,false,753.9666666666383,771.9666666666383,9,7,6,179,23,7,3,9,52,42,10,9,10,0,0.19230769230769232,0.8076923076923077,21,2.625,159.73333333332567,0.2118572881206044,1,0,1,6,3,34,7,3,41,0,0,0,0,0,5,5,2,0
difficulty-hard,20260712,1,0.12,0.45,0.2,0.18,3,30,9,231,2423965070,719119834,false,false,827.7333333332379,842.7333333332379,9,6,5,179,12,3,2,0,23,20,3,0,3,0,0.13043478260869565,0.8695652173913043,10,1.25,159.73333333332567,0.19297680412372434,1,0,1,2,2,17,3,2,20,0,0,0,0,0,5,10,2,0
difficulty-hard,20260712,1,0.12,0.45,0.2,0.18,3,30,9,232,1343798630,2718142536,false,false,818.1333333332466,836.1333333332466,9,7,6,179,22,6,2,11,50,43,7,11,7,0,0.14,0.86,21,2.625,159.73333333332567,0.19524119947849897,1,0,1,6,2,38,6,2,42,0,0,0,0,0,6,6,2,0
difficulty-hard,20260712,1,0.12,0.45,0.2,0.18,3,30,9,233,727706053,3937387364,false,false,783.8666666666111,801.8666666666111,9,7,6,179,24,7,3,4,46,38,8,4,8,0,0.17391304347826086,0.8260869565217391,22,2.75,159.73333333332567,0.2037761524068766,1,0,1,7,3,31,7,3,38,0,0,0,0,0,6,11,2,0
difficulty-hard,20260712,1,0.12,0.45,0.2,0.18,3,30,9,234,806029282,2416807435,false,false,806.8333333332569,821.8333333332569,9,6,5,179,20,6,3,8,41,38,3,8,3,0,0.07317073170731707,0.926829268292683,17,2.125,159.73333333332567,0.19797562487090373,1,0,1,5,3,30,6,3,37,0,0,0,0,0,6,10,2,0
difficulty-hard,20260712,1,0.12,0.45,0.2,0.18,3,30,9,235,3910707710,4186776254,false,false,734.4333333333227,752.4333333333227,9,7,6,179,23,7,3,5,44,38,6,5,6,0,0.13636363636363635,0.8636363636363636,20,2.5,159.73333333332567,0.21749194390232104,1,0,1,6,3,29,7,3,37,0,0,0,0,0,6,6,2,0
difficulty-hard,20260712,1,0.12,0.45,0.2,0.18,3,30,9,236,3816510720,4252146054,false,false,738.5999999999856,756.5999999999856,9,7,6,179,22,7,3,9,47,41,6,9,6,0,0.1276595744680851,0.8723404255319149,18,2.25,159.73333333332567,0.21626500586694936,1,0,1,5,3,34,7,3,40,0,0,0,0,0,4,5,2,0
difficulty-hard,20260712,1,0.12,0.45,0.2,0.18,3,30,9,237,2007936054,2179853944,false,false,727.0333333333294,742.0333333333294,9,6,5,179,21,6,3,8,45,38,7,8,7,0,0.15555555555555556,0.8444444444444444,17,2.125,159.73333333332567,0.21970565311080628,1,0,1,5,3,27,6,3,38,0,0,0,0,0,3,3,2,0
difficulty-hard,20260712,1,0.12,0.45,0.2,0.18,3,30,9,238,1613922475,4146057515,false,false,766.0999999999606,784.0999999999606,9,7,6,179,15,4,3,0,24,23,1,0,1,0,0.041666666666666664,0.9583333333333334,14,1.75,159.73333333332567,0.20850193621372393,1,0,1,4,3,21,4,3,23,0,0,0,0,0,2,5,1,0
difficulty-hard,20260712,1,0.12,0.45,0.2,0.18,3,30,9,239,3169452984,1610026307,false,false,783.9999999999443,801.9999999999443,9,7,6,179,23,7,3,12,52,45,7,12,7,0,0.1346153846153846,0.8653846153846154,20,2.5,159.73333333332567,0.20374149659864416,1,0,1,6,3,36,7,3,45,0,0,0,0,0,3,4,3,0
difficulty-hard,20260712,1,0.12,0.45,0.2,0.18,3,30,9,240,3071937110,3483667099,false,false,761.4333333332982,779.4333333332982,9,7,6,179,21,6,3,7,40,36,4,7,4,0,0.1,0.9,18,2.25,159.73333333332567,0.20977980125202433,1,0,1,5,3,29,5,3,34,0,0,0,0,0,7,8,2,0
difficulty-hard,20260712,1,0.12,0.45,0.2,0.18,3,30,9,241,3310753976,3323007188,false,false,770.9333333332895,785.9333333332895,9,6,5,179,27,8,3,4,47,41,6,4,6,0,0.1276595744680851,0.8723404255319149,20,2.5,159.73333333332567,0.207194742303703,1,0,1,6,3,32,8,3,41,0,0,0,0,0,6,8,3,0
difficulty-hard,20260712,1,0.12,0.45,0.2,0.18,3,30,9,242,1782500555,98831180,false,false,791.4999999999375,809.4999999999375,9,7,6,179,23,7,3,4,41,37,4,4,4,0,0.0975609756097561,0.9024390243902439,16,2,159.73333333332567,0.20181090755949246,1,0,1,4,3,29,7,3,36,0,0,0,0,0,5,5,2,0
difficulty-hard,20260712,1,0.12,0.45,0.2,0.18,3,30,9,243,1927857696,3247687363,true,false,795.1999999999341,813.1999999999341,9,7,6,180,21,6,3,4,40,33,7,4,7,0,0.175,0.825,16,2,159.73333333332567,0.20087189805500366,1,1,0,4,3,25,5,3,31,6,3,33,143.99999999986903,0.18108651911453844,6,11,2,0
difficulty-hard,20260712,1,0.12,0.45,0.2,0.18,3,30,9,244,2998384363,1282893850,false,false,769.6333333332907,787.6333333332907,9,7,6,179,21,6,3,10,47,41,6,10,6,0,0.1276595744680851,0.8723404255319149,19,2.375,159.73333333332567,0.20754471826411,1,0,1,6,3,32,6,3,38,0,0,0,0,0,5,5,2,0
difficulty-hard,20260712,1,0.12,0.45,0.2,0.18,3,30,9,245,2143974395,24328719,false,false,747.8333333333105,762.8333333333105,9,6,5,179,20,6,3,4,38,34,4,4,4,0,0.10526315789473684,0.8947368421052632,18,2.25,159.73333333332567,0.21359482950746228,1,0,1,5,3,31,6,3,34,0,0,0,0,0,6,8,3,0
difficulty-hard,20260712,1,0.12,0.45,0.2,0.18,3,30,9,246,3558225217,3842164078,true,false,811.5333333332526,829.5333333332526,9,7,6,180,18,5,3,6,41,33,8,6,8,0,0.1951219512195122,0.8048780487804879,13,1.625,159.73333333332567,0.19682904789288783,1,1,0,3,3,25,5,3,32,5,3,32,146.33333333320024,0.1803170952105662,5,11,3,0
difficulty-hard,20260712,1,0.12,0.45,0.2,0.18,3,30,9,247,3217396239,4124898951,false,false,795.7666666666003,813.7666666666003,9,7,6,179,21,6,2,11,48,42,6,11,6,0,0.125,0.875,21,2.625,159.73333333332567,0.20072885686759812,1,0,1,6,2,36,6,2,42,0,0,0,0,0,5,5,2,0
difficulty-hard,20260712,1,0.12,0.45,0.2,0.18,3,30,9,248,675606670,1687385446,false,false,749.7666666666421,764.7666666666421,9,6,5,179,17,5,3,0,31,25,6,0,6,0,0.1935483870967742,0.8064516129032258,15,1.875,159.73333333332567,0.21304405815142166,1,0,1,4,3,23,5,3,25,0,0,0,0,0,5,9,2,0
difficulty-hard,20260712,1,0.12,0.45,0.2,0.18,3,30,9,249,3621604416,3117577987,false,false,818.2999999999131,836.2999999999131,9,7,6,179,18,5,3,1,32,29,3,1,3,0,0.09375,0.90625,17,2.125,159.73333333332567,0.19520143386697134,1,0,1,5,3,25,5,3,27,0,0,0,0,0,6,11,1,0
difficulty-hard,20260712,1,0.12,0.45,0.2,0.18,3,30,9,250,776970704,4268874364,false,false,808.6666666665885,823.6666666665885,9,6,5,179,20,6,3,8,44,37,7,8,7,0,0.1590909090909091,0.8409090909090909,14,1.75,159.73333333332567,0.19752679307503024,1,0,1,4,3,29,6,3,37,0,0,0,0,0,6,10,2,0
difficulty-hard,20260712,1,0.12,0.45,0.2,0.18,3,30,9,251,2124666350,98333850,false,false,756.8666666666356,771.8666666666356,9,6,5,179,25,7,3,9,51,42,9,9,9,0,0.17647058823529413,0.8235294117647058,22,2.75,159.73333333332567,0.21104553862415074,1,0,1,6,3,37,6,3,41,0,0,0,0,0,7,10,2,0
difficulty-hard,20260712,1,0.12,0.45,0.2,0.18,3,30,9,252,2801092811,2919140446,false,false,754.1333333333048,769.1333333333048,9,6,5,179,17,5,3,0,30,25,5,0,5,0,0.16666666666666666,0.8333333333333334,13,1.625,159.73333333332567,0.21181046676095966,1,0,1,4,2,20,5,3,25,0,0,0,0,0,3,5,2,0
difficulty-hard,20260712,1,0.12,0.45,0.2,0.18,3,30,9,253,1678832529,4024929389,true,false,763.2999999999631,781.2999999999631,9,7,6,180,19,6,3,2,35,30,5,2,5,0,0.14285714285714285,0.8571428571428571,17,2.125,159.73333333332567,0.20926678020874281,1,1,0,5,3,25,5,3,29,5,3,29,119.09999999989168,0.15603301454198537,5,11,2,0
difficulty-hard,20260712,1,0.12,0.45,0.2,0.18,3,30,9,254,2328853235,1459023703,false,false,795.8666666666002,813.8666666666002,9,7,6,179,22,6,2,9,47,41,6,9,6,0,0.1276595744680851,0.8723404255319149,20,2.5,159.73333333332567,0.20070363544983125,1,0,1,6,2,32,6,2,40,0,0,0,0,0,7,11,2,0
difficulty-hard,20260712,1,0.12,0.45,0.2,0.18,3,30,9,255,1035975336,86201134,false,false,814.6333333332498,832.6333333332498,9,7,6,179,18,5,3,1,30,29,1,1,1,0,0.03333333333333333,0.9666666666666667,13,1.625,159.73333333332567,0.19608003600803067,1,0,1,4,3,20,5,3,28,0,0,0,0,0,6,11,2,0
difficulty-hard,20260712,1,0.12,0.45,0.2,0.18,3,30,9,256,3124014609,1637699427,false,false,731.3999999999921,749.3999999999921,9,7,6,179,18,5,3,6,40,34,6,6,6,0,0.15,0.85,18,2.25,159.73333333332567,0.2183939476802398,1,0,1,5,3,29,5,3,34,0,0,0,0,0,3,3,2,0
difficulty-hard,20260712,1,0.12,0.45,0.2,0.18,3,30,9,257,2428126724,1453483813,false,false,810.5333333332535,825.5333333332535,9,6,5,179,16,5,3,0,32,23,9,0,9,0,0.28125,0.71875,12,1.5,159.73333333332567,0.19707188682350066,1,0,1,3,2,20,5,3,23,0,0,0,0,0,6,8,2,0
difficulty-hard,20260712,1,0.12,0.45,0.2,0.18,3,30,9,258,408187522,2268182784,false,false,791.2999999999377,809.2999999999377,9,7,6,179,23,7,3,7,41,38,3,7,3,0,0.07317073170731707,0.926829268292683,18,2.25,159.73333333332567,0.20186191499221315,1,0,1,5,3,31,6,3,37,0,0,0,0,0,3,4,1,0
difficulty-hard,20260712,1,0.12,0.45,0.2,0.18,3,30,9,259,1540836935,2487278556,false,false,798.6666666665976,813.6666666665976,9,6,5,179,25,7,3,9,51,44,7,9,7,0,0.13725490196078433,0.8627450980392157,21,2.625,159.73333333332567,0.2000000000000077,1,0,1,6,3,33,7,3,44,0,0,0,0,0,4,5,2,0
difficulty-hard,20260712,1,0.12,0.45,0.2,0.18,3,30,9,260,416540612,2370386758,false,false,834.9999999998979,852.9999999998979,9,7,6,179,25,8,3,8,49,43,6,8,6,0,0.12244897959183673,0.8775510204081632,21,2.625,159.73333333332567,0.19129740518963498,1,0,1,6,3,32,8,3,41,0,0,0,0,0,5,9,2,0
difficulty-hard,20260712,1,0.12,0.45,0.2,0.18,3,30,9,261,4156763438,763319639,false,false,746.233333333312,764.233333333312,9,7,6,179,19,6,3,0,32,29,3,0,3,0,0.09375,0.90625,16,2,159.73333333332567,0.2140527984991248,1,0,1,5,3,25,6,3,29,0,0,0,0,0,5,8,2,0
difficulty-hard,20260712,1,0.12,0.45,0.2,0.18,3,30,9,262,1417443586,907737161,true,false,792.9333333332695,810.9333333332695,9,7,6,180,22,7,3,8,41,39,2,8,2,0,0.04878048780487805,0.9512195121951219,18,2.25,159.73333333332567,0.20144610728098858,1,1,0,5,3,30,6,3,36,6,3,38,134.8999999998773,0.1701277955270155,6,11,2,0
difficulty-hard,20260712,1,0.12,0.45,0.2,0.18,3,30,9,263,1787971212,2421539574,false,false,775.2666666666189,793.2666666666189,9,7,6,179,13,4,2,0,24,20,4,0,4,0,0.16666666666666666,0.8333333333333334,11,1.375,159.73333333332567,0.2060366325565425,1,0,1,3,2,18,3,2,19,0,0,0,0,0,6,13,2,0
difficulty-hard,20260712,1,0.12,0.45,0.2,0.18,3,30,9,264,2331210239,1118311468,false,false,781.1666666666135,799.1666666666135,9,7,6,179,20,6,3,1,39,31,8,1,8,0,0.20512820512820512,0.7948717948717948,19,2.375,159.73333333332567,0.20448047791764865,1,0,1,6,3,26,6,3,30,0,0,0,0,0,5,7,2,0
difficulty-hard,20260712,1,0.12,0.45,0.2,0.18,3,30,9,265,2746147269,2465663903,false,false,745.4333333333127,760.4333333333127,9,6,5,179,26,8,3,15,59,51,8,15,8,0,0.13559322033898305,0.864406779661017,22,2.75,159.73333333332567,0.21428252023431127,1,0,1,7,3,44,8,3,51,0,0,0,0,0,6,11,2,0
difficulty-hard,20260712,1,0.12,0.45,0.2,0.18,3,30,9,266,3727330783,1055634797,false,false,802.2999999999276,817.2999999999276,9,6,5,179,16,4,3,1,27,26,1,1,1,0,0.037037037037037035,0.9629629629629629,10,1.25,159.73333333332567,0.19909427063858914,1,0,1,3,3,17,4,3,25,0,0,0,0,0,5,6,2,0
difficulty-hard,20260712,1,0.12,0.45,0.2,0.18,3,30,9,267,9300034,3333552583,false,false,732.599999999991,750.599999999991,9,7,6,179,23,7,2,12,48,44,4,12,4,0,0.08333333333333333,0.9166666666666666,20,2.5,159.73333333332567,0.21803621803621026,1,0,1,6,2,36,7,2,43,0,0,0,0,0,5,4,2,0
difficulty-hard,20260712,1,0.12,0.45,0.2,0.18,3,30,9,268,448378662,4108527585,false,false,770.8333333332896,788.8333333332896,9,7,6,179,24,7,3,9,50,42,8,9,8,0,0.16,0.84,21,2.625,159.73333333332567,0.20722162162162344,1,0,1,6,3,35,7,3,40,0,0,0,0,0,5,5,2,0
difficulty-hard,20260712,1,0.12,0.45,0.2,0.18,3,30,9,269,2644846291,1818401493,false,false,791.1333333332711,809.1333333332711,9,7,6,179,24,7,3,8,49,42,7,8,7,0,0.14285714285714285,0.8571428571428571,18,2.25,159.73333333332567,0.20190444088649814,1,0,1,5,3,31,7,3,38,0,0,0,0,0,6,10,2,0
difficulty-hard,20260712,1,0.12,0.45,0.2,0.18,3,30,9,270,2933178831,102202903,false,false,822.6999999999091,840.6999999999091,9,7,6,179,19,6,3,1,36,30,6,1,6,0,0.16666666666666666,0.8333333333333334,15,1.875,159.73333333332567,0.19415744904988858,1,0,1,4,3,23,6,3,28,0,0,0,0,0,6,8,2,0
difficulty-hard,20260712,1,0.12,0.45,0.2,0.18,3,30,9,271,3958547359,1056071990,false,false,812.9999999999179,827.9999999999179,9,6,5,179,22,6,3,9,42,41,1,9,1,0,0.023809523809523808,0.9761904761904762,20,2.5,159.73333333332567,0.1964739647396578,1,0,1,6,3,34,6,3,40,0,0,0,0,0,7,11,1,0
difficulty-hard,20260712,1,0.12,0.45,0.2,0.18,3,30,9,272,3628565045,2982389769,false,false,810.033333333254,825.033333333254,9,6,5,179,18,5,3,0,28,28,0,0,0,0,0,1,14,1.75,159.73333333332567,0.19719353113041602,1,0,1,4,3,23,5,3,27,0,0,0,0,0,5,7,1,0
difficulty-hard,20260712,1,0.12,0.45,0.2,0.18,3,30,9,273,330575335,1112644063,false,false,741.5666666666496,759.5666666666496,9,7,6,179,22,6,2,4,38,36,2,4,2,0,0.05263157894736842,0.9473684210526315,17,2.125,159.73333333332567,0.21539982919044728,1,0,1,5,2,25,6,2,36,0,0,0,0,0,5,11,2,0
difficulty-hard,20260712,1,0.12,0.45,0.2,0.18,3,30,9,274,2907495908,1044093551,false,false,775.9666666666183,793.9666666666183,9,7,6,179,24,8,3,3,39,35,4,3,4,0,0.10256410256410256,0.8974358974358975,20,2.5,159.73333333332567,0.2058507667855178,1,0,1,6,3,30,8,3,34,0,0,0,0,0,5,10,2,0
difficulty-hard,20260712,1,0.12,0.45,0.2,0.18,3,30,9,275,738587840,3315881753,false,false,802.7999999999272,820.7999999999272,9,7,6,179,26,8,3,12,54,48,6,12,6,0,0.1111111111111111,0.8888888888888888,26,3.25,159.73333333332567,0.19897027071915815,1,0,1,8,3,41,8,3,47,0,0,0,0,0,6,5,2,0
difficulty-hard,20260712,1,0.12,0.45,0.2,0.18,3,30,9,276,843627350,2333660108,false,false,814.766666666583,832.766666666583,9,7,6,179,19,5,2,10,42,39,3,10,3,0,0.07142857142857142,0.9285714285714286,16,2,159.73333333332567,0.19604794828786412,1,0,1,4,2,31,5,2,39,0,0,0,0,0,6,8,2,0
difficulty-hard,20260712,1,0.12,0.45,0.2,0.18,3,30,9,277,2035639171,1220600636,false,false,804.5999999999256,822.5999999999256,9,7,6,179,19,6,3,2,39,31,8,2,8,0,0.20512820512820512,0.7948717948717948,16,2,159.73333333332567,0.1985251470710172,1,0,1,5,3,25,6,3,31,0,0,0,0,0,6,8,2,0
difficulty-hard,20260712,1,0.12,0.45,0.2,0.18,3,30,9,278,767892615,2538774060,true,false,786.166666666609,804.166666666609,9,7,6,180,20,7,3,3,38,31,7,3,7,0,0.18421052631578946,0.8157894736842105,18,2.25,159.73333333332567,0.20317998728005604,1,1,0,6,3,27,6,3,28,6,3,29,143.79999999986921,0.18291286834837367,5,11,2,0
difficulty-hard,20260712,1,0.12,0.45,0.2,0.18,3,30,9,279,1134866454,3283254722,false,false,793.1666666666026,808.1666666666026,9,6,5,179,25,7,3,14,53,49,4,14,4,0,0.07547169811320754,0.9245283018867925,24,3,159.73333333332567,0.201386845976052,1,0,1,7,3,46,7,3,48,0,0,0,0,0,5,4,2,0
difficulty-hard,20260712,1,0.12,0.45,0.2,0.18,3,30,9,280,2286155613,2974307165,false,false,795.0333333332676,813.0333333332676,9,7,6,179,15,4,3,3,30,27,3,3,3,0,0.1,0.9,12,1.5,159.73333333332567,0.20091400779842214,1,0,1,3,2,23,4,3,26,0,0,0,0,0,7,11,2,0
difficulty-hard,20260712,1,0.12,0.45,0.2,0.18,3,30,9,281,127508651,3523483135,false,false,787.7333333332742,805.7333333332742,9,7,6,179,14,4,3,3,28,26,2,3,2,0,0.07142857142857142,0.9285714285714286,11,1.375,159.73333333332567,0.20277589708869878,1,0,1,3,2,19,4,3,25,0,0,0,0,0,7,10,1,0
difficulty-hard,20260712,1,0.12,0.45,0.2,0.18,3,30,9,282,1275224985,486800979,false,false,786.2666666666089,801.2666666666089,9,6,5,179,22,7,3,3,41,35,6,3,6,0,0.14634146341463414,0.8536585365853658,18,2.25,159.73333333332567,0.2031541461760269,1,0,1,5,3,29,7,3,35,0,0,0,0,0,2,5,3,0
difficulty-hard,20260712,1,0.12,0.45,0.2,0.18,3,30,9,283,3291538274,196067927,false,false,811.1666666665863,826.1666666665863,9,6,5,179,18,5,2,7,40,35,5,7,5,0,0.125,0.875,13,1.625,159.73333333332567,0.19691801931375572,1,0,1,3,1,24,5,2,33,0,0,0,0,0,7,8,2,0
difficulty-hard,20260712,1,0.12,0.45,0.2,0.18,3,30,9,284,2754763494,2061587050,false,false,757.1666666666354,772.1666666666354,9,6,5,179,22,7,3,8,47,39,8,8,8,0,0.1702127659574468,0.8297872340425532,17,2.125,159.73333333332567,0.2109619194364943,1,0,1,5,3,29,7,3,39,0,0,0,0,0,6,11,2,0
difficulty-hard,20260712,1,0.12,0.45,0.2,0.18,3,30,9,285,2677196255,3499679862,false,false,750.7333333333079,768.7333333333079,9,7,6,179,24,7,3,15,50,47,3,15,3,0,0.06,0.94,21,2.625,159.73333333332567,0.2127697362578782,1,0,1,6,3,39,7,3,47,0,0,0,0,0,4,5,2,0
difficulty-hard,20260712,1,0.12,0.45,0.2,0.18,3,30,9,286,383385867,291280180,false,false,753.6999999999719,768.6999999999719,9,6,5,179,16,5,3,2,31,28,3,2,3,0,0.0967741935483871,0.9032258064516129,15,1.875,159.73333333332567,0.21193224536729685,1,0,1,5,3,24,5,3,28,0,0,0,0,0,7,11,2,0
difficulty-hard,20260712,1,0.12,0.45,0.2,0.18,3,30,9,287,2753956764,4171991310,false,false,791.8333333332705,809.8333333332705,9,7,6,179,16,5,3,0,27,25,2,0,2,0,0.07407407407407407,0.9259259259259259,12,1.5,159.73333333332567,0.20172595243107347,1,0,1,3,3,19,5,3,24,0,0,0,0,0,5,13,2,0
difficulty-hard,20260712,1,0.12,0.45,0.2,0.18,3,30,9,288,471834329,2803033414,false,false,731.8999999999917,746.8999999999917,9,6,5,179,19,5,3,5,37,34,3,5,3,0,0.08108108108108109,0.918918918918919,16,2,159.73333333332567,0.2182447511044234,1,0,1,5,3,27,5,3,34,0,0,0,0,0,3,4,2,0
difficulty-hard,20260712,1,0.12,0.45,0.2,0.18,3,30,9,289,2451779474,397890267,false,false,788.4333333332736,803.4333333332736,9,6,5,179,15,4,2,0,31,24,7,0,7,0,0.22580645161290322,0.7741935483870968,11,1.375,159.73333333332567,0.2025958652179484,1,0,1,3,2,18,4,2,24,0,0,0,0,0,4,4,2,0
difficulty-hard,20260712,1,0.12,0.45,0.2,0.18,3,30,9,290,568343072,522117607,false,false,789.2333333332729,807.2333333332729,9,7,6,179,20,6,3,5,40,35,5,5,5,0,0.125,0.875,18,2.25,159.73333333332567,0.20239050555391888,1,0,1,5,3,30,6,3,34,0,0,0,0,0,6,5,2,0
difficulty-hard,20260712,1,0.12,0.45,0.2,0.18,3,30,9,291,1397683041,2807062565,false,false,790.7333333332715,808.7333333332715,9,7,6,179,21,6,3,4,37,33,4,4,4,0,0.10810810810810811,0.8918918918918919,16,2,159.73333333332567,0.2020065761740218,1,0,1,4,3,25,6,3,33,0,0,0,0,0,3,3,2,0
difficulty-hard,20260712,1,0.12,0.45,0.2,0.18,3,30,9,292,3648854164,2160995703,false,false,798.8999999999307,813.8999999999307,9,6,5,179,21,6,3,3,41,33,8,3,8,0,0.1951219512195122,0.8048780487804879,18,2.25,159.73333333332567,0.19994158634790277,1,0,1,5,3,27,6,3,32,0,0,0,0,0,4,5,2,0
difficulty-hard,20260712,1,0.12,0.45,0.2,0.18,3,30,9,293,3775230675,785737720,false,false,809.0666666665882,827.0666666665882,9,7,6,179,21,6,3,1,36,31,5,1,5,0,0.1388888888888889,0.8611111111111112,14,1.75,159.73333333332567,0.19742913645353638,1,0,1,4,2,22,6,3,28,0,0,0,0,0,9,5,2,0
difficulty-hard,20260712,1,0.12,0.45,0.2,0.18,3,30,9,294,2761454288,698217802,false,false,762.1666666666308,780.1666666666308,9,7,6,179,20,6,3,3,40,32,8,3,8,0,0.2,0.8,15,1.875,159.73333333332567,0.2095779575770827,1,0,1,4,3,25,6,3,30,0,0,0,0,0,8,7,2,0
difficulty-hard,20260712,1,0.12,0.45,0.2,0.18,3,30,9,295,683523534,2400218909,false,false,804.8333333332587,819.8333333332587,9,6,5,179,22,7,3,8,42,40,2,8,2,0,0.047619047619047616,0.9523809523809523,20,2.5,159.73333333332567,0.19846759163388755,1,0,1,6,3,32,7,3,38,0,0,0,0,0,6,11,2,0
difficulty-hard,20260712,1,0.12,0.45,0.2,0.18,3,30,9,296,3988336265,4106843566,true,false,788.1333333332739,806.1333333332739,9,7,6,180,19,6,3,4,36,32,4,4,4,0,0.1111111111111111,0.8888888888888888,16,2,159.73333333332567,0.20267298257486602,1,1,0,5,3,27,6,3,31,6,3,32,129.89999999988186,0.16481982744022797,6,11,2,0
difficulty-hard,20260712,1,0.12,0.45,0.2,0.18,3,30,9,297,3860601920,2563560105,false,false,743.8999999999808,761.8999999999808,9,7,6,179,22,7,3,3,39,33,6,3,6,0,0.15384615384615385,0.8461538461538461,16,2,159.73333333332567,0.21472420128152953,1,0,1,5,3,25,6,3,31,0,0,0,0,0,5,10,3,0
difficulty-hard,20260712,1,0.12,0.45,0.2,0.18,3,30,9,298,2942594758,32852192,false,false,794.0333333332685,809.0333333332685,9,6,5,179,15,4,2,2,29,27,2,2,2,0,0.06896551724137931,0.9310344827586207,13,1.625,159.73333333332567,0.2011670374879376,1,0,1,4,2,20,4,2,27,0,0,0,0,0,4,6,2,0
difficulty-hard,20260712,1,0.12,0.45,0.2,0.18,3,30,9,299,761145382,3771477340,false,false,754.4333333333045,769.4333333333045,9,6,5,179,24,7,3,6,43,40,3,6,3,0,0.06976744186046512,0.9302325581395349,18,2.25,159.73333333332567,0.2117262404453653,1,0,1,5,3,29,7,3,39,0,0,0,0,0,6,5,2,0
difficulty-hard,20260712,1,0.12,0.45,0.2,0.18,3,30,9,300,3091017178,590834317,false,false,766.8333333332932,784.8333333332932,9,7,6,179,29,8,3,9,53,48,5,9,5,0,0.09433962264150944,0.9056603773584906,23,2.875,159.73333333332567,0.2083025429254519,1,0,1,6,3,38,8,3,47,0,0,0,0,0,6,5,2,0
difficulty-hard,20260712,1,0.12,0.45,0.2,0.18,3,30,9,301,517405117,1420393332,false,false,767.0666666666264,782.0666666666264,9,6,5,179,14,4,3,0,30,23,7,0,7,0,0.23333333333333334,0.7666666666666667,12,1.5,159.73333333332567,0.2082391795584922,1,0,1,4,3,19,4,3,22,0,0,0,0,0,6,11,3,0
difficulty-hard,20260712,1,0.12,0.45,0.2,0.18,3,30,9,302,3078579972,987649907,false,false,811.5333333332526,829.5333333332526,9,7,6,179,28,8,3,6,48,43,5,6,5,0,0.10416666666666667,0.8958333333333334,23,2.875,159.73333333332567,0.19682904789288783,1,0,1,7,3,33,8,3,42,0,0,0,0,0,7,11,2,0
difficulty-hard,20260712,1,0.12,0.45,0.2,0.18,3,30,9,303,1593802884,4230359978,false,false,797.2333333332656,815.2333333332656,9,7,6,179,23,7,3,9,50,41,9,9,9,0,0.18,0.82,18,2.25,159.73333333332567,0.2003595768700162,1,0,1,5,3,31,6,3,37,0,0,0,0,0,6,7,2,0
difficulty-hard,20260712,1,0.12,0.45,0.2,0.18,3,30,9,304,4138059750,1212721152,false,false,803.6333333332598,818.6333333332598,9,6,5,179,17,4,2,4,33,31,2,4,2,0,0.06060606060606061,0.9393939393939394,15,1.875,159.73333333332567,0.19876394707371559,1,0,1,4,2,27,4,2,31,0,0,0,0,0,5,7,1,0
difficulty-hard,20260712,1,0.12,0.45,0.2,0.18,3,30,9,305,2051303118,3174368594,false,false,825.7333333332397,840.7333333332397,9,6,5,179,15,5,3,0,25,22,3,0,3,0,0.12,0.88,13,1.625,159.73333333332567,0.19344421120621322,1,0,1,4,3,19,5,3,22,0,0,0,0,0,7,11,2,0
difficulty-hard,20260712,1,0.12,0.45,0.2,0.18,3,30,9,306,1833435338,4254822554,false,false,766.4333333332936,784.4333333332936,9,7,6,179,24,7,3,6,42,38,4,6,4,0,0.09523809523809523,0.9047619047619048,18,2.25,159.73333333332567,0.2084112555995311,1,0,1,5,3,29,7,3,38,0,0,0,0,0,6,9,1,0
difficulty-hard,20260712,1,0.12,0.45,0.2,0.18,3,30,9,307,2796015737,1615521315,false,false,799.8999999999298,814.8999999999298,9,6,5,179,23,7,3,7,45,40,5,7,5,0,0.1111111111111111,0.8888888888888888,19,2.375,159.73333333332567,0.19969162812018962,1,0,1,6,3,29,7,3,37,0,0,0,0,0,6,5,2,0
difficulty-hard,20260712,1,0.12,0.45,0.2,0.18,3,30,9,308,824124786,3906185052,false,false,806.9999999999234,824.9999999999234,9,7,6,179,17,5,3,1,31,27,4,1,4,0,0.12903225806451613,0.8709677419354839,11,1.375,159.73333333332567,0.1979347377116987,1,0,1,3,2,20,4,2,25,0,0,0,0,0,4,4,2,0
difficulty-hard,20260712,1,0.12,0.45,0.2,0.18,3,30,9,309,2295963228,3416283535,false,false,818.8999999999126,836.8999999999126,9,7,6,179,24,7,3,5,46,38,8,5,8,0,0.17391304347826086,0.8260869565217391,17,2.125,159.73333333332567,0.19505841169049057,1,0,1,5,3,28,7,3,38,0,0,0,0,0,7,5,2,0
difficulty-hard,20260712,1,0.12,0.45,0.2,0.18,3,30,9,310,1486235073,3256448383,false,false,798.266666666598,813.266666666598,9,6,5,179,15,4,3,0,30,25,5,0,5,0,0.16666666666666666,0.8333333333333334,12,1.5,159.73333333332567,0.20010021713713808,1,0,1,3,2,21,4,3,24,0,0,0,0,0,6,5,1,0
difficulty-hard,20260712,1,0.12,0.45,0.2,0.18,3,30,9,311,3493194011,3923848151,false,false,791.6333333332707,806.6333333332707,9,6,5,179,22,7,3,3,41,35,6,3,6,0,0.14634146341463414,0.8536585365853658,18,2.25,159.73333333332567,0.2017769169228241,1,0,1,6,3,26,7,3,34,0,0,0,0,0,7,5,2,0
difficulty-hard,20260712,1,0.12,0.45,0.2,0.18,3,30,9,312,1366832333,3380168905,false,false,772.4333333332881,790.4333333332881,9,7,6,179,17,5,3,9,42,36,6,9,6,0,0.14285714285714285,0.8571428571428571,15,1.875,159.73333333332567,0.20679238769257544,1,0,1,4,3,27,5,3,34,0,0,0,0,0,6,5,2,0
difficulty-hard,20260712,1,0.12,0.45,0.2,0.18,3,30,9,313,3914825078,2826504471,false,false,789.1666666666063,804.1666666666063,9,6,5,179,26,7,3,12,54,47,7,12,7,0,0.12962962962962962,0.8703703703703703,21,2.625,159.73333333332567,0.20240760295671117,1,0,1,6,3,38,7,3,46,0,0,0,0,0,6,12,2,0
difficulty-hard,20260712,1,0.12,0.45,0.2,0.18,3,30,9,314,3954032933,3453753262,false,false,813.999999999917,828.999999999917,9,6,5,179,13,3,3,0,27,23,4,0,4,0,0.14814814814814814,0.8518518518518519,13,1.625,159.73333333332567,0.19623259623260683,1,0,1,3,3,22,3,3,23,0,0,0,0,0,5,10,1,0
difficulty-hard,20260712,1,0.12,0.45,0.2,0.18,3,30,9,315,2367780143,2842809020,false,false,753.0333333333058,771.0333333333058,9,7,6,179,21,6,3,1,38,32,6,1,6,0,0.15789473684210525,0.8421052631578947,17,2.125,159.73333333332567,0.21211987074498453,1,0,1,5,3,24,6,3,30,0,0,0,0,0,4,5,2,0
difficulty-hard,20260712,1,0.12,0.45,0.2,0.18,3,30,9,316,1967941413,3367190486,false,false,754.8333333333042,769.8333333333042,9,6,5,179,17,5,2,3,32,28,4,3,4,0,0.125,0.875,13,1.625,159.73333333332567,0.21161404283506097,1,0,1,3,2,23,5,2,28,0,0,0,0,0,7,8,2,0
difficulty-hard,20260712,1,0.12,0.45,0.2,0.18,3,30,9,317,715353069,3544027828,false,false,803.1999999999268,821.1999999999268,9,7,6,179,18,6,3,0,27,26,1,0,1,0,0.037037037037037035,0.9629629629629629,14,1.75,159.73333333332567,0.19887118193891962,1,0,1,4,3,21,5,3,24,0,0,0,0,0,6,10,1,0
difficulty-hard,20260712,1,0.12,0.45,0.2,0.18,3,30,9,318,2954484142,3532131966,false,false,788.8999999999398,806.8999999999398,9,7,6,179,23,7,3,5,45,38,7,5,7,0,0.15555555555555556,0.8444444444444444,16,2,159.73333333332567,0.20247602146449215,1,0,1,4,2,29,7,3,35,0,0,0,0,0,8,5,3,0
difficulty-hard,20260712,1,0.12,0.45,0.2,0.18,3,30,9,319,2970060967,599800610,false,false,749.4333333333091,767.4333333333091,9,7,6,179,21,6,3,7,44,38,6,7,6,0,0.13636363636363635,0.8636363636363636,16,2,159.73333333332567,0.21313881599430348,1,0,1,5,3,28,6,3,38,0,0,0,0,0,2,5,2,0
difficulty-hard,20260712,1,0.12,0.45,0.2,0.18,3,30,9,320,695175611,3020022848,false,false,743.8333333333142,761.8333333333142,9,7,6,179,9,3,3,0,21,15,6,0,6,0,0.2857142857142857,0.7142857142857143,9,1.125,159.73333333332567,0.21474344611247564,1,0,1,3,3,15,3,3,15,0,0,0,0,0,5,13,1,0
difficulty-hard,20260712,1,0.12,0.45,0.2,0.18,3,30,9,321,2153747689,4114101204,false,false,799.2666666665971,817.2666666665971,9,7,6,179,23,7,3,13,48,46,2,13,2,0,0.041666666666666664,0.9583333333333334,21,2.625,159.73333333332567,0.1998498623738505,1,0,1,6,3,41,7,3,45,0,0,0,0,0,8,5,2,0
difficulty-hard,20260712,1,0.12,0.45,0.2,0.18,3,30,9,322,3202235024,2992260742,false,false,807.3333333332564,825.3333333332564,9,7,6,179,12,3,2,0,25,22,3,0,3,0,0.12,0.88,7,0.875,159.73333333332567,0.1978530140379945,1,0,1,1,0,15,3,2,21,0,0,0,0,0,7,9,2,0
difficulty-hard,20260712,1,0.12,0.45,0.2,0.18,3,30,9,323,3868035741,3903443096,false,false,744.1666666666472,759.1666666666472,9,6,5,179,21,6,3,8,45,39,6,8,6,0,0.13333333333333333,0.8666666666666667,20,2.5,159.73333333332567,0.2146472564389651,1,0,1,6,3,32,6,3,37,0,0,0,0,0,8,5,2,0
difficulty-hard,20260712,1,0.12,0.45,0.2,0.18,3,30,9,324,1443860737,2185563175,false,false,792.8333333332696,807.8333333332696,9,6,5,179,23,7,3,14,53,47,6,14,6,0,0.11320754716981132,0.8867924528301887,20,2.5,159.73333333332567,0.2014715156611375,1,0,1,6,3,35,7,3,47,0,0,0,0,0,3,4,2,0
difficulty-hard,20260712,1,0.12,0.45,0.2,0.18,3,30,9,325,644151449,3205198024,false,false,753.8999999999717,771.8999999999717,9,7,6,179,14,4,2,0,29,22,7,0,7,0,0.2413793103448276,0.7586206896551724,11,1.375,159.73333333332567,0.21187602246097847,1,0,1,3,2,18,4,2,22,0,0,0,0,0,7,11,2,0
difficulty-hard,20260712,1,0.12,0.45,0.2,0.18,3,30,9,326,2398488040,530378908,false,false,784.6999999999437,802.6999999999437,9,7,6,179,28,8,3,10,58,48,10,10,10,0,0.1724137931034483,0.8275862068965517,25,3.125,159.73333333332567,0.2035597468246937,1,0,1,7,3,41,8,3,48,0,0,0,0,0,3,4,2,0
difficulty-hard,20260712,1,0.12,0.45,0.2,0.18,3,30,9,327,3813717704,1833328814,false,false,809.8999999999207,824.8999999999207,9,6,5,179,24,7,3,5,42,39,3,5,3,0,0.07142857142857142,0.9285714285714286,22,2.75,159.73333333332567,0.19722599497881382,1,0,1,7,3,32,7,3,38,0,0,0,0,0,6,8,2,0
difficulty-hard,20260712,1,0.12,0.45,0.2,0.18,3,30,9,328,3258876128,2597089601,false,false,762.4999999999638,780.4999999999638,9,7,6,179,24,7,3,11,56,43,13,11,13,0,0.23214285714285715,0.7678571428571429,18,2.25,159.73333333332567,0.2094863387978141,1,0,1,5,3,33,6,3,40,0,0,0,0,0,6,11,4,0
difficulty-hard,20260712,1,0.12,0.45,0.2,0.18,3,30,9,329,2035505040,2375296108,true,false,800.8999999999289,818.8999999999289,9,7,6,180,12,3,2,1,23,23,0,1,0,0,0,1,10,1.25,159.73333333332567,0.19944229408582825,1,1,0,3,2,15,3,2,22,3,2,22,144.26666666653546,0.18013068631108536,6,9,1,0
difficulty-hard,20260712,1,0.12,0.45,0.2,0.18,3,30,9,330,2712377055,4260639963,false,false,813.6333333332507,828.6333333332507,9,6,5,179,20,6,3,4,37,32,5,4,5,0,0.13513513513513514,0.8648648648648649,14,1.75,159.73333333332567,0.19632102912861063,1,0,1,4,3,22,6,3,32,0,0,0,0,0,6,9,3,0
difficulty-hard,20260712,1,0.12,0.45,0.2,0.18,3,30,9,331,3889211074,2728017493,false,false,803.4999999999266,821.4999999999266,9,7,6,179,25,7,3,13,56,48,8,13,8,0,0.14285714285714285,0.8571428571428571,23,2.875,159.73333333332567,0.1987969300974988,1,0,1,7,3,38,7,3,48,0,0,0,0,0,6,11,2,0
difficulty-hard,20260712,1,0.12,0.45,0.2,0.18,3,30,9,332,3779984815,1844712239,false,false,800.3333333332628,815.3333333332628,9,6,5,179,29,9,3,8,57,47,10,8,10,0,0.17543859649122806,0.8245614035087719,24,3,159.73333333332567,0.19958350687214463,1,0,1,7,3,37,9,3,47,0,0,0,0,0,7,11,3,0
difficulty-hard,20260712,1,0.12,0.45,0.2,0.18,3,30,9,333,2917586436,2987660613,true,false,765.1333333332948,783.1333333332948,9,7,6,180,23,7,2,10,47,42,5,10,5,0,0.10638297872340426,0.8936170212765957,16,2,159.73333333332567,0.20876535680055813,1,1,0,5,2,29,7,2,41,7,2,41,111.49999999989859,0.14572623507872817,5,11,3,0
difficulty-hard,20260712,1,0.12,0.45,0.2,0.18,3,30,9,334,1759223756,3661441319,false,false,822.1999999999096,840.1999999999096,9,7,6,179,26,8,3,7,45,41,4,7,4,0,0.08888888888888889,0.9111111111111111,21,2.625,159.73333333332567,0.194275520960038,1,0,1,6,3,35,8,3,40,0,0,0,0,0,6,6,2,0
difficulty-hard,20260712,1,0.12,0.45,0.2,0.18,3,30,9,335,1056669685,3422606528,false,false,835.9666666665637,853.9666666665637,9,7,6,179,17,5,2,3,28,28,0,3,0,0,0,1,13,1.625,159.73333333332567,0.19107619921050922,1,0,1,3,2,24,4,2,27,0,0,0,0,0,5,8,1,0
difficulty-hard,20260712,1,0.12,0.45,0.2,0.18,3,30,9,336,2867126597,3238129680,false,false,794.7333333332679,812.7333333332679,9,7,6,179,11,3,3,0,22,18,4,0,4,0,0.18181818181818182,0.8181818181818182,10,1.25,159.73333333332567,0.2009898498448186,1,0,1,3,3,16,3,3,18,0,0,0,0,0,5,14,1,0
difficulty-hard,20260712,1,0.12,0.45,0.2,0.18,3,30,9,337,3532263371,1033638939,false,false,758.1666666666345,773.1666666666345,9,6,5,179,21,6,2,1,38,31,7,1,7,0,0.18421052631578946,0.8157894736842105,17,2.125,159.73333333332567,0.21068366673994168,1,0,1,5,2,25,6,2,31,0,0,0,0,0,6,8,2,0
difficulty-hard,20260712,1,0.12,0.45,0.2,0.18,3,30,9,338,2200632403,3429394857,false,false,758.0999999999678,776.0999999999678,9,7,6,179,19,6,3,2,32,30,2,2,2,0,0.0625,0.9375,16,2,159.73333333332567,0.2107021940816943,1,0,1,5,3,27,6,3,30,0,0,0,0,0,5,11,3,0
difficulty-hard,20260712,1,0.12,0.45,0.2,0.18,3,30,9,339,813436438,4282475510,true,false,781.5999999999465,799.5999999999465,9,7,6,180,14,4,2,0,27,23,4,0,4,0,0.14814814814814814,0.8518518518518519,9,1.125,159.73333333332567,0.2043671102013007,1,1,0,2,2,16,4,2,22,4,2,22,133.53333333321189,0.1708461276013575,6,10,2,0
difficulty-hard,20260712,1,0.12,0.45,0.2,0.18,3,30,9,340,2928676876,512520738,false,false,800.8999999999289,818.8999999999289,9,7,6,179,22,6,3,9,46,41,5,9,5,0,0.10869565217391304,0.8913043478260869,20,2.5,159.73333333332567,0.19944229408582825,1,0,1,6,3,30,6,3,38,0,0,0,0,0,7,6,2,0
difficulty-hard,20260712,1,0.12,0.45,0.2,0.18,3,30,9,341,3978112738,623715620,false,false,766.4999999999602,781.4999999999602,9,6,5,179,17,5,3,5,34,32,2,5,2,0,0.058823529411764705,0.9411764705882353,16,2,159.73333333332567,0.20839312894107498,1,0,1,5,3,27,5,3,32,0,0,0,0,0,6,14,1,0
difficulty-hard,20260712,1,0.12,0.45,0.2,0.18,3,30,9,342,1248116382,2673858293,false,false,756.3666666666361,774.3666666666361,9,7,6,179,26,8,3,15,56,51,5,15,5,0,0.08928571428571429,0.9107142857142857,22,2.75,159.73333333332567,0.21118505134194016,1,0,1,6,3,36,7,3,48,0,0,0,0,0,6,8,2,0
difficulty-hard,20260712,1,0.12,0.45,0.2,0.18,3,30,9,343,1942636198,3533022950,false,false,745.9666666666456,760.9666666666456,9,6,5,179,17,5,3,11,43,37,6,11,6,0,0.13953488372093023,0.8604651162790697,13,1.625,159.73333333332567,0.2141293176638771,1,0,1,3,3,27,5,3,36,0,0,0,0,0,4,5,2,0
difficulty-hard,20260712,1,0.12,0.45,0.2,0.18,3,30,9,344,2659822775,4098887505,false,false,774.6666666666194,792.6666666666194,9,7,6,179,19,5,3,0,33,29,4,0,4,0,0.12121212121212122,0.8787878787878788,17,2.125,159.73333333332567,0.20619621342513178,1,0,1,5,3,26,5,3,28,0,0,0,0,0,3,7,2,0
difficulty-hard,20260712,1,0.12,0.45,0.2,0.18,3,30,9,345,4153809180,793720436,false,false,730.5666666666596,748.5666666666596,9,7,6,179,15,4,2,6,35,29,6,6,6,0,0.17142857142857143,0.8285714285714286,13,1.625,159.73333333332567,0.21864306246291995,1,0,1,3,2,23,3,2,28,0,0,0,0,0,4,5,2,0
difficulty-hard,20260712,1,0.12,0.45,0.2,0.18,3,30,9,346,447122891,4049989620,false,false,734.2333333333229,752.2333333333229,9,7,6,179,26,8,3,10,46,44,2,10,2,0,0.043478260869565216,0.9565217391304348,21,2.625,159.73333333332567,0.21755118717936345,1,0,1,6,3,33,7,3,41,0,0,0,0,0,6,8,3,0
difficulty-hard,20260712,1,0.12,0.45,0.2,0.18,3,30,9,347,753963441,2957966167,false,false,746.3333333333119,761.3333333333119,9,6,5,179,14,4,3,2,32,26,6,2,6,0,0.1875,0.8125,14,1.75,159.73333333332567,0.21402411790977705,1,0,1,4,3,22,4,3,26,0,0,0,0,0,5,6,2,0
difficulty-hard,20260712,1,0.12,0.45,0.2,0.18,3,30,9,348,166284076,552959156,false,false,826.433333333239,841.433333333239,9,6,5,179,30,9,3,21,65,61,4,21,4,0,0.06153846153846154,0.9384615384615385,25,3.125,159.73333333332567,0.19328036139234125,1,0,1,8,3,46,8,3,54,0,0,0,0,0,7,7,3,0
difficulty-hard,20260712,1,0.12,0.45,0.2,0.18,3,30,9,349,4230539511,483400889,false,false,785.7999999999427,800.7999999999427,9,6,5,179,13,3,2,0,25,23,2,0,2,0,0.08,0.92,8,1,159.73333333332567,0.20327479426487316,1,0,1,2,2,16,3,2,22,0,0,0,0,0,6,7,1,0
difficulty-hard,20260712,1,0.12,0.45,0.2,0.18,3,30,9,350,3726067247,2912752985,false,false,804.8999999999253,819.8999999999253,9,6,5,179,15,4,3,0,25,25,0,0,0,0,0,1,12,1.5,159.73333333332567,0.19845115335239222,1,0,1,3,2,20,4,3,25,0,0,0,0,0,3,5,1,0
difficulty-hard,20260712,1,0.12,0.45,0.2,0.18,3,30,9,351,3580625059,3931574762,false,false,799.4666666665969,817.4666666665969,9,7,6,179,20,6,3,11,45,41,4,11,4,0,0.08888888888888889,0.9111111111111111,18,2.25,159.73333333332567,0.19979986657772633,1,0,1,5,3,30,6,3,40,0,0,0,0,0,5,9,4,0
difficulty-hard,20260712,1,0.12,0.45,0.2,0.18,3,30,9,352,2334064417,2330407518,false,false,756.2666666666362,771.2666666666362,9,6,5,179,23,7,2,10,47,43,4,10,4,0,0.0851063829787234,0.9148936170212766,20,2.5,159.73333333332567,0.2112129760225654,1,0,1,6,2,33,7,2,43,0,0,0,0,0,7,10,2,0
difficulty-hard,20260712,1,0.12,0.45,0.2,0.18,3,30,9,353,538029598,1611392972,false,false,818.1333333332466,836.1333333332466,9,7,6,179,10,3,3,0,17,17,0,0,0,0,0,1,7,0.875,159.73333333332567,0.19524119947849897,1,0,1,2,2,13,3,3,17,0,0,0,0,0,3,5,1,0
difficulty-hard,20260712,1,0.12,0.45,0.2,0.18,3,30,9,354,267917013,3279732707,false,false,807.2666666665898,825.2666666665898,9,7,6,179,21,6,3,4,38,35,3,4,3,0,0.07894736842105263,0.9210526315789473,15,1.875,159.73333333332567,0.19786935337353317,1,0,1,4,3,25,5,3,32,0,0,0,0,0,7,8,2,0
difficulty-hard,20260712,1,0.12,0.45,0.2,0.18,3,30,9,355,1954094850,3273659048,false,false,784.7666666666103,802.7666666666103,9,7,6,179,17,5,3,0,30,27,3,0,3,0,0.1,0.9,15,1.875,159.73333333332567,0.2035424542326855,1,0,1,4,3,23,5,3,25,0,0,0,0,0,9,6,2,0
difficulty-hard,20260712,1,0.12,0.45,0.2,0.18,3,30,9,356,3924258819,1901740003,false,false,831.3333333332346,849.3333333332346,9,7,6,179,21,6,3,12,48,43,5,12,5,0,0.10416666666666667,0.8958333333333334,19,2.375,159.73333333332567,0.19214113873297273,1,0,1,5,3,38,6,3,42,0,0,0,0,0,5,10,2,0
difficulty-hard,20260712,1,0.12,0.45,0.2,0.18,3,30,9,357,1412879768,2540647667,false,false,798.6666666665976,816.6666666665976,9,7,6,179,14,4,2,0,27,23,4,0,4,0,0.14814814814814814,0.8518518518518519,12,1.5,159.73333333332567,0.2000000000000077,1,0,1,3,2,20,4,2,23,0,0,0,0,0,2,5,2,0
difficulty-hard,20260712,1,0.12,0.45,0.2,0.18,3,30,9,358,450297462,547797877,false,false,807.8999999999226,822.8999999999226,9,6,5,179,20,6,3,8,43,38,5,8,5,0,0.11627906976744186,0.8837209302325582,17,2.125,159.73333333332567,0.19771423856088746,1,0,1,5,3,29,6,3,38,0,0,0,0,0,5,5,2,0
difficulty-hard,20260712,1,0.12,0.45,0.2,0.18,3,30,9,359,3100989727,2996651688,false,false,745.2333333333129,763.2333333333129,9,7,6,179,13,4,3,0,24,19,5,0,5,0,0.20833333333333334,0.7916666666666666,6,0.75,159.73333333332567,0.2143400277318022,1,0,1,1,1,14,4,3,19,0,0,0,0,0,7,13,1,0
difficulty-hard,20260712,1,0.12,0.45,0.2,0.18,3,30,9,360,3097054230,4216472138,false,false,793.9999999999352,808.9999999999352,9,6,5,179,20,6,3,1,40,29,11,1,11,0,0.275,0.725,14,1.75,159.73333333332567,0.20117548278758024,1,0,1,4,3,22,6,3,29,0,0,0,0,0,4,4,2,0
difficulty-hard,20260712,1,0.12,0.45,0.2,0.18,3,30,9,361,2856344237,2896760117,false,false,785.6999999999427,800.6999999999427,9,6,5,179,28,9,3,15,56,51,5,15,5,0,0.08928571428571429,0.9107142857142857,22,2.75,159.73333333332567,0.20330066607272154,1,0,1,7,3,37,7,3,44,0,0,0,0,0,6,8,3,0
difficulty-hard,20260712,1,0.12,0.45,0.2,0.18,3,30,9,362,2945588676,885140151,false,false,815.6666666665822,833.6666666665822,9,7,6,179,8,2,1,0,17,14,3,0,3,0,0.17647058823529413,0.8235294117647058,6,0.75,159.73333333332567,0.1958316305680534,1,0,1,1,1,12,2,1,14,0,0,0,0,0,5,8,2,0
difficulty-hard,20260712,1,0.12,0.45,0.2,0.18,3,30,9,363,682362995,3874964453,false,false,809.3666666665879,824.3666666665879,9,6,5,179,18,5,2,1,32,27,5,1,5,0,0.15625,0.84375,11,1.375,159.73333333332567,0.1973559573329038,1,0,1,3,1,19,4,2,26,0,0,0,0,0,5,10,2,0
difficulty-hard,20260712,1,0.12,0.45,0.2,0.18,3,30,9,364,2402668442,2138878700,false,false,747.1333333333112,762.1333333333112,9,6,5,179,28,9,3,15,56,52,4,15,4,0,0.07142857142857142,0.9285714285714286,24,3,159.73333333332567,0.21379494958507686,1,0,1,7,3,43,9,3,52,0,0,0,0,0,6,8,2,0
difficulty-hard,20260712,1,0.12,0.45,0.2,0.18,3,30,9,365,1890783184,2905013391,false,false,811.9333333332522,829.9333333332522,9,7,6,179,21,6,2,5,38,36,2,5,2,0,0.05263157894736842,0.9473684210526315,15,1.875,159.73333333332567,0.1967320798095184,1,0,1,4,2,27,6,2,35,0,0,0,0,0,6,11,2,0
difficulty-hard,20260712,1,0.12,0.45,0.2,0.18,3,30,9,366,2534166331,1820034750,false,false,787.3333333332746,805.3333333332746,9,7,6,179,27,8,2,10,58,46,12,10,12,0,0.20689655172413793,0.7931034482758621,23,2.875,159.73333333332567,0.20287891617274037,1,0,1,7,2,35,7,2,44,0,0,0,0,0,8,5,3,0
difficulty-hard,20260712,1,0.12,0.45,0.2,0.18,3,30,9,367,254441138,412102005,true,false,790.6666666666049,808.6666666666049,9,7,6,180,21,7,3,3,38,34,4,3,4,0,0.10526315789473684,0.8947368421052632,17,2.125,159.73333333332567,0.20202360876897743,1,1,0,5,3,27,6,3,32,6,3,32,128.33333333321661,0.162310286677774,6,11,2,0
difficulty-hard,20260712,1,0.12,0.45,0.2,0.18,3,30,9,368,113248408,3211663036,false,false,730.499999999993,748.499999999993,9,7,6,179,10,2,2,0,22,19,3,0,3,0,0.13636363636363635,0.8636363636363636,9,1.125,159.73333333332567,0.21866301619894213,1,0,1,2,2,16,2,2,19,0,0,0,0,0,4,5,1,0
difficulty-hard,20260712,1,0.12,0.45,0.2,0.18,3,30,9,369,3242625884,3786045797,false,false,763.4666666666296,778.4666666666296,9,6,5,179,17,5,2,0,29,27,2,0,2,0,0.06896551724137931,0.9310344827586207,14,1.75,159.73333333332567,0.2092210967516592,1,0,1,4,2,22,5,2,25,0,0,0,0,0,6,10,1,0
difficulty-hard,20260712,1,0.12,0.45,0.2,0.18,3,30,9,370,2112937087,3321986937,false,false,744.366666666647,762.366666666647,9,7,6,179,16,4,2,0,27,26,1,0,1,0,0.037037037037037035,0.9629629629629629,16,2,159.73333333332567,0.214589583986382,1,0,1,4,2,26,4,2,26,0,0,0,0,0,7,12,1,0
difficulty-hard,20260712,1,0.12,0.45,0.2,0.18,3,30,9,371,3463082983,2433519449,false,false,808.2666666665889,823.2666666665889,9,6,5,179,14,4,3,0,23,21,2,0,2,0,0.08695652173913043,0.9130434782608695,11,1.375,159.73333333332567,0.19762454635434804,1,0,1,3,3,18,4,3,20,0,0,0,0,0,6,9,1,0
difficulty-hard,20260712,1,0.12,0.45,0.2,0.18,3,30,9,372,1957753658,3214791028,false,false,808.933333333255,826.933333333255,9,7,6,179,17,5,3,1,26,25,1,1,1,0,0.038461538461538464,0.9615384615384616,13,1.625,159.73333333332567,0.19746167792979374,1,0,1,3,2,23,5,3,25,0,0,0,0,0,5,8,2,0
difficulty-hard,20260712,1,0.12,0.45,0.2,0.18,3,30,9,373,4131016768,1721694038,false,false,807.7999999999226,825.7999999999226,9,7,6,179,23,7,3,8,46,41,5,8,5,0,0.10869565217391304,0.8913043478260869,18,2.25,159.73333333332567,0.19773871420319505,1,0,1,6,3,30,6,3,37,0,0,0,0,0,6,8,2,0
difficulty-hard,20260712,1,0.12,0.45,0.2,0.18,3,30,9,374,3745607841,1851854230,false,false,808.1333333332557,826.1333333332557,9,7,6,179,19,6,3,3,36,31,5,3,5,0,0.1388888888888889,0.8611111111111112,17,2.125,159.73333333332567,0.197657152285111,1,0,1,5,3,25,6,3,30,0,0,0,0,0,7,8,2,0
difficulty-hard,20260712,1,0.12,0.45,0.2,0.18,3,30,9,375,147286011,2319039807,false,false,804.2333333332592,819.2333333332592,9,6,5,179,19,6,2,6,37,34,3,6,3,0,0.08108108108108109,0.918918918918919,14,1.75,159.73333333332567,0.19861565880549642,1,0,1,4,2,22,6,2,33,0,0,0,0,0,7,8,2,0
difficulty-hard,20260712,1,0.12,0.45,0.2,0.18,3,30,9,376,3822202774,2014343801,false,false,794.4999999999347,812.4999999999347,9,7,6,179,17,4,3,1,29,27,2,1,2,0,0.06896551724137931,0.9310344827586207,13,1.625,159.73333333332567,0.20104887770086696,1,0,1,3,3,21,4,3,27,0,0,0,0,0,3,6,2,0
difficulty-hard,20260712,1,0.12,0.45,0.2,0.18,3,30,9,377,1074262065,3499419868,false,false,828.3666666665706,843.3666666665706,9,6,5,179,17,5,3,8,48,35,13,8,13,0,0.2708333333333333,0.7291666666666666,17,2.125,159.73333333332567,0.19282926240394052,1,0,1,5,3,30,5,3,34,0,0,0,0,0,5,4,2,0
difficulty-hard,20260712,1,0.12,0.45,0.2,0.18,3,30,9,378,861122454,50632030,false,false,728.4666666666615,746.4666666666615,9,7,6,179,21,6,3,1,35,31,4,1,4,0,0.11428571428571428,0.8857142857142857,16,2,159.73333333332567,0.2192733595680335,1,0,1,5,3,25,6,3,31,0,0,0,0,0,3,3,2,0
difficulty-hard,20260712,1,0.12,0.45,0.2,0.18,3,30,9,379,3384020722,469069621,false,false,737.4999999999866,755.4999999999866,9,7,6,179,18,5,3,1,31,27,4,1,4,0,0.12903225806451613,0.8709677419354839,13,1.625,159.73333333332567,0.21658757062146247,1,0,1,3,3,21,5,3,27,0,0,0,0,0,6,11,2,0
difficulty-hard,20260712,1,0.12,0.45,0.2,0.18,3,30,9,380,3210621258,3805299082,true,false,762.8333333332969,780.8333333332969,9,7,6,180,17,5,3,1,31,27,4,1,4,0,0.12903225806451613,0.8709677419354839,15,1.875,159.73333333332567,0.20939480008739345,1,1,0,4,3,23,4,3,26,4,3,26,101.96666666657393,0.13366834170842753,6,11,2,0
difficulty-hard,20260712,1,0.12,0.45,0.2,0.18,3,30,9,381,299288954,475670969,false,false,792.2999999999367,807.2999999999367,9,6,5,179,25,8,3,10,50,43,7,10,7,0,0.14,0.86,18,2.25,159.73333333332567,0.20160713534436253,1,0,1,5,3,30,8,3,43,0,0,0,0,0,5,5,2,0
difficulty-hard,20260712,1,0.12,0.45,0.2,0.18,3,30,9,382,1571478830,3485564802,false,false,763.7999999999627,781.7999999999627,9,7,6,179,22,7,3,9,44,40,4,9,4,0,0.09090909090909091,0.9090909090909091,18,2.25,159.73333333332567,0.2091297896482502,1,0,1,5,3,34,7,3,39,0,0,0,0,0,6,7,2,0
difficulty-hard,20260712,1,0.12,0.45,0.2,0.18,3,30,9,383,3954714787,2266273034,false,false,800.8666666665956,815.8666666665956,9,6,5,179,11,3,3,0,22,20,2,0,2,0,0.09090909090909091,0.9090909090909091,10,1.25,159.73333333332567,0.19945059518855388,1,0,1,3,3,17,3,3,20,0,0,0,0,0,6,14,2,0
difficulty-hard,20260712,1,0.12,0.45,0.2,0.18,3,30,9,384,4047930983,3625337327,false,false,788.5666666666068,806.5666666666068,9,7,6,179,23,7,3,6,43,38,5,6,5,0,0.11627906976744186,0.8837209302325582,19,2.375,159.73333333332567,0.20256160967156164,1,0,1,6,3,33,7,3,38,0,0,0,0,0,3,3,1,0
difficulty-hard,20260712,1,0.12,0.45,0.2,0.18,3,30,9,385,1897126854,373151429,false,false,795.7666666666003,810.7666666666003,9,6,5,179,20,6,3,8,43,36,7,8,7,0,0.16279069767441862,0.8372093023255814,18,2.25,159.73333333332567,0.20072885686759812,1,0,1,5,3,30,5,3,35,0,0,0,0,0,5,10,2,0
difficulty-hard,20260712,1,0.12,0.45,0.2,0.18,3,30,9,386,293174069,365897861,false,false,751.8999999999735,769.8999999999735,9,7,6,179,18,5,2,1,30,28,2,1,2,0,0.06666666666666667,0.9333333333333333,17,2.125,159.73333333332567,0.2124395974641991,1,0,1,5,2,25,5,2,27,0,0,0,0,0,6,6,2,0
difficulty-hard,20260712,1,0.12,0.45,0.2,0.18,3,30,9,387,1456927695,1863477356,false,false,809.4999999999211,827.4999999999211,9,7,6,179,21,6,2,9,44,39,5,9,5,0,0.11363636363636363,0.8863636363636364,18,2.25,159.73333333332567,0.19732345068973595,1,0,1,5,2,34,6,2,39,0,0,0,0,0,6,6,2,0
difficulty-hard,20260712,1,0.12,0.45,0.2,0.18,3,30,9,388,76351706,1402511566,false,false,809.599999999921,827.599999999921,9,7,6,179,15,4,3,2,34,26,8,2,8,0,0.23529411764705882,0.7647058823529411,11,1.375,159.73333333332567,0.19729907773387012,1,0,1,3,3,20,4,3,26,0,0,0,0,0,6,11,2,0
difficulty-hard,20260712,1,0.12,0.45,0.2,0.18,3,30,9,389,47046476,455045425,false,false,789.4333333332727,804.4333333332727,9,6,5,179,24,7,3,7,48,41,7,7,7,0,0.14583333333333334,0.8541666666666666,20,2.5,159.73333333332567,0.20233923067179574,1,0,1,6,3,32,7,3,41,0,0,0,0,0,5,4,2,0
difficulty-hard,20260712,1,0.12,0.45,0.2,0.18,3,30,9,390,3163186572,3264739651,false,false,783.9999999999443,801.9999999999443,9,7,6,179,20,6,3,4,37,34,3,4,3,0,0.08108108108108109,0.918918918918919,17,2.125,159.73333333332567,0.20374149659864416,1,0,1,5,3,25,6,3,32,0,0,0,0,0,7,10,2,0
difficulty-hard,20260712,1,0.12,0.45,0.2,0.18,3,30,9,391,2425315070,848713021,false,false,801.4666666665951,816.4666666665951,9,6,5,179,23,7,3,1,39,33,6,1,6,0,0.15384615384615385,0.8461538461538461,18,2.25,159.73333333332567,0.19930128098486932,1,0,1,5,3,27,7,3,32,0,0,0,0,0,5,8,2,0
difficulty-hard,20260712,1,0.12,0.45,0.2,0.18,3,30,9,392,1525693734,2177123181,false,false,802.8333333332605,820.8333333332605,9,7,6,179,17,5,3,2,32,26,6,2,6,0,0.1875,0.8125,9,1.125,159.73333333332567,0.19896200954952065,1,0,1,3,3,16,3,3,24,0,0,0,0,0,8,5,2,0
difficulty-hard,20260712,1,0.12,0.45,0.2,0.18,3,30,9,393,3201729015,1280441173,false,false,746.6999999999782,761.6999999999782,9,6,5,179,21,6,3,6,39,36,3,6,3,0,0.07692307692307693,0.9230769230769231,17,2.125,159.73333333332567,0.2139190214722517,1,0,1,5,3,27,6,3,35,0,0,0,0,0,6,10,3,0
difficulty-hard,20260712,1,0.12,0.45,0.2,0.18,3,30,9,394,744332906,3881302940,false,false,770.0333333332903,788.0333333332903,9,7,6,179,16,5,3,0,28,25,3,0,3,0,0.10714285714285714,0.8928571428571429,14,1.75,159.73333333332567,0.20743690749318375,1,0,1,4,3,23,5,3,24,0,0,0,0,0,5,8,1,0
difficulty-hard,20260712,1,0.12,0.45,0.2,0.18,3,30,9,395,4294293179,2950445292,false,false,783.5666666666114,798.5666666666114,9,6,5,179,14,4,3,0,25,22,3,0,3,0,0.12,0.88,10,1.25,159.73333333332567,0.20385417109797543,1,0,1,3,3,18,4,3,22,0,0,0,0,0,3,5,2,0
difficulty-hard,20260712,1,0.12,0.45,0.2,0.18,3,30,9,396,1754730523,287967383,false,false,812.899999999918,827.899999999918,9,6,5,179,18,5,3,2,37,29,8,2,8,0,0.21621621621621623,0.7837837837837838,15,1.875,159.73333333332567,0.1964981342518659,1,0,1,4,3,24,4,3,27,0,0,0,0,0,6,11,2,0
difficulty-hard,20260712,1,0.12,0.45,0.2,0.18,3,30,9,397,2984860759,2254241998,false,false,783.2999999999449,798.2999999999449,9,6,5,179,15,5,3,0,26,22,4,0,4,0,0.15384615384615385,0.8461538461538461,13,1.625,159.73333333332567,0.20392357121580099,1,0,1,4,2,19,5,3,22,0,0,0,0,0,3,5,1,0
difficulty-hard,20260712,1,0.12,0.45,0.2,0.18,3,30,9,398,3913778172,2866120621,false,false,731.8333333333251,749.8333333333251,9,7,6,179,21,7,3,3,39,34,5,3,5,0,0.1282051282051282,0.8717948717948718,14,1.75,159.73333333332567,0.21826463220222383,1,0,1,4,3,24,7,3,33,0,0,0,0,0,8,5,2,0
difficulty-hard,20260712,1,0.12,0.45,0.2,0.18,3,30,9,399,833168716,1113952957,false,false,775.5333333332853,790.5333333332853,9,6,5,179,22,7,3,7,45,39,6,7,6,0,0.13333333333333333,0.8666666666666667,20,2.5,159.73333333332567,0.20596578698530332,1,0,1,6,3,31,7,3,39,0,0,0,0,0,6,8,2,0
difficulty-hard,20260712,1,0.12,0.45,0.2,0.18,3,30,9,400,531957597,3154763236,false,false,759.2333333333002,774.2333333333002,9,6,5,179,16,5,3,0,25,24,1,0,1,0,0.04,0.96,9,1.125,159.73333333332567,0.21038767177415724,1,0,1,2,2,17,5,3,24,0,0,0,0,0,3,4,1,0
difficulty-hard,20260712,1,0.12,0.45,0.2,0.18,3,30,9,401,2650998120,66120483,false,false,760.4333333332991,775.4333333332991,9,6,5,179,25,7,3,7,47,41,6,7,6,0,0.1276595744680851,0.8723404255319149,18,2.25,159.73333333332567,0.21005567001271144,1,0,1,5,3,28,6,3,37,0,0,0,0,0,7,7,2,0
difficulty-hard,20260712,1,0.12,0.45,0.2,0.18,3,30,9,402,3719162514,2402119210,false,false,799.9333333332631,814.9333333332631,9,6,5,179,18,5,3,3,33,30,3,3,3,0,0.09090909090909091,0.9090909090909091,13,1.625,159.73333333332567,0.19968330694225314,1,0,1,3,2,22,5,3,29,0,0,0,0,0,7,8,1,0
difficulty-hard,20260712,1,0.12,0.45,0.2,0.18,3,30,9,403,1442192051,2038751145,false,false,800.033333333263,818.033333333263,9,7,6,179,24,7,3,8,48,42,6,8,6,0,0.125,0.875,21,2.625,159.73333333332567,0.19965834756885928,1,0,1,6,3,37,7,3,41,0,0,0,0,0,8,5,2,0
difficulty-hard,20260712,1,0.12,0.45,0.2,0.18,3,30,9,404,32773660,1071107631,false,false,822.5333333332426,840.5333333332426,9,7,6,179,23,7,3,11,50,42,8,11,8,0,0.16,0.84,20,2.5,159.73333333332567,0.19419679040364318,1,0,1,6,3,35,6,3,40,0,0,0,0,0,8,10,2,0
difficulty-hard,20260712,1,0.12,0.45,0.2,0.18,3,30,9,405,340150698,1887586097,false,false,754.266666666638,772.266666666638,9,7,6,179,22,6,3,14,53,46,7,14,7,0,0.1320754716981132,0.8679245283018868,21,2.625,159.73333333332567,0.21177302457132546,1,0,1,6,3,39,6,3,46,0,0,0,0,0,7,9,2,0
difficulty-hard,20260712,1,0.12,0.45,0.2,0.18,3,30,9,406,3474380129,1829816608,false,false,785.2333333332765,803.2333333332765,9,7,6,179,22,6,3,2,36,33,3,2,3,0,0.08333333333333333,0.9166666666666666,16,2,159.73333333332567,0.2034214883049674,1,0,1,4,3,26,6,3,33,0,0,0,0,0,5,4,2,0
difficulty-hard,20260712,1,0.12,0.45,0.2,0.18,3,30,9,407,1768029980,3642098373,false,false,781.9333333332795,799.9333333332795,9,7,6,179,25,7,3,13,52,48,4,13,4,0,0.07692307692307693,0.9230769230769231,23,2.875,159.73333333332567,0.20427998976895304,1,0,1,7,3,40,7,3,46,0,0,0,0,0,6,11,2,0
difficulty-hard,20260712,1,0.12,0.45,0.2,0.18,3,30,9,408,3933179016,3623465239,false,false,787.7333333332742,805.7333333332742,9,7,6,179,13,3,3,1,27,24,3,1,3,0,0.1111111111111111,0.8888888888888888,12,1.5,159.73333333332567,0.20277589708869878,1,0,1,3,3,21,3,3,24,0,0,0,0,0,3,5,2,0
difficulty-hard,20260712,1,0.12,0.45,0.2,0.18,3,30,9,409,1723484386,1462814975,false,false,802.8666666665938,820.8666666665938,9,7,6,179,16,5,3,0,30,23,7,0,7,0,0.23333333333333334,0.7666666666666667,11,1.375,159.73333333332567,0.1989537490658559,1,0,1,3,3,18,5,3,23,0,0,0,0,0,6,5,2,0
difficulty-hard,20260712,1,0.12,0.45,0.2,0.18,3,30,9,410,3967224309,1313711290,false,false,773.6666666666204,788.6666666666204,9,6,5,179,14,4,2,0,28,22,6,0,6,0,0.21428571428571427,0.7857142857142857,12,1.5,159.73333333332567,0.20646273158121745,1,0,1,3,2,19,4,2,22,0,0,0,0,0,5,8,2,0
difficulty-hard,20260712,1,0.12,0.45,0.2,0.18,3,30,9,411,3296907962,1988747353,false,false,818.9666666665792,836.9666666665792,9,7,6,179,23,7,3,5,47,36,11,5,11,0,0.23404255319148937,0.7659574468085106,20,2.5,159.73333333332567,0.195042533273649,1,0,1,6,3,30,6,3,35,0,0,0,0,0,6,10,2,0
difficulty-hard,20260712,1,0.12,0.45,0.2,0.18,3,30,9,412,2870267312,2487985481,false,false,791.0666666666045,809.0666666666045,9,7,6,179,23,7,3,5,41,38,3,5,3,0,0.07317073170731707,0.926829268292683,20,2.5,159.73333333332567,0.2019214562615939,1,0,1,6,3,34,7,3,38,0,0,0,0,0,3,5,2,0
difficulty-hard,20260712,1,0.12,0.45,0.2,0.18,3,30,9,413,3933498210,1121363074,false,false,775.0666666666191,790.0666666666191,9,6,5,179,23,6,2,15,48,47,1,15,1,0,0.020833333333333332,0.9791666666666666,19,2.375,159.73333333332567,0.20608979872699398,1,0,1,5,2,35,5,2,42,0,0,0,0,0,9,5,2,0
difficulty-hard,20260712,1,0.12,0.45,0.2,0.18,3,30,9,414,1165518841,3595757418,false,false,779.4333333332818,794.4333333332818,9,6,5,179,13,4,3,0,22,21,1,0,1,0,0.045454545454545456,0.9545454545454546,9,1.125,159.73333333332567,0.20493520934012263,1,0,1,2,2,16,4,3,21,0,0,0,0,0,6,6,1,0
difficulty-hard,20260712,1,0.12,0.45,0.2,0.18,3,30,9,415,2735843685,615371524,false,false,749.9333333333086,767.9333333333086,9,7,6,179,16,4,2,6,36,32,4,6,4,0,0.1111111111111111,0.8888888888888888,15,1.875,159.73333333332567,0.21299671081873625,1,0,1,4,2,27,4,2,32,0,0,0,0,0,4,4,2,0
difficulty-hard,20260712,1,0.12,0.45,0.2,0.18,3,30,9,416,89989942,1359099201,false,false,795.2666666666007,810.2666666666007,9,6,5,179,9,2,2,0,21,17,4,0,4,0,0.19047619047619047,0.8095238095238095,6,0.75,159.73333333332567,0.2008550590996801,1,0,1,1,1,12,2,2,16,0,0,0,0,0,4,5,1,0
difficulty-hard,20260712,1,0.12,0.45,0.2,0.18,3,30,9,417,578261450,528947174,false,false,811.7333333332524,826.7333333332524,9,6,5,179,24,7,3,14,49,46,3,14,3,0,0.061224489795918366,0.9387755102040817,20,2.5,159.73333333332567,0.19678055190539784,1,0,1,5,3,40,7,3,46,0,0,0,0,0,7,8,2,0
difficulty-hard,20260712,1,0.12,0.45,0.2,0.18,3,30,9,418,4170950207,4014878747,false,false,812.8333333332514,830.8333333332514,9,7,6,179,18,5,2,17,51,45,6,17,6,0,0.11764705882352941,0.8823529411764706,18,2.25,159.73333333332567,0.1965142505638816,1,0,1,5,2,38,5,2,44,0,0,0,0,0,6,11,2,0
difficulty-hard,20260712,1,0.12,0.45,0.2,0.18,3,30,9,419,2257413692,1093313476,false,false,759.3333333333001,777.3333333333001,9,7,6,179,15,4,3,7,36,32,4,7,4,0,0.1111111111111111,0.8888888888888888,15,1.875,159.73333333332567,0.2103599648814741,1,0,1,4,3,25,4,3,29,0,0,0,0,0,4,5,2,0
difficulty-hard,20260712,1,0.12,0.45,0.2,0.18,3,30,9,420,3002926288,987105882,false,false,765.1666666666281,783.1666666666281,9,7,6,179,14,4,3,0,27,23,4,0,4,0,0.14814814814814814,0.8518518518518519,13,1.625,159.73333333332567,0.20875626225223315,1,0,1,4,3,21,4,3,23,0,0,0,0,0,5,11,2,0
difficulty-hard,20260712,1,0.12,0.45,0.2,0.18,3,30,9,421,1219885830,3762888116,false,false,817.9999999999134,835.9999999999134,9,7,6,179,12,3,3,0,24,22,2,0,2,0,0.08333333333333333,0.9166666666666666,11,1.375,159.73333333332567,0.19527302363489316,1,0,1,3,3,18,3,3,22,0,0,0,0,0,5,6,2,0
difficulty-hard,20260712,1,0.12,0.45,0.2,0.18,3,30,9,422,4192277466,864738721,false,false,811.133333333253,826.133333333253,9,6,5,179,25,8,3,14,52,49,3,14,3,0,0.057692307692307696,0.9423076923076923,21,2.625,159.73333333332567,0.19692611161339052,1,0,1,6,3,38,8,3,48,0,0,0,0,0,6,8,2,0
difficulty-hard,20260712,1,0.12,0.45,0.2,0.18,3,30,9,423,449020784,567017703,false,false,739.5333333333181,754.5333333333181,9,6,5,179,23,7,3,5,43,37,6,5,6,0,0.13953488372093023,0.8604651162790697,21,2.625,159.73333333332567,0.2159920670693171,1,0,1,6,3,35,7,3,37,0,0,0,0,0,8,5,2,0
difficulty-hard,20260712,1,0.12,0.45,0.2,0.18,3,30,9,424,2115588106,3017430692,true,false,794.0333333332685,812.0333333332685,9,7,6,180,18,5,3,2,32,30,2,2,2,0,0.0625,0.9375,14,1.75,159.73333333332567,0.2011670374879376,1,1,0,4,3,22,5,3,29,5,3,29,134.6999999998775,0.16964023340735715,5,13,2,0
difficulty-hard,20260712,1,0.12,0.45,0.2,0.18,3,30,9,425,581762473,328634699,false,false,826.4999999999056,841.4999999999056,9,6,5,179,17,5,3,2,33,27,6,2,6,0,0.18181818181818182,0.8181818181818182,11,1.375,159.73333333332567,0.19326477112322313,1,0,1,3,3,18,4,3,26,0,0,0,0,0,6,14,2,0
difficulty-hard,20260712,1,0.12,0.45,0.2,0.18,3,30,9,426,1232577200,483969820,false,false,820.599999999911,838.599999999911,9,7,6,179,23,7,3,3,36,34,2,3,2,0,0.05555555555555555,0.9444444444444444,17,2.125,159.73333333332567,0.19465431797872654,1,0,1,5,3,26,7,3,34,0,0,0,0,0,5,8,2,0
difficulty-hard,20260712,1,0.12,0.45,0.2,0.18,3,30,9,427,286749878,3892327274,false,false,789.2333333332729,807.2333333332729,9,7,6,179,13,4,2,0,19,19,0,0,0,0,0,1,6,0.75,159.73333333332567,0.20239050555391888,1,0,1,1,1,11,3,2,17,0,0,0,0,0,7,8,1,0
difficulty-hard,20260712,1,0.12,0.45,0.2,0.18,3,30,9,428,3895275179,203721826,false,false,789.7333333332724,807.7333333332724,9,7,6,179,16,5,3,1,28,25,3,1,3,0,0.10714285714285714,0.8928571428571429,10,1.25,159.73333333332567,0.20226236704373374,1,0,1,3,2,18,4,3,24,0,0,0,0,0,6,5,2,0
difficulty-hard,20260712,1,0.12,0.45,0.2,0.18,3,30,9,429,1516048039,3660678229,false,false,786.6333333332752,804.6333333332752,9,7,6,179,18,5,3,1,33,29,4,1,4,0,0.12121212121212122,0.8787878787878788,14,1.75,159.73333333332567,0.20305945167168626,1,0,1,4,3,23,5,3,26,0,0,0,0,0,5,8,2,0
difficulty-hard,20260712,1,0.12,0.45,0.2,0.18,3,30,9,430,1936274824,3804031463,false,false,814.0999999999169,832.0999999999169,9,7,6,179,21,6,3,2,34,32,2,2,2,0,0.058823529411764705,0.9411764705882353,17,2.125,159.73333333332567,0.196208491995261,1,0,1,5,3,26,6,3,31,0,0,0,0,0,6,14,1,0
difficulty-hard,20260712,1,0.12,0.45,0.2,0.18,3,30,9,431,420340611,1856905526,false,false,767.9333333332922,785.9333333332922,9,7,6,179,21,6,3,5,42,34,8,5,8,0,0.19047619047619047,0.8095238095238095,18,2.25,159.73333333332567,0.20800416702838903,1,0,1,5,3,31,6,3,34,0,0,0,0,0,3,5,2,0
difficulty-hard,20260712,1,0.12,0.45,0.2,0.18,3,30,9,432,704478238,244749486,false,false,793.7666666666021,811.7666666666021,9,7,6,179,9,2,2,0,23,17,6,0,6,0,0.2608695652173913,0.7391304347826086,8,1,159.73333333332567,0.20123461974552387,1,0,1,2,2,16,2,2,17,0,0,0,0,0,6,8,3,0
difficulty-hard,20260712,1,0.12,0.45,0.2,0.18,3,30,9,433,2368792568,699921634,false,false,739.5333333333181,757.5333333333181,9,7,6,179,21,6,3,4,35,33,2,4,2,0,0.05714285714285714,0.9428571428571428,15,1.875,159.73333333332567,0.2159920670693171,1,0,1,4,3,24,6,3,32,0,0,0,0,0,7,10,2,0
difficulty-hard,20260712,1,0.12,0.45,0.2,0.18,3,30,9,434,1618111279,3444076938,false,false,799.6333333332634,814.6333333332634,9,6,5,179,21,6,3,8,46,39,7,8,7,0,0.15217391304347827,0.8478260869565217,20,2.5,159.73333333332567,0.19975822251866227,1,0,1,6,3,34,6,3,38,0,0,0,0,0,5,5,2,0
difficulty-hard,20260712,1,0.12,0.45,0.2,0.18,3,30,9,435,418585896,84806975,false,false,791.7666666666039,809.7666666666039,9,7,6,179,20,6,3,3,42,33,9,3,9,0,0.21428571428571427,0.7857142857142857,18,2.25,159.73333333332567,0.20174293773418728,1,0,1,6,3,27,6,3,32,0,0,0,0,0,7,5,2,0
difficulty-hard,20260712,1,0.12,0.45,0.2,0.18,3,30,9,436,1358208737,866041984,false,false,815.6333333332489,833.6333333332489,9,7,6,179,20,6,3,16,50,46,4,16,4,0,0.08,0.92,18,2.25,159.73333333332567,0.1958396338223984,1,0,1,5,3,39,6,3,46,0,0,0,0,0,6,8,2,0
difficulty-hard,20260712,1,0.12,0.45,0.2,0.18,3,30,9,437,2223150816,87744061,false,false,798.7999999999308,813.7999999999308,9,6,5,179,17,5,3,3,38,30,8,3,8,0,0.21052631578947367,0.7894736842105263,13,1.625,159.73333333332567,0.19996661659156173,1,0,1,3,2,23,5,3,28,0,0,0,0,0,6,4,2,0
difficulty-hard,20260712,1,0.12,0.45,0.2,0.18,3,30,9,438,53649087,90440059,false,false,768.0333333332921,786.0333333332921,9,7,6,179,26,7,3,10,49,45,4,10,4,0,0.08163265306122448,0.9183673469387755,19,2.375,159.73333333332567,0.20797708432793835,1,0,1,5,3,31,7,3,44,0,0,0,0,0,6,10,2,0
difficulty-hard,20260712,1,0.12,0.45,0.2,0.18,3,30,9,439,2090988602,3626313572,false,false,809.5333333332544,827.5333333332544,9,7,6,179,17,5,3,1,31,27,4,1,4,0,0.12903225806451613,0.8709677419354839,17,2.125,159.73333333332567,0.19731532570206034,1,0,1,5,3,26,5,3,27,0,0,0,0,0,6,8,3,0
difficulty-hard,20260712,1,0.12,0.45,0.2,0.18,3,30,9,440,3109287448,2520315464,false,false,729.5999999999938,747.5999999999938,9,7,6,179,22,6,3,8,45,40,5,8,5,0,0.1111111111111111,0.8888888888888888,18,2.25,159.73333333332567,0.21893274853800307,1,0,1,5,3,32,6,3,38,0,0,0,0,0,6,5,2,0
difficulty-hard,20260712,1,0.12,0.45,0.2,0.18,3,30,9,441,3900353479,87655652,false,false,779.0666666666154,794.0666666666154,9,6,5,179,23,7,3,8,50,41,9,8,9,0,0.18,0.82,17,2.125,159.73333333332567,0.20503166181756313,1,0,1,5,3,30,7,3,41,0,0,0,0,0,3,4,3,0
difficulty-hard,20260712,1,0.12,0.45,0.2,0.18,3,30,9,442,47456549,469971381,false,false,791.233333333271,809.233333333271,9,7,6,179,22,7,2,3,35,33,2,3,2,0,0.05714285714285714,0.9428571428571428,15,1.875,159.73333333332567,0.2018789232000736,1,0,1,4,2,24,7,2,33,0,0,0,0,0,6,11,3,0
difficulty-hard,20260712,1,0.12,0.45,0.2,0.18,3,30,9,443,3417982686,3329035260,false,false,793.433333333269,808.433333333269,9,6,5,179,26,8,3,10,50,46,4,10,4,0,0.08,0.92,21,2.625,159.73333333332567,0.20131916145024403,1,0,1,6,3,37,7,3,43,0,0,0,0,0,7,7,2,0
difficulty-hard,20260712,1,0.12,0.45,0.2,0.18,3,30,9,444,3974213342,2624090093,false,false,800.4333333332627,815.4333333332627,9,6,5,179,23,7,2,2,37,34,3,2,3,0,0.08108108108108109,0.918918918918919,19,2.375,159.73333333332567,0.1995585724399364,1,0,1,5,2,30,7,2,34,0,0,0,0,0,6,9,2,0
difficulty-hard,20260712,1,0.12,0.45,0.2,0.18,3,30,9,445,2667359377,1935088607,false,false,794.8333333332678,812.8333333332678,9,7,6,179,17,5,3,1,33,27,6,1,6,0,0.18181818181818182,0.8181818181818182,12,1.5,159.73333333332567,0.20096456280143282,1,0,1,3,2,21,5,3,26,0,0,0,0,0,4,5,2,0
difficulty-hard,20260712,1,0.12,0.45,0.2,0.18,3,30,9,446,783085395,529620649,false,false,806.0999999999242,824.0999999999242,9,7,6,179,21,6,3,4,41,35,6,4,6,0,0.14634146341463414,0.8536585365853658,16,2,159.73333333332567,0.1981557292312873,1,0,1,5,3,25,6,3,34,0,0,0,0,0,5,6,2,0
difficulty-hard,20260712,1,0.12,0.45,0.2,0.18,3,30,9,447,2110443217,2275408389,true,false,819.5333333332453,837.5333333332453,9,7,6,180,22,7,3,7,44,38,6,7,6,0,0.13636363636363635,0.8636363636363636,15,1.875,159.73333333332567,0.19490767103230638,1,1,0,4,3,24,6,3,35,6,3,37,158.9999999998554,0.19401285284292583,5,6,4,0
difficulty-hard,20260712,1,0.12,0.45,0.2,0.18,3,30,9,448,2508781979,3803419536,false,false,809.9666666665873,827.9666666665873,9,7,6,179,22,6,3,10,45,42,3,10,3,0,0.06666666666666667,0.9333333333333333,21,2.625,159.73333333332567,0.1972097617185991,1,0,1,6,3,38,6,3,42,0,0,0,0,0,5,5,2,0
difficulty-hard,20260712,1,0.12,0.45,0.2,0.18,3,30,9,449,1880451406,1260089535,false,false,811.1999999999196,826.1999999999196,9,6,5,179,16,5,3,2,34,27,7,2,7,0,0.20588235294117646,0.7941176470588235,11,1.375,159.73333333332567,0.19690992767916854,1,0,1,3,3,18,5,3,26,0,0,0,0,0,5,10,2,0
difficulty-hard,20260712,1,0.12,0.45,0.2,0.18,3,30,9,450,2207193796,3580717435,false,false,801.9999999999279,816.9999999999279,9,6,5,179,29,9,3,5,47,43,4,5,4,0,0.0851063829787234,0.9148936170212766,25,3.125,159.73333333332567,0.19916874480466337,1,0,1,8,3,35,9,3,42,0,0,0,0,0,5,5,2,0
difficulty-hard,20260712,1,0.12,0.45,0.2,0.18,3,30,9,451,3006331077,2439305022,false,false,806.3666666665906,821.3666666665906,9,6,5,179,24,7,3,13,52,47,5,13,5,0,0.09615384615384616,0.9038461538461539,24,3,159.73333333332567,0.19809019883428639,1,0,1,7,3,41,7,3,46,0,0,0,0,0,6,8,2,0
difficulty-hard,20260712,1,0.12,0.45,0.2,0.18,3,30,9,452,3557557067,2994839247,false,false,796.3333333332664,811.3333333332664,9,6,5,179,15,4,3,1,30,26,4,1,4,0,0.13333333333333333,0.8666666666666667,12,1.5,159.73333333332567,0.2005860192549256,1,0,1,3,2,18,3,2,23,0,0,0,0,0,6,14,2,0
difficulty-hard,20260712,1,0.12,0.45,0.2,0.18,3,30,9,453,1392480338,3391369632,false,false,785.833333333276,803.833333333276,9,7,6,179,19,6,3,0,30,29,1,0,1,0,0.03333333333333333,0.9666666666666667,15,1.875,159.73333333332567,0.2032661717921578,1,0,1,4,3,24,6,3,29,0,0,0,0,0,5,11,1,0
difficulty-hard,20260712,1,0.12,0.45,0.2,0.18,3,30,9,454,278165619,439966869,false,false,776.1333333332848,791.1333333332848,9,6,5,179,16,5,3,1,28,26,2,1,2,0,0.07142857142857142,0.9285714285714286,12,1.5,159.73333333332567,0.20580656244631806,1,0,1,3,2,22,5,3,26,0,0,0,0,0,6,8,2,0
difficulty-hard,20260712,1,0.12,0.45,0.2,0.18,3,30,9,455,1534451762,2049987835,false,false,797.4333333332654,815.4333333332654,9,7,6,179,21,6,3,11,43,42,1,11,1,0,0.023255813953488372,0.9767441860465116,17,2.125,159.73333333332567,0.20030932575346647,1,0,1,5,3,28,6,3,38,0,0,0,0,0,6,5,1,0
difficulty-hard,20260712,1,0.12,0.45,0.2,0.18,3,30,9,456,4255262325,2127101843,false,false,760.0333333332994,778.0333333332994,9,7,6,179,18,5,3,12,45,38,7,12,7,0,0.15555555555555556,0.8444444444444444,16,2,159.73333333332567,0.21016622077978966,1,0,1,4,3,30,4,3,34,0,0,0,0,0,7,7,2,0
difficulty-hard,20260712,1,0.12,0.45,0.2,0.18,3,30,9,457,1132756312,2336281305,false,false,741.8666666666493,759.8666666666493,9,7,6,179,25,7,3,8,45,42,3,8,3,0,0.06666666666666667,0.9333333333333333,19,2.375,159.73333333332567,0.21531272465851378,1,0,1,5,3,32,7,3,40,0,0,0,0,0,5,5,2,0
difficulty-hard,20260712,1,0.12,0.45,0.2,0.18,3,30,9,458,1556689669,1338074507,false,false,748.099999999977,766.099999999977,9,7,6,179,16,5,3,0,26,23,3,0,3,0,0.11538461538461539,0.8846153846153846,12,1.5,159.73333333332567,0.21351869179699318,1,0,1,3,3,19,4,3,22,0,0,0,0,0,5,8,2,0
difficulty-hard,20260712,1,0.12,0.45,0.2,0.18,3,30,9,459,3282796452,3085582004,false,false,723.799999999999,741.799999999999,9,7,6,179,24,7,3,4,45,38,7,4,7,0,0.15555555555555556,0.8444444444444444,17,2.125,159.73333333332567,0.2206871143041253,1,0,1,5,3,26,7,3,37,0,0,0,0,0,4,4,2,0
difficulty-hard,20260712,1,0.12,0.45,0.2,0.18,3,30,9,460,162202979,3312266535,false,false,809.3333333332546,827.3333333332546,9,7,6,179,23,7,3,8,45,40,5,8,5,0,0.1111111111111111,0.8888888888888888,18,2.25,159.73333333332567,0.19736408566722555,1,0,1,6,3,33,7,3,37,0,0,0,0,0,7,11,2,0
difficulty-hard,20260712,1,0.12,0.45,0.2,0.18,3,30,9,461,1974592867,1588226555,false,false,802.333333333261,820.333333333261,9,7,6,179,21,6,3,3,35,33,2,3,2,0,0.05714285714285714,0.9428571428571428,19,2.375,159.73333333332567,0.19908599916909858,1,0,1,6,3,28,6,3,32,0,0,0,0,0,5,5,1,0
difficulty-hard,20260712,1,0.12,0.45,0.2,0.18,3,30,9,462,1642499020,3730983225,false,false,803.7333333332597,821.7333333332597,9,7,6,179,15,4,3,1,29,26,3,1,3,0,0.10344827586206896,0.896551724137931,14,1.75,159.73333333332567,0.19873921698740085,1,0,1,4,3,22,4,3,26,0,0,0,0,0,5,11,2,0
difficulty-hard,20260712,1,0.12,0.45,0.2,0.18,3,30,9,463,1773172649,2721974427,false,false,816.1666666665817,834.1666666665817,9,7,6,179,23,7,3,6,43,39,4,6,4,0,0.09302325581395349,0.9069767441860465,17,2.125,159.73333333332567,0.1957116602001335,1,0,1,5,3,27,7,3,38,0,0,0,0,0,6,10,2,0
difficulty-hard,20260712,1,0.12,0.45,0.2,0.18,3,30,9,464,3338781706,1320237579,false,false,825.8999999999062,843.8999999999062,9,7,6,179,16,4,1,6,37,32,5,6,5,0,0.13513513513513514,0.8648648648648649,16,2,159.73333333332567,0.19340517415346145,1,0,1,4,1,29,4,1,32,0,0,0,0,0,6,10,2,0
difficulty-hard,20260712,1,0.12,0.45,0.2,0.18,3,30,9,465,522522507,2164146381,false,false,811.8333333332523,829.8333333332523,9,7,6,179,18,5,3,6,36,34,2,6,2,0,0.05555555555555555,0.9444444444444444,16,2,159.73333333332567,0.1967563128721104,1,0,1,4,3,26,5,3,33,0,0,0,0,0,7,6,2,0
difficulty-hard,20260712,1,0.12,0.45,0.2,0.18,3,30,9,466,1519384865,2182854868,false,false,812.2999999999186,827.2999999999186,9,6,5,179,26,8,3,13,51,47,4,13,4,0,0.0784313725490196,0.9215686274509803,23,2.875,159.73333333332567,0.19664327629366204,1,0,1,7,3,40,7,3,46,0,0,0,0,0,7,11,2,0
difficulty-hard,20260712,1,0.12,0.45,0.2,0.18,3,30,9,467,3065227052,1068926560,false,false,744.8666666666466,762.8666666666466,9,7,6,179,23,7,3,10,47,41,6,10,6,0,0.1276595744680851,0.8723404255319149,21,2.625,159.73333333332567,0.2144455383513783,1,0,1,6,3,32,7,3,41,0,0,0,0,0,7,5,2,0
difficulty-hard,20260712,1,0.12,0.45,0.2,0.18,3,30,9,468,502929660,1148910509,false,false,790.133333333272,808.133333333272,9,7,6,179,21,6,3,5,39,35,4,5,4,0,0.10256410256410256,0.8974358974358975,19,2.375,159.73333333332567,0.2021599730003435,1,0,1,5,3,28,6,3,35,0,0,0,0,0,7,5,2,0
difficulty-hard,20260712,1,0.12,0.45,0.2,0.18,3,30,9,469,2171632164,210940217,false,false,785.06666666661,803.06666666661,9,7,6,179,20,6,3,2,33,29,4,2,4,0,0.12121212121212122,0.8787878787878788,15,1.875,159.73333333332567,0.2034646739130484,1,0,1,4,3,25,4,3,27,0,0,0,0,0,5,7,2,0
difficulty-hard,20260712,1,0.12,0.45,0.2,0.18,3,30,9,470,3040645462,2558991448,false,false,777.9333333332831,795.9333333332831,9,7,6,179,15,4,2,9,38,34,4,9,4,0,0.10526315789473684,0.8947368421052632,13,1.625,159.73333333332567,0.2053303624989322,1,0,1,3,2,29,4,2,32,0,0,0,0,0,5,5,2,0
difficulty-hard,20260712,1,0.12,0.45,0.2,0.18,3,30,9,471,1160010549,2176498993,false,false,795.4333333332672,813.4333333332672,9,7,6,179,26,8,3,13,56,49,7,13,7,0,0.125,0.875,20,2.5,159.73333333332567,0.2008129740602677,1,0,1,6,3,36,8,3,48,0,0,0,0,0,5,5,2,0
difficulty-hard,20260712,1,0.12,0.45,0.2,0.18,3,30,9,472,922469431,1938266923,true,false,800.9333333332622,818.9333333332622,9,7,6,180,21,6,3,2,37,33,4,2,4,0,0.10810810810810811,0.8918918918918919,20,2.5,159.73333333332567,0.1994339936740551,1,1,0,6,3,29,6,3,31,6,3,32,144.26666666653546,0.18012318961197135,6,11,2,0
difficulty-hard,20260712,1,0.12,0.45,0.2,0.18,3,30,9,473,2626597968,2083524589,false,false,807.2333333332565,822.2333333332565,9,6,5,179,24,7,3,5,38,38,0,5,0,0,0,1,20,2.5,159.73333333332567,0.1978775240533603,1,0,1,6,2,29,7,3,38,0,0,0,0,0,5,5,1,0
difficulty-hard,20260712,1,0.12,0.45,0.2,0.18,3,30,9,474,1112774566,774710462,false,false,772.0999999999551,790.0999999999551,9,7,6,179,17,5,3,1,27,27,0,1,0,0,0,1,14,1.75,159.73333333332567,0.20688166472391525,1,0,1,4,3,23,5,3,27,0,0,0,0,0,6,10,1,0
difficulty-hard,20260712,1,0.12,0.45,0.2,0.18,3,30,9,475,1241527755,382856134,false,false,776.0999999999515,794.0999999999515,9,7,6,179,20,6,3,2,40,32,8,2,8,0,0.2,0.8,17,2.125,159.73333333332567,0.2058154017953043,1,0,1,5,3,26,6,3,32,0,0,0,0,0,4,5,2,0
difficulty-hard,20260712,1,0.12,0.45,0.2,0.18,3,30,9,476,1237240101,3915844597,false,false,799.5333333332635,817.5333333332635,9,7,6,179,22,6,3,9,44,41,3,9,3,0,0.06818181818181818,0.9318181818181818,19,2.375,159.73333333332567,0.19978320687068243,1,0,1,5,3,34,6,3,40,0,0,0,0,0,7,11,2,0
difficulty-hard,20260712,1,0.12,0.45,0.2,0.18,3,30,9,477,1160168533,1130657402,false,false,816.5666666665813,831.5666666665813,9,6,5,179,15,4,3,0,29,24,5,0,5,0,0.1724137931034483,0.8275862068965517,11,1.375,159.73333333332567,0.19561578968854434,1,0,1,3,2,18,4,3,24,0,0,0,0,0,5,8,2,0
difficulty-hard,20260712,1,0.12,0.45,0.2,0.18,3,30,9,478,637441906,291693143,false,false,770.4999999999566,785.4999999999566,9,6,5,179,28,9,3,14,54,50,4,14,4,0,0.07407407407407407,0.9259259259259259,25,3.125,159.73333333332567,0.20731126973826694,1,0,1,8,3,43,8,3,49,0,0,0,0,0,8,5,2,0
difficulty-hard,20260712,1,0.12,0.45,0.2,0.18,3,30,9,479,1390578248,995916606,false,false,766.7999999999599,784.7999999999599,9,7,6,179,22,6,3,5,45,37,8,5,8,0,0.17777777777777778,0.8222222222222222,19,2.375,159.73333333332567,0.2083115979829604,1,0,1,6,3,29,6,3,35,0,0,0,0,0,5,5,2,0
difficulty-hard,20260712,1,0.12,0.45,0.2,0.18,3,30,9,480,2872548575,2657029931,false,false,784.4666666666105,799.4666666666105,9,6,5,179,12,3,2,0,22,20,2,0,2,0,0.09090909090909091,0.9090909090909091,8,1,159.73333333332567,0.2036202940426665,1,0,1,2,2,15,3,2,20,0,0,0,0,0,3,4,1,0
difficulty-hard,20260712,1,0.12,0.45,0.2,0.18,3,30,9,481,717478616,2540266993,false,false,740.5666666666505,758.5666666666505,9,7,6,179,26,8,3,5,47,40,7,5,7,0,0.14893617021276595,0.851063829787234,21,2.625,159.73333333332567,0.21569068731151259,1,0,1,6,3,35,7,3,38,0,0,0,0,0,6,10,2,0
difficulty-hard,20260712,1,0.12,0.45,0.2,0.18,3,30,9,482,3436607876,3634190470,false,false,768.899999999958,786.899999999958,9,7,6,179,11,3,3,0,26,19,7,0,7,0,0.2692307692307692,0.7307692307692307,8,1,159.73333333332567,0.20774266267828637,1,0,1,2,2,17,3,3,18,0,0,0,0,0,6,10,2,0
difficulty-hard,20260712,1,0.12,0.45,0.2,0.18,3,30,9,483,3802343354,2254733639,false,false,776.6333333332843,791.6333333332843,9,6,5,179,23,7,3,3,41,34,7,3,7,0,0.17073170731707318,0.8292682926829268,17,2.125,159.73333333332567,0.2056740632645209,1,0,1,5,3,27,7,3,34,0,0,0,0,0,7,11,2,0
difficulty-hard,20260712,1,0.12,0.45,0.2,0.18,3,30,9,484,2616595699,3938048993,false,false,788.69999999994,806.69999999994,9,7,6,179,15,4,3,1,29,25,4,1,4,0,0.13793103448275862,0.8620689655172413,13,1.625,159.73333333332567,0.20252736570728772,1,0,1,4,3,19,4,3,24,0,0,0,0,0,4,4,2,0
difficulty-hard,20260712,1,0.12,0.45,0.2,0.18,3,30,9,485,2345720865,2621275720,false,false,809.8666666665874,827.8666666665874,9,7,6,179,26,7,3,6,43,42,1,6,1,0,0.023255813953488372,0.9767441860465116,21,2.625,159.73333333332567,0.19723411261113924,1,0,1,6,3,31,7,3,42,0,0,0,0,0,6,10,4,0
difficulty-hard,20260712,1,0.12,0.45,0.2,0.18,3,30,9,486,1325445052,3890489327,false,false,792.5999999999365,810.5999999999365,9,7,6,179,15,4,3,0,25,23,2,0,2,0,0.08,0.92,13,1.625,159.73333333332567,0.20153082681470916,1,0,1,4,3,18,4,3,23,0,0,0,0,0,3,6,2,0
difficulty-hard,20260712,1,0.12,0.45,0.2,0.18,3,30,9,487,102921038,3913308902,false,false,805.6999999999246,823.6999999999246,9,7,6,179,12,3,2,2,30,22,8,2,8,0,0.26666666666666666,0.7333333333333333,8,1,159.73333333332567,0.19825410616028377,1,0,1,1,1,16,2,2,20,0,0,0,0,0,8,10,3,0
difficulty-hard,20260712,1,0.12,0.45,0.2,0.18,3,30,9,488,1245579509,3588679011,false,false,763.8666666666293,781.8666666666293,9,7,6,179,19,5,3,2,34,31,3,2,3,0,0.08823529411764706,0.9117647058823529,14,1.75,159.73333333332567,0.20911153779019048,1,0,1,4,3,23,5,3,31,0,0,0,0,0,7,7,2,0
difficulty-hard,20260712,1,0.12,0.45,0.2,0.18,3,30,9,489,4262534217,963811746,false,false,781.2666666666134,799.2666666666134,9,7,6,179,21,6,3,4,37,34,3,4,3,0,0.08108108108108109,0.918918918918919,18,2.25,159.73333333332567,0.20445430497483133,1,0,1,5,3,29,6,3,34,0,0,0,0,0,7,11,2,0
difficulty-hard,20260712,1,0.12,0.45,0.2,0.18,3,30,9,490,2362027247,3451396019,false,false,752.9999999999725,770.9999999999725,9,7,6,179,17,5,3,0,30,26,4,0,4,0,0.13333333333333333,0.8666666666666667,15,1.875,159.73333333332567,0.212129260734836,1,0,1,4,3,23,5,3,26,0,0,0,0,0,5,8,2,0
difficulty-hard,20260712,1,0.12,0.45,0.2,0.18,3,30,9,491,4042749780,3657817572,false,false,735.6333333333216,753.6333333333216,9,7,6,179,20,6,3,10,46,40,6,10,6,0,0.13043478260869565,0.8695652173913043,16,2,159.73333333332567,0.21713716072317943,1,0,1,4,3,33,6,3,40,0,0,0,0,0,3,5,2,0
difficulty-hard,20260712,1,0.12,0.45,0.2,0.18,3,30,9,492,4281533249,891968352,false,false,811.466666666586,829.466666666586,9,7,6,179,12,3,2,0,26,20,6,0,6,0,0.23076923076923078,0.7692307692307693,8,1,159.73333333332567,0.19684521853435125,1,0,1,2,2,14,2,2,18,0,0,0,0,0,7,10,2,0
difficulty-hard,20260712,1,0.12,0.45,0.2,0.18,3,30,9,493,273221821,3864512116,false,false,801.133333333262,819.133333333262,9,7,6,179,17,5,3,10,41,36,5,10,5,0,0.12195121951219512,0.8780487804878049,14,1.75,159.73333333332567,0.1993842057085877,1,0,1,4,3,28,4,3,34,0,0,0,0,0,5,8,2,0
difficulty-hard,20260712,1,0.12,0.45,0.2,0.18,3,30,9,494,3943692654,1026755712,false,false,815.3333333332491,833.3333333332491,9,7,6,179,24,7,3,7,43,41,2,7,2,0,0.046511627906976744,0.9534883720930233,23,2.875,159.73333333332567,0.1959116925592913,1,0,1,7,3,37,7,3,41,0,0,0,0,0,5,8,2,0
difficulty-hard,20260712,1,0.12,0.45,0.2,0.18,3,30,9,495,180772749,4136689999,false,false,735.4666666666551,750.4666666666551,9,6,5,179,21,6,3,11,49,42,7,11,7,0,0.14285714285714285,0.8571428571428571,21,2.625,159.73333333332567,0.21718636693255283,1,0,1,6,3,35,6,3,40,0,0,0,0,0,7,5,2,0
difficulty-hard,20260712,1,0.12,0.45,0.2,0.18,3,30,9,496,91303793,1825832187,false,false,796.1666666665999,811.1666666665999,9,6,5,179,20,6,3,3,37,33,4,3,4,0,0.10810810810810811,0.8918918918918919,15,1.875,159.73333333332567,0.20062800921080898,1,0,1,4,3,25,6,3,32,0,0,0,0,0,6,14,2,0
difficulty-hard,20260712,1,0.12,0.45,0.2,0.18,3,30,9,497,1983405312,784740396,false,false,773.2666666666207,791.2666666666207,9,7,6,179,23,7,3,6,41,39,2,6,2,0,0.04878048780487805,0.9512195121951219,18,2.25,159.73333333332567,0.20656953185619686,1,0,1,5,3,28,7,3,38,0,0,0,0,0,6,8,2,0
difficulty-hard,20260712,1,0.12,0.45,0.2,0.18,3,30,9,498,1821570658,876091556,false,false,787.8333333332741,802.8333333332741,9,6,5,179,18,5,3,2,39,30,9,2,9,0,0.23076923076923078,0.7692307692307693,15,1.875,159.73333333332567,0.2027501586630053,1,0,1,4,3,25,5,3,30,0,0,0,0,0,3,4,2,0
difficulty-hard,20260712,1,0.12,0.45,0.2,0.18,3,30,9,499,3945227292,1710646512,false,false,777.8666666666165,792.8666666666165,9,6,5,179,20,5,3,13,46,43,3,13,3,0,0.06521739130434782,0.9347826086956522,19,2.375,159.73333333332567,0.2053479602331196,1,0,1,5,3,36,5,3,40,0,0,0,0,0,10,6,2,0
difficulty-hard,20260712,1,0.12,0.45,0.2,0.18,3,30,9,500,20868139,3449767993,false,false,774.2666666666198,792.2666666666198,9,7,6,179,22,6,3,14,51,46,5,14,5,0,0.09803921568627451,0.9019607843137255,19,2.375,159.73333333332567,0.20630273807473998,1,0,1,5,3,33,6,3,45,0,0,0,0,0,6,8,4,0
difficulty-hard,20260712,1,0.12,0.45,0.2,0.18,3,30,9,501,22810259,2132440758,false,false,824.4333333332409,839.4333333332409,9,6,5,179,21,6,3,1,35,31,4,1,4,0,0.11428571428571428,0.8857142857142857,17,2.125,159.73333333332567,0.19374924190354215,1,0,1,5,3,26,6,3,31,0,0,0,0,0,6,10,3,0
difficulty-hard,20260712,1,0.12,0.45,0.2,0.18,3,30,9,502,460044555,2906526065,false,false,805.199999999925,823.199999999925,9,7,6,179,23,7,3,10,48,43,5,10,5,0,0.10416666666666667,0.8958333333333334,21,2.625,159.73333333332567,0.19837721477066636,1,0,1,6,3,32,7,3,43,0,0,0,0,0,6,10,3,0
difficulty-hard,20260712,1,0.12,0.45,0.2,0.18,3,30,9,503,2638331450,547675213,false,false,775.1333333332857,793.1333333332857,9,7,6,179,27,8,3,17,59,54,5,17,5,0,0.0847457627118644,0.9152542372881356,27,3.375,159.73333333332567,0.2060720736217453,1,0,1,8,3,47,8,3,53,0,0,0,0,0,6,8,3,0
difficulty-hard,20260712,1,0.12,0.45,0.2,0.18,3,30,9,504,1351099234,1870990892,false,false,748.7333333333097,766.7333333333097,9,7,6,179,23,7,3,4,41,37,4,4,4,0,0.0975609756097561,0.9024390243902439,20,2.5,159.73333333332567,0.21333808209420005,1,0,1,6,3,29,7,3,35,0,0,0,0,0,6,5,2,0
difficulty-hard,20260712,1,0.12,0.45,0.2,0.18,3,30,9,505,3315461027,3514464003,false,false,803.766666666593,821.766666666593,9,7,6,179,20,6,3,1,32,30,2,1,2,0,0.0625,0.9375,15,1.875,159.73333333332567,0.1987309749927512,1,0,1,4,3,25,6,3,30,0,0,0,0,0,5,11,1,0
difficulty-hard,20260712,1,0.12,0.45,0.2,0.18,3,30,9,506,1619629913,3045840432,false,false,776.0333333332849,794.0333333332849,9,7,6,179,19,5,3,2,40,31,9,2,9,0,0.225,0.775,14,1.75,159.73333333332567,0.20583308277136161,1,0,1,4,3,23,5,3,31,0,0,0,0,0,6,8,2,0
difficulty-hard,20260712,1,0.12,0.45,0.2,0.18,3,30,9,507,2154080221,544384457,false,false,798.3999999999312,813.3999999999312,9,6,5,179,22,7,3,3,37,35,2,3,2,0,0.05405405405405406,0.9459459459459459,16,2,159.73333333332567,0.20006680026720872,1,0,1,4,2,28,7,3,35,0,0,0,0,0,6,10,2,0
difficulty-hard,20260712,1,0.12,0.45,0.2,0.18,3,30,9,508,822246716,3155556521,false,false,757.7333333333015,772.7333333333015,9,6,5,179,21,6,3,9,42,40,2,9,2,0,0.047619047619047616,0.9523809523809523,21,2.625,159.73333333332567,0.2108041527362296,1,0,1,6,3,36,6,3,40,0,0,0,0,0,7,10,1,0
difficulty-hard,20260712,1,0.12,0.45,0.2,0.18,3,30,9,509,3057393343,860975579,false,false,794.6999999999346,812.6999999999346,9,7,6,179,19,6,3,4,41,33,8,4,8,0,0.1951219512195122,0.8048780487804879,15,1.875,159.73333333332567,0.20099828027348537,1,0,1,4,3,25,6,3,32,0,0,0,0,0,6,5,2,0
difficulty-hard,20260712,1,0.12,0.45,0.2,0.18,3,30,9,510,1902371087,3986931654,false,false,823.3333333332419,841.3333333332419,9,7,6,179,24,7,3,10,47,42,5,10,5,0,0.10638297872340426,0.8936170212765957,20,2.5,159.73333333332567,0.19400809716600415,1,0,1,6,3,34,6,3,39,0,0,0,0,0,6,10,2,0
difficulty-hard,20260712,1,0.12,0.45,0.2,0.18,3,30,9,511,3173640081,109114720,false,false,809.3333333332546,827.3333333332546,9,7,6,179,20,6,3,2,39,32,7,2,7,0,0.1794871794871795,0.8205128205128205,18,2.25,159.73333333332567,0.19736408566722555,1,0,1,6,3,26,6,3,32,0,0,0,0,0,6,14,2,0
difficulty-hard,20260712,1,0.12,0.45,0.2,0.18,3,30,9,512,4252580939,2434548438,false,false,811.4999999999193,829.4999999999193,9,7,6,179,24,7,3,4,42,37,5,4,5,0,0.11904761904761904,0.8809523809523809,21,2.625,159.73333333332567,0.1968371328815053,1,0,1,6,3,32,6,3,34,0,0,0,0,0,8,8,2,0
difficulty-hard,20260712,1,0.12,0.45,0.2,0.18,3,30,9,513,1319515637,101042196,false,false,780.0999999999478,798.0999999999478,9,7,6,179,17,5,3,0,32,27,5,0,5,0,0.15625,0.84375,16,2,159.73333333332567,0.20476007349485495,1,0,1,5,3,25,5,3,27,0,0,0,0,0,3,5,2,0
difficulty-hard,20260712,1,0.12,0.45,0.2,0.18,3,30,9,514,3264035849,4168086227,false,false,804.7333333332588,819.7333333332588,9,6,5,179,25,7,3,14,50,48,2,14,2,0,0.04,0.96,22,2.75,159.73333333332567,0.19849225416287855,1,0,1,6,3,37,7,3,47,0,0,0,0,0,6,5,2,0
difficulty-hard,20260712,1,0.12,0.45,0.2,0.18,3,30,9,515,389600766,136704623,false,false,813.6999999999173,831.6999999999173,9,7,6,179,20,6,3,0,33,30,3,0,3,0,0.09090909090909091,0.9090909090909091,19,2.375,159.73333333332567,0.19630494449224764,1,0,1,6,3,28,6,3,30,0,0,0,0,0,5,8,2,0
difficulty-hard,20260712,1,0.12,0.45,0.2,0.18,3,30,9,516,2860155208,144335290,false,false,725.7666666666639,740.7666666666639,9,6,5,179,22,6,2,10,43,41,2,10,2,0,0.046511627906976744,0.9534883720930233,18,2.25,159.73333333332567,0.22008910118035127,1,0,1,5,2,33,6,2,41,0,0,0,0,0,5,7,2,0
difficulty-hard,20260712,1,0.12,0.45,0.2,0.18,3,30,9,517,4140404273,1332466094,false,false,723.9666666666656,741.9666666666656,9,7,6,179,21,6,3,7,45,37,8,7,8,0,0.17777777777777778,0.8222222222222222,16,2,159.73333333332567,0.22063630922232966,1,0,1,5,3,25,6,3,37,0,0,0,0,0,6,4,2,0
difficulty-hard,20260712,1,0.12,0.45,0.2,0.18,3,30,9,518,555668127,3241519273,true,false,795.8999999999335,813.8999999999335,9,7,6,180,15,4,3,0,30,25,5,0,5,0,0.16666666666666666,0.8333333333333334,10,1.25,159.73333333332567,0.20069522971898357,1,1,0,3,2,18,4,3,24,4,3,24,135.8666666665431,0.17070821292443078,6,8,2,0
difficulty-hard,20260712,1,0.12,0.45,0.2,0.18,3,30,9,519,3186825215,3652205527,false,false,789.799999999939,807.799999999939,9,7,6,179,27,8,3,10,46,45,1,10,1,0,0.021739130434782608,0.9782608695652174,23,2.875,159.73333333332567,0.20224529416730566,1,0,1,7,3,35,8,3,45,0,0,0,0,0,4,5,2,0
difficulty-hard,20260712,1,0.12,0.45,0.2,0.18,3,30,9,520,2506265667,3938759295,false,false,791.233333333271,809.233333333271,9,7,6,179,16,5,3,2,33,27,6,2,6,0,0.18181818181818182,0.8181818181818182,13,1.625,159.73333333332567,0.2018789232000736,1,0,1,4,3,21,5,3,27,0,0,0,0,0,5,13,2,0
difficulty-hard,20260712,1,0.12,0.45,0.2,0.18,3,30,9,521,3400641165,2347576249,false,false,772.533333333288,787.533333333288,9,6,5,179,26,8,3,13,54,49,5,13,5,0,0.09259259259259259,0.9074074074074074,24,3,159.73333333332567,0.20676561960649167,1,0,1,8,3,38,8,3,47,0,0,0,0,0,6,11,2,0
difficulty-hard,20260712,1,0.12,0.45,0.2,0.18,3,30,9,522,1502197878,1695234532,false,false,746.7666666666448,764.7666666666448,9,7,6,179,16,5,3,0,28,23,5,0,5,0,0.17857142857142858,0.8214285714285714,11,1.375,159.73333333332567,0.21389992411730172,1,0,1,3,2,18,5,3,22,0,0,0,0,0,5,6,1,0
difficulty-hard,20260712,1,0.12,0.45,0.2,0.18,3,30,9,523,2335789046,188217178,false,false,757.566666666635,775.566666666635,9,7,6,179,21,6,2,5,45,36,9,5,9,0,0.2,0.8,16,2,159.73333333332567,0.2108505302063612,1,0,1,5,2,25,6,2,36,0,0,0,0,0,5,8,4,0
difficulty-hard,20260712,1,0.12,0.45,0.2,0.18,3,30,9,524,2316352560,3728295774,true,false,808.9999999999216,826.9999999999216,9,7,6,180,18,6,3,2,36,29,7,2,7,0,0.19444444444444445,0.8055555555555556,16,2,159.73333333332567,0.19744540585085435,1,1,0,5,3,25,5,3,28,5,3,28,148.93333333319788,0.18409559126478656,6,11,2,0
difficulty-hard,20260712,1,0.12,0.45,0.2,0.18,3,30,9,525,282035208,1955222183,false,false,794.0999999999351,812.0999999999351,9,7,6,179,17,5,2,1,30,28,2,1,2,0,0.06666666666666667,0.9333333333333333,15,1.875,159.73333333332567,0.20115014901566394,1,0,1,4,2,23,5,2,27,0,0,0,0,0,3,7,2,0
difficulty-hard,20260712,1,0.12,0.45,0.2,0.18,3,30,9,526,3327143829,986907289,false,false,807.5666666665895,825.5666666665895,9,7,6,179,15,4,2,0,27,23,4,0,4,0,0.14814814814814814,0.8518518518518519,11,1.375,159.73333333332567,0.19779584760805002,1,0,1,3,2,17,4,2,23,0,0,0,0,0,6,8,2,0
difficulty-hard,20260712,1,0.12,0.45,0.2,0.18,3,30,9,527,228112896,1178993757,false,false,741.4666666666496,759.4666666666496,9,7,6,179,19,5,3,3,33,31,2,3,2,0,0.06060606060606061,0.9393939393939394,16,2,159.73333333332567,0.21542887969789068,1,0,1,4,3,25,5,3,31,0,0,0,0,0,3,5,2,0
difficulty-hard,20260712,1,0.12,0.45,0.2,0.18,3,30,9,528,2125677920,1679797202,false,false,795.6999999999337,810.6999999999337,9,6,5,179,24,7,3,7,42,39,3,7,3,0,0.07142857142857142,0.9285714285714286,17,2.125,159.73333333332567,0.20074567466801432,1,0,1,4,3,28,6,3,37,0,0,0,0,0,5,7,2,0
difficulty-hard,20260712,1,0.12,0.45,0.2,0.18,3,30,9,529,3206210846,938141296,false,false,793.6333333332689,811.6333333332689,9,7,6,179,24,7,3,5,46,38,8,5,8,0,0.17391304347826086,0.8260869565217391,17,2.125,159.73333333332567,0.20126842790542063,1,0,1,5,3,29,7,3,36,0,0,0,0,0,8,5,3,0
difficulty-hard,20260712,1,0.12,0.45,0.2,0.18,3,30,9,530,3547323531,1419569045,false,false,808.6666666665885,823.6666666665885,9,6,5,179,11,3,3,0,23,20,3,0,3,0,0.13043478260869565,0.8695652173913043,10,1.25,159.73333333332567,0.19752679307503024,1,0,1,3,3,17,3,3,20,0,0,0,0,0,7,8,2,0
difficulty-hard,20260712,1,0.12,0.45,0.2,0.18,3,30,9,531,703828648,3343491352,false,false,812.1999999999186,827.1999999999186,9,6,5,179,26,8,3,5,43,40,3,5,3,0,0.06976744186046512,0.9302325581395349,21,2.625,159.73333333332567,0.19666748748256793,1,0,1,6,3,33,8,3,40,0,0,0,0,0,6,7,2,0
difficulty-hard,20260712,1,0.12,0.45,0.2,0.18,3,30,9,532,566471380,3547923115,false,false,729.2666666666607,747.2666666666607,9,7,6,179,22,7,3,1,37,33,4,1,4,0,0.10810810810810811,0.8918918918918919,19,2.375,159.73333333332567,0.21903281835633098,1,0,1,6,3,28,7,3,33,0,0,0,0,0,5,4,2,0
difficulty-hard,20260712,1,0.12,0.45,0.2,0.18,3,30,9,533,634751121,3527725209,false,false,780.5666666666141,795.5666666666141,9,6,5,179,14,4,3,2,27,26,1,2,1,0,0.037037037037037035,0.9629629629629629,13,1.625,159.73333333332567,0.20463765640347154,1,0,1,4,3,21,4,3,25,0,0,0,0,0,6,8,2,0
difficulty-hard,20260712,1,0.12,0.45,0.2,0.18,3,30,9,534,4026235222,3936742674,false,false,811.2333333332529,829.2333333332529,9,7,6,179,13,4,3,0,25,21,4,0,4,0,0.16,0.84,12,1.5,159.73333333332567,0.196901836709547,1,0,1,4,3,18,4,3,20,0,0,0,0,0,6,11,2,0
difficulty-hard,20260712,1,0.12,0.45,0.2,0.18,3,30,9,535,1017628841,785704348,false,false,765.9999999999607,783.9999999999607,9,7,6,179,23,7,3,5,40,37,3,5,3,0,0.075,0.925,22,2.75,159.73333333332567,0.20852915578764214,1,0,1,7,3,33,7,3,37,0,0,0,0,0,5,11,2,0
difficulty-hard,20260712,1,0.12,0.45,0.2,0.18,3,30,9,536,3167231055,3055211115,false,false,810.1666666665872,828.1666666665872,9,7,6,179,20,6,3,7,42,37,5,7,5,0,0.11904761904761904,0.8809523809523809,20,2.5,159.73333333332567,0.1971610779675063,1,0,1,6,3,32,6,3,36,0,0,0,0,0,5,6,2,0
difficulty-hard,20260712,1,0.12,0.45,0.2,0.18,3,30,9,537,1159455025,3287158852,false,false,817.6999999999136,835.6999999999136,9,7,6,179,24,7,3,4,45,37,8,4,8,0,0.17777777777777778,0.8222222222222222,21,2.625,159.73333333332567,0.1953446659329125,1,0,1,6,3,30,7,3,35,0,0,0,0,0,6,14,2,0
difficulty-hard,20260712,1,0.12,0.45,0.2,0.18,3,30,9,538,1870991995,4278501147,false,false,759.8666666666329,777.8666666666329,9,7,6,179,17,5,3,1,32,27,5,1,5,0,0.15625,0.84375,15,1.875,159.73333333332567,0.2102123179505169,1,0,1,5,3,24,5,3,27,0,0,0,0,0,6,11,2,0
difficulty-hard,20260712,1,0.12,0.45,0.2,0.18,3,30,9,539,3850894790,902428891,true,false,816.5999999999146,834.5999999999146,9,7,6,180,19,6,3,1,39,29,10,1,10,0,0.2564102564102564,0.7435897435897436,17,2.125,159.73333333332567,0.19560780471876363,1,1,0,5,3,26,6,3,28,6,3,28,154.99999999985903,0.18981141317643305,5,11,2,0
difficulty-hard,20260712,1,0.12,0.45,0.2,0.18,3,30,9,540,1379305180,1180878442,false,false,808.833333333255,823.833333333255,9,6,5,179,22,7,3,7,46,38,8,7,8,0,0.17391304347826086,0.8260869565217391,14,1.75,159.73333333332567,0.19748609107769355,1,0,1,3,2,27,7,3,38,0,0,0,0,0,6,9,2,0
difficulty-hard,20260712,1,0.12,0.45,0.2,0.18,3,30,9,541,700156121,329548724,false,false,760.7999999999654,778.7999999999654,9,7,6,179,21,6,3,6,37,36,1,6,1,0,0.02702702702702703,0.972972972972973,18,2.25,159.73333333332567,0.20995443392919683,1,0,1,5,3,30,6,3,36,0,0,0,0,0,6,6,2,0
difficulty-hard,20260712,1,0.12,0.45,0.2,0.18,3,30,9,542,2397079031,3859130077,false,false,809.3333333332546,824.3333333332546,9,6,5,179,21,6,2,10,45,39,6,10,6,0,0.13333333333333333,0.8666666666666667,18,2.25,159.73333333332567,0.19736408566722555,1,0,1,5,2,32,6,2,39,0,0,0,0,0,6,8,1,0
difficulty-hard,20260712,1,0.12,0.45,0.2,0.18,3,30,9,543,1637453489,2846557002,false,false,773.9333333332868,788.9333333332868,9,6,5,179,20,6,3,3,35,31,4,3,4,0,0.11428571428571428,0.8857142857142857,13,1.625,159.73333333332567,0.20639159272978114,1,0,1,4,3,22,5,3,30,0,0,0,0,0,6,11,1,0
difficulty-hard,20260712,1,0.12,0.45,0.2,0.18,3,30,9,544,3817140830,2414176375,false,false,800.0999999999297,818.0999999999297,9,7,6,179,14,4,3,0,26,24,2,0,2,0,0.07692307692307693,0.9230769230769231,12,1.5,159.73333333332567,0.19964171145274306,1,0,1,3,3,21,4,3,24,0,0,0,0,0,3,5,1,0
difficulty-hard,20260712,1,0.12,0.45,0.2,0.18,3,30,9,545,2905492173,3049886356,false,false,811.4999999999193,829.4999999999193,9,7,6,179,16,4,2,2,31,28,3,2,3,0,0.0967741935483871,0.9032258064516129,11,1.375,159.73333333332567,0.1968371328815053,1,0,1,3,1,20,4,2,27,0,0,0,0,0,5,11,1,0
difficulty-hard,20260712,1,0.12,0.45,0.2,0.18,3,30,9,546,562771565,1475950069,false,false,763.399999999963,781.399999999963,9,7,6,179,15,4,3,3,31,28,3,3,3,0,0.0967741935483871,0.9032258064516129,14,1.75,159.73333333332567,0.20923936774080876,1,0,1,4,3,24,4,3,28,0,0,0,0,0,3,7,2,0
difficulty-hard,20260712,1,0.12,0.45,0.2,0.18,3,30,9,547,1082587326,1965166078,false,false,787.2333333332747,802.2333333332747,9,6,5,179,24,7,3,10,48,44,4,10,4,0,0.08333333333333333,0.9166666666666666,22,2.75,159.73333333332567,0.20290468730152547,1,0,1,7,3,36,7,3,41,0,0,0,0,0,8,5,2,0
difficulty-hard,20260712,1,0.12,0.45,0.2,0.18,3,30,9,548,1213113587,833800365,false,false,732.8666666666575,747.8666666666575,9,6,5,179,22,6,2,8,42,40,2,8,2,0,0.047619047619047616,0.9523809523809523,16,2,159.73333333332567,0.21795688165195262,1,0,1,4,2,28,6,2,40,0,0,0,0,0,4,6,3,0
difficulty-hard,20260712,1,0.12,0.45,0.2,0.18,3,30,9,549,2996222210,169346544,false,false,751.3999999999739,769.3999999999739,9,7,6,179,21,6,3,8,42,39,3,8,3,0,0.07142857142857142,0.9285714285714286,18,2.25,159.73333333332567,0.21258095998580145,1,0,1,5,3,28,6,3,39,0,0,0,0,0,3,5,2,0
difficulty-hard,20260712,1,0.12,0.45,0.2,0.18,3,30,9,550,2561028036,3907411071,false,false,771.1333333332893,786.1333333332893,9,6,5,179,22,7,3,11,46,43,3,11,3,0,0.06521739130434782,0.9347826086956522,20,2.5,159.73333333332567,0.2071410045820024,1,0,1,6,3,39,7,3,43,0,0,0,0,0,3,4,2,0
difficulty-hard,20260712,1,0.12,0.45,0.2,0.18,3,30,9,551,2650450282,148368876,false,false,764.0333333332958,782.0333333332958,9,7,6,179,16,4,3,0,27,26,1,0,1,0,0.037037037037037035,0.9629629629629629,12,1.5,159.73333333332567,0.20906592208018873,1,0,1,3,2,20,4,3,26,0,0,0,0,0,6,8,1,0
difficulty-hard,20260712,1,0.12,0.45,0.2,0.18,3,30,9,552,3438229822,1560890989,false,false,797.9999999999316,812.9999999999316,9,6,5,179,16,5,3,0,26,24,2,0,2,0,0.07692307692307693,0.9230769230769231,11,1.375,159.73333333332567,0.20016708437761827,1,0,1,3,3,20,4,3,23,0,0,0,0,0,6,9,2,0
difficulty-hard,20260712,1,0.12,0.45,0.2,0.18,3,30,9,553,92529841,2337764128,false,false,807.399999999923,822.399999999923,9,6,5,179,22,6,3,5,41,36,5,5,5,0,0.12195121951219512,0.8780487804878049,17,2.125,159.73333333332567,0.19783667740071947,1,0,1,5,3,26,6,3,35,0,0,0,0,0,5,6,2,0
difficulty-hard,20260712,1,0.12,0.45,0.2,0.18,3,30,9,554,3036485823,2674274785,false,false,802.0333333332612,817.0333333332612,9,6,5,179,19,6,3,3,40,31,9,3,9,0,0.225,0.775,16,2,159.73333333332567,0.19916046714601227,1,0,1,5,3,25,6,3,31,0,0,0,0,0,6,8,3,0
difficulty-hard,20260712,1,0.12,0.45,0.2,0.18,3,30,9,555,3436767000,3303964407,false,false,790.7333333332715,808.7333333332715,9,7,6,179,25,8,3,8,49,42,7,8,7,0,0.14285714285714285,0.8571428571428571,20,2.5,159.73333333332567,0.2020065761740218,1,0,1,6,3,34,7,3,40,0,0,0,0,0,7,10,2,0
difficulty-hard,20260712,1,0.12,0.45,0.2,0.18,3,30,9,556,4289320829,2995074913,false,false,782.0666666666127,800.0666666666127,9,7,6,179,24,7,3,7,41,41,0,7,0,0,0,1,21,2.625,159.73333333332567,0.20424516239025237,1,0,1,6,3,34,7,3,39,0,0,0,0,0,7,10,1,0
difficulty-hard,20260712,1,0.12,0.45,0.2,0.18,3,30,9,557,3534287324,3973656631,false,false,748.1333333333102,766.1333333333102,9,7,6,179,18,5,3,1,31,28,3,1,3,0,0.0967741935483871,0.9032258064516129,14,1.75,159.73333333332567,0.21350917839956862,1,0,1,4,3,23,5,3,28,0,0,0,0,0,6,9,2,0
difficulty-hard,20260712,1,0.12,0.45,0.2,0.18,3,30,9,558,2516179924,1839117814,false,false,744.5333333333135,762.5333333333135,9,7,6,179,14,4,3,0,25,23,2,0,2,0,0.08,0.92,14,1.75,159.73333333332567,0.2145415472779324,1,0,1,4,3,21,4,3,23,0,0,0,0,0,6,8,2,0
difficulty-hard,20260712,1,0.12,0.45,0.2,0.18,3,30,9,559,2300322508,1906770235,false,false,739.0666666666518,754.0666666666518,9,6,5,179,23,6,3,21,64,54,10,21,10,0,0.15625,0.84375,21,2.625,159.73333333332567,0.21612845029766672,1,0,1,6,3,40,6,3,54,0,0,0,0,0,6,11,3,0
difficulty-hard,20260712,1,0.12,0.45,0.2,0.18,3,30,9,560,3068823305,3929760728,false,false,824.7999999999072,842.7999999999072,9,7,6,179,24,7,3,13,50,47,3,13,3,0,0.06,0.94,19,2.375,159.73333333332567,0.19366311024896174,1,0,1,5,3,35,7,3,46,0,0,0,0,0,6,14,2,0
difficulty-hard,20260712,1,0.12,0.45,0.2,0.18,3,30,9,561,2623704781,4293232535,true,false,804.3333333332591,822.3333333332591,9,7,6,180,14,4,3,3,30,27,3,3,3,0,0.1,0.9,14,1.75,159.73333333332567,0.19859096560299264,1,1,0,4,3,23,4,3,26,4,3,26,134.33333333321116,0.1670120182344263,6,11,1,0
difficulty-hard,20260712,1,0.12,0.45,0.2,0.18,3,30,9,562,2554663758,2463225028,false,false,782.3333333332791,800.3333333332791,9,7,6,179,24,7,3,17,54,50,4,17,4,0,0.07407407407407407,0.9259259259259259,21,2.625,159.73333333332567,0.20417554324670226,1,0,1,6,3,40,7,3,49,0,0,0,0,0,4,4,2,0
difficulty-hard,20260712,1,0.12,0.45,0.2,0.18,3,30,9,563,1674070051,2425407208,false,false,805.5999999999246,820.5999999999246,9,6,5,179,18,5,3,4,35,31,4,4,4,0,0.11428571428571428,0.8857142857142857,13,1.625,159.73333333332567,0.19827871565707625,1,0,1,4,3,20,5,3,31,0,0,0,0,0,4,8,2,0
difficulty-hard,20260712,1,0.12,0.45,0.2,0.18,3,30,9,564,1249811499,4172615676,false,false,801.2666666665953,819.2666666665953,9,7,6,179,26,8,3,10,48,44,4,10,4,0,0.08333333333333333,0.9166666666666666,22,2.75,159.73333333332567,0.19935102753973696,1,0,1,6,3,37,8,3,44,0,0,0,0,0,6,11,2,0
difficulty-hard,20260712,1,0.12,0.45,0.2,0.18,3,30,9,565,298720936,4068788451,false,false,769.4333333332909,784.4333333332909,9,6,5,179,23,7,3,11,50,44,6,11,6,0,0.12,0.88,20,2.5,159.73333333332567,0.20759866568470453,1,0,1,6,3,36,7,3,43,0,0,0,0,0,7,10,2,0
difficulty-hard,20260712,1,0.12,0.45,0.2,0.18,3,30,9,566,2443711718,4153526723,false,false,805.7333333332579,823.7333333332579,9,7,6,179,26,8,3,5,44,40,4,5,4,0,0.09090909090909091,0.9090909090909091,21,2.625,159.73333333332567,0.19824590435215203,1,0,1,6,3,32,8,3,39,0,0,0,0,0,5,8,2,0
difficulty-hard,20260712,1,0.12,0.45,0.2,0.18,3,30,9,567,2521450895,3736914829,false,false,789.5666666666059,807.5666666666059,9,7,6,179,15,4,3,0,31,25,6,0,6,0,0.1935483870967742,0.8064516129032258,11,1.375,159.73333333332567,0.20230506184827707,1,0,1,3,3,20,4,3,25,0,0,0,0,0,7,11,2,0
difficulty-hard,20260712,1,0.12,0.45,0.2,0.18,3,30,9,568,3071100883,3007702354,false,false,795.4333333332672,813.4333333332672,9,7,6,179,14,4,3,0,26,23,3,0,3,0,0.11538461538461539,0.8846153846153846,13,1.625,159.73333333332567,0.2008129740602677,1,0,1,4,3,20,4,3,23,0,0,0,0,0,6,10,2,0
difficulty-hard,20260712,1,0.12,0.45,0.2,0.18,3,30,9,569,2882046079,3556844332,false,false,797.2666666665989,815.2666666665989,9,7,6,179,11,3,2,0,22,18,4,0,4,0,0.18181818181818182,0.8181818181818182,9,1.125,159.73333333332567,0.2003511999331122,1,0,1,2,1,16,3,2,18,0,0,0,0,0,7,9,1,0
difficulty-hard,20260712,1,0.12,0.45,0.2,0.18,3,30,9,570,602881441,1880088739,false,false,806.6666666665903,821.6666666665903,9,6,5,179,23,6,3,8,48,41,7,8,7,0,0.14583333333333334,0.8541666666666666,21,2.625,159.73333333332567,0.19801652892562907,1,0,1,6,3,32,6,3,38,0,0,0,0,0,6,6,2,0
difficulty-hard,20260712,1,0.12,0.45,0.2,0.18,3,30,9,571,1253954440,2021180756,false,false,795.7666666666003,810.7666666666003,9,6,5,179,14,3,3,0,25,23,2,0,2,0,0.08,0.92,10,1.25,159.73333333332567,0.20072885686759812,1,0,1,3,3,16,3,3,22,0,0,0,0,0,7,11,1,0
difficulty-hard,20260712,1,0.12,0.45,0.2,0.18,3,30,9,572,3048646696,3990062710,false,false,733.9999999999898,751.9999999999898,9,7,6,179,13,4,2,0,23,21,2,0,2,0,0.08695652173913043,0.9130434782608695,11,1.375,159.73333333332567,0.21762034514077372,1,0,1,3,2,19,4,2,21,0,0,0,0,0,4,5,2,0
difficulty-hard,20260712,1,0.12,0.45,0.2,0.18,3,30,9,573,2565188167,781815519,false,false,822.8666666665756,837.8666666665756,9,6,5,179,24,7,3,8,44,42,2,8,2,0,0.045454545454545456,0.9545454545454546,20,2.5,159.73333333332567,0.1941181236328405,1,0,1,6,3,31,7,3,39,0,0,0,0,0,5,11,2,0
difficulty-hard,20260712,1,0.12,0.45,0.2,0.18,3,30,9,574,2436881048,1000172011,false,false,797.1999999999323,815.1999999999323,9,7,6,179,22,6,3,8,46,40,6,8,6,0,0.13043478260869565,0.8695652173913043,18,2.25,159.73333333332567,0.20036795450745012,1,0,1,5,3,29,6,3,39,0,0,0,0,0,5,5,2,0
difficulty-hard,20260712,1,0.12,0.45,0.2,0.18,3,30,9,575,902426903,17222225,false,false,762.9333333332968,777.9333333332968,9,6,5,179,26,8,3,8,43,42,1,8,1,0,0.023255813953488372,0.9767441860465116,23,2.875,159.73333333332567,0.2093673540720028,1,0,1,7,3,37,8,3,42,0,0,0,0,0,6,5,1,0
difficulty-hard,20260712,1,0.12,0.45,0.2,0.18,3,30,9,576,1410216049,1708903034,false,false,757.0999999999688,772.0999999999688,9,6,5,179,10,2,2,1,23,21,2,1,2,0,0.08695652173913043,0.9130434782608695,9,1.125,159.73333333332567,0.21098049575133043,1,0,1,2,2,16,2,2,21,0,0,0,0,0,6,8,2,0
difficulty-hard,20260712,1,0.12,0.45,0.2,0.18,3,30,9,577,980262369,3429976526,false,false,761.4999999999648,779.4999999999648,9,7,6,179,27,8,3,11,55,48,7,11,7,0,0.12727272727272726,0.8727272727272727,23,2.875,159.73333333332567,0.2097614357627486,1,0,1,7,3,35,8,3,48,0,0,0,0,0,5,8,3,0
difficulty-hard,20260712,1,0.12,0.45,0.2,0.18,3,30,9,578,951829332,213597384,false,false,753.6999999999719,771.6999999999719,9,7,6,179,19,6,3,3,39,32,7,3,7,0,0.1794871794871795,0.8205128205128205,19,2.375,159.73333333332567,0.21193224536729685,1,0,1,6,3,29,6,3,32,0,0,0,0,0,7,7,2,0
difficulty-hard,20260712,1,0.12,0.45,0.2,0.18,3,30,9,579,2539998749,4154378546,false,false,809.8666666665874,827.8666666665874,9,7,6,179,23,7,3,7,43,40,3,7,3,0,0.06976744186046512,0.9302325581395349,19,2.375,159.73333333332567,0.19723411261113924,1,0,1,6,3,31,7,3,38,0,0,0,0,0,5,11,2,0
difficulty-hard,20260712,1,0.12,0.45,0.2,0.18,3,30,9,580,1958504259,1570399124,true,false,800.8666666665956,818.8666666665956,9,7,6,180,17,5,3,1,31,28,3,1,3,0,0.0967741935483871,0.9032258064516129,12,1.5,159.73333333332567,0.19945059518855388,1,1,0,3,3,21,5,3,28,5,3,28,138.49999999987403,0.17293765087807333,5,10,1,0
difficulty-hard,20260712,1,0.12,0.45,0.2,0.18,3,30,9,581,955642967,852580201,false,false,751.4999999999739,769.4999999999739,9,7,6,179,25,7,3,5,46,40,6,5,6,0,0.13043478260869565,0.8695652173913043,21,2.625,159.73333333332567,0.21255267243290915,1,0,1,6,3,33,7,3,38,0,0,0,0,0,7,8,2,0
difficulty-hard,20260712,1,0.12,0.45,0.2,0.18,3,30,9,582,1793296146,4287858662,false,false,803.8999999999262,821.8999999999262,9,7,6,179,19,6,3,2,34,31,3,2,3,0,0.08823529411764706,0.9117647058823529,17,2.125,159.73333333332567,0.19869801384916078,1,0,1,5,3,26,6,3,31,0,0,0,0,0,5,5,2,0
difficulty-hard,20260712,1,0.12,0.45,0.2,0.18,3,30,9,583,1915008933,3894348219,false,false,759.766666666633,777.766666666633,9,7,6,179,27,8,3,11,53,47,6,11,6,0,0.11320754716981132,0.8867924528301887,17,2.125,159.73333333332567,0.21023998596060117,1,0,1,5,3,27,8,3,43,0,0,0,0,0,6,12,2,0
difficulty-hard,20260712,1,0.12,0.45,0.2,0.18,3,30,9,584,3851833261,1746006370,false,false,734.8666666666556,752.8666666666556,9,7,6,179,11,3,3,0,22,19,3,0,3,0,0.13636363636363635,0.8636363636363636,8,1,159.73333333332567,0.2173636940941596,1,0,1,2,2,13,3,3,19,0,0,0,0,0,4,6,1,0
difficulty-hard,20260712,1,0.12,0.45,0.2,0.18,3,30,9,585,4130025620,1765980203,false,false,763.0333333332967,781.0333333332967,9,7,6,179,17,5,3,2,29,27,2,2,2,0,0.06896551724137931,0.9310344827586207,9,1.125,159.73333333332567,0.20933991525053516,1,0,1,2,2,18,5,3,26,0,0,0,0,0,6,13,2,0
difficulty-hard,20260712,1,0.12,0.45,0.2,0.18,3,30,9,586,2182868584,588340297,false,false,810.9333333332531,828.9333333332531,9,7,6,179,21,6,2,6,44,36,8,6,8,0,0.18181818181818182,0.8181818181818182,19,2.375,159.73333333332567,0.19697467938179233,1,0,1,6,2,30,6,2,34,0,0,0,0,0,7,9,2,0
difficulty-hard,20260712,1,0.12,0.45,0.2,0.18,3,30,9,587,359842965,512560213,false,false,793.866666666602,811.866666666602,9,7,6,179,25,7,3,11,50,46,4,11,4,0,0.08,0.92,20,2.5,159.73333333332567,0.20120927107827347,1,0,1,5,3,34,7,3,43,0,0,0,0,0,6,8,4,0
difficulty-hard,20260712,1,0.12,0.45,0.2,0.18,3,30,9,588,4134324499,3953558440,false,false,814.7333333332497,829.7333333332497,9,6,5,179,23,7,3,4,41,36,5,4,5,0,0.12195121951219512,0.8780487804878049,20,2.5,159.73333333332567,0.19605596923329768,1,0,1,6,3,31,7,3,36,0,0,0,0,0,6,11,2,0
difficulty-hard,20260712,1,0.12,0.45,0.2,0.18,3,30,9,589,3702383656,3029328073,false,false,762.2333333332974,780.2333333332974,9,7,6,179,25,8,3,5,44,40,4,5,4,0,0.09090909090909091,0.9090909090909091,20,2.5,159.73333333332567,0.20955962741067896,1,0,1,6,3,32,8,3,40,0,0,0,0,0,6,5,2,0
difficulty-hard,20260712,1,0.12,0.45,0.2,0.18,3,30,9,590,1769199622,122681989,false,false,803.2999999999267,821.2999999999267,9,7,6,179,14,4,3,0,25,23,2,0,2,0,0.08,0.92,12,1.5,159.73333333332567,0.19884642516287843,1,0,1,3,3,19,4,3,23,0,0,0,0,0,6,10,2,0
difficulty-hard,20260712,1,0.12,0.45,0.2,0.18,3,30,9,591,3677275657,1058803143,false,false,778.133333333283,796.133333333283,9,7,6,179,23,7,3,2,39,35,4,2,4,0,0.10256410256410256,0.8974358974358975,23,2.875,159.73333333332567,0.20527758738862578,1,0,1,7,3,33,7,3,35,0,0,0,0,0,7,5,2,0
difficulty-hard,20260712,1,0.12,0.45,0.2,0.18,3,30,9,592,33515943,295979859,false,false,815.2333333332492,830.2333333332492,9,6,5,179,22,7,3,5,40,37,3,5,3,0,0.075,0.925,20,2.5,159.73333333332567,0.19593572392363187,1,0,1,6,3,33,7,3,36,0,0,0,0,0,6,10,2,0
difficulty-hard,20260712,1,0.12,0.45,0.2,0.18,3,30,9,593,1759706338,3564177497,false,false,741.6999999999828,759.6999999999828,9,7,6,179,17,5,3,3,29,29,0,3,0,0,0,1,12,1.5,159.73333333332567,0.21536110736595576,1,0,1,3,3,20,5,3,29,0,0,0,0,0,3,5,2,0
difficulty-hard,20260712,1,0.12,0.45,0.2,0.18,3,30,9,594,3129495544,3238374332,false,false,752.6333333333062,770.6333333333062,9,7,6,179,21,6,3,10,44,41,3,10,3,0,0.06818181818181818,0.9318181818181818,18,2.25,159.73333333332567,0.21223260551839954,1,0,1,5,3,33,6,3,40,0,0,0,0,0,6,9,2,0
difficulty-hard,20260712,1,0.12,0.45,0.2,0.18,3,30,9,595,3324311752,3313730139,false,false,797.7333333332651,815.7333333332651,9,7,6,179,16,4,3,1,29,27,2,1,2,0,0.06896551724137931,0.9310344827586207,15,1.875,159.73333333332567,0.20023399632292244,1,0,1,4,3,24,4,3,27,0,0,0,0,0,3,5,2,0
difficulty-hard,20260712,1,0.12,0.45,0.2,0.18,3,30,9,596,2236083244,4128674540,false,false,750.7333333333079,765.7333333333079,9,6,5,179,16,4,3,3,31,29,2,3,2,0,0.06451612903225806,0.9354838709677419,13,1.625,159.73333333332567,0.2127697362578782,1,0,1,3,2,22,4,3,29,0,0,0,0,0,6,11,2,0
difficulty-hard,20260712,1,0.12,0.45,0.2,0.18,3,30,9,597,3109602195,165528108,false,false,793.1666666666026,811.1666666666026,9,7,6,179,18,5,3,0,30,26,4,0,4,0,0.13333333333333333,0.8666666666666667,15,1.875,159.73333333332567,0.201386845976052,1,0,1,5,3,22,5,3,26,0,0,0,0,0,3,5,2,0
difficulty-hard,20260712,1,0.12,0.45,0.2,0.18,3,30,9,598,2715542660,3335012170,false,false,813.666666666584,831.666666666584,9,7,6,179,24,7,3,6,45,40,5,6,5,0,0.1111111111111111,0.8888888888888888,21,2.625,159.73333333332567,0.19631298648096096,1,0,1,6,3,32,7,3,39,0,0,0,0,0,6,5,2,0
difficulty-hard,20260712,1,0.12,0.45,0.2,0.18,3,30,9,599,705396110,1152482566,false,false,808.4666666665887,826.4666666665887,9,7,6,179,25,7,3,13,50,48,2,13,2,0,0.04,0.96,20,2.5,159.73333333332567,0.19757565762349436,1,0,1,5,2,38,7,3,48,0,0,0,0,0,4,7,2,0
difficulty-hard,20260712,1,0.12,0.45,0.2,0.18,3,30,9,600,3728627900,3442695018,false,false,819.1999999999123,834.1999999999123,9,6,5,179,18,5,3,0,29,26,3,0,3,0,0.10344827586206896,0.896551724137931,15,1.875,159.73333333332567,0.1949869791666782,1,0,1,4,2,24,5,3,25,0,0,0,0,0,6,14,2,0
difficulty-hard,20260712,1,0.12,0.45,0.2,0.18,3,30,9,601,1159386001,3622663136,false,false,803.8999999999262,821.8999999999262,9,7,6,179,25,7,3,22,59,57,2,22,2,0,0.03389830508474576,0.9661016949152542,24,3,159.73333333332567,0.19869801384916078,1,0,1,7,3,47,7,3,57,0,0,0,0,0,6,9,2,0
difficulty-hard,20260712,1,0.12,0.45,0.2,0.18,3,30,9,602,2255472058,1192648980,true,false,808.2999999999222,826.2999999999222,9,7,6,180,13,4,3,0,28,21,7,0,7,0,0.25,0.75,9,1.125,159.73333333332567,0.1976163965524447,1,1,0,3,3,17,3,3,20,3,3,20,158.23333333318942,0.195760649923549,5,11,2,0
difficulty-hard,20260712,1,0.12,0.45,0.2,0.18,3,30,9,603,4142195370,3563520087,false,false,793.2666666666025,811.2666666666025,9,7,6,179,23,6,3,11,43,43,0,11,0,0,0,1,21,2.625,159.73333333332567,0.20136145894613655,1,0,1,6,3,36,6,3,43,0,0,0,0,0,7,14,1,0
difficulty-hard,20260712,1,0.12,0.45,0.2,0.18,3,30,9,604,1525498570,2674859190,false,false,838.6333333332279,856.6333333332279,9,7,6,179,26,7,3,10,54,45,9,10,9,0,0.16666666666666666,0.8333333333333334,21,2.625,159.73333333332567,0.19046861957948935,1,0,1,6,3,38,7,3,44,0,0,0,0,0,6,11,3,0
difficulty-hard,20260712,1,0.12,0.45,0.2,0.18,3,30,9,605,2619493085,4291816589,false,false,808.9666666665883,823.9666666665883,9,6,5,179,22,6,3,4,40,36,4,4,4,0,0.1,0.9,20,2.5,159.73333333332567,0.19745354155507994,1,0,1,6,3,31,6,3,36,0,0,0,0,0,5,6,1,0
difficulty-hard,20260712,1,0.12,0.45,0.2,0.18,3,30,9,606,2867666935,1818640606,false,false,785.6999999999427,803.6999999999427,9,7,6,179,19,6,3,2,37,31,6,2,6,0,0.16216216216216217,0.8378378378378378,16,2,159.73333333332567,0.20330066607272154,1,0,1,5,3,25,6,3,31,0,0,0,0,0,3,6,3,0
difficulty-hard,20260712,1,0.12,0.45,0.2,0.18,3,30,9,607,983512767,4289165776,false,false,802.999999999927,817.999999999927,9,6,5,179,17,5,3,0,32,26,6,0,6,0,0.1875,0.8125,15,1.875,159.73333333332567,0.19892071398921568,1,0,1,4,3,22,5,3,26,0,0,0,0,0,5,11,2,0
difficulty-hard,20260712,1,0.12,0.45,0.2,0.18,3,30,9,608,155975007,1989030154,false,false,794.1666666666017,809.1666666666017,9,6,5,179,15,4,3,0,28,25,3,0,3,0,0.10714285714285714,0.8928571428571429,10,1.25,159.73333333332567,0.20113326337881057,1,0,1,3,3,19,4,3,24,0,0,0,0,0,5,14,2,0
difficulty-hard,20260712,1,0.12,0.45,0.2,0.18,3,30,9,609,1367066905,2310231673,false,false,807.5666666665895,822.5666666665895,9,6,5,179,17,5,3,1,33,26,7,1,7,0,0.21212121212121213,0.7878787878787878,12,1.5,159.73333333332567,0.19779584760805002,1,0,1,3,3,21,5,3,26,0,0,0,0,0,6,13,2,0
difficulty-hard,20260712,1,0.12,0.45,0.2,0.18,3,30,9,610,2176149027,1782127648,false,false,805.4666666665914,823.4666666665914,9,7,6,179,20,6,3,2,32,30,2,2,2,0,0.0625,0.9375,16,2,159.73333333332567,0.19831153782487246,1,0,1,5,3,24,5,3,27,0,0,0,0,0,6,11,2,0
difficulty-hard,20260712,1,0.12,0.45,0.2,0.18,3,30,9,611,2932886886,577831135,true,false,806.9333333332568,824.9333333332568,9,7,6,180,19,6,3,3,36,31,5,3,5,0,0.1388888888888889,0.8611111111111112,14,1.75,159.73333333332567,0.19795109054858828,1,1,0,4,3,24,6,3,30,6,3,30,145.46666666653437,0.1802709847982669,6,11,1,0
difficulty-hard,20260712,1,0.12,0.45,0.2,0.18,3,30,9,612,2697162240,604094824,false,false,799.2666666665971,817.2666666665971,9,7,6,179,21,6,3,13,45,42,3,13,3,0,0.06666666666666667,0.9333333333333333,19,2.375,159.73333333332567,0.1998498623738505,1,0,1,5,3,35,6,3,42,0,0,0,0,0,6,10,2,0
difficulty-hard,20260712,1,0.12,0.45,0.2,0.18,3,30,9,613,2885490434,642876856,false,false,801.6666666665949,819.6666666665949,9,7,6,179,27,8,3,10,48,47,1,10,1,0,0.020833333333333332,0.9791666666666666,21,2.625,159.73333333332567,0.19925155925156754,1,0,1,6,3,34,8,3,46,0,0,0,0,0,6,10,2,0
difficulty-hard,20260712,1,0.12,0.45,0.2,0.18,3,30,9,614,367278966,928467374,false,false,746.6666666666449,764.6666666666449,9,7,6,179,18,6,3,2,30,29,1,2,1,0,0.03333333333333333,0.9666666666666667,14,1.75,159.73333333332567,0.21392857142856742,1,0,1,4,3,25,5,3,27,0,0,0,0,0,6,11,1,0
difficulty-hard,20260712,1,0.12,0.45,0.2,0.18,3,30,9,615,857375877,1161009172,false,false,766.3999999999603,784.3999999999603,9,7,6,179,25,8,3,6,46,39,7,6,7,0,0.15217391304347827,0.8478260869565217,20,2.5,159.73333333332567,0.20842032011134387,1,0,1,6,3,31,7,3,37,0,0,0,0,0,6,10,2,0
difficulty-hard,20260712,1,0.12,0.45,0.2,0.18,3,30,9,616,3765603316,705851296,false,false,810.8999999999198,825.8999999999198,9,6,5,179,12,3,3,0,26,20,6,0,6,0,0.23076923076923078,0.7692307692307693,9,1.125,159.73333333332567,0.19698277633905717,1,0,1,2,2,16,3,3,20,0,0,0,0,0,6,10,2,0
difficulty-hard,20260712,1,0.12,0.45,0.2,0.18,3,30,9,617,3153277466,2624373143,false,false,728.7666666666612,743.7666666666612,9,6,5,179,22,6,3,9,43,40,3,9,3,0,0.06976744186046512,0.9302325581395349,18,2.25,159.73333333332567,0.21918309472624098,1,0,1,5,3,28,6,3,37,0,0,0,0,0,3,4,2,0
difficulty-hard,20260712,1,0.12,0.45,0.2,0.18,3,30,9,618,4143998664,3481277862,false,false,812.9666666665846,830.9666666665846,9,7,6,179,24,7,3,7,45,40,5,7,5,0,0.1111111111111111,0.8888888888888888,20,2.5,159.73333333332567,0.19648202058306014,1,0,1,6,3,32,7,3,39,0,0,0,0,0,6,10,3,0
difficulty-hard,20260712,1,0.12,0.45,0.2,0.18,3,30,9,619,3591649111,2489232336,false,false,750.199999999975,768.199999999975,9,7,6,179,21,6,3,3,37,34,3,3,3,0,0.08108108108108109,0.918918918918919,15,1.875,159.73333333332567,0.21292099884474938,1,0,1,4,3,24,6,3,32,0,0,0,0,0,9,5,2,0
difficulty-hard,20260712,1,0.12,0.45,0.2,0.18,3,30,9,620,3924075153,3972673737,false,false,782.1999999999459,800.1999999999459,9,7,6,179,23,6,3,11,49,44,5,11,5,0,0.10204081632653061,0.8979591836734694,16,2,159.73333333332567,0.204210346884859,1,0,1,4,3,29,6,3,43,0,0,0,0,0,5,10,4,0
difficulty-hard,20260712,1,0.12,0.45,0.2,0.18,3,30,9,621,3818683380,3646047764,false,false,802.5999999999274,820.5999999999274,9,7,6,179,27,9,3,4,44,40,4,4,4,0,0.09090909090909091,0.9090909090909091,22,2.75,159.73333333332567,0.19901985214719678,1,0,1,7,3,34,9,3,40,0,0,0,0,0,6,8,2,0
difficulty-hard,20260712,1,0.12,0.45,0.2,0.18,3,30,9,622,2048295797,3823939897,false,false,808.4333333332554,823.4333333332554,9,6,5,179,20,6,3,3,40,33,7,3,7,0,0.175,0.825,17,2.125,159.73333333332567,0.197583804065486,1,0,1,5,3,27,6,3,32,0,0,0,0,0,6,7,2,0
difficulty-hard,20260712,1,0.12,0.45,0.2,0.18,3,30,9,623,3289248566,2356255835,false,false,749.1666666666426,764.1666666666426,9,6,5,179,17,5,3,0,29,26,3,0,3,0,0.10344827586206896,0.896551724137931,15,1.875,159.73333333332567,0.21321468298108673,1,0,1,5,3,22,5,3,25,0,0,0,0,0,6,10,2,0
difficulty-hard,20260712,1,0.12,0.45,0.2,0.18,3,30,9,624,3756003080,3583300563,false,false,726.5999999999965,741.5999999999965,9,6,5,179,17,5,3,0,34,26,8,0,8,0,0.23529411764705882,0.7647058823529411,15,1.875,159.73333333332567,0.21983668226441844,1,0,1,4,3,23,5,3,26,0,0,0,0,0,2,7,2,0
difficulty-hard,20260712,1,0.12,0.45,0.2,0.18,3,30,9,625,3617442304,4097987268,false,false,742.3333333333155,760.3333333333155,9,7,6,179,27,8,3,7,52,43,9,7,9,0,0.17307692307692307,0.8269230769230769,22,2.75,159.73333333332567,0.21517736865738146,1,0,1,6,3,35,8,3,42,0,0,0,0,0,8,5,4,0
difficulty-hard,20260712,1,0.12,0.45,0.2,0.18,3,30,9,626,2758374678,4167152314,false,false,806.9333333332568,824.9333333332568,9,7,6,179,15,4,3,0,27,24,3,0,3,0,0.1111111111111111,0.8888888888888888,10,1.25,159.73333333332567,0.19795109054858828,1,0,1,3,2,18,4,3,24,0,0,0,0,0,3,6,1,0
difficulty-hard,20260712,1,0.12,0.45,0.2,0.18,3,30,9,627,2265864314,3666899396,false,false,805.5666666665913,823.5666666665913,9,7,6,179,16,5,3,0,27,24,3,0,3,0,0.1111111111111111,0.8888888888888888,14,1.75,159.73333333332567,0.19828692018042035,1,0,1,4,3,20,5,3,24,0,0,0,0,0,6,14,2,0
difficulty-hard,20260712,1,0.12,0.45,0.2,0.18,3,30,9,628,1779452552,3379039411,false,false,790.2666666666053,805.2666666666053,9,6,5,179,25,7,2,14,51,49,2,14,2,0,0.0392156862745098,0.9607843137254902,21,2.625,159.73333333332567,0.2021258646870315,1,0,1,6,2,42,7,2,49,0,0,0,0,0,5,4,2,0
difficulty-hard,20260712,1,0.12,0.45,0.2,0.18,3,30,9,629,3023197768,2782875979,false,false,746.2999999999786,761.2999999999786,9,6,5,179,19,5,3,5,43,34,9,5,9,0,0.20930232558139536,0.7906976744186046,18,2.25,159.73333333332567,0.21403367725221795,1,0,1,5,3,28,5,3,34,0,0,0,0,0,6,5,3,0
difficulty-hard,20260712,1,0.12,0.45,0.2,0.18,3,30,9,630,2073975036,1899195470,false,false,806.4666666665905,824.4666666665905,9,7,6,179,24,7,3,8,47,42,5,8,5,0,0.10638297872340426,0.8936170212765957,21,2.625,159.73333333332567,0.19806563610813518,1,0,1,6,3,33,7,3,40,0,0,0,0,0,5,6,3,0
difficulty-hard,20260712,1,0.12,0.45,0.2,0.18,3,30,9,631,3652397785,2927570378,false,false,787.9999999999407,805.9999999999407,9,7,6,179,21,6,3,4,36,33,3,4,3,0,0.08333333333333333,0.9166666666666666,16,2,159.73333333332567,0.20270727580372805,1,0,1,4,3,26,6,3,33,0,0,0,0,0,3,5,2,0
difficulty-hard,20260712,1,0.12,0.45,0.2,0.18,3,30,9,632,1375985367,2442283987,false,false,743.3666666666479,758.3666666666479,9,6,5,179,21,6,3,3,38,33,5,3,5,0,0.13157894736842105,0.868421052631579,17,2.125,159.73333333332567,0.2148782565804175,1,0,1,5,3,26,6,3,32,0,0,0,0,0,6,5,2,0
difficulty-hard,20260712,1,0.12,0.45,0.2,0.18,3,30,9,633,1547203856,236484741,false,false,801.3999999999285,819.3999999999285,9,7,6,179,24,7,3,6,44,40,4,6,4,0,0.09090909090909091,0.9090909090909091,22,2.75,159.73333333332567,0.19931786041095576,1,0,1,7,3,34,7,3,39,0,0,0,0,0,5,10,2,0
difficulty-hard,20260712,1,0.12,0.45,0.2,0.18,3,30,9,634,362732310,1213913080,false,false,782.533333333279,797.533333333279,9,6,5,179,18,5,3,0,31,26,5,0,5,0,0.16129032258064516,0.8387096774193549,17,2.125,159.73333333332567,0.20412336002726628,1,0,1,5,3,25,5,3,26,0,0,0,0,0,6,11,1,0
difficulty-hard,20260712,1,0.12,0.45,0.2,0.18,3,30,9,635,3429313339,3904234583,false,false,798.8999999999307,816.8999999999307,9,7,6,179,18,5,2,3,33,29,4,3,4,0,0.12121212121212122,0.8787878787878788,15,1.875,159.73333333332567,0.19994158634790277,1,0,1,4,2,24,4,2,27,0,0,0,0,0,6,11,2,0
difficulty-hard,20260712,1,0.12,0.45,0.2,0.18,3,30,9,636,1306257152,2672874830,false,false,803.4666666665933,821.4666666665933,9,7,6,179,16,4,3,0,30,26,4,0,4,0,0.13333333333333333,0.8666666666666667,16,2,159.73333333332567,0.19880517756389846,1,0,1,4,3,25,4,3,26,0,0,0,0,0,3,5,2,0
difficulty-hard,20260712,1,0.12,0.45,0.2,0.18,3,30,9,637,1988667680,3122737113,false,false,804.3333333332591,822.3333333332591,9,7,6,179,22,6,3,11,47,43,4,11,4,0,0.0851063829787234,0.9148936170212766,22,2.75,159.73333333332567,0.19859096560299264,1,0,1,6,3,37,6,3,42,0,0,0,0,0,8,5,2,0
difficulty-hard,20260712,1,0.12,0.45,0.2,0.18,3,30,9,638,1138004446,3535771489,false,false,804.2999999999258,822.2999999999258,9,7,6,179,13,3,2,1,30,24,6,1,6,0,0.2,0.8,12,1.5,159.73333333332567,0.19859919598823872,1,0,1,3,2,21,3,2,22,0,0,0,0,0,8,7,2,0
difficulty-hard,20260712,1,0.12,0.45,0.2,0.18,3,30,9,639,841132105,1364585193,false,false,780.5999999999474,798.5999999999474,9,7,6,179,28,9,3,15,59,51,8,15,8,0,0.13559322033898305,0.864406779661017,22,2.75,159.73333333332567,0.2046289179263854,1,0,1,7,3,36,9,3,51,0,0,0,0,0,5,5,4,0
difficulty-hard,20260712,1,0.12,0.45,0.2,0.18,3,30,9,640,1608804510,580400617,false,false,789.0999999999397,807.0999999999397,9,7,6,179,17,5,3,2,30,28,2,2,2,0,0.06666666666666667,0.9333333333333333,15,1.875,159.73333333332567,0.20242470324843226,1,0,1,4,3,25,5,3,28,0,0,0,0,0,5,11,2,0
difficulty-hard,20260712,1,0.12,0.45,0.2,0.18,3,30,9,641,755959675,1024107300,false,false,813.0666666665845,831.0666666665845,9,7,6,179,17,5,3,2,35,29,6,2,6,0,0.17142857142857143,0.8285714285714286,16,2,159.73333333332567,0.19645785503444796,1,0,1,5,3,23,5,3,29,0,0,0,0,0,6,5,3,0
difficulty-hard,20260712,1,0.12,0.45,0.2,0.18,3,30,9,642,2553612874,1785521572,false,false,773.633333333287,791.633333333287,9,7,6,179,22,6,3,6,44,37,7,6,7,0,0.1590909090909091,0.8409090909090909,15,1.875,159.73333333332567,0.20647162738593033,1,0,1,4,3,26,5,3,33,0,0,0,0,0,7,10,2,0
difficulty-hard,20260712,1,0.12,0.45,0.2,0.18,3,30,9,643,1769472732,4136637795,true,false,809.7333333332542,824.7333333332542,9,6,5,180,15,5,3,0,28,24,4,0,4,0,0.14285714285714285,0.8571428571428571,11,1.375,159.73333333332567,0.19726658982382012,1,1,0,3,2,20,4,3,23,4,3,23,147.89999999986549,0.18265272517686473,5,11,2,0
difficulty-hard,20260712,1,0.12,0.45,0.2,0.18,3,30,9,644,942949003,2476174164,false,false,800.8333333332623,818.8333333332623,9,7,6,179,24,7,3,9,46,43,3,9,3,0,0.06521739130434782,0.9347826086956522,18,2.25,159.73333333332567,0.19945889698231822,1,0,1,5,3,35,7,3,43,0,0,0,0,0,6,11,2,0
difficulty-hard,20260712,1,0.12,0.45,0.2,0.18,3,30,9,645,823661900,2375260024,false,false,755.1666666666372,770.1666666666372,9,6,5,179,18,5,3,3,35,31,4,3,4,0,0.11428571428571428,0.8857142857142857,15,1.875,159.73333333332567,0.21152063562127377,1,0,1,4,3,25,5,3,30,0,0,0,0,0,5,11,2,0
difficulty-hard,20260712,1,0.12,0.45,0.2,0.18,3,30,9,646,1297826274,877607524,false,false,808.0999999999224,823.0999999999224,9,6,5,179,17,5,3,2,31,29,2,2,2,0,0.06451612903225806,0.9354838709677419,16,2,159.73333333332567,0.1976653054490051,1,0,1,5,3,27,5,3,29,0,0,0,0,0,6,11,1,0
difficulty-hard,20260712,1,0.12,0.45,0.2,0.18,3,30,9,647,836881381,1391609628,false,false,792.43333333327,810.43333333327,9,7,6,179,17,5,2,4,38,31,7,4,7,0,0.18421052631578946,0.8157894736842105,12,1.5,159.73333333332567,0.2015732133092228,1,0,1,3,2,20,5,2,30,0,0,0,0,0,5,5,2,0
difficulty-hard,20260712,1,0.12,0.45,0.2,0.18,3,30,9,648,111562777,1457154861,false,false,782.9333333332786,800.9333333332786,9,7,6,179,12,3,2,1,24,23,1,1,1,0,0.041666666666666664,0.9583333333333334,12,1.5,159.73333333332567,0.20401907356948676,1,0,1,3,2,20,3,2,22,0,0,0,0,0,6,9,1,0
difficulty-hard,20260712,1,0.12,0.45,0.2,0.18,3,30,9,649,3190195160,636946522,false,false,794.0999999999351,812.0999999999351,9,7,6,179,16,5,3,0,31,25,6,0,6,0,0.1935483870967742,0.8064516129032258,14,1.75,159.73333333332567,0.20115014901566394,1,0,1,4,3,22,5,3,25,0,0,0,0,0,3,7,2,0
difficulty-hard,20260712,1,0.12,0.45,0.2,0.18,3,30,9,650,4237863102,2388582766,false,false,802.6333333332607,820.6333333332607,9,7,6,179,17,5,2,2,33,28,5,2,5,0,0.15151515151515152,0.8484848484848485,15,1.875,159.73333333332567,0.1990115868599279,1,0,1,4,2,25,5,2,28,0,0,0,0,0,8,8,2,0
difficulty-hard,20260712,1,0.12,0.45,0.2,0.18,3,30,9,651,3169184037,4292022769,true,false,788.2999999999404,806.2999999999404,9,7,6,180,18,6,3,3,34,29,5,3,5,0,0.14705882352941177,0.8529411764705882,14,1.75,159.73333333332567,0.20263013235232494,1,1,0,4,3,23,4,3,26,4,3,27,128.73333333321625,0.16330500232554357,5,12,2,0
difficulty-hard,20260712,1,0.12,0.45,0.2,0.18,3,30,9,652,241884356,2159791804,false,false,796.9333333332659,814.9333333332659,9,7,6,179,23,7,3,4,38,35,3,4,3,0,0.07894736842105263,0.9210526315789473,20,2.5,159.73333333332567,0.20043500083654742,1,0,1,6,3,29,7,3,35,0,0,0,0,0,5,7,2,0
difficulty-hard,20260712,1,0.12,0.45,0.2,0.18,3,30,9,653,3227218033,1736764771,false,false,746.1999999999787,764.1999999999787,9,7,6,179,25,7,3,7,45,42,3,7,3,0,0.06666666666666667,0.9333333333333333,22,2.75,159.73333333332567,0.21406236040381968,1,0,1,6,3,36,7,3,42,0,0,0,0,0,7,8,2,0
difficulty-hard,20260712,1,0.12,0.45,0.2,0.18,3,30,9,654,781319029,3423851881,false,false,753.7999999999718,771.7999999999718,9,7,6,179,18,5,3,2,31,30,1,2,1,0,0.03225806451612903,0.967741935483871,13,1.625,159.73333333332567,0.21190413018483903,1,0,1,3,2,22,5,3,29,0,0,0,0,0,6,9,1,0
difficulty-hard,20260712,1,0.12,0.45,0.2,0.18,3,30,9,655,181361444,1843279549,false,false,753.5999999999719,768.5999999999719,9,6,5,179,18,5,3,4,36,31,5,4,5,0,0.1388888888888889,0.8611111111111112,14,1.75,159.73333333332567,0.21196036801132115,1,0,1,4,3,25,5,3,30,0,0,0,0,0,3,4,3,0
difficulty-hard,20260712,1,0.12,0.45,0.2,0.18,3,30,9,656,64837324,2081120623,false,false,782.5666666666123,800.5666666666123,9,7,6,179,24,7,3,13,57,47,10,13,10,0,0.17543859649122806,0.8245614035087719,23,2.875,159.73333333332567,0.20411466541722126,1,0,1,7,3,40,7,3,45,0,0,0,0,0,6,12,2,0
difficulty-hard,20260712,1,0.12,0.45,0.2,0.18,3,30,9,657,4187752163,3612727112,false,false,811.466666666586,829.466666666586,9,7,6,179,18,5,3,5,38,33,5,5,5,0,0.13157894736842105,0.868421052631579,15,1.875,159.73333333332567,0.19684521853435125,1,0,1,5,3,22,5,3,32,0,0,0,0,0,7,8,2,0
difficulty-hard,20260712,1,0.12,0.45,0.2,0.18,3,30,9,658,3855698334,4294347294,true,false,802.4333333332609,820.4333333332609,9,7,6,180,12,3,2,0,25,21,4,0,4,0,0.16,0.84,8,1,159.73333333332567,0.19906118888382018,1,1,0,2,1,16,3,2,19,3,2,20,153.23333333319397,0.1909608274829159,5,10,2,0
difficulty-hard,20260712,1,0.12,0.45,0.2,0.18,3,30,9,659,510286630,1780650605,false,false,828.0333333332376,846.0333333332376,9,7,6,179,18,5,3,4,41,32,9,4,9,0,0.21951219512195122,0.7804878048780488,14,1.75,159.73333333332567,0.19290688780646206,1,0,1,4,2,22,5,3,31,0,0,0,0,0,7,8,2,0
difficulty-hard,20260712,1,0.12,0.45,0.2,0.18,3,30,9,660,2725391036,2447484719,false,false,773.4333333332872,791.4333333332872,9,7,6,179,18,5,3,3,37,31,6,3,6,0,0.16216216216216217,0.8378378378378378,14,1.75,159.73333333332567,0.2065250183165994,1,0,1,4,3,22,5,3,29,0,0,0,0,0,6,11,2,0
difficulty-hard,20260712,1,0.12,0.45,0.2,0.18,3,30,9,661,1635373822,3889945216,false,false,798.8999999999307,816.8999999999307,9,7,6,179,10,2,2,0,21,17,4,0,4,0,0.19047619047619047,0.8095238095238095,9,1.125,159.73333333332567,0.19994158634790277,1,0,1,2,2,16,2,2,17,0,0,0,0,0,3,5,3,0
difficulty-hard,20260712,1,0.12,0.45,0.2,0.18,3,30,9,662,1104958439,3470255740,false,false,818.9666666665792,836.9666666665792,9,7,6,179,25,7,3,8,46,43,3,8,3,0,0.06521739130434782,0.9347826086956522,24,3,159.73333333332567,0.195042533273649,1,0,1,7,3,37,7,3,42,0,0,0,0,0,7,14,2,0
difficulty-hard,20260712,1,0.12,0.45,0.2,0.18,3,30,9,663,3520498753,370143761,false,false,810.8666666665865,825.8666666665865,9,6,5,179,20,6,3,1,36,30,6,1,6,0,0.16666666666666666,0.8333333333333334,18,2.25,159.73333333332567,0.19699087396202597,1,0,1,6,3,26,6,3,28,0,0,0,0,0,7,7,3,0
difficulty-hard,20260712,1,0.12,0.45,0.2,0.18,3,30,9,664,1276596334,4242158632,false,false,812.7666666665848,830.7666666665848,9,7,6,179,16,4,3,9,40,35,5,9,5,0,0.125,0.875,14,1.75,159.73333333332567,0.19653036951975775,1,0,1,4,3,26,4,3,35,0,0,0,0,0,6,8,2,0
difficulty-hard,20260712,1,0.12,0.45,0.2,0.18,3,30,9,665,3979609670,2774045493,false,false,775.3666666666188,793.3666666666188,9,7,6,179,20,6,3,9,43,37,6,9,6,0,0.13953488372093023,0.8604651162790697,15,1.875,159.73333333332567,0.2060100597566771,1,0,1,4,3,28,5,3,36,0,0,0,0,0,6,9,2,0
difficulty-hard,20260712,1,0.12,0.45,0.2,0.18,3,30,9,666,817132538,1833245798,false,false,754.4333333333045,769.4333333333045,9,6,5,179,18,5,3,12,46,39,7,12,7,0,0.15217391304347827,0.8478260869565217,16,2,159.73333333332567,0.2117262404453653,1,0,1,4,3,32,5,3,38,0,0,0,0,0,6,5,2,0
difficulty-hard,20260712,1,0.12,0.45,0.2,0.18,3,30,9,667,3360159985,906592706,false,false,794.7666666666012,812.7666666666012,9,7,6,179,21,6,3,5,39,35,4,5,4,0,0.10256410256410256,0.8974358974358975,18,2.25,159.73333333332567,0.20098142012331355,1,0,1,5,3,30,6,3,35,0,0,0,0,0,3,4,2,0
difficulty-hard,20260712,1,0.12,0.45,0.2,0.18,3,30,9,668,1413863374,1347673873,false,false,810.366666666587,828.366666666587,9,7,6,179,23,7,3,5,46,37,9,5,9,0,0.1956521739130435,0.8043478260869565,15,1.875,159.73333333332567,0.19711241824689407,1,0,1,4,3,27,7,3,37,0,0,0,0,0,6,5,2,0
difficulty-hard,20260712,1,0.12,0.45,0.2,0.18,3,30,9,669,1042019324,3794812829,false,false,745.1999999999796,763.1999999999796,9,7,6,179,11,3,1,0,23,19,4,0,4,0,0.17391304347826086,0.8260869565217391,7,0.875,159.73333333332567,0.2143496153157945,1,0,1,1,1,13,2,1,18,0,0,0,0,0,4,4,2,0
difficulty-hard,20260712,1,0.12,0.45,0.2,0.18,3,30,9,670,4185331876,2332283677,false,false,748.9333333333095,766.9333333333095,9,7,6,179,22,6,3,5,41,37,4,5,4,0,0.0975609756097561,0.9024390243902439,14,1.75,159.73333333332567,0.21328111091329546,1,0,1,4,3,24,6,3,35,0,0,0,0,0,6,6,3,0
difficulty-hard,20260712,1,0.12,0.45,0.2,0.18,3,30,9,671,167348053,2569327882,false,false,807.8666666665893,822.8666666665893,9,6,5,179,16,4,3,1,29,26,3,1,3,0,0.10344827586206896,0.896551724137931,11,1.375,159.73333333332567,0.19772239643506476,1,0,1,3,3,18,4,3,26,0,0,0,0,0,5,11,2,0
difficulty-hard,20260712,1,0.12,0.45,0.2,0.18,3,30,9,672,3440328279,1018940332,false,false,807.1666666665899,822.1666666665899,9,6,5,179,17,5,2,4,33,30,3,4,3,0,0.09090909090909091,0.9090909090909091,14,1.75,159.73333333332567,0.19789386743754805,1,0,1,4,2,24,5,2,30,0,0,0,0,0,5,10,2,0
difficulty-hard,20260712,1,0.12,0.45,0.2,0.18,3,30,9,673,944505794,2211348382,false,false,790.566666666605,808.566666666605,9,7,6,179,17,5,3,1,31,28,3,1,3,0,0.0967741935483871,0.9032258064516129,14,1.75,159.73333333332567,0.20204916304760906,1,0,1,4,3,23,5,3,27,0,0,0,0,0,8,5,2,0
difficulty-hard,20260712,1,0.12,0.45,0.2,0.18,3,30,9,674,564354101,2345791749,false,false,811.5999999999192,829.5999999999192,9,7,6,179,13,4,3,0,24,21,3,0,3,0,0.125,0.875,11,1.375,159.73333333332567,0.19681287990801083,1,0,1,3,3,18,4,3,21,0,0,0,0,0,6,8,2,0
difficulty-hard,20260712,1,0.12,0.45,0.2,0.18,3,30,9,675,1631060221,1083727272,false,false,803.6333333332598,821.6333333332598,9,7,6,179,24,8,3,6,43,38,5,6,5,0,0.11627906976744186,0.8837209302325582,17,2.125,159.73333333332567,0.19876394707371559,1,0,1,5,3,27,8,3,36,0,0,0,0,0,7,5,2,0
difficulty-hard,20260712,1,0.12,0.45,0.2,0.18,3,30,9,676,813186321,715676576,false,false,792.766666666603,807.766666666603,9,6,5,179,18,5,3,3,33,31,2,3,2,0,0.06060606060606061,0.9393939393939394,15,1.875,159.73333333332567,0.20148845814237712,1,0,1,4,3,25,5,3,30,0,0,0,0,0,5,11,1,0
difficulty-hard,20260712,1,0.12,0.45,0.2,0.18,3,30,9,677,1425514635,2896623903,false,false,785.06666666661,800.06666666661,9,6,5,179,18,5,2,3,32,31,1,3,1,0,0.03125,0.96875,18,2.25,159.73333333332567,0.2034646739130484,1,0,1,5,2,27,5,2,31,0,0,0,0,0,6,10,2,0
difficulty-hard,20260712,1,0.12,0.45,0.2,0.18,3,30,9,678,2538918723,2034560579,false,false,778.9333333332822,796.9333333332822,9,7,6,179,27,8,3,8,51,44,7,8,7,0,0.13725490196078433,0.8627450980392157,22,2.75,159.73333333332567,0.2050667579596065,1,0,1,7,3,37,8,3,43,0,0,0,0,0,3,7,3,0
difficulty-hard,20260712,1,0.12,0.45,0.2,0.18,3,30,9,679,4182018455,1399800014,false,false,760.2333333332992,778.2333333332992,9,7,6,179,17,5,3,1,30,27,3,1,3,0,0.1,0.9,16,2,159.73333333332567,0.21011093085456153,1,0,1,5,3,25,5,3,27,0,0,0,0,0,4,8,2,0
difficulty-hard,20260712,1,0.12,0.45,0.2,0.18,3,30,9,680,2420817809,697640087,false,false,775.933333333285,790.933333333285,9,6,5,179,15,4,3,5,32,30,2,5,2,0,0.0625,0.9375,13,1.625,159.73333333332567,0.2058596099321277,1,0,1,3,3,22,4,3,30,0,0,0,0,0,3,4,2,0
difficulty-hard,20260712,1,0.12,0.45,0.2,0.18,3,30,9,681,2301675713,4074376959,false,false,811.3666666665861,829.3666666665861,9,7,6,179,15,5,3,1,25,24,1,1,1,0,0.04,0.96,11,1.375,159.73333333332567,0.19686947947907835,1,0,1,3,2,20,5,3,23,0,0,0,0,0,6,12,2,0
difficulty-hard,20260712,1,0.12,0.45,0.2,0.18,3,30,9,682,2006871289,1717008295,false,false,807.3333333332564,825.3333333332564,9,7,6,179,21,6,3,10,43,39,4,10,4,0,0.09302325581395349,0.9069767441860465,17,2.125,159.73333333332567,0.1978530140379945,1,0,1,4,3,32,6,3,39,0,0,0,0,0,7,11,2,0
difficulty-hard,20260712,1,0.12,0.45,0.2,0.18,3,30,9,683,1086214606,381463884,false,false,805.4666666665914,823.4666666665914,9,7,6,179,25,7,3,18,63,52,11,18,11,0,0.1746031746031746,0.8253968253968254,21,2.625,159.73333333332567,0.19831153782487246,1,0,1,6,3,41,6,3,48,0,0,0,0,0,6,8,2,0
difficulty-hard,20260712,1,0.12,0.45,0.2,0.18,3,30,9,684,202632768,1848300030,false,false,742.3666666666488,757.3666666666488,9,6,5,179,20,6,2,9,42,37,5,9,5,0,0.11904761904761904,0.8809523809523809,17,2.125,159.73333333332567,0.21516770688338582,1,0,1,5,2,31,6,2,37,0,0,0,0,0,6,7,2,0
difficulty-hard,20260712,1,0.12,0.45,0.2,0.18,3,30,9,685,349546900,4120178960,false,false,759.1999999999668,777.1999999999668,9,7,6,179,23,7,3,11,49,44,5,11,5,0,0.10204081632653061,0.8979591836734694,20,2.5,159.73333333332567,0.2103969090270451,1,0,1,6,3,38,7,3,44,0,0,0,0,0,5,5,2,0
difficulty-hard,20260712,1,0.12,0.45,0.2,0.18,3,30,9,686,1258864475,1907216606,false,false,786.7666666666084,804.7666666666084,9,7,6,179,24,7,3,6,46,39,7,6,7,0,0.15217391304347827,0.8478260869565217,18,2.25,159.73333333332567,0.20302503918993878,1,0,1,5,3,30,7,3,38,0,0,0,0,0,4,4,2,0
difficulty-hard,20260712,1,0.12,0.45,0.2,0.18,3,30,9,687,3919233681,2494321887,false,false,792.0999999999369,810.0999999999369,9,7,6,179,25,8,3,9,42,42,0,9,0,0,0,1,19,2.375,159.73333333332567,0.20165803980979471,1,0,1,6,3,33,7,3,41,0,0,0,0,0,6,5,1,0
difficulty-hard,20260712,1,0.12,0.45,0.2,0.18,3,30,9,688,2960599837,141915056,false,false,797.2333333332656,812.2333333332656,9,6,5,179,15,4,3,0,25,24,1,0,1,0,0.04,0.96,15,1.875,159.73333333332567,0.2003595768700162,1,0,1,4,3,23,4,3,24,0,0,0,0,0,6,10,2,0
difficulty-hard,20260712,1,0.12,0.45,0.2,0.18,3,30,9,689,3848533342,1309648613,false,false,765.1666666666281,780.1666666666281,9,6,5,179,17,5,3,0,26,24,2,0,2,0,0.07692307692307693,0.9230769230769231,12,1.5,159.73333333332567,0.20875626225223315,1,0,1,3,3,20,5,3,24,0,0,0,0,0,7,8,1,0
difficulty-hard,20260712,1,0.12,0.45,0.2,0.18,3,30,9,690,1768729117,853147408,false,false,814.33333333325,832.33333333325,9,7,6,179,11,2,2,1,23,21,2,1,2,0,0.08695652173913043,0.9130434782608695,8,1,159.73333333332567,0.1961522717969816,1,0,1,2,2,17,2,2,21,0,0,0,0,0,6,11,1,0
difficulty-hard,20260712,1,0.12,0.45,0.2,0.18,3,30,9,691,1640149033,121826701,false,false,780.333333333281,798.333333333281,9,7,6,179,18,5,3,3,34,29,5,3,5,0,0.14705882352941177,0.8529411764705882,14,1.75,159.73333333332567,0.2046988466467361,1,0,1,4,3,23,4,3,26,0,0,0,0,0,8,5,2,0
difficulty-hard,20260712,1,0.12,0.45,0.2,0.18,3,30,9,692,3752818750,1007779581,false,false,778.0666666666164,796.0666666666164,9,7,6,179,21,6,3,6,42,36,6,6,6,0,0.14285714285714285,0.8571428571428571,19,2.375,159.73333333332567,0.20529517607746037,1,0,1,6,3,31,6,3,36,0,0,0,0,0,6,8,3,0
difficulty-hard,20260712,1,0.12,0.45,0.2,0.18,3,30,9,693,2731503198,2292956513,false,false,807.4666666665896,825.4666666665896,9,7,6,179,23,7,3,8,48,41,7,8,7,0,0.14583333333333334,0.8541666666666666,20,2.5,159.73333333332567,0.19782034346103977,1,0,1,6,3,34,7,3,41,0,0,0,0,0,5,5,2,0
difficulty-hard,20260712,1,0.12,0.45,0.2,0.18,3,30,9,694,991059121,891226421,false,false,807.4666666665896,822.4666666665896,9,6,5,179,24,7,3,8,49,42,7,8,7,0,0.14285714285714285,0.8571428571428571,23,2.875,159.73333333332567,0.19782034346103977,1,0,1,7,3,36,7,3,42,0,0,0,0,0,6,6,2,0
difficulty-hard,20260712,1,0.12,0.45,0.2,0.18,3,30,9,695,2861841845,164782294,false,false,755.5999999999701,773.5999999999701,9,7,6,179,25,7,3,12,53,47,6,12,6,0,0.11320754716981132,0.8867924528301887,21,2.625,159.73333333332567,0.21139932945120699,1,0,1,6,3,36,7,3,47,0,0,0,0,0,7,5,2,0
difficulty-hard,20260712,1,0.12,0.45,0.2,0.18,3,30,9,696,4052707316,1212565198,false,false,756.0666666666364,771.0666666666364,9,6,5,179,17,5,3,4,33,30,3,4,3,0,0.09090909090909091,0.9090909090909091,14,1.75,159.73333333332567,0.2112688475443066,1,0,1,4,3,23,5,3,29,0,0,0,0,0,7,9,2,0
difficulty-hard,20260712,1,0.12,0.45,0.2,0.18,3,30,9,697,595991987,4122430800,false,false,820.1333333332448,838.1333333332448,9,7,6,179,18,5,3,1,33,29,4,1,4,0,0.12121212121212122,0.8787878787878788,18,2.25,159.73333333332567,0.19476507884897934,1,0,1,5,3,28,5,3,29,0,0,0,0,0,5,8,1,0
difficulty-hard,20260712,1,0.12,0.45,0.2,0.18,3,30,9,698,1705235536,2653641326,false,false,813.8999999999171,831.8999999999171,9,7,6,179,22,7,3,4,36,34,2,4,2,0,0.05555555555555555,0.9444444444444444,17,2.125,159.73333333332567,0.19625670639309736,1,0,1,5,3,28,6,3,33,0,0,0,0,0,5,14,3,0
difficulty-hard,20260712,1,0.12,0.45,0.2,0.18,3,30,9,699,3814860407,3610048461,false,false,795.8333333332669,810.8333333332669,9,6,5,179,16,4,1,0,27,25,2,0,2,0,0.07407407407407407,0.9259259259259259,12,1.5,159.73333333332567,0.2007120418848239,1,0,1,3,1,19,4,1,25,0,0,0,0,0,5,5,1,0
difficulty-hard,20260712,1,0.12,0.45,0.2,0.18,3,30,9,700,1774391284,1518088402,false,false,801.3333333332619,816.3333333332619,9,6,5,179,22,6,3,16,55,48,7,16,7,0,0.12727272727272726,0.8727272727272727,20,2.5,159.73333333332567,0.1993344425956821,1,0,1,5,3,39,6,3,47,0,0,0,0,0,6,7,4,0
difficulty-hard,20260712,1,0.12,0.45,0.2,0.18,3,30,9,701,2900260584,3847725860,false,false,753.0999999999724,768.0999999999724,9,6,5,179,18,5,3,4,40,32,8,4,8,0,0.2,0.8,18,2.25,159.73333333332567,0.2121010932589716,1,0,1,5,3,29,5,3,31,0,0,0,0,0,5,5,2,0
difficulty-hard,20260712,1,0.12,0.45,0.2,0.18,3,30,9,702,107939827,392827864,false,false,807.833333333256,822.833333333256,9,6,5,179,15,4,2,2,31,27,4,2,4,0,0.12903225806451613,0.8709677419354839,14,1.75,159.73333333332567,0.19773055498247283,1,0,1,4,2,22,4,2,27,0,0,0,0,0,5,11,3,0
difficulty-hard,20260712,1,0.12,0.45,0.2,0.18,3,30,9,703,4114042539,639829053,false,false,793.099999999936,811.099999999936,9,7,6,179,22,6,3,2,40,34,6,2,6,0,0.15,0.85,19,2.375,159.73333333332567,0.2014037742193148,1,0,1,6,3,26,6,3,33,0,0,0,0,0,7,5,2,0
difficulty-hard,20260712,1,0.12,0.45,0.2,0.18,3,30,9,704,2780186965,510006271,false,false,799.2999999999304,817.2999999999304,9,7,6,179,24,7,3,9,49,43,6,9,6,0,0.12244897959183673,0.8775510204081632,21,2.625,159.73333333332567,0.19984152800367772,1,0,1,6,3,31,7,3,42,0,0,0,0,0,6,5,2,0
difficulty-hard,20260712,1,0.12,0.45,0.2,0.18,3,30,9,705,3410082497,4007072835,false,false,798.2999999999313,813.2999999999313,9,6,5,179,20,6,3,9,46,39,7,9,7,0,0.15217391304347827,0.8478260869565217,15,1.875,159.73333333332567,0.20009186187315472,1,0,1,4,3,30,6,3,38,0,0,0,0,0,3,4,2,0
difficulty-hard,20260712,1,0.12,0.45,0.2,0.18,3,30,9,706,1216110065,846495100,false,false,807.0999999999233,822.0999999999233,9,6,5,179,24,7,3,6,48,40,8,6,8,0,0.16666666666666666,0.8333333333333334,23,2.875,159.73333333332567,0.19791021352167124,1,0,1,7,3,35,7,3,40,0,0,0,0,0,7,8,2,0
difficulty-hard,20260712,1,0.12,0.45,0.2,0.18,3,30,9,707,1192966801,3294587746,false,false,817.7999999999136,832.7999999999136,9,6,5,179,23,7,3,6,46,39,7,6,7,0,0.15217391304347827,0.8478260869565217,20,2.5,159.73333333332567,0.19532077932666,1,0,1,6,3,30,7,3,38,0,0,0,0,0,8,8,2,0
difficulty-hard,20260712,1,0.12,0.45,0.2,0.18,3,30,9,708,2382129632,2781152697,false,false,815.5999999999156,833.5999999999156,9,7,6,179,17,5,3,1,31,28,3,1,3,0,0.0967741935483871,0.9032258064516129,11,1.375,159.73333333332567,0.19584763773092473,1,0,1,2,2,20,5,3,27,0,0,0,0,0,7,10,2,0
difficulty-hard,20260712,1,0.12,0.45,0.2,0.18,3,30,9,709,3784739712,2031165297,false,false,801.8333333332614,816.8333333332614,9,6,5,179,15,4,3,0,27,24,3,0,3,0,0.1111111111111111,0.8888888888888888,10,1.25,159.73333333332567,0.19921014342133445,1,0,1,3,3,18,4,3,24,0,0,0,0,0,5,8,1,0
difficulty-hard,20260712,1,0.12,0.45,0.2,0.18,3,30,9,710,3660834151,3275572095,false,false,762.1999999999641,780.1999999999641,9,7,6,179,23,7,3,4,40,36,4,4,4,0,0.1,0.9,20,2.5,159.73333333332567,0.20956879209306375,1,0,1,6,3,29,6,3,33,0,0,0,0,0,8,6,2,0
difficulty-hard,20260712,1,0.12,0.45,0.2,0.18,3,30,9,711,1874643723,1380493537,false,false,807.9666666665892,822.9666666665892,9,6,5,179,18,5,3,5,37,33,4,5,4,0,0.10810810810810811,0.8918918918918919,15,1.875,159.73333333332567,0.197697924831892,1,0,1,4,3,25,5,3,32,0,0,0,0,0,5,6,3,0
difficulty-hard,20260712,1,0.12,0.45,0.2,0.18,3,30,9,712,688534960,3148152272,false,false,796.3666666665997,814.3666666665997,9,7,6,179,21,7,3,3,36,33,3,3,3,0,0.08333333333333333,0.9166666666666666,17,2.125,159.73333333332567,0.20057762337282548,1,0,1,5,3,26,7,3,32,0,0,0,0,0,6,7,3,0
difficulty-hard,20260712,1,0.12,0.45,0.2,0.18,3,30,9,713,4157924518,3286684643,false,false,824.2666666665743,839.2666666665743,9,6,5,179,17,5,3,0,29,27,2,0,2,0,0.06896551724137931,0.9310344827586207,16,2,159.73333333332567,0.19378841798771865,1,0,1,5,3,24,5,3,26,0,0,0,0,0,5,10,1,0
difficulty-hard,20260712,1,0.12,0.45,0.2,0.18,3,30,9,714,3464541632,120299386,false,false,733.5999999999901,751.5999999999901,9,7,6,179,20,6,2,2,35,31,4,2,4,0,0.11428571428571428,0.8857142857142857,18,2.25,159.73333333332567,0.21773900399853846,1,0,1,5,2,28,5,2,29,0,0,0,0,0,9,4,2,0
difficulty-hard,20260712,1,0.12,0.45,0.2,0.18,3,30,9,715,1991960357,3339081139,false,false,819.6333333332452,834.6333333332452,9,6,5,179,16,4,2,6,41,32,9,6,9,0,0.21951219512195122,0.7804878048780488,12,1.5,159.73333333332567,0.19488389117086036,1,0,1,3,2,24,4,2,31,0,0,0,0,0,4,5,2,0
difficulty-hard,20260712,1,0.12,0.45,0.2,0.18,3,30,9,716,936182563,468170363,false,false,778.2999999999495,796.2999999999495,9,7,6,179,20,5,3,2,35,32,3,2,3,0,0.08571428571428572,0.9142857142857143,14,1.75,159.73333333332567,0.20523362884920474,1,0,1,4,3,21,5,3,32,0,0,0,0,0,3,5,3,0
difficulty-hard,20260712,1,0.12,0.45,0.2,0.18,3,30,9,717,180068136,3151235029,false,false,751.9999999999734,766.9999999999734,9,6,5,179,16,5,3,1,29,27,2,1,2,0,0.06896551724137931,0.9310344827586207,12,1.5,159.73333333332567,0.21241134751772783,1,0,1,3,2,19,5,3,27,0,0,0,0,0,5,8,2,0
difficulty-hard,20260712,1,0.12,0.45,0.2,0.18,3,30,9,718,4130380190,3735366068,false,false,828.0999999999042,846.0999999999042,9,7,6,179,22,6,2,10,48,42,6,10,6,0,0.125,0.875,18,2.25,159.73333333332567,0.19289135772653562,1,0,1,5,2,31,6,2,41,0,0,0,0,0,5,10,2,0
difficulty-hard,20260712,1,0.12,0.45,0.2,0.18,3,30,9,719,1090715705,185043933,true,false,801.0666666665954,819.0666666665954,9,7,6,180,11,3,3,0,26,21,5,0,5,0,0.19230769230769232,0.8076923076923077,11,1.375,159.73333333332567,0.19940079893476184,1,1,0,3,3,20,3,3,20,3,3,20,150.76666666652955,0.18820739014631693,6,13,1,0
difficulty-hard,20260712,1,0.12,0.45,0.2,0.18,3,30,9,720,2764268095,2551041108,false,false,768.4999999999584,786.4999999999584,9,7,6,179,23,6,2,10,45,43,2,10,2,0,0.044444444444444446,0.9555555555555556,21,2.625,159.73333333332567,0.2078507915853407,1,0,1,6,2,35,6,2,42,0,0,0,0,0,8,6,2,0
difficulty-hard,20260712,1,0.12,0.45,0.2,0.18,3,30,9,721,3511203347,1751379118,false,false,772.1666666666217,790.1666666666217,9,7,6,179,24,7,3,11,48,45,3,11,3,0,0.0625,0.9375,22,2.75,159.73333333332567,0.20686380315130798,1,0,1,6,3,39,7,3,44,0,0,0,0,0,7,14,2,0
difficulty-hard,20260712,1,0.12,0.45,0.2,0.18,3,30,9,722,852962383,2371581107,false,false,837.7999999998954,855.7999999998954,9,7,6,179,21,6,3,11,47,42,5,11,5,0,0.10638297872340426,0.8936170212765957,21,2.625,159.73333333332567,0.19065807273018098,1,0,1,6,3,37,6,3,40,0,0,0,0,0,6,8,2,0
difficulty-hard,20260712,1,0.12,0.45,0.2,0.18,3,30,9,723,62455310,1218503078,false,false,742.2999999999822,760.2999999999822,9,7,6,179,21,6,3,4,39,34,5,4,5,0,0.1282051282051282,0.8717948717948718,18,2.25,159.73333333332567,0.2151870312991102,1,0,1,5,3,30,6,3,33,0,0,0,0,0,5,14,2,0
difficulty-hard,20260712,1,0.12,0.45,0.2,0.18,3,30,9,724,296250896,1849573385,false,false,806.9333333332568,824.9333333332568,9,7,6,179,19,6,3,6,42,34,8,6,8,0,0.19047619047619047,0.8095238095238095,15,1.875,159.73333333332567,0.19795109054858828,1,0,1,4,3,27,5,3,32,0,0,0,0,0,6,13,3,0
difficulty-hard,20260712,1,0.12,0.45,0.2,0.18,3,30,9,725,3382433168,765632659,false,false,735.4999999999884,750.4999999999884,9,6,5,179,28,8,3,13,52,50,2,13,2,0,0.038461538461538464,0.9615384615384616,22,2.75,159.73333333332567,0.21717652390663247,1,0,1,6,3,35,8,3,50,0,0,0,0,0,2,4,2,0
difficulty-hard,20260712,1,0.12,0.45,0.2,0.18,3,30,9,726,766308577,252863411,false,false,754.1666666666381,772.1666666666381,9,7,6,179,17,5,3,0,34,26,8,0,8,0,0.23529411764705882,0.7647058823529411,13,1.625,159.73333333332567,0.21180110497237356,1,0,1,4,3,20,5,3,25,0,0,0,0,0,5,14,2,0
difficulty-hard,20260712,1,0.12,0.45,0.2,0.18,3,30,9,727,1955399639,57265766,false,false,810.033333333254,825.033333333254,9,6,5,179,21,7,3,3,42,33,9,3,9,0,0.21428571428571427,0.7857142857142857,17,2.125,159.73333333332567,0.19719353113041602,1,0,1,5,3,26,7,3,32,0,0,0,0,0,5,9,3,0
difficulty-hard,20260712,1,0.12,0.45,0.2,0.18,3,30,9,728,3032506243,3109546717,false,false,778.2666666666162,793.2666666666162,9,6,5,179,12,3,3,0,24,21,3,0,3,0,0.125,0.875,10,1.25,159.73333333332567,0.20524241905088578,1,0,1,3,3,17,3,3,20,0,0,0,0,0,6,11,1,0
difficulty-hard,20260712,1,0.12,0.45,0.2,0.18,3,30,9,729,3522334754,1141918378,true,false,806.3333333332573,824.3333333332573,9,7,6,180,14,4,3,0,28,21,7,0,7,0,0.25,0.75,8,1,159.73333333332567,0.19809838776354782,1,1,0,2,2,15,4,3,21,4,3,21,135.39999999987685,0.16792062835868907,5,10,2,0
difficulty-hard,20260712,1,0.12,0.45,0.2,0.18,3,30,9,730,4194882459,1619463133,false,false,737.1666666666536,752.1666666666536,9,6,5,179,26,8,3,3,44,39,5,3,5,0,0.11363636363636363,0.8863636363636364,21,2.625,159.73333333332567,0.21668550757403823,1,0,1,6,3,32,8,3,38,0,0,0,0,0,2,5,2,0
difficulty-hard,20260712,1,0.12,0.45,0.2,0.18,3,30,9,731,2018423786,332607320,false,false,821.6666666665767,839.6666666665767,9,7,6,179,25,7,3,7,48,42,6,7,6,0,0.125,0.875,19,2.375,159.73333333332567,0.19440162271806471,1,0,1,5,3,30,6,3,37,0,0,0,0,0,8,10,2,0
difficulty-hard,20260712,1,0.12,0.45,0.2,0.18,3,30,9,732,260331548,4232829428,false,false,795.4999999999338,813.4999999999338,9,7,6,179,15,4,3,2,29,27,2,2,2,0,0.06896551724137931,0.9310344827586207,12,1.5,159.73333333332567,0.20079614498219855,1,0,1,3,2,20,4,3,26,0,0,0,0,0,5,7,1,0
difficulty-hard,20260712,1,0.12,0.45,0.2,0.18,3,30,9,733,483607592,2378266940,false,false,821.0666666665772,836.0666666665772,9,6,5,179,13,3,2,1,27,23,4,1,4,0,0.14814814814814814,0.8518518518518519,12,1.5,159.73333333332567,0.19454368301397743,1,0,1,3,2,22,3,2,23,0,0,0,0,0,5,14,2,0
difficulty-hard,20260712,1,0.12,0.45,0.2,0.18,3,30,9,734,1812784062,4235663561,false,false,753.6333333333052,771.6333333333052,9,7,6,179,18,5,2,2,32,30,2,2,2,0,0.0625,0.9375,17,2.125,159.73333333332567,0.2119509929674001,1,0,1,5,2,25,5,2,30,0,0,0,0,0,5,6,2,0
difficulty-hard,20260712,1,0.12,0.45,0.2,0.18,3,30,9,735,3773622476,1448596898,false,false,780.7333333332806,798.7333333332806,9,7,6,179,15,4,3,0,26,25,1,0,1,0,0.038461538461538464,0.9615384615384616,13,1.625,159.73333333332567,0.20459397147980932,1,0,1,4,3,22,4,3,25,0,0,0,0,0,3,5,1,0
difficulty-hard,20260712,1,0.12,0.45,0.2,0.18,3,30,9,736,218141347,3158373223,false,false,800.5999999999292,815.5999999999292,9,6,5,179,18,5,2,1,32,29,3,1,3,0,0.09375,0.90625,16,2,159.73333333332567,0.1995170288950035,1,0,1,4,2,24,5,2,27,0,0,0,0,0,6,14,2,0
difficulty-hard,20260712,1,0.12,0.45,0.2,0.18,3,30,9,737,260353930,720757617,false,false,783.966666666611,801.966666666611,9,7,6,179,23,7,3,4,42,37,5,4,5,0,0.11904761904761904,0.8809523809523809,19,2.375,159.73333333332567,0.20375015944555935,1,0,1,6,3,28,7,3,36,0,0,0,0,0,3,3,2,0
difficulty-hard,20260712,1,0.12,0.45,0.2,0.18,3,30,9,738,2661873670,1881500197,false,false,748.6666666666431,766.6666666666431,9,7,6,179,20,6,3,2,34,32,2,2,2,0,0.058823529411764705,0.9411764705882353,20,2.5,159.73333333332567,0.21335707925200004,1,0,1,6,3,29,6,3,32,0,0,0,0,0,6,8,1,0
difficulty-hard,20260712,1,0.12,0.45,0.2,0.18,3,30,9,739,684334782,3560309236,false,false,812.8666666665847,830.8666666665847,9,7,6,179,19,6,3,5,39,32,7,5,7,0,0.1794871794871795,0.8205128205128205,13,1.625,159.73333333332567,0.19650619207743186,1,0,1,4,3,19,4,3,26,0,0,0,0,0,6,11,2,0
difficulty-hard,20260712,1,0.12,0.45,0.2,0.18,3,30,9,740,2317301204,3458364922,false,false,817.733333333247,832.733333333247,9,6,5,179,10,2,1,0,23,20,3,0,3,0,0.13043478260869565,0.8695652173913043,9,1.125,159.73333333332567,0.19533670308170048,1,0,1,2,1,16,2,1,20,0,0,0,0,0,7,9,2,0
difficulty-hard,20260712,1,0.12,0.45,0.2,0.18,3,30,9,741,2247176260,4042019354,true,false,801.1666666665953,819.1666666665953,9,7,6,180,18,5,3,1,32,29,3,1,3,0,0.09375,0.90625,16,2,159.73333333332567,0.19937591013106706,1,1,0,5,3,23,5,3,27,5,3,28,148.29999999986512,0.18510505512778655,5,11,2,0
difficulty-hard,20260712,1,0.12,0.45,0.2,0.18,3,30,9,742,2267759867,3416593797,false,false,734.8333333333223,752.8333333333223,9,7,6,179,16,4,3,3,30,28,2,3,2,0,0.06666666666666667,0.9333333333333333,12,1.5,159.73333333332567,0.21737355409389167,1,0,1,3,2,21,4,3,28,0,0,0,0,0,6,6,2,0
difficulty-hard,20260712,1,0.12,0.45,0.2,0.18,3,30,9,743,3287906363,2181188330,false,false,813.4666666665842,828.4666666665842,9,6,5,179,25,8,3,8,45,43,2,8,2,0,0.044444444444444446,0.9555555555555556,20,2.5,159.73333333332567,0.1963612522537394,1,0,1,6,3,31,8,3,42,0,0,0,0,0,7,8,2,0
difficulty-hard,20260712,1,0.12,0.45,0.2,0.18,3,30,9,744,3010314409,3643350582,true,false,804.1666666665926,822.1666666665926,9,7,6,180,15,5,3,0,25,22,3,0,3,0,0.12,0.88,9,1.125,159.73333333332567,0.19863212435234037,1,1,0,2,2,16,4,3,20,4,3,21,150.1999999998634,0.18677720207238618,5,10,2,0
difficulty-hard,20260712,1,0.12,0.45,0.2,0.18,3,30,9,745,2067874691,2745601820,false,false,750.7999999999745,768.7999999999745,9,7,6,179,15,4,2,2,32,27,5,2,5,0,0.15625,0.84375,14,1.75,159.73333333332567,0.2127508435446605,1,0,1,4,2,23,4,2,27,0,0,0,0,0,6,10,2,0
difficulty-hard,20260712,1,0.12,0.45,0.2,0.18,3,30,9,746,3054665302,4018630019,false,false,809.933333333254,827.933333333254,9,7,6,179,18,5,3,2,32,30,2,2,2,0,0.0625,0.9375,15,1.875,159.73333333332567,0.19721787801466126,1,0,1,4,3,24,5,3,30,0,0,0,0,0,6,7,2,0
difficulty-hard,20260712,1,0.12,0.45,0.2,0.18,3,30,9,747,2907201686,696716408,false,false,774.1999999999532,792.1999999999532,9,7,6,179,17,5,3,0,33,26,7,0,7,0,0.21212121212121213,0.7878787878787878,15,1.875,159.73333333332567,0.20632050288470077,1,0,1,5,3,21,5,3,25,0,0,0,0,0,8,9,3,0
difficulty-hard,20260712,1,0.12,0.45,0.2,0.18,3,30,9,748,2755338820,3229386445,false,false,806.733333333257,824.733333333257,9,7,6,179,19,5,2,5,40,34,6,5,6,0,0.15,0.85,17,2.125,159.73333333332567,0.19800016527560632,1,0,1,5,2,27,5,2,33,0,0,0,0,0,4,5,2,0
difficulty-hard,20260712,1,0.12,0.45,0.2,0.18,3,30,9,749,407515357,1101767367,false,false,731.1333333333257,746.1333333333257,9,6,5,179,17,5,3,1,34,28,6,1,6,0,0.17647058823529413,0.8235294117647058,13,1.625,159.73333333332567,0.2184736026260518,1,0,1,4,3,20,5,3,28,0,0,0,0,0,3,3,2,0
difficulty-hard,20260712,1,0.12,0.45,0.2,0.18,3,30,9,750,3085940981,3518683418,false,false,770.5666666666232,785.5666666666232,9,6,5,179,24,7,3,5,48,39,9,5,9,0,0.1875,0.8125,20,2.5,159.73333333332567,0.2072933339101112,1,0,1,6,3,33,7,3,38,0,0,0,0,0,7,11,2,0
difficulty-hard,20260712,1,0.12,0.45,0.2,0.18,3,30,9,751,3026047733,4163440902,false,false,794.4999999999347,809.4999999999347,9,6,5,179,21,6,3,12,47,42,5,12,5,0,0.10638297872340426,0.8936170212765957,20,2.5,159.73333333332567,0.20104887770086696,1,0,1,6,3,34,6,3,41,0,0,0,0,0,6,5,2,0
difficulty-hard,20260712,1,0.12,0.45,0.2,0.18,3,30,9,752,2354835235,112819552,false,false,793.099999999936,811.099999999936,9,7,6,179,20,6,3,11,46,39,7,11,7,0,0.15217391304347827,0.8478260869565217,16,2,159.73333333332567,0.2014037742193148,1,0,1,4,3,31,6,3,39,0,0,0,0,0,3,5,2,0
difficulty-hard,20260712,1,0.12,0.45,0.2,0.18,3,30,9,753,2065721890,436408,false,false,823.3999999999085,838.3999999999085,9,6,5,179,17,5,3,0,28,25,3,0,3,0,0.10714285714285714,0.8928571428571429,16,2,159.73333333332567,0.1939923892802325,1,0,1,5,3,24,5,3,25,0,0,0,0,0,5,11,2,0
difficulty-hard,20260712,1,0.12,0.45,0.2,0.18,3,30,9,754,2751029321,2167485277,false,false,729.8999999999935,747.8999999999935,9,7,6,179,19,5,3,8,42,36,6,8,6,0,0.14285714285714285,0.8571428571428571,16,2,159.73333333332567,0.21884276384892054,1,0,1,4,3,31,5,3,36,0,0,0,0,0,4,4,1,0
difficulty-hard,20260712,1,0.12,0.45,0.2,0.18,3,30,9,755,3530995222,2670576005,false,false,768.3666666666252,786.3666666666252,9,7,6,179,22,6,3,8,44,39,5,8,5,0,0.11363636363636363,0.8863636363636364,19,2.375,159.73333333332567,0.20788685957225408,1,0,1,5,3,33,5,3,37,0,0,0,0,0,7,7,2,0
difficulty-hard,20260712,1,0.12,0.45,0.2,0.18,3,30,9,756,4115070971,1186530389,false,false,797.9666666665983,815.9666666665983,9,7,6,179,23,7,3,5,40,36,4,5,4,0,0.1,0.9,21,2.625,159.73333333332567,0.20017544592506709,1,0,1,6,3,33,7,3,36,0,0,0,0,0,6,8,3,0
difficulty-hard,20260712,1,0.12,0.45,0.2,0.18,3,30,9,757,1426091745,4254736877,false,false,791.1999999999377,809.1999999999377,9,7,6,179,28,8,3,14,57,51,6,14,6,0,0.10526315789473684,0.8947368421052632,23,2.875,159.73333333332567,0.20188742837884005,1,0,1,6,3,37,6,3,43,0,0,0,0,0,8,5,2,0
difficulty-hard,20260712,1,0.12,0.45,0.2,0.18,3,30,9,758,3064332573,3461972724,false,false,750.3333333333082,765.3333333333082,9,6,5,179,23,7,3,7,46,39,7,7,7,0,0.15217391304347827,0.8478260869565217,21,2.625,159.73333333332567,0.2128831630386464,1,0,1,6,3,37,6,3,37,0,0,0,0,0,3,4,2,0
difficulty-hard,20260712,1,0.12,0.45,0.2,0.18,3,30,9,759,2777202901,166439979,false,false,801.5999999999283,819.5999999999283,9,7,6,179,16,4,3,0,29,26,3,0,3,0,0.10344827586206896,0.896551724137931,12,1.5,159.73333333332567,0.19926813040586322,1,0,1,4,3,20,4,3,25,0,0,0,0,0,5,8,2,0
difficulty-hard,20260712,1,0.12,0.45,0.2,0.18,3,30,9,760,1345309497,3901230667,false,false,742.1999999999823,757.1999999999823,9,6,5,179,25,8,3,5,43,39,4,5,4,0,0.09302325581395349,0.9069767441860465,21,2.625,159.73333333332567,0.21521602443186402,1,0,1,6,3,34,8,3,39,0,0,0,0,0,4,4,2,0
difficulty-hard,20260712,1,0.12,0.45,0.2,0.18,3,30,9,761,488953224,3755593786,false,false,799.5999999999301,814.5999999999301,9,6,5,179,17,5,2,0,27,25,2,0,2,0,0.07407407407407407,0.9259259259259259,13,1.625,159.73333333332567,0.19976654994164536,1,0,1,3,2,21,5,2,25,0,0,0,0,0,6,14,2,0
difficulty-hard,20260712,1,0.12,0.45,0.2,0.18,3,30,9,762,3594707740,1715922781,false,false,803.8666666665929,821.8666666665929,9,7,6,179,25,7,2,7,45,40,5,7,5,0,0.1111111111111111,0.8888888888888888,17,2.125,159.73333333332567,0.1987062531099772,1,0,1,5,2,26,6,2,37,0,0,0,0,0,5,8,4,0
difficulty-hard,20260712,1,0.12,0.45,0.2,0.18,3,30,9,763,2596177083,739303810,false,false,743.5666666666477,758.5666666666477,9,6,5,179,22,6,2,10,52,42,10,10,10,0,0.19230769230769232,0.8076923076923077,21,2.625,159.73333333332567,0.21482045994530383,1,0,1,6,2,36,6,2,41,0,0,0,0,0,7,4,2,0
difficulty-hard,20260712,1,0.12,0.45,0.2,0.18,3,30,9,764,2247100917,3356027252,false,false,785.4333333332763,800.4333333332763,9,6,5,179,22,6,3,9,48,41,7,9,7,0,0.14583333333333334,0.8541666666666666,21,2.625,159.73333333332567,0.2033696897678614,1,0,1,6,3,34,6,3,40,0,0,0,0,0,4,4,3,0
difficulty-hard,20260712,1,0.12,0.45,0.2,0.18,3,30,9,765,1371442500,195915653,false,false,785.733333333276,800.733333333276,9,6,5,179,23,7,3,6,44,39,5,6,5,0,0.11363636363636363,0.8863636363636364,21,2.625,159.73333333332567,0.2032920414050619,1,0,1,6,3,31,7,3,39,0,0,0,0,0,3,4,2,0
difficulty-hard,20260712,1,0.12,0.45,0.2,0.18,3,30,9,766,3472365803,3538668371,false,false,786.3333333332755,804.3333333332755,9,7,6,177,19,6,3,0,39,27,12,0,12,0,0.3076923076923077,0.6923076923076923,12,1.5,159.73333333332567,0.20313692242476145,1,0,1,3,3,20,6,3,26,0,0,0,0,0,9,5,3,0
difficulty-hard,20260712,1,0.12,0.45,0.2,0.18,3,30,9,767,3792280040,1072733412,false,false,767.2333333332929,785.2333333332929,9,7,6,179,15,4,3,0,29,24,5,0,5,0,0.1724137931034483,0.8275862068965517,10,1.25,159.73333333332567,0.20819394360690024,1,0,1,2,2,18,4,3,24,0,0,0,0,0,3,5,1,0
difficulty-hard,20260712,1,0.12,0.45,0.2,0.18,3,30,9,768,2570682428,1846743410,false,false,764.3666666666288,782.3666666666288,9,7,6,179,19,5,3,1,33,30,3,1,3,0,0.09090909090909091,0.9090909090909091,11,1.375,159.73333333332567,0.20897475033797075,1,0,1,3,2,19,5,3,29,0,0,0,0,0,8,10,2,0
difficulty-hard,20260712,1,0.12,0.45,0.2,0.18,3,30,9,769,3758154731,2255586417,false,false,808.2333333332556,826.2333333332556,9,7,6,179,23,7,3,6,44,37,7,6,7,0,0.1590909090909091,0.8409090909090909,16,2,159.73333333332567,0.19763269682848317,1,0,1,4,2,30,7,3,36,0,0,0,0,0,6,8,2,0
difficulty-hard,20260712,1,0.12,0.45,0.2,0.18,3,30,9,770,3872526906,3936891916,false,false,789.5666666666059,807.5666666666059,9,7,6,179,25,8,3,8,46,41,5,8,5,0,0.10869565217391304,0.8913043478260869,18,2.25,159.73333333332567,0.20230506184827707,1,0,1,5,3,30,8,3,40,0,0,0,0,0,3,4,2,0
difficulty-hard,20260712,1,0.12,0.45,0.2,0.18,3,30,9,771,3738059080,1920334441,false,false,732.3666666666579,750.3666666666579,9,7,6,179,20,6,3,1,36,30,6,1,6,0,0.16666666666666666,0.8333333333333334,13,1.625,159.73333333332567,0.21810568476627498,1,0,1,3,2,23,6,3,29,0,0,0,0,0,5,5,2,0
difficulty-hard,20260712,1,0.12,0.45,0.2,0.18,3,30,9,772,1469527027,3953747778,false,false,759.3999999999667,774.3999999999667,9,6,5,179,18,5,2,3,37,31,6,3,6,0,0.16216216216216217,0.8378378378378378,17,2.125,159.73333333332567,0.2103414976736011,1,0,1,5,2,26,5,2,31,0,0,0,0,0,7,10,2,0
difficulty-hard,20260712,1,0.12,0.45,0.2,0.18,3,30,9,773,4189237266,1926588349,false,false,752.833333333306,767.833333333306,9,6,5,179,24,8,3,4,42,37,5,4,5,0,0.11904761904761904,0.8809523809523809,22,2.75,159.73333333332567,0.21217622315696014,1,0,1,7,3,31,7,3,35,0,0,0,0,0,5,5,2,0
difficulty-hard,20260712,1,0.12,0.45,0.2,0.18,3,30,9,774,1588826978,2112436443,false,false,801.4999999999284,819.4999999999284,9,7,6,179,12,3,2,0,28,22,6,0,6,0,0.21428571428571427,0.7857142857142857,11,1.375,159.73333333332567,0.199292992306101,1,0,1,3,2,19,3,2,22,0,0,0,0,0,8,4,2,0
difficulty-hard,20260712,1,0.12,0.45,0.2,0.18,3,30,9,775,4260184483,5191173,false,false,745.8333333333123,760.8333333333123,9,6,5,179,20,6,3,4,37,32,5,4,5,0,0.13513513513513514,0.8648648648648649,17,2.125,159.73333333332567,0.21416759776535887,1,0,1,5,3,28,6,3,32,0,0,0,0,0,6,10,3,0
difficulty-hard,20260712,1,0.12,0.45,0.2,0.18,3,30,9,776,2487187788,3603625674,false,false,773.3999999999539,791.3999999999539,9,7,6,179,24,7,3,8,45,41,4,8,4,0,0.08888888888888889,0.9111111111111111,18,2.25,159.73333333332567,0.20653391948970157,1,0,1,5,3,30,7,3,40,0,0,0,0,0,5,13,2,0
difficulty-hard,20260712,1,0.12,0.45,0.2,0.18,3,30,9,777,1127823771,3774550458,false,false,764.5333333332953,782.5333333332953,9,7,6,179,21,6,3,9,44,39,5,9,5,0,0.11363636363636363,0.8863636363636364,19,2.375,159.73333333332567,0.20892919427973528,1,0,1,5,3,32,6,3,39,0,0,0,0,0,3,3,3,0
difficulty-hard,20260712,1,0.12,0.45,0.2,0.18,3,30,9,778,284213856,3806812309,false,false,766.1333333332939,784.1333333332939,9,7,6,179,26,7,3,8,46,43,3,8,3,0,0.06521739130434782,0.9347826086956522,21,2.625,159.73333333332567,0.20849286460146263,1,0,1,6,3,34,7,3,41,0,0,0,0,0,6,14,2,0
difficulty-hard,20260712,1,0.12,0.45,0.2,0.18,3,30,9,779,3667062529,2045259788,false,false,738.0333333333194,756.0333333333194,9,7,6,179,15,4,3,1,27,25,2,1,2,0,0.07407407407407407,0.9259259259259259,10,1.25,159.73333333332567,0.216431055507875,1,0,1,2,2,19,4,3,25,0,0,0,0,0,4,6,2,0
difficulty-hard,20260712,1,0.12,0.45,0.2,0.18,3,30,9,780,1809432821,677368294,false,false,792.1999999999368,807.1999999999368,9,6,5,179,17,5,3,0,30,27,3,0,3,0,0.1,0.9,17,2.125,159.73333333332567,0.2016325843642242,1,0,1,5,3,24,5,3,27,0,0,0,0,0,3,5,2,0
difficulty-hard,20260712,1,0.12,0.45,0.2,0.18,3,30,9,781,2916207062,1763298922,false,false,767.8999999999589,782.8999999999589,9,6,5,179,18,5,3,10,50,38,12,10,12,0,0.24,0.76,16,2,159.73333333332567,0.20801319616269595,1,0,1,4,3,26,5,3,37,0,0,0,0,0,5,5,2,0
difficulty-hard,20260712,1,0.12,0.45,0.2,0.18,3,30,9,782,3342857797,3407299007,false,false,797.0666666665991,815.0666666665991,9,7,6,179,17,5,3,1,35,27,8,1,8,0,0.22857142857142856,0.7714285714285715,11,1.375,159.73333333332567,0.2004014720642429,1,0,1,3,3,19,5,3,25,0,0,0,0,0,7,10,3,0
difficulty-hard,20260712,1,0.12,0.45,0.2,0.18,3,30,9,783,1315763576,2018296143,false,false,759.8999999999662,777.8999999999662,9,7,6,179,19,6,3,5,38,32,6,5,6,0,0.15789473684210525,0.8421052631578947,15,1.875,159.73333333332567,0.210203096898714,1,0,1,4,3,25,6,3,31,0,0,0,0,0,8,5,2,0
difficulty-hard,20260712,1,0.12,0.45,0.2,0.18,3,30,9,784,2984691266,3608138582,false,false,799.1666666665972,817.1666666665972,9,7,6,179,18,5,3,2,34,30,4,2,4,0,0.11764705882352941,0.8823529411764706,13,1.625,159.73333333332567,0.19987486965589935,1,0,1,4,3,21,5,3,30,0,0,0,0,0,6,11,1,0
difficulty-hard,20260712,1,0.12,0.45,0.2,0.18,3,30,9,785,1922886851,2595674777,false,false,791.8666666666038,809.8666666666038,9,7,6,179,24,7,3,9,46,43,3,9,3,0,0.06521739130434782,0.9347826086956522,23,2.875,159.73333333332567,0.20171746085200162,1,0,1,7,3,36,7,3,42,0,0,0,0,0,3,5,1,0
difficulty-hard,20260712,1,0.12,0.45,0.2,0.18,3,30,9,786,4249769369,2740655705,false,false,802.5666666665941,820.5666666665941,9,7,6,179,24,7,3,5,47,39,8,5,8,0,0.1702127659574468,0.8297872340425532,21,2.625,159.73333333332567,0.19902811812103682,1,0,1,6,3,34,7,3,38,0,0,0,0,0,7,8,2,0
difficulty-hard,20260712,1,0.12,0.45,0.2,0.18,3,30,9,787,603428489,87349890,false,false,785.9333333332759,803.9333333332759,9,7,6,179,14,4,3,0,27,23,4,0,4,0,0.14814814814814814,0.8518518518518519,13,1.625,159.73333333332567,0.20324030876241075,1,0,1,4,3,20,4,3,23,0,0,0,0,0,5,9,3,0
difficulty-hard,20260712,1,0.12,0.45,0.2,0.18,3,30,9,788,1072790962,2123998443,false,false,818.4666666665796,836.4666666665796,9,7,6,179,15,5,3,0,28,24,4,0,4,0,0.14285714285714285,0.8571428571428571,11,1.375,159.73333333332567,0.19516168445061008,1,0,1,3,3,17,5,3,22,0,0,0,0,0,6,13,2,0
difficulty-hard,20260712,1,0.12,0.45,0.2,0.18,3,30,9,789,1753173396,2052633756,false,false,789.0666666666064,804.0666666666064,9,6,5,179,18,5,3,4,36,31,5,4,5,0,0.1388888888888889,0.8611111111111112,15,1.875,159.73333333332567,0.20243325447786992,1,0,1,4,3,26,5,3,31,0,0,0,0,0,4,5,2,0
difficulty-hard,20260712,1,0.12,0.45,0.2,0.18,3,30,9,790,1347862802,310539259,false,false,819.0999999999124,837.0999999999124,9,7,6,179,19,6,3,5,36,34,2,5,2,0,0.05555555555555555,0.9444444444444444,17,2.125,159.73333333332567,0.1950107841940456,1,0,1,5,3,26,6,3,34,0,0,0,0,0,7,6,1,0
difficulty-hard,20260712,1,0.12,0.45,0.2,0.18,3,30,9,791,3596697317,2915874004,false,false,760.7999999999654,775.7999999999654,9,6,5,179,17,5,3,3,30,29,1,3,1,0,0.03333333333333333,0.9666666666666667,14,1.75,159.73333333332567,0.20995443392919683,1,0,1,4,3,25,5,3,29,0,0,0,0,0,3,5,2,0
difficulty-hard,20260712,1,0.12,0.45,0.2,0.18,3,30,9,792,1354059086,4240608767,false,false,800.2666666665962,818.2666666665962,9,7,6,179,21,6,2,12,49,42,7,12,7,0,0.14285714285714285,0.8571428571428571,17,2.125,159.73333333332567,0.1996001332889117,1,0,1,5,2,32,6,2,40,0,0,0,0,0,6,5,2,0
difficulty-hard,20260712,1,0.12,0.45,0.2,0.18,3,30,9,793,3748048276,1607255193,false,false,766.8999999999598,784.8999999999598,9,7,6,179,23,6,3,13,50,46,4,13,4,0,0.08,0.92,18,2.25,159.73333333332567,0.20828443517190512,1,0,1,5,3,31,6,3,46,0,0,0,0,0,6,6,2,0
difficulty-hard,20260712,1,0.12,0.45,0.2,0.18,3,30,9,794,1645012224,62008368,false,false,800.2999999999295,818.2999999999295,9,7,6,179,22,6,3,9,44,41,3,9,3,0,0.06818181818181818,0.9318181818181818,17,2.125,159.73333333332567,0.19959181973427434,1,0,1,5,3,30,6,3,39,0,0,0,0,0,6,7,2,0
difficulty-hard,20260712,1,0.12,0.45,0.2,0.18,3,30,9,795,1683197166,3127082066,false,false,813.999999999917,828.999999999917,9,6,5,179,12,3,3,0,23,22,1,0,1,0,0.043478260869565216,0.9565217391304348,11,1.375,159.73333333332567,0.19623259623260683,1,0,1,3,3,17,3,3,22,0,0,0,0,0,5,14,1,0
difficulty-hard,20260712,1,0.12,0.45,0.2,0.18,3,30,9,796,1201565558,341390561,false,false,748.1666666666436,766.1666666666436,9,7,6,179,17,5,2,3,32,30,2,3,2,0,0.0625,0.9375,14,1.75,159.73333333332567,0.21349966584985156,1,0,1,4,2,22,5,2,30,0,0,0,0,0,6,14,2,0
difficulty-hard,20260712,1,0.12,0.45,0.2,0.18,3,30,9,797,3417487445,3021255383,false,false,760.1999999999659,775.1999999999659,9,6,5,179,21,6,3,16,54,47,7,16,7,0,0.12962962962962962,0.8703703703703703,17,2.125,159.73333333332567,0.2101201438218006,1,0,1,5,3,31,6,3,43,0,0,0,0,0,6,10,2,0
difficulty-hard,20260712,1,0.12,0.45,0.2,0.18,3,30,9,798,2046770008,2776031163,false,false,780.7999999999472,798.7999999999472,9,7,6,179,20,6,3,1,34,31,3,1,3,0,0.08823529411764706,0.9117647058823529,19,2.375,159.73333333332567,0.20457650273224445,1,0,1,6,3,28,6,3,31,0,0,0,0,0,6,8,2,0
difficulty-hard,20260712,1,0.12,0.45,0.2,0.18,3,30,9,799,721823856,3463009626,false,false,815.0666666665827,830.0666666665827,9,6,5,179,18,5,3,2,36,30,6,2,6,0,0.16666666666666666,0.8333333333333334,16,2,159.73333333332567,0.19597578930149942,1,0,1,5,3,22,5,3,30,0,0,0,0,0,6,10,1,0
difficulty-hard,20260712,1,0.12,0.45,0.2,0.18,3,30,9,800,165387183,3927769366,false,false,717.0333333333385,732.0333333333385,9,6,5,179,24,7,3,17,53,49,4,17,4,0,0.07547169811320754,0.9245283018867925,20,2.5,159.73333333332567,0.22276974571148414,1,0,1,5,3,42,6,3,47,0,0,0,0,0,5,4,2,0
difficulty-hard,20260712,1,0.12,0.45,0.2,0.18,3,30,9,801,2974707878,1248245759,false,false,737.2333333333202,755.2333333333202,9,7,6,179,21,6,3,3,41,34,7,3,7,0,0.17073170731707318,0.8292682926829268,12,1.5,159.73333333332567,0.216665913098515,1,0,1,3,2,21,6,3,31,0,0,0,0,0,4,4,4,0
difficulty-hard,20260712,1,0.12,0.45,0.2,0.18,3,30,9,802,104836340,1394170559,false,false,787.7999999999408,802.7999999999408,9,6,5,179,19,5,3,5,37,32,5,5,5,0,0.13513513513513514,0.8648648648648649,12,1.5,159.73333333332567,0.20275873741220826,1,0,1,3,2,25,5,3,32,0,0,0,0,0,3,4,2,0
difficulty-hard,20260712,1,0.12,0.45,0.2,0.18,3,30,9,803,1982845648,4184283518,false,false,819.4666666665787,834.4666666665787,9,6,5,179,11,2,1,0,25,21,4,0,4,0,0.16,0.84,10,1.25,159.73333333332567,0.19492352749757097,1,0,1,2,1,17,2,1,20,0,0,0,0,0,7,8,2,0
difficulty-hard,20260712,1,0.12,0.45,0.2,0.18,3,30,9,804,2716576660,471293196,false,false,807.9666666665892,825.9666666665892,9,7,6,179,27,8,3,11,54,48,6,11,6,0,0.1111111111111111,0.8888888888888888,22,2.75,159.73333333332567,0.197697924831892,1,0,1,6,3,37,8,3,46,0,0,0,0,0,8,8,3,0
difficulty-hard,20260712,1,0.12,0.45,0.2,0.18,3,30,9,805,648812958,2888263221,false,false,795.8333333332669,813.8333333332669,9,7,6,179,19,5,3,7,40,35,5,7,5,0,0.125,0.875,15,1.875,159.73333333332567,0.2007120418848239,1,0,1,4,3,24,5,3,35,0,0,0,0,0,3,4,2,0
difficulty-hard,20260712,1,0.12,0.45,0.2,0.18,3,30,9,806,58153103,2691928363,false,false,783.1666666666117,801.1666666666117,9,7,6,179,22,6,3,15,50,47,3,15,3,0,0.06,0.94,18,2.25,159.73333333332567,0.2039582889976636,1,0,1,5,3,28,6,3,46,0,0,0,0,0,4,4,3,0
difficulty-hard,20260712,1,0.12,0.45,0.2,0.18,3,30,9,807,2442604449,682591649,false,false,808.2666666665889,826.2666666665889,9,7,6,179,19,5,2,11,42,40,2,11,2,0,0.047619047619047616,0.9523809523809523,16,2,159.73333333332567,0.19762454635434804,1,0,1,4,2,31,5,2,40,0,0,0,0,0,6,12,3,0
difficulty-hard,20260712,1,0.12,0.45,0.2,0.18,3,30,9,808,12059247,4109343833,false,false,756.7666666666357,774.7666666666357,9,7,6,179,23,7,3,4,43,37,6,4,6,0,0.13953488372093023,0.8604651162790697,19,2.375,159.73333333332567,0.21107342641941446,1,0,1,6,3,28,7,3,36,0,0,0,0,0,7,11,2,0
difficulty-hard,20260712,1,0.12,0.45,0.2,0.18,3,30,9,809,1117515245,445449948,false,false,776.6333333332843,794.6333333332843,9,7,6,179,27,8,3,4,44,40,4,4,4,0,0.09090909090909091,0.9090909090909091,23,2.875,159.73333333332567,0.2056740632645209,1,0,1,7,3,35,8,3,39,0,0,0,0,0,8,7,2,0
difficulty-hard,20260712,1,0.12,0.45,0.2,0.18,3,30,9,810,3324644424,3010352139,false,false,790.4999999999384,805.4999999999384,9,6,5,179,21,6,3,5,38,35,3,5,3,0,0.07894736842105263,0.9210526315789473,19,2.375,159.73333333332567,0.20206620282522217,1,0,1,5,3,33,6,3,35,0,0,0,0,0,6,11,1,0
difficulty-hard,20260712,1,0.12,0.45,0.2,0.18,3,30,9,811,2358361783,3026466951,false,false,777.2999999999504,795.2999999999504,9,7,6,179,25,7,3,12,55,47,8,12,8,0,0.14545454545454545,0.8545454545454545,24,3,159.73333333332567,0.2054976628500397,1,0,1,7,3,38,7,3,45,0,0,0,0,0,8,5,3,0
difficulty-hard,20260712,1,0.12,0.45,0.2,0.18,3,30,9,812,4046434132,1052804434,true,false,777.7333333332833,795.7333333332833,9,7,6,180,19,5,3,3,37,32,5,3,5,0,0.13513513513513514,0.8648648648648649,15,1.875,159.73333333332567,0.20538316475227492,1,1,0,4,3,26,5,3,31,5,3,31,131.86666666654673,0.1695525458596201,5,13,2,0
difficulty-hard,20260712,1,0.12,0.45,0.2,0.18,3,30,9,813,1949936816,371756379,false,false,795.633333333267,810.633333333267,9,6,5,179,21,6,3,8,47,39,8,8,8,0,0.1702127659574468,0.8297872340425532,17,2.125,159.73333333332567,0.20076249528678075,1,0,1,5,3,30,6,3,36,0,0,0,0,0,7,5,2,0
difficulty-hard,20260712,1,0.12,0.45,0.2,0.18,3,30,9,814,1462474522,74605917,false,false,805.2333333332583,820.2333333332583,9,6,5,179,22,6,3,8,46,40,6,8,6,0,0.13043478260869565,0.8695652173913043,20,2.5,159.73333333332567,0.19836900277353217,1,0,1,6,3,31,6,3,39,0,0,0,0,0,7,6,2,0
difficulty-hard,20260712,1,0.12,0.45,0.2,0.18,3,30,9,815,27966155,776898047,false,false,781.1333333332802,799.1333333332802,9,7,6,179,21,6,3,5,42,36,6,5,6,0,0.14285714285714285,0.8571428571428571,17,2.125,159.73333333332567,0.2044892037210931,1,0,1,5,3,25,6,3,34,0,0,0,0,0,6,11,2,0
difficulty-hard,20260712,1,0.12,0.45,0.2,0.18,3,30,9,816,942355091,1332332344,false,false,795.6999999999337,813.6999999999337,9,7,6,179,23,7,3,3,43,36,7,3,7,0,0.16279069767441862,0.8372093023255814,17,2.125,159.73333333332567,0.20074567466801432,1,0,1,5,3,24,7,3,35,0,0,0,0,0,6,8,2,0
difficulty-hard,20260712,1,0.12,0.45,0.2,0.18,3,30,9,817,87414034,3564059356,false,false,803.6999999999264,821.6999999999264,9,7,6,179,13,4,3,0,32,22,10,0,10,0,0.3125,0.6875,11,1.375,159.73333333332567,0.1987474596657214,1,0,1,3,3,17,4,3,21,0,0,0,0,0,6,13,3,0
difficulty-hard,20260712,1,0.12,0.45,0.2,0.18,3,30,9,818,3290590003,3836990541,true,false,803.7333333332597,821.7333333332597,9,7,6,180,17,6,3,1,30,27,3,1,3,0,0.1,0.9,14,1.75,159.73333333332567,0.19873921698740085,1,1,0,4,2,24,5,3,25,5,3,26,145.36666666653446,0.18086429993349507,5,11,2,0
difficulty-hard,20260712,1,0.12,0.45,0.2,0.18,3,30,9,819,1982765469,3736259691,false,false,804.3999999999257,819.3999999999257,9,6,5,171,18,5,2,4,34,30,4,4,4,0,0.11764705882352941,0.8823529411764706,15,1.875,159.73333333332567,0.1985745068788419,1,0,1,4,2,25,4,2,29,0,0,0,0,0,12,5,2,0
difficulty-hard,20260712,1,0.12,0.45,0.2,0.18,3,30,9,820,1497376380,1298880230,false,false,808.0999999999224,826.0999999999224,9,7,6,179,19,6,3,7,37,34,3,7,3,0,0.08108108108108109,0.918918918918919,16,2,159.73333333332567,0.1976653054490051,1,0,1,5,3,25,5,3,33,0,0,0,0,0,5,5,2,0
difficulty-hard,20260712,1,0.12,0.45,0.2,0.18,3,30,9,821,3759938402,2903810479,false,false,747.4666666666442,765.4666666666442,9,7,6,179,23,7,3,10,44,43,1,10,1,0,0.022727272727272728,0.9772727272727273,18,2.25,159.73333333332567,0.21369960756332118,1,0,1,5,3,32,7,3,42,0,0,0,0,0,3,3,2,0
difficulty-hard,20260712,1,0.12,0.45,0.2,0.18,3,30,9,822,3809566379,3871925614,false,false,806.3333333332573,824.3333333332573,9,7,6,179,24,7,3,5,46,39,7,5,7,0,0.15217391304347827,0.8478260869565217,22,2.75,159.73333333332567,0.19809838776354782,1,0,1,7,3,32,7,3,39,0,0,0,0,0,6,8,2,0
difficulty-hard,20260712,1,0.12,0.45,0.2,0.18,3,30,9,823,1385997517,2626097015,false,false,783.0333333332785,798.0333333332785,9,6,5,179,27,8,3,11,52,48,4,11,4,0,0.07692307692307693,0.9230769230769231,23,2.875,159.73333333332567,0.2039930186028737,1,0,1,7,3,37,8,3,48,0,0,0,0,0,3,4,2,0
difficulty-hard,20260712,1,0.12,0.45,0.2,0.18,3,30,9,824,985599373,3430858962,false,false,789.5333333332726,807.5333333332726,9,7,6,179,21,6,3,6,44,37,7,6,7,0,0.1590909090909091,0.8409090909090909,19,2.375,159.73333333332567,0.20231360297222575,1,0,1,5,3,32,6,3,37,0,0,0,0,0,4,5,2,0
difficulty-hard,20260712,1,0.12,0.45,0.2,0.18,3,30,9,825,3082067173,45968162,false,false,749.7333333333088,767.7333333333088,9,7,6,179,18,5,3,1,30,27,3,1,3,0,0.1,0.9,14,1.75,159.73333333332567,0.213053530144048,1,0,1,4,3,24,5,3,27,0,0,0,0,0,3,4,2,0
difficulty-hard,20260712,1,0.12,0.45,0.2,0.18,3,30,9,826,4025883179,3754167728,false,false,800.3333333332628,818.3333333332628,9,7,6,178,17,5,3,1,35,26,9,1,9,0,0.2571428571428571,0.7428571428571429,11,1.375,159.73333333332567,0.19958350687214463,1,0,1,3,3,19,4,3,24,0,0,0,0,0,10,7,2,0
difficulty-hard,20260712,1,0.12,0.45,0.2,0.18,3,30,9,827,1715541228,3297340679,false,false,797.9666666665983,815.9666666665983,9,7,6,179,22,6,3,5,43,37,6,5,6,0,0.13953488372093023,0.8604651162790697,15,1.875,159.73333333332567,0.20017544592506709,1,0,1,4,3,26,6,3,36,0,0,0,0,0,5,6,2,0
difficulty-hard,20260712,1,0.12,0.45,0.2,0.18,3,30,9,828,3844560595,176149372,false,false,813.3999999999176,828.3999999999176,9,6,5,179,24,7,3,8,44,41,3,8,3,0,0.06818181818181818,0.9318181818181818,20,2.5,159.73333333332567,0.19637734611918106,1,0,1,6,3,34,7,3,39,0,0,0,0,0,6,8,2,0
difficulty-hard,20260712,1,0.12,0.45,0.2,0.18,3,30,9,829,3271948229,4022346680,false,false,772.2333333332883,790.2333333332883,9,7,6,179,14,3,3,0,26,22,4,0,4,0,0.15384615384615385,0.8461538461538461,10,1.25,159.73333333332567,0.20684594466266887,1,0,1,3,3,15,3,3,21,0,0,0,0,0,3,5,2,0
difficulty-hard,20260712,1,0.12,0.45,0.2,0.18,3,30,9,830,2624342900,127338509,false,false,830.6333333332352,848.6333333332352,9,7,6,179,23,7,3,6,45,39,6,6,6,0,0.13333333333333333,0.8666666666666667,18,2.25,159.73333333332567,0.19230306192063631,1,0,1,5,3,29,7,3,38,0,0,0,0,0,5,10,2,0
difficulty-hard,20260712,1,0.12,0.45,0.2,0.18,3,30,9,831,3985384059,565086922,false,false,774.2333333332865,792.2333333332865,9,7,6,179,23,7,3,9,48,42,6,9,6,0,0.125,0.875,20,2.5,159.73333333332567,0.20631162009730314,1,0,1,6,3,35,7,3,41,0,0,0,0,0,6,6,2,0
difficulty-hard,20260712,1,0.12,0.45,0.2,0.18,3,30,9,832,2482119928,69857341,false,false,808.8999999999216,826.8999999999216,9,7,6,179,17,5,3,1,32,27,5,1,5,0,0.15625,0.84375,13,1.625,159.73333333332567,0.19746981497507868,1,0,1,4,3,21,5,3,26,0,0,0,0,0,6,8,2,0
difficulty-hard,20260712,1,0.12,0.45,0.2,0.18,3,30,9,833,2192694530,2777936228,false,false,736.1333333333212,754.1333333333212,9,7,6,179,16,5,3,0,25,24,1,0,1,0,0.04,0.96,15,1.875,159.73333333332567,0.21698967578336575,1,0,1,5,3,22,5,3,24,0,0,0,0,0,3,5,2,0
difficulty-hard,20260712,1,0.12,0.45,0.2,0.18,3,30,9,834,1589795174,3530633589,false,false,794.7999999999345,812.7999999999345,9,7,6,179,21,6,3,1,34,31,3,1,3,0,0.08823529411764706,0.9117647058823529,15,1.875,159.73333333332567,0.20097299110888128,1,0,1,4,3,22,6,3,30,0,0,0,0,0,6,11,2,0
difficulty-hard,20260712,1,0.12,0.45,0.2,0.18,3,30,9,835,3416270381,3528704129,false,false,818.0999999999133,833.0999999999133,9,6,5,179,20,6,3,7,43,37,6,7,6,0,0.13953488372093023,0.8604651162790697,17,2.125,159.73333333332567,0.19524915454509548,1,0,1,5,3,28,6,3,36,0,0,0,0,0,5,5,2,0
difficulty-hard,20260712,1,0.12,0.45,0.2,0.18,3,30,9,836,3501050568,3227339646,false,false,836.5333333332298,851.5333333332298,9,6,5,179,18,5,3,3,36,31,5,3,5,0,0.1388888888888889,0.8611111111111112,15,1.875,159.73333333332567,0.19094676442462397,1,0,1,4,3,25,5,3,30,0,0,0,0,0,6,10,2,0
difficulty-hard,20260712,1,0.12,0.45,0.2,0.18,3,30,9,837,3524456790,3230836280,false,false,802.333333333261,820.333333333261,9,7,6,179,21,6,3,7,43,38,5,7,5,0,0.11627906976744186,0.8837209302325582,19,2.375,159.73333333332567,0.19908599916909858,1,0,1,5,3,32,6,3,36,0,0,0,0,0,6,11,2,0
difficulty-hard,20260712,1,0.12,0.45,0.2,0.18,3,30,9,838,2311838443,1249213492,false,false,745.8333333333123,763.8333333333123,9,7,6,179,16,4,3,1,31,27,4,1,4,0,0.12903225806451613,0.8709677419354839,14,1.75,159.73333333332567,0.21416759776535887,1,0,1,4,3,23,4,3,26,0,0,0,0,0,2,5,1,0
difficulty-hard,20260712,1,0.12,0.45,0.2,0.18,3,30,9,839,3752865056,153446230,false,false,753.2666666666389,768.2666666666389,9,6,5,179,15,4,3,1,27,25,2,1,2,0,0.07407407407407407,0.9259259259259259,14,1.75,159.73333333332567,0.21205416408531494,1,0,1,4,3,22,4,3,24,0,0,0,0,0,5,8,1,0
difficulty-hard,20260712,1,0.12,0.45,0.2,0.18,3,30,9,840,1725435643,3396898838,false,false,793.0666666666027,808.0666666666027,9,6,5,179,17,5,3,1,34,28,6,1,6,0,0.17647058823529413,0.8235294117647058,12,1.5,159.73333333332567,0.201412239408211,1,0,1,3,3,20,5,3,26,0,0,0,0,0,7,7,2,0
difficulty-hard,20260712,1,0.12,0.45,0.2,0.18,3,30,9,841,1170427681,1648818902,false,false,760.099999999966,775.099999999966,9,6,5,179,17,5,3,1,28,27,1,1,1,0,0.03571428571428571,0.9642857142857143,10,1.25,159.73333333332567,0.21014778757181005,1,0,1,3,2,19,5,3,26,0,0,0,0,0,6,11,2,0
difficulty-hard,20260712,1,0.12,0.45,0.2,0.18,3,30,9,842,441300434,1223096451,false,false,816.4666666665814,831.4666666665814,9,6,5,179,23,7,3,6,40,39,1,6,1,0,0.025,0.975,18,2.25,159.73333333332567,0.1956397485098502,1,0,1,5,3,32,7,3,39,0,0,0,0,0,7,6,2,0
difficulty-hard,20260712,1,0.12,0.45,0.2,0.18,3,30,9,843,1133442957,3457156969,false,false,793.4666666666024,808.4666666666024,9,6,5,179,21,6,3,13,51,44,7,13,7,0,0.13725490196078433,0.8627450980392157,19,2.375,159.73333333332567,0.201310704083354,1,0,1,5,3,35,6,3,41,0,0,0,0,0,7,5,2,0
difficulty-hard,20260712,1,0.12,0.45,0.2,0.18,3,30,9,844,856732729,28858934,false,false,789.6333333332725,807.6333333332725,9,7,6,179,20,5,3,4,39,33,6,4,6,0,0.15384615384615385,0.8461538461538461,19,2.375,159.73333333332567,0.20228798176369367,1,0,1,5,3,30,5,3,32,0,0,0,0,0,6,8,2,0
difficulty-hard,20260712,1,0.12,0.45,0.2,0.18,3,30,9,845,4163806264,2100357660,false,false,798.1666666665981,813.1666666665981,9,6,5,179,16,5,2,0,26,24,2,0,2,0,0.07692307692307693,0.9230769230769231,14,1.75,159.73333333332567,0.2001252871163158,1,0,1,4,2,21,5,2,24,0,0,0,0,0,6,6,1,0
difficulty-hard,20260712,1,0.12,0.45,0.2,0.18,3,30,9,846,200869486,31666031,false,false,802.8666666665938,820.8666666665938,9,7,6,179,23,6,3,7,45,40,5,7,5,0,0.1111111111111111,0.8888888888888888,21,2.625,159.73333333332567,0.1989537490658559,1,0,1,6,3,35,6,3,40,0,0,0,0,0,6,9,2,0
difficulty-hard,20260712,1,0.12,0.45,0.2,0.18,3,30,9,847,3132020252,1382526954,false,false,745.5333333333126,760.5333333333126,9,6,5,179,25,7,3,23,64,57,7,23,7,0,0.109375,0.890625,23,2.875,159.73333333332567,0.2142537780559735,1,0,1,6,3,46,7,3,56,0,0,0,0,0,5,5,2,0
difficulty-hard,20260712,1,0.12,0.45,0.2,0.18,3,30,9,848,717910893,1331310769,false,false,764.1999999999623,782.1999999999623,9,7,6,179,19,5,3,1,31,30,1,1,1,0,0.03225806451612903,0.967741935483871,15,1.875,159.73333333332567,0.20902032626712058,1,0,1,4,3,23,5,3,30,0,0,0,0,0,6,8,2,0
difficulty-hard,20260712,1,0.12,0.45,0.2,0.18,3,30,9,849,1013893243,2151947869,false,false,727.4999999999957,745.4999999999957,9,7,6,179,21,6,3,3,37,34,3,3,3,0,0.08108108108108109,0.918918918918919,18,2.25,159.73333333332567,0.21956471935852456,1,0,1,6,3,29,6,3,32,0,0,0,0,0,6,6,2,0
difficulty-hard,20260712,1,0.12,0.45,0.2,0.18,3,30,9,850,1450922184,3119913132,false,false,804.7333333332588,819.7333333332588,9,6,5,179,21,6,2,7,42,37,5,7,5,0,0.11904761904761904,0.8809523809523809,16,2,159.73333333332567,0.19849225416287855,1,0,1,4,2,31,6,2,37,0,0,0,0,0,5,10,1,0
difficulty-hard,20260712,1,0.12,0.45,0.2,0.18,3,30,9,851,1069027656,3274080874,true,false,807.2333333332565,825.2333333332565,9,7,6,180,25,8,3,6,42,40,2,6,2,0,0.047619047619047616,0.9523809523809523,22,2.75,159.73333333332567,0.1978775240533603,1,1,0,6,3,35,7,3,38,7,3,39,140.56666666653882,0.17413387289906124,6,11,2,0
difficulty-hard,20260712,1,0.12,0.45,0.2,0.18,3,30,9,852,4151226807,3871960415,false,false,748.3666666666434,766.3666666666434,9,7,6,179,19,5,3,4,37,33,4,4,4,0,0.10810810810810811,0.8918918918918919,17,2.125,159.73333333332567,0.21344260834706336,1,0,1,5,3,27,5,3,32,0,0,0,0,0,5,10,2,0
difficulty-hard,20260712,1,0.12,0.45,0.2,0.18,3,30,9,853,482510555,1435982020,false,false,792.43333333327,807.43333333327,9,6,5,179,12,3,3,0,22,21,1,0,1,0,0.045454545454545456,0.9545454545454546,10,1.25,159.73333333332567,0.2015732133092228,1,0,1,3,3,18,3,3,21,0,0,0,0,0,7,11,1,0
difficulty-hard,20260712,1,0.12,0.45,0.2,0.18,3,30,9,854,4132429736,315207633,false,false,792.0666666666036,807.0666666666036,9,6,5,179,10,2,2,0,26,18,8,0,8,0,0.3076923076923077,0.6923076923076923,8,1,159.73333333332567,0.20166652638667418,1,0,1,2,2,15,2,2,18,0,0,0,0,0,2,5,2,0
difficulty-hard,20260712,1,0.12,0.45,0.2,0.18,3,30,9,855,670842282,667744369,true,false,771.8333333332887,789.8333333332887,9,7,6,180,16,5,3,4,34,30,4,4,4,0,0.11764705882352941,0.8823529411764706,12,1.5,159.73333333332567,0.20695314187000852,1,1,0,3,2,24,5,3,28,5,3,29,121.79999999988922,0.15780608939740393,6,11,2,0
difficulty-hard,20260712,1,0.12,0.45,0.2,0.18,3,30,9,856,2967258999,2464263276,false,false,804.4999999999256,822.4999999999256,9,7,6,179,16,5,3,0,31,26,5,0,5,0,0.16129032258064516,0.8387096774193549,16,2,159.73333333332567,0.19854982390719755,1,0,1,5,3,23,5,3,26,0,0,0,0,0,6,12,2,0
difficulty-hard,20260712,1,0.12,0.45,0.2,0.18,3,30,9,857,2012736043,925442168,false,false,801.6333333332616,816.6333333332616,9,6,5,179,24,7,3,8,48,42,6,8,6,0,0.125,0.875,20,2.5,159.73333333332567,0.1992598444841864,1,0,1,6,3,33,7,3,41,0,0,0,0,0,4,4,2,0
difficulty-hard,20260712,1,0.12,0.45,0.2,0.18,3,30,9,858,2862593382,3596554863,false,false,783.8333333332778,801.8333333332778,9,7,6,179,18,6,3,0,32,25,7,0,7,0,0.21875,0.78125,16,2,159.73333333332567,0.20378481820115288,1,0,1,5,3,23,6,3,25,0,0,0,0,0,4,7,2,0
difficulty-hard,20260712,1,0.12,0.45,0.2,0.18,3,30,9,859,1839509716,2054870884,false,false,785.9333333332759,803.9333333332759,9,7,6,179,17,5,3,4,33,29,4,4,4,0,0.12121212121212122,0.8787878787878788,13,1.625,159.73333333332567,0.20324030876241075,1,0,1,3,3,23,5,3,28,0,0,0,0,0,3,5,2,0
difficulty-hard,20260712,1,0.12,0.45,0.2,0.18,3,30,9,860,2733196123,3247184895,false,false,813.0666666665845,831.0666666665845,9,7,6,179,18,5,2,9,44,37,7,9,7,0,0.1590909090909091,0.8409090909090909,18,2.25,159.73333333332567,0.19645785503444796,1,0,1,5,2,30,5,2,36,0,0,0,0,0,7,8,2,0
difficulty-hard,20260712,1,0.12,0.45,0.2,0.18,3,30,9,861,4290372359,884524213,true,false,788.6333333332734,806.6333333332734,9,7,6,180,18,5,3,1,29,28,1,1,1,0,0.034482758620689655,0.9655172413793104,13,1.625,159.73333333332567,0.20254448624202775,1,1,0,4,3,20,4,3,25,4,3,25,142.3999999998705,0.18056553531410624,6,11,2,0
difficulty-hard,20260712,1,0.12,0.45,0.2,0.18,3,30,9,862,471420196,2223584728,false,false,784.5666666666104,802.5666666666104,9,7,6,179,20,6,3,4,37,34,3,4,3,0,0.08108108108108109,0.918918918918919,17,2.125,159.73333333332567,0.20359434082508873,1,0,1,5,3,27,6,3,33,0,0,0,0,0,6,12,2,0
difficulty-hard,20260712,1,0.12,0.45,0.2,0.18,3,30,9,863,3330617429,2097501188,false,false,734.0333333333231,749.0333333333231,9,6,5,179,18,5,3,0,33,27,6,0,6,0,0.18181818181818182,0.8181818181818182,14,1.75,159.73333333332567,0.21761046274010432,1,0,1,4,3,21,5,3,27,0,0,0,0,0,3,5,2,0
difficulty-hard,20260712,1,0.12,0.45,0.2,0.18,3,30,9,864,3249695455,474980814,false,false,774.6666666666194,792.6666666666194,9,7,6,179,17,5,3,0,28,26,2,0,2,0,0.07142857142857142,0.9285714285714286,16,2,159.73333333332567,0.20619621342513178,1,0,1,5,3,23,5,3,26,0,0,0,0,0,3,5,1,0
difficulty-hard,20260712,1,0.12,0.45,0.2,0.18,3,30,9,865,3628079851,76795565,false,false,829.06666666657,844.06666666657,9,6,5,179,20,6,3,3,40,32,8,3,8,0,0.2,0.8,19,2.375,159.73333333332567,0.19266645223545872,1,0,1,6,3,30,6,3,31,0,0,0,0,0,5,5,2,0
difficulty-hard,20260712,1,0.12,0.45,0.2,0.18,3,30,9,866,2242546994,815404418,false,false,791.1666666666044,809.1666666666044,9,7,6,179,20,6,3,0,33,30,3,0,3,0,0.09090909090909091,0.9090909090909091,19,2.375,159.73333333332567,0.20189593427428468,1,0,1,6,3,27,6,3,30,0,0,0,0,0,6,10,1,0
difficulty-hard,20260712,1,0.12,0.45,0.2,0.18,3,30,9,867,2961591531,655916180,false,false,816.633333333248,834.633333333248,9,7,6,179,18,5,2,4,42,31,11,4,11,0,0.2619047619047619,0.7380952380952381,16,2,159.73333333332567,0.19559982040084375,1,0,1,4,2,26,4,2,29,0,0,0,0,0,7,7,2,0
difficulty-hard,20260712,1,0.12,0.45,0.2,0.18,3,30,9,868,3650372979,1178418308,false,false,748.5999999999765,763.5999999999765,9,6,5,179,20,6,3,2,32,30,2,2,2,0,0.0625,0.9375,17,2.125,159.73333333332567,0.21337607979338857,1,0,1,5,3,27,6,3,30,0,0,0,0,0,3,7,2,0
difficulty-hard,20260712,1,0.12,0.45,0.2,0.18,3,30,9,869,931402158,3323158415,false,false,813.0999999999178,831.0999999999178,9,7,6,179,18,5,3,2,33,30,3,2,3,0,0.09090909090909091,0.9090909090909091,18,2.25,159.73333333332567,0.19644980117247796,1,0,1,5,3,28,5,3,30,0,0,0,0,0,5,11,2,0
difficulty-hard,20260712,1,0.12,0.45,0.2,0.18,3,30,9,870,314278630,1671675124,false,false,731.3666666666588,749.3666666666588,9,7,6,179,14,4,3,2,29,25,4,2,4,0,0.13793103448275862,0.8620689655172413,14,1.75,159.73333333332567,0.21840390137185275,1,0,1,4,3,24,4,3,25,0,0,0,0,0,3,6,2,0
difficulty-hard,20260712,1,0.12,0.45,0.2,0.18,3,30,9,871,3467323994,1131744714,false,false,766.3333333332937,784.3333333332937,9,7,6,179,17,5,3,0,28,26,2,0,2,0,0.07142857142857142,0.9285714285714286,10,1.25,159.73333333332567,0.20843845150065324,1,0,1,2,2,19,5,3,25,0,0,0,0,0,5,7,1,0
difficulty-hard,20260712,1,0.12,0.45,0.2,0.18,3,30,9,872,956220800,486373091,false,false,733.9333333333232,751.9333333333232,9,7,6,179,18,5,3,0,32,28,4,0,4,0,0.125,0.875,15,1.875,159.73333333332567,0.2176401126351093,1,0,1,5,3,23,5,3,28,0,0,0,0,0,3,4,2,0
difficulty-hard,20260712,1,0.12,0.45,0.2,0.18,3,30,9,873,2252309232,3965898282,false,false,780.7333333332806,798.7333333332806,9,7,6,179,27,8,3,8,52,45,7,8,7,0,0.1346153846153846,0.8653846153846154,25,3.125,159.73333333332567,0.20459397147980932,1,0,1,8,3,38,8,3,45,0,0,0,0,0,5,6,2,0
difficulty-hard,20260712,1,0.12,0.45,0.2,0.18,3,30,9,874,1023824277,3756673096,false,false,751.9333333333068,766.9333333333068,9,6,5,179,18,5,3,6,37,34,3,6,3,0,0.08108108108108109,0.918918918918919,17,2.125,159.73333333332567,0.21243017998049205,1,0,1,5,3,27,5,3,34,0,0,0,0,0,5,5,2,0
difficulty-hard,20260712,1,0.12,0.45,0.2,0.18,3,30,9,875,3684845288,1472852911,false,false,808.6999999999218,823.6999999999218,9,6,5,179,19,6,3,3,35,32,3,3,3,0,0.08571428571428572,0.9142857142857143,15,1.875,159.73333333332567,0.1975186513334254,1,0,1,4,3,27,6,3,32,0,0,0,0,0,6,11,2,0
difficulty-hard,20260712,1,0.12,0.45,0.2,0.18,3,30,9,876,2257786250,815857137,false,false,784.5666666666104,802.5666666666104,9,7,6,179,22,6,3,5,44,37,7,5,7,0,0.1590909090909091,0.8409090909090909,16,2,159.73333333332567,0.20359434082508873,1,0,1,4,3,29,6,3,33,0,0,0,0,0,9,7,2,0
difficulty-hard,20260712,1,0.12,0.45,0.2,0.18,3,30,9,877,1582753516,2379370547,false,false,802.0666666665945,820.0666666665945,9,7,6,179,23,7,3,9,45,40,5,9,5,0,0.1111111111111111,0.8888888888888888,16,2,159.73333333332567,0.19915219017538863,1,0,1,5,3,29,6,3,39,0,0,0,0,0,4,5,2,0
difficulty-hard,20260712,1,0.12,0.45,0.2,0.18,3,30,9,878,492355597,2727418408,false,false,815.533333333249,833.533333333249,9,7,6,179,21,6,3,7,42,38,4,7,4,0,0.09523809523809523,0.9047619047619048,19,2.375,159.73333333332567,0.19586364751084223,1,0,1,5,3,31,6,3,37,0,0,0,0,0,6,10,2,0
difficulty-hard,20260712,1,0.12,0.45,0.2,0.18,3,30,9,879,3964024349,2664315872,false,false,795.3999999999339,810.3999999999339,9,6,5,179,17,5,3,0,30,26,4,0,4,0,0.13333333333333333,0.8666666666666667,13,1.625,159.73333333332567,0.2008213896572026,1,0,1,4,3,20,5,3,26,0,0,0,0,0,5,11,1,0
difficulty-hard,20260712,1,0.12,0.45,0.2,0.18,3,30,9,880,1004972003,3344116559,false,false,774.06666666662,792.06666666662,9,7,6,179,15,5,3,0,26,22,4,0,4,0,0.15384615384615385,0.8461538461538461,11,1.375,159.73333333332567,0.20635604168461197,1,0,1,3,2,20,5,3,22,0,0,0,0,0,6,11,3,0
difficulty-hard,20260712,1,0.12,0.45,0.2,0.18,3,30,9,881,454136920,265778106,false,false,798.4666666665978,813.4666666665978,9,6,5,179,22,7,3,2,33,31,2,2,2,0,0.06060606060606061,0.9393939393939394,14,1.75,159.73333333332567,0.20005009601737428,1,0,1,4,3,23,6,3,30,0,0,0,0,0,3,4,2,0
difficulty-hard,20260712,1,0.12,0.45,0.2,0.18,3,30,9,882,1256329598,586362694,false,false,785.4333333332763,800.4333333332763,9,6,5,179,16,5,2,2,32,28,4,2,4,0,0.125,0.875,16,2,159.73333333332567,0.2033696897678614,1,0,1,5,2,25,5,2,28,0,0,0,0,0,6,11,1,0
difficulty-hard,20260712,1,0.12,0.45,0.2,0.18,3,30,9,883,3537023914,351334951,false,false,743.8999999999808,758.8999999999808,9,6,5,179,16,4,3,3,31,29,2,3,2,0,0.06451612903225806,0.9354838709677419,15,1.875,159.73333333332567,0.21472420128152953,1,0,1,4,3,23,4,3,29,0,0,0,0,0,6,11,2,0
difficulty-hard,20260712,1,0.12,0.45,0.2,0.18,3,30,9,884,2810103782,3880003851,false,false,810.3333333332537,825.3333333332537,9,6,5,179,17,5,3,1,26,26,0,1,0,0,0,1,13,1.625,159.73333333332567,0.19712052653230117,1,0,1,3,3,23,5,3,26,0,0,0,0,0,5,8,2,0
difficulty-hard,20260712,1,0.12,0.45,0.2,0.18,3,30,9,885,3875411731,2159143871,false,false,804.9333333332586,819.9333333332586,9,6,5,179,19,6,3,1,34,30,4,1,4,0,0.11764705882352941,0.8823529411764706,17,2.125,159.73333333332567,0.1984429352327404,1,0,1,5,3,25,6,3,29,0,0,0,0,0,6,11,2,0
difficulty-hard,20260712,1,0.12,0.45,0.2,0.18,3,30,9,886,3231784451,1160104300,false,false,791.5333333332708,809.5333333332708,9,7,6,179,26,8,3,2,45,38,7,2,7,0,0.15555555555555556,0.8444444444444444,21,2.625,159.73333333332567,0.20180240882675604,1,0,1,6,3,31,8,3,38,0,0,0,0,0,9,7,2,0
difficulty-hard,20260712,1,0.12,0.45,0.2,0.18,3,30,9,887,3714516358,1398947433,false,false,820.6666666665776,838.6666666665776,9,7,6,179,18,5,3,2,32,29,3,2,3,0,0.09375,0.90625,15,1.875,159.73333333332567,0.19463850528027174,1,0,1,4,3,23,5,3,29,0,0,0,0,0,6,11,1,0
difficulty-hard,20260712,1,0.12,0.45,0.2,0.18,3,30,9,888,186538002,3971664940,false,false,805.5999999999246,823.5999999999246,9,7,6,179,22,7,3,2,38,34,4,2,4,0,0.10526315789473684,0.8947368421052632,20,2.5,159.73333333332567,0.19827871565707625,1,0,1,6,3,28,7,3,34,0,0,0,0,0,6,13,2,0
difficulty-hard,20260712,1,0.12,0.45,0.2,0.18,3,30,9,889,1731160303,2224895412,false,false,818.9999999999125,836.9999999999125,9,7,6,179,23,7,3,7,46,40,6,7,6,0,0.13043478260869565,0.8695652173913043,21,2.625,159.73333333332567,0.19503459503460652,1,0,1,7,3,31,7,3,38,0,0,0,0,0,7,8,2,0
difficulty-hard,20260712,1,0.12,0.45,0.2,0.18,3,30,9,890,3978059364,1622789605,false,false,743.3999999999812,758.3999999999812,9,6,5,179,17,4,3,3,34,30,4,3,4,0,0.11764705882352941,0.8823529411764706,12,1.5,159.73333333332567,0.2148686216482778,1,0,1,3,3,20,4,3,30,0,0,0,0,0,3,7,2,0
difficulty-hard,20260712,1,0.12,0.45,0.2,0.18,3,30,9,891,3688571001,1478679209,false,false,812.4999999999184,827.4999999999184,9,6,5,179,20,6,3,1,32,30,2,1,2,0,0.0625,0.9375,18,2.25,159.73333333332567,0.1965948717948821,1,0,1,6,3,26,6,3,30,0,0,0,0,0,6,11,2,0
difficulty-hard,20260712,1,0.12,0.45,0.2,0.18,3,30,9,892,3007638644,3426144383,false,false,758.1666666666345,773.1666666666345,9,6,5,179,14,4,3,0,30,23,7,0,7,0,0.23333333333333334,0.7666666666666667,14,1.75,159.73333333332567,0.21068366673994168,1,0,1,4,3,21,4,3,23,0,0,0,0,0,5,11,2,0
difficulty-hard,20260712,1,0.12,0.45,0.2,0.18,3,30,9,893,3824768980,921130409,false,false,780.0999999999478,798.0999999999478,9,7,6,179,18,5,3,3,31,29,2,3,2,0,0.06451612903225806,0.9354838709677419,14,1.75,159.73333333332567,0.20476007349485495,1,0,1,4,3,23,4,3,27,0,0,0,0,0,5,11,2,0
difficulty-hard,20260712,1,0.12,0.45,0.2,0.18,3,30,9,894,3666819603,3407268388,false,false,743.9333333333141,761.9333333333141,9,7,6,179,20,6,3,4,35,34,1,4,1,0,0.02857142857142857,0.9714285714285714,15,1.875,159.73333333332567,0.21471458015950776,1,0,1,4,3,26,5,3,31,0,0,0,0,0,7,8,2,0
difficulty-hard,20260712,1,0.12,0.45,0.2,0.18,3,30,9,895,565282796,2491287435,false,false,748.2666666666435,763.2666666666435,9,6,5,179,20,6,3,4,36,34,2,4,2,0,0.05555555555555555,0.9444444444444444,17,2.125,159.73333333332567,0.2134711332858125,1,0,1,5,3,26,6,3,33,0,0,0,0,0,5,11,2,0
difficulty-hard,20260712,1,0.12,0.45,0.2,0.18,3,30,9,896,1034986187,1489091593,false,false,798.266666666598,813.266666666598,9,6,5,179,15,4,3,0,27,24,3,0,3,0,0.1111111111111111,0.8888888888888888,15,1.875,159.73333333332567,0.20010021713713808,1,0,1,4,3,23,4,3,24,0,0,0,0,0,6,9,2,0
difficulty-hard,20260712,1,0.12,0.45,0.2,0.18,3,30,9,897,3094554290,2551589867,true,false,809.1333333332548,827.1333333332548,9,7,6,180,13,4,3,0,24,21,3,0,3,0,0.125,0.875,11,1.375,159.73333333332567,0.19741286973717703,1,1,0,3,3,18,4,3,21,4,3,21,144.03333333320234,0.17800939276577776,6,11,1,0
difficulty-hard,20260712,1,0.12,0.45,0.2,0.18,3,30,9,898,2410296034,1986038675,false,false,778.7333333332824,793.7333333332824,9,6,5,179,24,7,3,7,44,40,4,7,4,0,0.09090909090909091,0.9090909090909091,18,2.25,159.73333333332567,0.20511942470679237,1,0,1,5,3,29,6,3,37,0,0,0,0,0,6,9,2,0
difficulty-hard,20260712,1,0.12,0.45,0.2,0.18,3,30,9,899,3664171361,797740433,true,false,811.7333333332524,829.7333333332524,9,7,6,180,16,5,3,0,25,25,0,0,0,0,0,1,12,1.5,159.73333333332567,0.19678055190539784,1,1,0,3,1,19,5,3,24,5,3,24,147.9999999998654,0.18232588699065394,5,11,1,0
difficulty-hard,20260712,1,0.12,0.45,0.2,0.18,3,30,9,900,3057833667,2951685231,false,false,798.6999999999309,816.6999999999309,9,7,6,179,21,6,3,9,44,40,4,9,4,0,0.09090909090909091,0.9090909090909091,17,2.125,159.73333333332567,0.19999165310296668,1,0,1,5,3,30,6,3,37,0,0,0,0,0,7,8,2,0
difficulty-hard,20260712,1,0.12,0.45,0.2,0.18,3,30,9,901,3764476056,1104664335,false,false,822.8666666665756,840.8666666665756,9,7,6,179,26,8,3,6,46,41,5,6,5,0,0.10869565217391304,0.8913043478260869,22,2.75,159.73333333332567,0.1941181236328405,1,0,1,6,3,33,7,3,39,0,0,0,0,0,5,6,2,0
difficulty-hard,20260712,1,0.12,0.45,0.2,0.18,3,30,9,902,3040325505,3846965674,false,false,779.6333333332816,794.6333333332816,9,6,5,179,20,5,2,9,42,38,4,9,4,0,0.09523809523809523,0.9047619047619048,17,2.125,159.73333333332567,0.20488263713711952,1,0,1,5,2,29,5,2,35,0,0,0,0,0,7,4,2,0
difficulty-hard,20260712,1,0.12,0.45,0.2,0.18,3,30,9,903,3506744145,3173909350,false,false,802.6999999999273,820.6999999999273,9,7,6,179,9,2,2,0,20,17,3,0,3,0,0.15,0.85,7,0.875,159.73333333332567,0.1989950583447616,1,0,1,1,1,15,2,2,16,0,0,0,0,0,7,10,2,0
difficulty-hard,20260712,1,0.12,0.45,0.2,0.18,3,30,9,904,2999006242,4226335763,false,false,803.5333333332599,818.5333333332599,9,6,5,179,19,5,3,11,41,40,1,11,1,0,0.024390243902439025,0.975609756097561,16,2,159.73333333332567,0.1987886833153658,1,0,1,4,3,32,5,3,40,0,0,0,0,0,5,6,2,0
difficulty-hard,20260712,1,0.12,0.45,0.2,0.18,3,30,9,905,4047059182,1043503997,false,false,805.7666666665912,820.7666666665912,9,6,5,179,21,6,3,6,45,37,8,6,8,0,0.17777777777777778,0.8222222222222222,18,2.25,159.73333333332567,0.1982377032226128,1,0,1,5,3,29,6,3,35,0,0,0,0,0,5,7,2,0
difficulty-hard,20260712,1,0.12,0.45,0.2,0.18,3,30,9,906,3230344576,24500391,false,false,803.5999999999265,818.5999999999265,9,6,5,179,24,7,3,7,45,41,4,7,4,0,0.08888888888888889,0.9111111111111111,18,2.25,159.73333333332567,0.19877219180355934,1,0,1,5,3,28,7,3,40,0,0,0,0,0,6,11,2,0
difficulty-hard,20260712,1,0.12,0.45,0.2,0.18,3,30,9,907,3796108564,306858420,false,false,837.4999999998956,855.4999999998956,9,7,6,179,25,7,3,19,62,54,8,19,8,0,0.12903225806451613,0.8709677419354839,22,2.75,159.73333333332567,0.1907263681592186,1,0,1,6,3,35,7,3,49,0,0,0,0,0,8,8,3,0
difficulty-hard,20260712,1,0.12,0.45,0.2,0.18,3,30,9,908,3096250060,2490631564,false,false,806.0999999999242,821.0999999999242,9,6,5,179,14,4,3,0,28,24,4,0,4,0,0.14285714285714285,0.8571428571428571,12,1.5,159.73333333332567,0.1981557292312873,1,0,1,3,3,19,4,3,23,0,0,0,0,0,6,9,1,0
difficulty-hard,20260712,1,0.12,0.45,0.2,0.18,3,30,9,909,644405032,2187483541,false,false,814.2666666665834,832.2666666665834,9,7,6,179,15,4,3,0,27,24,3,0,3,0,0.1111111111111111,0.8888888888888888,13,1.625,159.73333333332567,0.1961683314229679,1,0,1,4,3,20,4,3,24,0,0,0,0,0,6,11,1,0
difficulty-hard,20260712,1,0.12,0.45,0.2,0.18,3,30,9,910,3197065273,2949260950,false,false,797.8666666665983,812.8666666665983,9,6,5,179,20,5,3,7,42,37,5,7,5,0,0.11904761904761904,0.8809523809523809,19,2.375,159.73333333332567,0.20020053475936583,1,0,1,5,3,31,5,3,37,0,0,0,0,0,6,6,3,0
difficulty-hard,20260712,1,0.12,0.45,0.2,0.18,3,30,9,911,2776619879,2414410620,false,false,779.566666666615,794.566666666615,9,6,5,179,23,7,3,6,42,39,3,6,3,0,0.07142857142857142,0.9285714285714286,22,2.75,159.73333333332567,0.20490015820755497,1,0,1,7,3,34,7,3,37,0,0,0,0,0,7,7,2,0
difficulty-hard,20260712,1,0.12,0.45,0.2,0.18,3,30,9,912,1793074428,3251511099,false,false,811.5666666665859,826.5666666665859,9,6,5,179,17,5,3,0,29,26,3,0,3,0,0.10344827586206896,0.896551724137931,13,1.625,159.73333333332567,0.19682096356841694,1,0,1,4,3,21,5,3,25,0,0,0,0,0,6,8,2,0
difficulty-hard,20260712,1,0.12,0.45,0.2,0.18,3,30,9,913,504352145,3667994689,false,false,807.733333333256,822.733333333256,9,6,5,179,23,6,3,5,40,38,2,5,2,0,0.05,0.95,17,2.125,159.73333333332567,0.19775503466491534,1,0,1,5,3,28,6,3,37,0,0,0,0,0,7,10,2,0
difficulty-hard,20260712,1,0.12,0.45,0.2,0.18,3,30,9,914,3065766968,1893731289,false,false,807.2666666665898,825.2666666665898,9,7,6,179,17,5,3,1,30,27,3,1,3,0,0.1,0.9,16,2,159.73333333332567,0.19786935337353317,1,0,1,5,3,25,5,3,27,0,0,0,0,0,5,11,2,0
difficulty-hard,20260712,1,0.12,0.45,0.2,0.18,3,30,9,915,1149341402,357686095,false,false,790.2666666666053,808.2666666666053,9,7,6,179,21,6,3,4,37,35,2,4,2,0,0.05405405405405406,0.9459459459459459,15,1.875,159.73333333332567,0.2021258646870315,1,0,1,4,2,27,6,3,34,0,0,0,0,0,6,5,1,0
difficulty-hard,20260712,1,0.12,0.45,0.2,0.18,3,30,9,916,3540731945,4204597720,false,false,788.1999999999405,803.1999999999405,9,6,5,179,22,7,3,2,35,32,3,2,3,0,0.08571428571428572,0.9142857142857143,22,2.75,159.73333333332567,0.2026558403112633,1,0,1,7,3,31,7,3,32,0,0,0,0,0,3,3,2,0
difficulty-hard,20260712,1,0.12,0.45,0.2,0.18,3,30,9,917,1193013337,1378761208,false,false,766.6333333332934,781.6333333332934,9,6,5,179,24,7,2,17,52,51,1,17,1,0,0.019230769230769232,0.9807692307692307,22,2.75,159.73333333332567,0.20835688508196093,1,0,1,6,2,45,7,2,51,0,0,0,0,0,5,11,1,0
difficulty-hard,20260712,1,0.12,0.45,0.2,0.18,3,30,9,918,3086951538,3707035004,false,false,797.499999999932,812.499999999932,9,6,5,179,18,6,3,0,28,24,4,0,4,0,0.14285714285714285,0.8571428571428571,16,2,159.73333333332567,0.20029258098224362,1,0,1,5,2,23,6,3,24,0,0,0,0,0,3,5,2,0
difficulty-hard,20260712,1,0.12,0.45,0.2,0.18,3,30,9,919,59924655,3071167372,false,false,810.2666666665871,828.2666666665871,9,7,6,179,17,5,3,3,35,30,5,3,5,0,0.14285714285714285,0.8571428571428571,15,1.875,159.73333333332567,0.19713674510450227,1,0,1,5,3,25,5,3,29,0,0,0,0,0,5,10,2,0
difficulty-hard,20260712,1,0.12,0.45,0.2,0.18,3,30,9,920,1071924375,2659105351,false,false,757.566666666635,772.566666666635,9,6,5,179,22,6,3,7,44,39,5,7,5,0,0.11363636363636363,0.8863636363636364,18,2.25,159.73333333332567,0.2108505302063612,1,0,1,5,3,32,6,3,39,0,0,0,0,0,6,5,2,0
difficulty-hard,20260712,1,0.12,0.45,0.2,0.18,3,30,9,921,2689210652,1496640871,false,false,821.7999999999099,839.7999999999099,9,7,6,179,19,6,3,9,42,38,4,9,4,0,0.09523809523809523,0.9047619047619048,17,2.125,159.73333333332567,0.1943700819339781,1,0,1,5,3,33,6,3,38,0,0,0,0,0,7,8,1,0
difficulty-hard,20260712,1,0.12,0.45,0.2,0.18,3,30,9,922,821904855,4092422009,false,false,799.7999999999299,817.7999999999299,9,7,6,179,19,5,3,6,40,34,6,6,6,0,0.15,0.85,14,1.75,159.73333333332567,0.1997165958156285,1,0,1,4,3,27,5,3,34,0,0,0,0,0,3,5,2,0
difficulty-hard,20260712,1,0.12,0.45,0.2,0.18,3,30,9,923,1213368780,2345459639,false,false,750.966666666641,765.966666666641,9,6,5,179,15,4,3,2,30,24,6,2,6,0,0.2,0.8,12,1.5,159.73333333332567,0.21270362643703378,1,0,1,3,2,22,4,3,24,0,0,0,0,0,6,10,2,0
difficulty-hard,20260712,1,0.12,0.45,0.2,0.18,3,30,9,924,3124433466,2710460627,false,false,804.0333333332594,822.0333333332594,9,7,6,179,13,3,3,1,29,24,5,1,5,0,0.1724137931034483,0.8275862068965517,9,1.125,159.73333333332567,0.19866506363750305,1,0,1,3,3,15,3,3,24,0,0,0,0,0,3,4,2,0
difficulty-hard,20260712,1,0.12,0.45,0.2,0.18,3,30,9,925,2245915604,972488536,false,false,822.3333333332428,837.3333333332428,9,6,5,179,16,5,2,0,29,23,6,0,6,0,0.20689655172413793,0.7931034482758621,14,1.75,159.73333333332567,0.19424402107824476,1,0,1,4,2,22,4,2,22,0,0,0,0,0,6,11,2,0
difficulty-hard,20260712,1,0.12,0.45,0.2,0.18,3,30,9,926,1466012397,4003162438,false,false,803.1666666665935,818.1666666665935,9,6,5,179,14,4,2,0,27,23,4,0,4,0,0.14814814814814814,0.8518518518518519,13,1.625,159.73333333332567,0.19887943556755372,1,0,1,4,2,19,4,2,22,0,0,0,0,0,5,8,2,0
difficulty-hard,20260712,1,0.12,0.45,0.2,0.18,3,30,9,927,402262889,3515715558,false,false,756.0333333333031,774.0333333333031,9,7,6,179,21,6,3,8,41,38,3,8,3,0,0.07317073170731707,0.926829268292683,16,2,159.73333333332567,0.21127816233851957,1,0,1,4,3,28,6,3,37,0,0,0,0,0,5,5,2,0
difficulty-hard,20260712,1,0.12,0.45,0.2,0.18,3,30,9,928,2602740465,1483003507,false,false,808.499999999922,826.499999999922,9,7,6,179,15,4,3,0,28,23,5,0,5,0,0.17857142857142858,0.8214285714285714,12,1.5,159.73333333332567,0.19756751185323573,1,0,1,3,2,20,4,3,23,0,0,0,0,0,7,13,2,0
difficulty-hard,20260712,1,0.12,0.45,0.2,0.18,3,30,9,929,3284993541,868253878,false,false,800.6666666665958,815.6666666665958,9,6,5,179,12,3,3,0,23,20,3,0,3,0,0.13043478260869565,0.8695652173913043,11,1.375,159.73333333332567,0.19950041631974164,1,0,1,3,3,18,3,3,19,0,0,0,0,0,5,9,2,0
difficulty-hard,20260712,1,0.12,0.45,0.2,0.18,3,30,9,930,942700194,485714837,false,false,802.1999999999277,820.1999999999277,9,7,6,179,21,6,3,6,40,37,3,6,3,0,0.075,0.925,20,2.5,159.73333333332567,0.19911908917145357,1,0,1,6,3,30,6,3,37,0,0,0,0,0,7,7,1,0
difficulty-hard,20260712,1,0.12,0.45,0.2,0.18,3,30,9,931,2520856085,296332017,false,false,782.8999999999453,800.8999999999453,9,7,6,179,21,6,3,19,56,50,6,19,6,0,0.10714285714285714,0.8928571428571429,18,2.25,159.73333333332567,0.204027760037472,1,0,1,5,3,38,6,3,46,0,0,0,0,0,8,5,2,0
difficulty-hard,20260712,1,0.12,0.45,0.2,0.18,3,30,9,932,2486346287,978657743,false,false,794.9999999999343,812.9999999999343,9,7,6,179,21,6,3,3,36,34,2,3,2,0,0.05555555555555555,0.9444444444444444,19,2.375,159.73333333332567,0.20092243186583505,1,0,1,6,3,29,6,3,34,0,0,0,0,0,4,3,2,0
difficulty-hard,20260712,1,0.12,0.45,0.2,0.18,3,30,9,933,3323974632,665002779,false,false,766.9999999999598,784.9999999999598,9,7,6,179,15,4,3,2,32,27,5,2,5,0,0.15625,0.84375,13,1.625,159.73333333332567,0.20825727944372108,1,0,1,4,3,22,4,3,26,0,0,0,0,0,6,11,2,0
difficulty-hard,20260712,1,0.12,0.45,0.2,0.18,3,30,9,934,272725077,2572975760,false,false,781.9999999999461,796.9999999999461,9,6,5,179,16,4,2,6,39,32,7,6,7,0,0.1794871794871795,0.8205128205128205,14,1.75,159.73333333332567,0.2042625745950597,1,0,1,4,2,24,4,2,30,0,0,0,0,0,6,11,2,0
difficulty-hard,20260712,1,0.12,0.45,0.2,0.18,3,30,9,935,1602680924,356929749,false,false,797.5666666665986,815.5666666665986,9,7,6,179,13,4,3,0,29,23,6,0,6,0,0.20689655172413793,0.7931034482758621,11,1.375,159.73333333332567,0.20027583901033055,1,0,1,3,3,20,4,3,21,0,0,0,0,0,5,8,2,0
difficulty-hard,20260712,1,0.12,0.45,0.2,0.18,3,30,9,936,2474483380,768412751,false,false,758.1666666666345,773.1666666666345,9,6,5,179,18,5,3,3,34,31,3,3,3,0,0.08823529411764706,0.9117647058823529,14,1.75,159.73333333332567,0.21068366673994168,1,0,1,4,3,23,5,3,28,0,0,0,0,0,6,11,2,0
difficulty-hard,20260712,1,0.12,0.45,0.2,0.18,3,30,9,937,2773434816,3623971566,false,false,812.6999999999182,830.6999999999182,9,7,6,179,14,4,3,0,27,23,4,0,4,0,0.14814814814814814,0.8518518518518519,12,1.5,159.73333333332567,0.19654649112014488,1,0,1,4,3,18,4,3,23,0,0,0,0,0,6,11,2,0
difficulty-hard,20260712,1,0.12,0.45,0.2,0.18,3,30,9,938,175318380,1622806700,false,false,743.599999999981,761.599999999981,9,7,6,179,13,4,3,3,28,26,2,3,2,0,0.07142857142857142,0.9285714285714286,11,1.375,159.73333333332567,0.21481083019544076,1,0,1,3,3,19,4,3,26,0,0,0,0,0,4,4,2,0
difficulty-hard,20260712,1,0.12,0.45,0.2,0.18,3,30,9,939,535835238,714751649,false,false,807.3333333332564,822.3333333332564,9,6,5,179,12,3,3,0,23,19,4,0,4,0,0.17391304347826086,0.8260869565217391,11,1.375,159.73333333332567,0.1978530140379945,1,0,1,3,3,17,3,3,18,0,0,0,0,0,3,5,1,0
difficulty-hard,20260712,1,0.12,0.45,0.2,0.18,3,30,9,940,1739754714,530203535,false,false,777.5999999999501,795.5999999999501,9,7,6,179,18,5,3,0,28,26,2,0,2,0,0.07142857142857142,0.9285714285714286,12,1.5,159.73333333332567,0.2054183813443106,1,0,1,3,2,20,5,3,26,0,0,0,0,0,6,10,1,0
difficulty-hard,20260712,1,0.12,0.45,0.2,0.18,3,30,9,941,3618987659,3115410064,false,false,739.7333333333179,754.7333333333179,9,6,5,179,23,7,3,8,41,40,1,8,1,0,0.024390243902439025,0.975609756097561,17,2.125,159.73333333332567,0.2159336697909098,1,0,1,5,2,27,6,2,37,0,0,0,0,0,7,11,1,0
difficulty-hard,20260712,1,0.12,0.45,0.2,0.18,3,30,9,942,2086536537,4205027581,false,false,773.6666666666204,791.6666666666204,9,7,6,179,19,5,2,8,40,36,4,8,4,0,0.1,0.9,17,2.125,159.73333333332567,0.20646273158121745,1,0,1,4,2,30,4,2,33,0,0,0,0,0,7,13,2,0
difficulty-hard,20260712,1,0.12,0.45,0.2,0.18,3,30,9,943,2662488750,2711068908,false,false,761.3333333332982,779.3333333332982,9,7,6,179,23,7,2,3,39,36,3,3,3,0,0.07692307692307693,0.9230769230769231,18,2.25,159.73333333332567,0.2098073555166371,1,0,1,5,2,28,7,2,35,0,0,0,0,0,7,8,2,0
difficulty-hard,20260712,1,0.12,0.45,0.2,0.18,3,30,9,944,3787713063,238302861,false,false,813.8666666665838,831.8666666665838,9,7,6,179,22,7,3,8,46,40,6,8,6,0,0.13043478260869565,0.8695652173913043,20,2.5,159.73333333332567,0.1962647444298926,1,0,1,6,3,33,7,3,40,0,0,0,0,0,6,7,2,0
difficulty-hard,20260712,1,0.12,0.45,0.2,0.18,3,30,9,945,3081263109,646658755,true,false,801.8666666665947,816.8666666665947,9,6,5,180,15,5,3,0,29,24,5,0,5,0,0.1724137931034483,0.8275862068965517,13,1.625,159.73333333332567,0.19920186232125875,1,1,0,4,3,21,4,3,22,4,3,23,145.9666666665339,0.18203358829383148,6,11,2,0
difficulty-hard,20260712,1,0.12,0.45,0.2,0.18,3,30,9,946,1441428547,653327865,false,false,815.2666666665825,833.2666666665825,9,7,6,179,21,6,3,5,36,34,2,5,2,0,0.05555555555555555,0.9444444444444444,16,2,159.73333333332567,0.19592771281381408,1,0,1,4,3,27,5,3,32,0,0,0,0,0,8,9,2,0
difficulty-hard,20260712,1,0.12,0.45,0.2,0.18,3,30,9,947,1345279160,1679115596,false,false,724.9333333333313,739.9333333333313,9,6,5,179,16,4,3,1,33,27,6,1,6,0,0.18181818181818182,0.8181818181818182,14,1.75,159.73333333332567,0.22034210042301744,1,0,1,4,3,23,4,3,25,0,0,0,0,0,6,5,2,0
difficulty-hard,20260712,1,0.12,0.45,0.2,0.18,3,30,9,948,3578699072,3628247524,false,false,759.8333333332996,774.8333333332996,9,6,5,179,16,5,3,0,29,24,5,0,5,0,0.1724137931034483,0.8275862068965517,15,1.875,159.73333333332567,0.21022153981136138,1,0,1,5,3,23,5,3,24,0,0,0,0,0,6,14,2,0
difficulty-hard,20260712,1,0.12,0.45,0.2,0.18,3,30,9,949,2433015263,2996708795,false,false,744.2666666666471,762.2666666666471,9,7,6,179,17,5,3,0,27,25,2,0,2,0,0.07407407407407407,0.9259259259259259,11,1.375,159.73333333332567,0.21461841633822537,1,0,1,3,2,18,5,3,24,0,0,0,0,0,6,10,2,0
difficulty-hard,20260712,1,0.12,0.45,0.2,0.18,3,30,9,950,445071897,2600849336,false,false,760.7999999999654,778.7999999999654,9,7,6,179,26,8,3,7,48,43,5,7,5,0,0.10416666666666667,0.8958333333333334,24,3,159.73333333332567,0.20995443392919683,1,0,1,7,3,36,8,3,41,0,0,0,0,0,8,8,3,0
difficulty-hard,20260712,1,0.12,0.45,0.2,0.18,3,30,9,951,589512613,1310431026,false,false,814.8333333332496,829.8333333332496,9,6,5,179,24,7,3,11,51,45,6,11,6,0,0.11764705882352941,0.8823529411764706,21,2.625,159.73333333332567,0.1960319083657297,1,0,1,6,3,38,7,3,45,0,0,0,0,0,6,8,2,0
difficulty-hard,20260712,1,0.12,0.45,0.2,0.18,3,30,9,952,2908303188,2258518151,false,false,804.2999999999258,822.2999999999258,9,7,6,179,19,6,3,1,35,30,5,1,5,0,0.14285714285714285,0.8571428571428571,16,2,159.73333333332567,0.19859919598823872,1,0,1,5,3,24,6,3,28,0,0,0,0,0,5,7,2,0
difficulty-hard,20260712,1,0.12,0.45,0.2,0.18,3,30,9,953,3920574325,2292017706,false,false,754.7333333333042,772.7333333333042,9,7,6,179,23,7,3,3,39,36,3,3,3,0,0.07692307692307693,0.9230769230769231,19,2.375,159.73333333332567,0.2116420810882411,1,0,1,6,3,28,7,3,35,0,0,0,0,0,7,6,1,0
difficulty-hard,20260712,1,0.12,0.45,0.2,0.18,3,30,9,954,3413126657,3865241069,false,false,763.8666666666293,778.8666666666293,9,6,5,179,22,6,3,8,47,39,8,8,8,0,0.1702127659574468,0.8297872340425532,20,2.5,159.73333333332567,0.20911153779019048,1,0,1,6,3,31,6,3,36,0,0,0,0,0,5,4,3,0
difficulty-hard,20260712,1,0.12,0.45,0.2,0.18,3,30,9,955,2896586202,315623067,false,false,772.6666666666213,790.6666666666213,9,7,6,179,24,7,3,12,52,45,7,12,7,0,0.1346153846153846,0.8653846153846154,20,2.5,159.73333333332567,0.20672993960310837,1,0,1,6,3,35,7,3,44,0,0,0,0,0,2,4,3,0
difficulty-hard,20260712,1,0.12,0.45,0.2,0.18,3,30,9,956,3472520175,2309041618,false,false,785.399999999943,800.399999999943,9,6,5,179,25,7,3,7,48,41,7,7,7,0,0.14583333333333334,0.8541666666666666,22,2.75,159.73333333332567,0.20337832102538486,1,0,1,6,3,37,7,3,40,0,0,0,0,0,5,4,2,0
difficulty-hard,20260712,1,0.12,0.45,0.2,0.18,3,30,9,957,1095532579,1591727351,false,false,799.8333333332632,814.8333333332632,9,6,5,179,25,7,3,11,49,46,3,11,3,0,0.061224489795918366,0.9387755102040817,18,2.25,159.73333333332567,0.1997082725567906,1,0,1,5,3,34,7,3,46,0,0,0,0,0,3,4,1,0
difficulty-hard,20260712,1,0.12,0.45,0.2,0.18,3,30,9,958,3188523528,13954226,false,false,799.8999999999298,814.8999999999298,9,6,5,179,26,8,3,3,41,37,4,3,4,0,0.0975609756097561,0.9024390243902439,20,2.5,159.73333333332567,0.19969162812018962,1,0,1,6,3,29,8,3,36,0,0,0,0,0,6,8,2,0
difficulty-hard,20260712,1,0.12,0.45,0.2,0.18,3,30,9,959,4261899638,3042559616,false,false,725.666666666664,743.666666666664,9,7,6,179,23,7,3,10,47,43,4,10,4,0,0.0851063829787234,0.9148936170212766,21,2.625,159.73333333332567,0.2201194304088097,1,0,1,6,3,38,7,3,43,0,0,0,0,0,3,5,2,0
difficulty-hard,20260712,1,0.12,0.45,0.2,0.18,3,30,9,960,1687083484,1980570914,false,false,811.1999999999196,829.1999999999196,9,7,6,179,23,7,2,16,54,49,5,16,5,0,0.09259259259259259,0.9074074074074074,22,2.75,159.73333333332567,0.19690992767916854,1,0,1,7,2,42,7,2,49,0,0,0,0,0,6,8,2,0
difficulty-hard,20260712,1,0.12,0.45,0.2,0.18,3,30,9,961,2287499379,678414123,true,false,800.8666666665956,818.8666666665956,9,7,6,180,17,5,3,1,29,27,2,1,2,0,0.06896551724137931,0.9310344827586207,14,1.75,159.73333333332567,0.19945059518855388,1,1,0,4,3,22,5,3,26,5,3,26,148.26666666653182,0.18513277282928284,5,11,1,0
difficulty-hard,20260712,1,0.12,0.45,0.2,0.18,3,30,9,962,4258697595,686976379,false,false,742.9666666666483,760.9666666666483,9,7,6,179,21,6,3,7,43,38,5,7,5,0,0.11627906976744186,0.8837209302325582,16,2,159.73333333332567,0.21499394320067697,1,0,1,4,3,29,6,3,37,0,0,0,0,0,4,5,2,0
difficulty-hard,20260712,1,0.12,0.45,0.2,0.18,3,30,9,963,462238887,744800442,false,false,815.866666666582,830.866666666582,9,6,5,179,17,5,3,2,32,29,3,2,3,0,0.09375,0.90625,13,1.625,159.73333333332567,0.195783624775301,1,0,1,4,3,21,5,3,28,0,0,0,0,0,6,8,2,0
difficulty-hard,20260712,1,0.12,0.45,0.2,0.18,3,30,9,964,120531426,611215294,false,false,821.4666666665769,839.4666666665769,9,7,6,179,19,5,2,7,40,36,4,7,4,0,0.1,0.9,14,1.75,159.73333333332567,0.19444895309204244,1,0,1,4,2,24,5,2,34,0,0,0,0,0,7,8,3,0
difficulty-hard,20260712,1,0.12,0.45,0.2,0.18,3,30,9,965,2196722015,856401051,true,false,806.6999999999236,824.6999999999236,9,7,6,180,23,7,3,5,42,37,5,5,5,0,0.11904761904761904,0.8809523809523809,16,2,159.73333333332567,0.19800834676253973,1,1,0,4,2,25,7,3,32,7,3,33,146.8333333331998,0.18201727201340484,7,11,3,0
difficulty-hard,20260712,1,0.12,0.45,0.2,0.18,3,30,9,966,1687691848,1824544692,false,false,824.5666666665741,839.5666666665741,9,6,5,179,21,6,3,3,34,32,2,3,2,0,0.058823529411764705,0.9411764705882353,16,2,159.73333333332567,0.19371791243886924,1,0,1,5,3,24,6,3,32,0,0,0,0,0,6,10,2,0
difficulty-hard,20260712,1,0.12,0.45,0.2,0.18,3,30,9,967,277546577,301367261,false,false,782.7666666666121,797.7666666666121,9,6,5,179,16,4,3,6,34,32,2,6,2,0,0.058823529411764705,0.9411764705882353,15,1.875,159.73333333332567,0.2040625133075035,1,0,1,4,3,29,4,3,32,0,0,0,0,0,5,10,2,0
difficulty-hard,20260712,1,0.12,0.45,0.2,0.18,3,30,9,968,2458585462,3677066272,false,false,814.5999999999165,832.5999999999165,9,7,6,179,24,7,3,8,44,41,3,8,3,0,0.06818181818181818,0.9318181818181818,19,2.375,159.73333333332567,0.19608805957935435,1,0,1,5,3,31,7,3,38,0,0,0,0,0,8,7,2,0
difficulty-hard,20260712,1,0.12,0.45,0.2,0.18,3,30,9,969,658956673,639051345,false,false,798.8333333332641,816.8333333332641,9,7,6,179,19,5,2,7,42,36,6,7,6,0,0.14285714285714285,0.8571428571428571,18,2.25,159.73333333332567,0.19995827248070874,1,0,1,5,2,34,5,2,36,0,0,0,0,0,7,8,2,0
difficulty-hard,20260712,1,0.12,0.45,0.2,0.18,3,30,9,970,1213978238,1111058557,false,false,808.5999999999219,826.5999999999219,9,7,6,179,18,5,3,7,39,35,4,7,4,0,0.10256410256410256,0.8974358974358975,15,1.875,159.73333333332567,0.19754307857202708,1,0,1,4,3,30,5,3,34,0,0,0,0,0,5,11,2,0
difficulty-hard,20260712,1,0.12,0.45,0.2,0.18,3,30,9,971,3809629347,1622747663,false,false,780.0666666666145,798.0666666666145,9,7,6,179,21,6,3,8,41,37,4,8,4,0,0.0975609756097561,0.9024390243902439,19,2.375,159.73333333332567,0.20476882317751005,1,0,1,5,3,33,6,3,37,0,0,0,0,0,3,7,2,0
difficulty-hard,20260712,1,0.12,0.45,0.2,0.18,3,30,9,972,3376765198,2177055838,false,false,783.9333333332777,801.9333333332777,9,7,6,179,18,5,3,8,41,36,5,8,5,0,0.12195121951219512,0.8780487804878049,18,2.25,159.73333333332567,0.20375882302917384,1,0,1,5,3,35,5,3,36,0,0,0,0,0,3,5,2,0
difficulty-hard,20260712,1,0.12,0.45,0.2,0.18,3,30,9,973,1172418238,629219332,false,false,762.9999999999634,777.9999999999634,9,6,5,179,28,8,3,21,61,59,2,21,2,0,0.03278688524590164,0.9672131147540983,26,3.25,159.73333333332567,0.2093490607252075,1,0,1,7,3,49,8,3,59,0,0,0,0,0,3,4,2,0
difficulty-hard,20260712,1,0.12,0.45,0.2,0.18,3,30,9,974,3910719142,383489947,true,false,787.1333333332748,805.1333333332748,9,7,6,180,18,5,3,8,42,36,6,8,6,0,0.14285714285714285,0.8571428571428571,15,1.875,159.73333333332567,0.202930464978408,1,1,0,4,3,30,5,3,34,5,3,35,131.86666666654673,0.16752773778253138,5,11,2,0
difficulty-hard,20260712,1,0.12,0.45,0.2,0.18,3,30,9,975,3966493012,2316709138,false,false,798.5333333332644,816.5333333332644,9,7,6,179,19,6,3,3,36,32,4,3,4,0,0.1111111111111111,0.8888888888888888,13,1.625,159.73333333332567,0.20003339455669494,1,0,1,3,3,23,6,3,31,0,0,0,0,0,5,10,2,0
difficulty-hard,20260712,1,0.12,0.45,0.2,0.18,3,30,9,976,818227614,3004407232,false,false,741.9999999999825,759.9999999999825,9,7,6,179,29,9,3,11,55,50,5,11,5,0,0.09090909090909091,0.9090909090909091,23,2.875,159.73333333332567,0.21527403414195342,1,0,1,7,3,34,9,3,48,0,0,0,0,0,9,5,3,0
difficulty-hard,20260712,1,0.12,0.45,0.2,0.18,3,30,9,977,1461362866,2485410031,false,false,809.0666666665882,827.0666666665882,9,7,6,179,19,6,2,3,35,32,3,3,3,0,0.08571428571428572,0.9142857142857143,17,2.125,159.73333333332567,0.19742913645353638,1,0,1,5,2,28,6,2,31,0,0,0,0,0,9,5,2,0
difficulty-hard,20260712,1,0.12,0.45,0.2,0.18,3,30,9,978,3612420950,113636708,false,false,783.9999999999443,798.9999999999443,9,6,5,179,20,6,3,6,42,36,6,6,6,0,0.14285714285714285,0.8571428571428571,17,2.125,159.73333333332567,0.20374149659864416,1,0,1,5,3,29,6,3,36,0,0,0,0,0,3,3,2,0
difficulty-hard,20260712,1,0.12,0.45,0.2,0.18,3,30,9,979,958016093,2276318793,false,false,812.9999999999179,827.9999999999179,9,6,5,179,18,5,3,1,28,28,0,1,0,0,0,1,16,2,159.73333333332567,0.1964739647396578,1,0,1,5,3,24,5,3,27,0,0,0,0,0,7,14,1,0
difficulty-hard,20260712,1,0.12,0.45,0.2,0.18,3,30,9,980,565551732,4270869137,false,false,792.9999999999361,810.9999999999361,9,7,6,179,20,6,3,2,38,31,7,2,7,0,0.18421052631578946,0.8157894736842105,16,2,159.73333333332567,0.20142917192098178,1,0,1,5,3,25,6,3,30,0,0,0,0,0,6,7,2,0
difficulty-hard,20260712,1,0.12,0.45,0.2,0.18,3,30,9,981,2873724877,371137481,false,false,814.4666666665833,829.4666666665833,9,6,5,179,18,5,3,3,37,31,6,3,6,0,0.16216216216216217,0.8378378378378378,18,2.25,159.73333333332567,0.19612016043219535,1,0,1,5,3,27,5,3,31,0,0,0,0,0,6,11,2,0
difficulty-hard,20260712,1,0.12,0.45,0.2,0.18,3,30,9,982,1006145271,3758812595,false,false,782.2666666666125,800.2666666666125,9,7,6,179,20,6,3,2,33,30,3,2,3,0,0.09090909090909091,0.9090909090909091,13,1.625,159.73333333332567,0.20419294358275533,1,0,1,4,3,22,6,3,29,0,0,0,0,0,7,11,2,0
difficulty-hard,20260712,1,0.12,0.45,0.2,0.18,3,30,9,983,3419587441,193384334,false,false,739.8333333333178,754.8333333333178,9,6,5,179,22,6,3,6,42,38,4,6,4,0,0.09523809523809523,0.9047619047619048,18,2.25,159.73333333332567,0.21590448299165896,1,0,1,5,3,29,6,3,36,0,0,0,0,0,7,8,2,0
difficulty-hard,20260712,1,0.12,0.45,0.2,0.18,3,30,9,984,127526150,3698235621,false,false,795.5666666666004,813.5666666666004,9,7,6,179,24,7,3,5,44,38,6,5,6,0,0.13636363636363635,0.8636363636363636,18,2.25,159.73333333332567,0.20077931872460592,1,0,1,5,3,27,7,3,36,0,0,0,0,0,4,4,2,0
difficulty-hard,20260712,1,0.12,0.45,0.2,0.18,3,30,9,985,1956947084,916410653,false,false,757.8333333333014,772.8333333333014,9,6,5,179,13,3,3,3,31,26,5,3,5,0,0.16129032258064516,0.8387096774193549,13,1.625,159.73333333332567,0.21077633604574322,1,0,1,3,3,25,3,3,26,0,0,0,0,0,6,11,2,0
difficulty-hard,20260712,1,0.12,0.45,0.2,0.18,3,30,9,986,2914862651,3428820699,false,false,729.2666666666607,747.2666666666607,9,7,6,179,16,5,3,2,30,28,2,2,2,0,0.06666666666666667,0.9333333333333333,16,2,159.73333333332567,0.21903281835633098,1,0,1,5,3,25,5,3,28,0,0,0,0,0,3,5,1,0
difficulty-hard,20260712,1,0.12,0.45,0.2,0.18,3,30,9,987,635096783,2784133832,false,false,745.2999999999795,760.2999999999795,9,6,5,179,13,4,3,0,26,20,6,0,6,0,0.23076923076923078,0.7692307692307693,11,1.375,159.73333333332567,0.21432085513662963,1,0,1,3,2,18,3,2,18,0,0,0,0,0,5,11,1,0
difficulty-hard,20260712,1,0.12,0.45,0.2,0.18,3,30,9,988,4059015902,1973228943,false,false,779.4333333332818,794.4333333332818,9,6,5,179,22,7,3,4,37,35,2,4,2,0,0.05405405405405406,0.9459459459459459,16,2,159.73333333332567,0.20493520934012263,1,0,1,4,2,27,7,3,34,0,0,0,0,0,7,10,2,0
difficulty-hard,20260712,1,0.12,0.45,0.2,0.18,3,30,9,989,2918745987,2102025352,false,false,796.4999999999329,811.4999999999329,9,6,5,179,21,6,3,4,43,35,8,4,8,0,0.18604651162790697,0.813953488372093,19,2.375,159.73333333332567,0.20054404687173777,1,0,1,6,3,29,6,3,33,0,0,0,0,0,7,5,2,0
difficulty-hard,20260712,1,0.12,0.45,0.2,0.18,3,30,9,990,3313379949,4109451914,false,false,746.0666666666455,761.0666666666455,9,6,5,179,18,5,3,2,32,28,4,2,4,0,0.125,0.875,15,1.875,159.73333333332567,0.21410061656687993,1,0,1,4,3,23,5,3,28,0,0,0,0,0,5,5,2,0
difficulty-hard,20260712,1,0.12,0.45,0.2,0.18,3,30,9,991,1676637696,296290578,false,false,824.8999999999071,839.8999999999071,9,6,5,179,14,4,3,0,28,21,7,0,7,0,0.25,0.75,10,1.25,159.73333333332567,0.19363963308685134,1,0,1,2,2,17,3,2,20,0,0,0,0,0,6,8,2,0
difficulty-hard,20260712,1,0.12,0.45,0.2,0.18,3,30,9,992,1714921302,1727649748,false,false,790.6999999999382,805.6999999999382,9,6,5,179,23,7,3,6,43,39,4,6,4,0,0.09302325581395349,0.9069767441860465,17,2.125,159.73333333332567,0.20201509211248028,1,0,1,5,3,28,7,3,37,0,0,0,0,0,6,5,2,0
difficulty-hard,20260712,1,0.12,0.45,0.2,0.18,3,30,9,993,4173353121,2385002023,false,false,756.8999999999689,774.8999999999689,9,7,6,179,19,5,3,6,40,34,6,6,6,0,0.15,0.85,18,2.25,159.73333333332567,0.21103624432994084,1,0,1,5,3,30,5,3,34,0,0,0,0,0,2,7,2,0
difficulty-hard,20260712,1,0.12,0.45,0.2,0.18,3,30,9,994,481502886,1614118035,true,false,796.4999999999329,814.4999999999329,9,7,6,180,14,4,3,0,26,24,2,0,2,0,0.07692307692307693,0.9230769230769231,11,1.375,159.73333333332567,0.20054404687173777,1,1,0,3,3,20,4,3,22,4,3,23,144.29999999986876,0.18116760828610284,6,11,2,0
difficulty-hard,20260712,1,0.12,0.45,0.2,0.18,3,30,9,995,3099379630,1056517541,false,false,761.2666666666316,776.2666666666316,9,6,5,179,18,5,3,6,37,34,3,6,3,0,0.08108108108108109,0.918918918918919,14,1.75,159.73333333332567,0.20982572904807736,1,0,1,4,3,28,5,3,34,0,0,0,0,0,3,5,2,0
difficulty-hard,20260712,1,0.12,0.45,0.2,0.18,3,30,9,996,3686769458,3479322266,false,false,802.7999999999272,817.7999999999272,9,6,5,179,15,4,3,0,33,25,8,0,8,0,0.24242424242424243,0.7575757575757576,8,1,159.73333333332567,0.19897027071915815,1,0,1,2,2,17,4,3,25,0,0,0,0,0,8,5,2,0
difficulty-hard,20260712,1,0.12,0.45,0.2,0.18,3,30,9,997,1410639379,2654782746,false,false,791.1333333332711,809.1333333332711,9,7,6,179,18,5,2,8,39,36,3,8,3,0,0.07692307692307693,0.9230769230769231,16,2,159.73333333332567,0.20190444088649814,1,0,1,5,2,26,5,2,36,0,0,0,0,0,6,8,2,0
difficulty-hard,20260712,1,0.12,0.45,0.2,0.18,3,30,9,998,2623188868,3341151651,false,false,795.9666666666001,810.9666666666001,9,6,5,179,17,5,2,0,28,26,2,0,2,0,0.07142857142857142,0.9285714285714286,14,1.75,159.73333333332567,0.20067842036936936,1,0,1,4,2,21,5,2,26,0,0,0,0,0,6,10,2,0
difficulty-hard,20260712,1,0.12,0.45,0.2,0.18,3,30,9,999,1552928479,4286439448,false,false,748.5666666666432,763.5666666666432,9,6,5,179,16,5,3,1,33,26,7,1,7,0,0.21212121212121213,0.7878787878787878,11,1.375,159.73333333332567,0.21338558133321106,1,0,1,3,3,19,5,3,26,0,0,0,0,0,5,14,2,0
difficulty-hard,20260712,1,0.12,0.45,0.2,0.18,3,30,9,1000,269680255,104826553,false,false,726.4666666666633,744.4666666666633,9,7,6,179,20,6,3,9,45,39,6,9,6,0,0.13333333333333333,0.8666666666666667,18,2.25,159.73333333332567,0.21987703037532313,1,0,1,5,3,32,6,3,37,0,0,0,0,0,8,7,2,0
difficulty-hard,20260712,1,0.12,0.45,0.2,0.18,3,30,9,1001,1950426969,2122144294,false,false,735.4333333333218,753.4333333333218,9,7,6,179,13,3,2,6,37,29,8,6,8,0,0.21621621621621623,0.7837837837837838,10,1.25,159.73333333332567,0.2171962108507386,1,0,1,2,1,19,3,2,27,0,0,0,0,0,3,6,2,0
difficulty-hard,20260712,1,0.12,0.45,0.2,0.18,3,30,9,1002,323712127,1393752954,false,false,786.5666666666086,804.5666666666086,9,7,6,179,15,4,3,0,25,22,3,0,3,0,0.12,0.88,8,1,159.73333333332567,0.20307666228758417,1,0,1,2,2,14,3,2,21,0,0,0,0,0,6,11,2,0
difficulty-hard,20260712,1,0.12,0.45,0.2,0.18,3,30,9,1003,3165395713,3197372681,false,false,750.3666666666415,768.3666666666415,9,7,6,179,22,7,3,9,46,41,5,9,5,0,0.10869565217391304,0.8913043478260869,22,2.75,159.73333333332567,0.21287370618808274,1,0,1,7,3,38,7,3,41,0,0,0,0,0,6,8,2,0
difficulty-hard,20260712,1,0.12,0.45,0.2,0.18,3,30,9,1004,3722055240,2805228360,false,false,764.166666666629,782.166666666629,9,7,6,179,22,7,3,3,38,34,4,3,4,0,0.10526315789473684,0.8947368421052632,14,1.75,159.73333333332567,0.20902944383860442,1,0,1,4,3,22,7,3,33,0,0,0,0,0,7,7,1,0
difficulty-hard,20260712,1,0.12,0.45,0.2,0.18,3,30,9,1005,1017605448,4174147395,false,false,793.1999999999359,811.1999999999359,9,7,6,179,19,6,3,3,38,32,6,3,6,0,0.15789473684210525,0.8421052631578947,14,1.75,159.73333333332567,0.20137838292150603,1,0,1,4,3,25,6,3,32,0,0,0,0,0,3,5,2,0
difficulty-hard,20260712,1,0.12,0.45,0.2,0.18,3,30,9,1006,1461589554,700126599,false,false,743.4666666666478,761.4666666666478,9,7,6,179,26,8,3,10,52,44,8,10,8,0,0.15384615384615385,0.8461538461538461,20,2.5,159.73333333332567,0.21484935437589184,1,0,1,6,3,31,8,3,44,0,0,0,0,0,6,5,3,0
difficulty-hard,20260712,1,0.12,0.45,0.2,0.18,3,30,9,1007,3369353292,3140395852,false,false,806.9999999999234,824.9999999999234,9,7,6,179,21,6,3,9,46,40,6,9,6,0,0.13043478260869565,0.8695652173913043,15,1.875,159.73333333332567,0.1979347377116987,1,0,1,4,3,30,6,3,40,0,0,0,0,0,4,7,2,0
difficulty-hard,20260712,1,0.12,0.45,0.2,0.18,3,30,9,1008,51194020,3281695844,false,false,767.9999999999588,785.9999999999588,9,7,6,179,22,6,3,8,49,40,9,8,9,0,0.1836734693877551,0.8163265306122449,21,2.625,159.73333333332567,0.2079861111111123,1,0,1,6,3,35,6,3,40,0,0,0,0,0,4,5,2,0
difficulty-hard,20260712,1,0.12,0.45,0.2,0.18,3,30,9,1009,4131673846,787761916,false,false,799.2999999999304,814.2999999999304,9,6,5,179,11,2,2,0,21,18,3,0,3,0,0.14285714285714285,0.8571428571428571,9,1.125,159.73333333332567,0.19984152800367772,1,0,1,2,2,16,2,2,18,0,0,0,0,0,5,10,2,0
difficulty-hard,20260712,1,0.12,0.45,0.2,0.18,3,30,9,1010,3293072552,946758833,false,false,818.399999999913,836.399999999913,9,7,6,179,19,5,3,3,41,32,9,3,9,0,0.21951219512195122,0.7804878048780488,14,1.75,159.73333333332567,0.19517758227436785,1,0,1,4,3,23,5,3,32,0,0,0,0,0,4,5,2,0
difficulty-hard,20260712,1,0.12,0.45,0.2,0.18,3,30,9,1011,2663502007,386356492,false,false,816.6999999999146,831.6999999999146,9,6,5,179,13,3,3,0,25,21,4,0,4,0,0.16,0.84,12,1.5,159.73333333332567,0.1955838537202674,1,0,1,3,3,19,3,3,21,0,0,0,0,0,5,10,2,0
difficulty-hard,20260712,1,0.12,0.45,0.2,0.18,3,30,9,1012,4224692755,2653808683,false,false,796.9999999999325,814.9999999999325,9,7,6,179,23,6,3,9,47,42,5,9,5,0,0.10638297872340426,0.8936170212765957,19,2.375,159.73333333332567,0.2004182350481044,1,0,1,5,3,32,6,3,42,0,0,0,0,0,6,10,2,0
difficulty-hard,20260712,1,0.12,0.45,0.2,0.18,3,30,9,1013,176653515,186042942,false,false,796.5333333332662,814.5333333332662,9,7,6,179,23,7,3,7,42,39,3,7,3,0,0.07142857142857142,0.9285714285714286,17,2.125,159.73333333332567,0.20053565450285293,1,0,1,5,3,28,7,3,39,0,0,0,0,0,3,5,2,0
difficulty-hard,20260712,1,0.12,0.45,0.2,0.18,3,30,9,1014,1091213574,3256916076,false,false,761.2999999999649,779.2999999999649,9,7,6,179,18,5,3,2,35,30,5,2,5,0,0.14285714285714285,0.8571428571428571,13,1.625,159.73333333332567,0.20981654188011695,1,0,1,4,3,23,5,3,28,0,0,0,0,0,6,8,2,0
difficulty-hard,20260712,1,0.12,0.45,0.2,0.18,3,30,9,1015,1653624981,1396413615,false,false,804.7999999999254,822.7999999999254,9,7,6,179,19,5,3,7,38,36,2,7,2,0,0.05263157894736842,0.9473684210526315,19,2.375,159.73333333332567,0.1984758117959002,1,0,1,5,3,32,5,3,33,0,0,0,0,0,5,8,2,0
difficulty-hard,20260712,1,0.12,0.45,0.2,0.18,3,30,9,1016,2775543002,1043022369,false,false,810.5333333332535,828.5333333332535,9,7,6,179,23,6,3,8,45,41,4,8,4,0,0.08888888888888889,0.9111111111111111,21,2.625,159.73333333332567,0.19707188682350066,1,0,1,6,3,34,6,3,41,0,0,0,0,0,6,8,2,0
difficulty-hard,20260712,1,0.12,0.45,0.2,0.18,3,30,9,1017,1789204265,2291602340,false,false,768.6999999999582,783.6999999999582,9,6,5,179,22,6,3,15,59,47,12,15,12,0,0.2033898305084746,0.7966101694915254,19,2.375,159.73333333332567,0.20779671306534975,1,0,1,5,3,34,6,3,45,0,0,0,0,0,5,5,3,0
difficulty-hard,20260712,1,0.12,0.45,0.2,0.18,3,30,9,1018,1267733117,2059073604,false,false,802.2999999999276,820.2999999999276,9,7,6,179,17,5,3,2,32,28,4,2,4,0,0.125,0.875,14,1.75,159.73333333332567,0.19909427063858914,1,0,1,4,3,25,5,3,28,0,0,0,0,0,6,11,2,0
difficulty-hard,20260712,1,0.12,0.45,0.2,0.18,3,30,9,1019,1244356243,801210554,false,false,806.5999999999237,824.5999999999237,9,7,6,179,21,6,3,6,38,36,2,6,2,0,0.05263157894736842,0.9473684210526315,17,2.125,159.73333333332567,0.19803289528061094,1,0,1,5,3,30,6,3,35,0,0,0,0,0,6,8,1,0
difficulty-hard,20260712,1,0.12,0.45,0.2,0.18,3,30,9,1020,1837441118,3250628065,false,false,806.3666666665906,824.3666666665906,9,7,6,179,23,7,3,1,38,34,4,1,4,0,0.10526315789473684,0.8947368421052632,17,2.125,159.73333333332567,0.19809019883428639,1,0,1,5,3,25,7,3,31,0,0,0,0,0,6,11,2,0
difficulty-hard,20260712,1,0.12,0.45,0.2,0.18,3,30,9,1021,3731070425,4073488734,false,false,764.1333333332957,782.1333333332957,9,7,6,179,13,3,2,2,27,24,3,2,3,0,0.1111111111111111,0.8888888888888888,13,1.625,159.73333333332567,0.20903856220554903,1,0,1,3,2,23,3,2,23,0,0,0,0,0,4,4,2,0
difficulty-hard,20260712,1,0.12,0.45,0.2,0.18,3,30,9,1022,3945073189,3145441336,false,false,784.7666666666103,799.7666666666103,9,6,5,179,22,6,3,12,53,44,9,12,9,0,0.16981132075471697,0.8301886792452831,22,2.75,159.73333333332567,0.2035424542326855,1,0,1,6,3,38,6,3,43,0,0,0,0,0,3,5,2,0
difficulty-hard,20260712,1,0.12,0.45,0.2,0.18,3,30,9,1023,2403268479,94637372,false,false,775.9666666666183,793.9666666666183,9,7,6,179,25,8,3,5,43,40,3,5,3,0,0.06976744186046512,0.9302325581395349,21,2.625,159.73333333332567,0.2058507667855178,1,0,1,6,3,34,8,3,39,0,0,0,0,0,5,6,2,0
difficulty-hard,20260712,1,0.12,0.45,0.2,0.18,3,30,9,1024,2080191606,1010933978,false,false,748.0333333333103,763.0333333333103,9,6,5,179,16,4,3,0,31,25,6,0,6,0,0.1935483870967742,0.8064516129032258,13,1.625,159.73333333332567,0.2135377211354181,1,0,1,4,3,21,4,3,25,0,0,0,0,0,5,11,2,0
difficulty-hard,20260712,1,0.12,0.45,0.2,0.18,3,30,9,1025,173800117,3501957391,false,false,785.1333333332766,800.1333333332766,9,6,5,179,16,4,3,2,32,28,4,2,4,0,0.125,0.875,12,1.5,159.73333333332567,0.20344739746964918,1,0,1,3,2,23,4,3,28,0,0,0,0,0,3,7,1,0
difficulty-hard,20260712,1,0.12,0.45,0.2,0.18,3,30,9,1026,2164069321,1633973963,true,false,805.7333333332579,823.7333333332579,9,7,6,180,16,5,3,0,31,25,6,0,6,0,0.1935483870967742,0.8064516129032258,10,1.25,159.73333333332567,0.19824590435215203,1,1,0,2,2,18,5,3,25,5,3,25,150.66666666652964,0.1869932152902661,6,11,2,0
difficulty-hard,20260712,1,0.12,0.45,0.2,0.18,3,30,9,1027,2964480438,688716603,false,false,740.8999999999835,755.8999999999835,9,6,5,179,27,8,3,12,54,49,5,12,5,0,0.09259259259259259,0.9074074074074074,22,2.75,159.73333333332567,0.21559364736581083,1,0,1,7,3,37,8,3,47,0,0,0,0,0,10,5,2,0
difficulty-hard,20260712,1,0.12,0.45,0.2,0.18,3,30,9,1028,2240114495,644320615,false,false,797.0999999999324,812.0999999999324,9,6,5,179,23,7,3,6,46,39,7,6,7,0,0.15217391304347827,0.8478260869565217,20,2.5,159.73333333332567,0.20039309162381033,1,0,1,6,3,32,7,3,38,0,0,0,0,0,6,4,2,0
difficulty-hard,20260712,1,0.12,0.45,0.2,0.18,3,30,9,1029,3866779460,1307717325,false,false,748.1333333333102,766.1333333333102,9,7,6,179,22,7,3,4,43,36,7,4,7,0,0.16279069767441862,0.8372093023255814,19,2.375,159.73333333332567,0.21350917839956862,1,0,1,6,3,31,7,3,36,0,0,0,0,0,7,5,3,0
difficulty-hard,20260712,1,0.12,0.45,0.2,0.18,3,30,9,1030,2977187818,1642069979,false,false,805.1333333332584,823.1333333332584,9,7,6,179,23,7,3,4,39,37,2,4,2,0,0.05128205128205128,0.9487179487179487,17,2.125,159.73333333332567,0.1983936408048446,1,0,1,5,3,27,7,3,36,0,0,0,0,0,6,11,2,0
difficulty-hard,20260712,1,0.12,0.45,0.2,0.18,3,30,9,1031,2381657595,1589992726,false,false,823.7666666665748,841.7666666665748,9,7,6,179,16,4,2,6,34,32,2,6,2,0,0.058823529411764705,0.9411764705882353,14,1.75,159.73333333332567,0.19390604135476489,1,0,1,3,2,24,4,2,31,0,0,0,0,0,7,7,2,0
difficulty-hard,20260712,1,0.12,0.45,0.2,0.18,3,30,9,1032,2150985253,635922455,false,false,823.7999999999081,841.7999999999081,9,7,6,179,21,6,3,4,44,35,9,4,9,0,0.20454545454545456,0.7954545454545454,20,2.5,159.73333333332567,0.19389819535487193,1,0,1,6,3,31,6,3,34,0,0,0,0,0,6,7,2,0
difficulty-hard,20260712,1,0.12,0.45,0.2,0.18,3,30,9,1033,3047270878,1825879003,false,false,748.4999999999766,766.4999999999766,9,7,6,179,22,6,3,15,54,47,7,15,7,0,0.12962962962962962,0.8703703703703703,22,2.75,159.73333333332567,0.21340458695167758,1,0,1,6,3,40,6,3,46,0,0,0,0,0,8,6,2,0
difficulty-hard,20260712,1,0.12,0.45,0.2,0.18,3,30,9,1034,3605484470,3356782374,false,false,790.3666666666052,805.3666666666052,9,6,5,179,17,5,3,5,35,30,5,5,5,0,0.14285714285714285,0.8571428571428571,14,1.75,159.73333333332567,0.2021002910041813,1,0,1,4,3,22,4,3,28,0,0,0,0,0,6,11,2,0
difficulty-hard,20260712,1,0.12,0.45,0.2,0.18,3,30,9,1035,4244588478,3515451642,false,false,812.7333333332515,827.7333333332515,9,6,5,179,28,8,3,14,54,52,2,14,2,0,0.037037037037037035,0.9629629629629629,25,3.125,159.73333333332567,0.19653842998934676,1,0,1,7,3,43,8,3,52,0,0,0,0,0,8,8,2,0
difficulty-hard,20260712,1,0.12,0.45,0.2,0.18,3,30,9,1036,3177819701,968719234,false,false,747.1666666666445,765.1666666666445,9,7,6,179,24,7,3,8,47,42,5,8,5,0,0.10638297872340426,0.8936170212765957,19,2.375,159.73333333332567,0.21378541155475855,1,0,1,5,3,32,6,3,38,0,0,0,0,0,8,6,2,0
difficulty-hard,20260712,1,0.12,0.45,0.2,0.18,3,30,9,1037,965949637,1745754709,false,false,816.5999999999146,834.5999999999146,9,7,6,179,20,6,3,5,40,35,5,5,5,0,0.125,0.875,17,2.125,159.73333333332567,0.19560780471876363,1,0,1,5,3,24,6,3,34,0,0,0,0,0,6,10,3,0
difficulty-hard,20260712,1,0.12,0.45,0.2,0.18,3,30,9,1038,3289839780,3943478713,false,false,807.7999999999226,822.7999999999226,9,6,5,179,23,7,3,6,45,38,7,6,7,0,0.15555555555555556,0.8444444444444444,17,2.125,159.73333333332567,0.19773871420319505,1,0,1,5,3,25,7,3,37,0,0,0,0,0,5,14,3,0
difficulty-hard,20260712,1,0.12,0.45,0.2,0.18,3,30,9,1039,787684534,3871596814,false,false,802.1666666665944,820.1666666665944,9,7,6,179,17,5,3,0,30,26,4,0,4,0,0.13333333333333333,0.8666666666666667,14,1.75,159.73333333332567,0.19912736339082493,1,0,1,4,3,23,5,3,26,0,0,0,0,0,6,8,2,0
difficulty-hard,20260712,1,0.12,0.45,0.2,0.18,3,30,9,1040,2058314458,2662885617,false,false,724.4666666666651,742.4666666666651,9,7,6,179,18,5,3,4,35,32,3,4,3,0,0.08571428571428572,0.9142857142857143,13,1.625,159.73333333332567,0.22048403423206867,1,0,1,4,3,21,5,3,32,0,0,0,0,0,3,5,2,0
difficulty-hard,20260712,1,0.12,0.45,0.2,0.18,3,30,9,1041,457564735,1306751984,false,false,800.3333333332628,818.3333333332628,9,7,6,179,18,5,2,0,34,28,6,0,6,0,0.17647058823529413,0.8235294117647058,13,1.625,159.73333333332567,0.19958350687214463,1,0,1,3,2,21,5,2,26,0,0,0,0,0,6,8,2,0
difficulty-hard,20260712,1,0.12,0.45,0.2,0.18,3,30,9,1042,3181315813,3733534074,false,false,810.7666666665866,825.7666666665866,9,6,5,179,24,7,3,3,38,36,2,3,2,0,0.05263157894736842,0.9473684210526315,20,2.5,159.73333333332567,0.1970151708259772,1,0,1,6,3,28,7,3,35,0,0,0,0,0,6,6,2,0
difficulty-hard,20260712,1,0.12,0.45,0.2,0.18,3,30,9,1043,124366119,1114143936,false,false,819.166666666579,837.166666666579,9,7,6,179,23,7,3,6,49,39,10,6,10,0,0.20408163265306123,0.7959183673469388,22,2.75,159.73333333332567,0.19499491353002169,1,0,1,7,3,33,7,3,39,0,0,0,0,0,8,7,3,0
difficulty-hard,20260712,1,0.12,0.45,0.2,0.18,3,30,9,1044,636840880,2309328551,false,false,777.366666666617,795.366666666617,9,7,6,179,16,5,3,0,26,22,4,0,4,0,0.15384615384615385,0.8461538461538461,10,1.25,159.73333333332567,0.20548003944942655,1,0,1,2,1,18,5,3,22,0,0,0,0,0,6,11,2,0
difficulty-hard,20260712,1,0.12,0.45,0.2,0.18,3,30,9,1045,1936715493,2955459797,false,false,789.2333333332729,804.2333333332729,9,6,5,179,23,7,3,12,52,45,7,12,7,0,0.1346153846153846,0.8653846153846154,21,2.625,159.73333333332567,0.20239050555391888,1,0,1,6,3,36,7,3,43,0,0,0,0,0,6,10,2,0
difficulty-hard,20260712,1,0.12,0.45,0.2,0.18,3,30,9,1046,3318413565,1304386496,false,false,798.1333333332648,816.1333333332648,9,7,6,179,11,3,3,0,21,20,1,0,1,0,0.047619047619047616,0.9523809523809523,11,1.375,159.73333333332567,0.20013364517207574,1,0,1,3,3,19,3,3,20,0,0,0,0,0,5,11,1,0
difficulty-hard,20260712,1,0.12,0.45,0.2,0.18,3,30,9,1047,220656317,718978957,false,false,759.9999999999661,774.9999999999661,9,6,5,179,19,6,2,7,40,34,6,7,6,0,0.15,0.85,15,1.875,159.73333333332567,0.21017543859649052,1,0,1,4,2,25,5,2,33,0,0,0,0,0,6,8,2,0
difficulty-hard,20260712,1,0.12,0.45,0.2,0.18,3,30,9,1048,2481950108,263387270,false,false,770.6999999999564,788.6999999999564,9,7,6,179,21,6,3,5,38,35,3,5,3,0,0.07894736842105263,0.9210526315789473,18,2.25,159.73333333332567,0.20725747156265045,1,0,1,6,3,25,6,3,34,0,0,0,0,0,5,6,2,0
difficulty-hard,20260712,1,0.12,0.45,0.2,0.18,3,30,9,1049,1783678295,2385162156,false,false,753.6999999999719,771.6999999999719,9,7,6,179,18,5,3,1,32,28,4,1,4,0,0.125,0.875,13,1.625,159.73333333332567,0.21193224536729685,1,0,1,3,3,23,5,3,28,0,0,0,0,0,6,11,3,0
difficulty-hard,20260712,1,0.12,0.45,0.2,0.18,3,30,9,1050,149455731,134912035,false,false,740.3333333333173,758.3333333333173,9,7,6,179,15,4,3,0,28,22,6,0,6,0,0.21428571428571427,0.7857142857142857,11,1.375,159.73333333332567,0.21575866726699117,1,0,1,3,3,18,4,3,22,0,0,0,0,0,2,5,2,0
difficulty-hard,20260712,1,0.12,0.45,0.2,0.18,3,30,9,1051,3271923921,39548055,false,false,748.4999999999766,766.4999999999766,9,7,6,179,21,6,2,3,37,33,4,3,4,0,0.10810810810810811,0.8918918918918919,15,1.875,159.73333333332567,0.21340458695167758,1,0,1,4,2,24,6,2,33,0,0,0,0,0,6,8,2,0
difficulty-hard,20260712,1,0.12,0.45,0.2,0.18,3,30,9,1052,1417406491,2239117986,false,false,762.2666666666307,780.2666666666307,9,7,6,179,16,5,3,0,26,23,3,0,3,0,0.11538461538461539,0.8846153846153846,13,1.625,159.73333333332567,0.20955046352982318,1,0,1,4,3,19,5,3,23,0,0,0,0,0,5,11,1,0
difficulty-hard,20260712,1,0.12,0.45,0.2,0.18,3,30,9,1053,3567932557,3435586071,false,false,798.9666666665973,816.9666666665973,9,7,6,179,16,5,3,0,27,24,3,0,3,0,0.1111111111111111,0.8888888888888888,14,1.75,159.73333333332567,0.19992490299971571,1,0,1,4,3,21,5,3,24,0,0,0,0,0,6,11,1,0
difficulty-hard,20260712,1,0.12,0.45,0.2,0.18,3,30,9,1054,2126074656,3768717102,false,false,763.06666666663,781.06666666663,9,7,6,179,19,6,3,2,30,30,0,2,0,0,0,1,15,1.875,159.73333333332567,0.20933077057487334,1,0,1,4,2,23,6,3,30,0,0,0,0,0,8,11,1,0
difficulty-hard,20260712,1,0.12,0.45,0.2,0.18,3,30,9,1055,361258585,3937834108,false,false,798.8666666665974,816.8666666665974,9,7,6,179,24,7,3,4,43,38,5,4,5,0,0.11627906976744186,0.8837209302325582,19,2.375,159.73333333332567,0.19994992906618483,1,0,1,5,3,29,7,3,37,0,0,0,0,0,4,5,2,0
difficulty-hard,20260712,1,0.12,0.45,0.2,0.18,3,30,9,1056,1479568159,3859567345,false,false,796.7666666665993,811.7666666665993,9,6,5,179,19,6,3,1,38,28,10,1,10,0,0.2631578947368421,0.7368421052631579,14,1.75,159.73333333332567,0.20047692758231916,1,0,1,4,3,22,6,3,27,0,0,0,0,0,3,4,2,0
difficulty-hard,20260712,1,0.12,0.45,0.2,0.18,3,30,9,1057,1678060935,2684758936,false,false,794.633333333268,809.633333333268,9,6,5,179,15,4,3,0,27,24,3,0,3,0,0.1111111111111111,0.8888888888888888,14,1.75,159.73333333332567,0.20101514325266012,1,0,1,4,3,21,4,3,23,0,0,0,0,0,6,10,2,0
difficulty-hard,20260712,1,0.12,0.45,0.2,0.18,3,30,9,1058,1328946719,582740662,false,false,779.8666666666147,794.8666666666147,9,6,5,179,23,6,3,15,58,48,10,15,10,0,0.1724137931034483,0.8275862068965517,23,2.875,159.73333333332567,0.20482133698068428,1,0,1,6,3,43,6,3,48,0,0,0,0,0,5,4,3,0
difficulty-hard,20260712,1,0.12,0.45,0.2,0.18,3,30,9,1059,503465089,611566426,false,false,756.133333333303,774.133333333303,9,7,6,179,13,3,1,0,27,22,5,0,5,0,0.18518518518518517,0.8148148148148148,12,1.5,159.73333333332567,0.21125022041967742,1,0,1,3,1,20,3,1,22,0,0,0,0,0,6,5,2,0
difficulty-hard,20260712,1,0.12,0.45,0.2,0.18,3,30,9,1060,3695434073,812589789,false,false,783.1666666666117,801.1666666666117,9,7,6,179,25,7,3,5,47,39,8,5,8,0,0.1702127659574468,0.8297872340425532,19,2.375,159.73333333332567,0.2039582889976636,1,0,1,6,3,32,7,3,38,0,0,0,0,0,6,4,3,0
difficulty-hard,20260712,1,0.12,0.45,0.2,0.18,3,30,9,1061,645586045,426811389,false,false,774.1666666666199,789.1666666666199,9,6,5,179,26,8,3,6,48,41,7,6,7,0,0.14583333333333334,0.8541666666666666,19,2.375,159.73333333332567,0.20632938643703164,1,0,1,6,3,30,8,3,40,0,0,0,0,0,6,5,2,0
difficulty-hard,20260712,1,0.12,0.45,0.2,0.18,3,30,9,1062,4127156665,3904426308,false,false,808.3666666665888,823.3666666665888,9,6,5,179,17,4,2,6,36,32,4,6,4,0,0.1111111111111111,0.8888888888888888,13,1.625,159.73333333332567,0.1976000989650007,1,0,1,3,2,23,4,2,32,0,0,0,0,0,7,8,2,0
difficulty-hard,20260712,1,0.12,0.45,0.2,0.18,3,30,9,1063,4094603968,2992880673,false,false,801.6999999999282,819.6999999999282,9,7,6,179,21,6,3,8,46,39,7,8,7,0,0.15217391304347827,0.8478260869565217,18,2.25,159.73333333332567,0.19924327470792064,1,0,1,5,3,27,6,3,38,0,0,0,0,0,7,6,2,0
difficulty-hard,20260712,1,0.12,0.45,0.2,0.18,3,30,9,1064,515314971,3039335306,false,false,790.899999999938,808.899999999938,9,7,6,179,27,8,3,8,51,43,8,8,8,0,0.1568627450980392,0.8431372549019608,24,3,159.73333333332567,0.2019640072491316,1,0,1,7,3,37,7,3,42,0,0,0,0,0,7,6,2,0
difficulty-hard,20260712,1,0.12,0.45,0.2,0.18,3,30,9,1065,2627986611,2873119751,false,false,797.4333333332654,815.4333333332654,9,7,6,179,12,3,2,0,22,19,3,0,3,0,0.13636363636363635,0.8636363636363636,9,1.125,159.73333333332567,0.20030932575346647,1,0,1,2,2,16,3,2,19,0,0,0,0,0,3,5,1,0
difficulty-hard,20260712,1,0.12,0.45,0.2,0.18,3,30,9,1066,2731521344,777373295,false,false,721.8000000000009,739.8000000000009,9,7,6,179,18,5,3,8,43,36,7,8,7,0,0.16279069767441862,0.8372093023255814,15,1.875,159.73333333332567,0.2212986053384947,1,0,1,4,3,28,5,3,36,0,0,0,0,0,3,7,2,0
difficulty-hard,20260712,1,0.12,0.45,0.2,0.18,3,30,9,1067,4222969020,1430022732,false,false,806.9999999999234,821.9999999999234,9,6,5,179,20,6,3,3,42,33,9,3,9,0,0.21428571428571427,0.7857142857142857,18,2.25,159.73333333332567,0.1979347377116987,1,0,1,6,3,27,6,3,32,0,0,0,0,0,6,11,2,0
difficulty-hard,20260712,1,0.12,0.45,0.2,0.18,3,30,9,1068,1997459543,2466184659,false,false,802.2999999999276,820.2999999999276,9,7,6,179,24,7,3,8,45,41,4,8,4,0,0.08888888888888889,0.9111111111111111,18,2.25,159.73333333332567,0.19909427063858914,1,0,1,5,3,31,7,3,40,0,0,0,0,0,6,5,2,0
difficulty-hard,20260712,1,0.12,0.45,0.2,0.18,3,30,9,1069,2059677226,1747399905,false,false,781.6666666666131,799.6666666666131,9,7,6,179,25,8,3,12,55,47,8,12,8,0,0.14545454545454545,0.8545454545454545,20,2.5,159.73333333332567,0.20434968017057992,1,0,1,6,3,38,8,3,45,0,0,0,0,0,6,8,2,0
difficulty-hard,20260712,1,0.12,0.45,0.2,0.18,3,30,9,1070,1815667476,2329579719,false,false,753.4666666666387,771.4666666666387,9,7,6,179,23,7,3,6,43,39,4,6,4,0,0.09302325581395349,0.9069767441860465,22,2.75,159.73333333332567,0.21199787648203627,1,0,1,7,3,34,7,3,39,0,0,0,0,0,6,8,2,0
difficulty-hard,20260712,1,0.12,0.45,0.2,0.18,3,30,9,1071,419109569,4282657238,false,false,820.3333333332446,835.3333333332446,9,6,5,179,10,2,2,0,19,18,1,0,1,0,0.05263157894736842,0.9473684210526315,8,1,159.73333333332567,0.19471759447380288,1,0,1,2,2,15,2,2,18,0,0,0,0,0,6,6,2,0
difficulty-hard,20260712,1,0.12,0.45,0.2,0.18,3,30,9,1072,1439090476,3703923917,false,false,804.3333333332591,822.3333333332591,9,7,6,179,19,5,3,1,31,29,2,1,2,0,0.06451612903225806,0.9354838709677419,13,1.625,159.73333333332567,0.19859096560299264,1,0,1,3,3,23,5,3,29,0,0,0,0,0,7,13,2,0
difficulty-hard,20260712,1,0.12,0.45,0.2,0.18,3,30,9,1073,3495545275,3873713785,false,false,781.4666666666133,799.4666666666133,9,7,6,179,23,7,2,12,50,45,5,12,5,0,0.1,0.9,23,2.875,159.73333333332567,0.2044019791844437,1,0,1,7,2,39,7,2,44,0,0,0,0,0,5,5,2,0
difficulty-hard,20260712,1,0.12,0.45,0.2,0.18,3,30,9,1074,2939685664,2324890623,false,false,806.633333333257,824.633333333257,9,7,6,179,19,5,3,7,39,36,3,7,3,0,0.07692307692307693,0.9230769230769231,17,2.125,159.73333333332567,0.1980247117649582,1,0,1,5,3,26,5,3,34,0,0,0,0,0,5,10,2,0
difficulty-hard,20260712,1,0.12,0.45,0.2,0.18,3,30,9,1075,1843369099,2724076158,false,false,796.0666666666,811.0666666666,9,6,5,179,23,7,3,6,42,38,4,6,4,0,0.09523809523809523,0.9047619047619048,20,2.5,159.73333333332567,0.2006532116238243,1,0,1,6,3,33,7,3,37,0,0,0,0,0,4,5,2,0
difficulty-hard,20260712,1,0.12,0.45,0.2,0.18,3,30,9,1076,692760267,3793887307,false,false,750.0333333333085,768.0333333333085,9,7,6,179,18,5,3,2,34,30,4,2,4,0,0.11764705882352941,0.8823529411764706,17,2.125,159.73333333332567,0.21296831251944043,1,0,1,5,3,26,5,3,30,0,0,0,0,0,7,10,2,0
difficulty-hard,20260712,1,0.12,0.45,0.2,0.18,3,30,9,1077,1788159942,2887358901,false,false,764.7666666666285,782.7666666666285,9,7,6,179,16,5,3,1,31,27,4,1,4,0,0.12903225806451613,0.8709677419354839,16,2,159.73333333332567,0.20886544915660593,1,0,1,5,3,22,5,3,26,0,0,0,0,0,6,11,2,0
difficulty-hard,20260712,1,0.12,0.45,0.2,0.18,3,30,9,1078,4004593307,2080696679,false,false,797.9999999999316,815.9999999999316,9,7,6,179,22,6,2,10,44,42,2,10,2,0,0.045454545454545456,0.9545454545454546,19,2.375,159.73333333332567,0.20016708437761827,1,0,1,5,2,35,6,2,42,0,0,0,0,0,5,4,2,0
difficulty-hard,20260712,1,0.12,0.45,0.2,0.18,3,30,9,1079,3754762567,675796274,false,false,757.5333333333017,772.5333333333017,9,6,5,179,10,3,3,0,22,16,6,0,6,0,0.2727272727272727,0.7272727272727273,10,1.25,159.73333333332567,0.21085980814925506,1,0,1,3,3,15,3,3,16,0,0,0,0,0,6,11,1,0
difficulty-hard,20260712,1,0.12,0.45,0.2,0.18,3,30,9,1080,3119013721,2942791146,false,false,781.3999999999467,799.3999999999467,9,7,6,179,21,7,3,2,33,31,2,2,2,0,0.06060606060606061,0.9393939393939394,19,2.375,159.73333333332567,0.20441941813838824,1,0,1,6,3,29,7,3,31,0,0,0,0,0,3,6,2,0
difficulty-hard,20260712,1,0.12,0.45,0.2,0.18,3,30,9,1081,2039167628,4187712939,false,false,776.0333333332849,794.0333333332849,9,7,6,179,17,5,3,1,31,27,4,1,4,0,0.12903225806451613,0.8709677419354839,13,1.625,159.73333333332567,0.20583308277136161,1,0,1,3,2,23,5,3,27,0,0,0,0,0,5,8,2,0
difficulty-hard,20260712,1,0.12,0.45,0.2,0.18,3,30,9,1082,1979494358,527498774,false,false,787.3333333332746,802.3333333332746,9,6,5,179,18,6,3,0,33,26,7,0,7,0,0.21212121212121213,0.7878787878787878,12,1.5,159.73333333332567,0.20287891617274037,1,0,1,3,1,20,6,3,26,0,0,0,0,0,3,5,2,0
difficulty-hard,20260712,1,0.12,0.45,0.2,0.18,3,30,9,1083,2162535159,104441580,false,false,738.3666666666525,753.3666666666525,9,6,5,179,22,7,3,5,45,37,8,5,8,0,0.17777777777777778,0.8222222222222222,20,2.5,159.73333333332567,0.2163333483815567,1,0,1,6,3,34,7,3,36,0,0,0,0,0,6,8,2,0
difficulty-hard,20260712,1,0.12,0.45,0.2,0.18,3,30,9,1084,1199214264,924731890,false,false,816.3333333332482,831.3333333332482,9,6,5,179,23,7,2,6,42,38,4,6,4,0,0.09523809523809523,0.9047619047619048,17,2.125,159.73333333332567,0.19567170273582155,1,0,1,5,2,26,6,2,35,0,0,0,0,0,5,11,2,0
difficulty-hard,20260712,1,0.12,0.45,0.2,0.18,3,30,9,1085,855026596,3818725998,false,false,805.8333333332578,820.8333333332578,9,6,5,179,22,7,3,6,42,37,5,6,5,0,0.11904761904761904,0.8809523809523809,13,1.625,159.73333333332567,0.19822130299897495,1,0,1,3,3,24,6,3,35,0,0,0,0,0,5,6,2,0
difficulty-hard,20260712,1,0.12,0.45,0.2,0.18,3,30,9,1086,1370705087,2130372772,false,false,759.1999999999668,774.1999999999668,9,6,5,179,21,7,3,6,37,35,2,6,2,0,0.05405405405405406,0.9459459459459459,17,2.125,159.73333333332567,0.2103969090270451,1,0,1,5,3,26,7,3,35,0,0,0,0,0,3,4,2,0
difficulty-hard,20260712,1,0.12,0.45,0.2,0.18,3,30,9,1087,2419897925,786072911,false,false,825.4666666665732,843.4666666665732,9,7,6,179,22,6,3,8,44,40,4,8,4,0,0.09090909090909091,0.9090909090909091,20,2.5,159.73333333332567,0.19350670327896594,1,0,1,6,3,30,6,3,38,0,0,0,0,0,6,11,2,0
difficulty-hard,20260712,1,0.12,0.45,0.2,0.18,3,30,9,1088,2776881787,3605921168,false,false,787.8333333332741,805.8333333332741,9,7,6,179,23,7,3,5,44,38,6,5,6,0,0.13636363636363635,0.8636363636363636,20,2.5,159.73333333332567,0.2027501586630053,1,0,1,6,3,32,7,3,38,0,0,0,0,0,3,3,2,0
difficulty-hard,20260712,1,0.12,0.45,0.2,0.18,3,30,9,1089,3075672514,3970257249,false,false,758.7333333333006,776.7333333333006,9,7,6,179,20,5,3,5,40,35,5,5,5,0,0.125,0.875,15,1.875,159.73333333332567,0.21052631578947267,1,0,1,4,2,28,5,3,34,0,0,0,0,0,6,5,2,0
difficulty-hard,20260712,1,0.12,0.45,0.2,0.18,3,30,9,1090,2973502315,4196187302,false,false,816.0999999999151,834.0999999999151,9,7,6,179,16,4,3,2,28,28,0,2,0,0,0,1,15,1.875,159.73333333332567,0.19572764775559648,1,0,1,4,3,25,4,3,27,0,0,0,0,0,7,11,1,0
difficulty-hard,20260712,1,0.12,0.45,0.2,0.18,3,30,9,1091,3024720023,375696264,false,false,743.7999999999809,761.7999999999809,9,7,6,179,19,6,3,2,32,29,3,2,3,0,0.09375,0.90625,13,1.625,159.73333333332567,0.21475306982163186,1,0,1,4,2,22,5,3,27,0,0,0,0,0,6,8,2,0
difficulty-hard,20260712,1,0.12,0.45,0.2,0.18,3,30,9,1092,2935561978,2485336287,false,false,745.1666666666463,763.1666666666463,9,7,6,179,16,4,3,0,28,25,3,0,3,0,0.10714285714285714,0.8928571428571429,11,1.375,159.73333333332567,0.21435920375754425,1,0,1,3,2,18,4,3,25,0,0,0,0,0,6,14,2,0
difficulty-hard,20260712,1,0.12,0.45,0.2,0.18,3,30,9,1093,138812241,959058928,false,false,755.4333333333036,773.4333333333036,9,7,6,179,20,6,3,2,32,30,2,2,2,0,0.0625,0.9375,13,1.625,159.73333333332567,0.21144596920089834,1,0,1,3,3,23,6,3,29,0,0,0,0,0,6,11,1,0
difficulty-hard,20260712,1,0.12,0.45,0.2,0.18,3,30,9,1094,3010520166,883455602,false,false,808.0666666665891,823.0666666665891,9,6,5,179,22,7,3,6,45,38,7,6,7,0,0.15555555555555556,0.8444444444444444,22,2.75,159.73333333332567,0.197673459285547,1,0,1,7,3,30,7,3,37,0,0,0,0,0,7,5,2,0
difficulty-hard,20260712,1,0.12,0.45,0.2,0.18,3,30,9,1095,4200500082,1465419485,false,false,778.6666666666158,793.6666666666158,9,6,5,179,15,4,3,1,32,26,6,1,6,0,0.1875,0.8125,14,1.75,159.73333333332567,0.20513698630137342,1,0,1,4,3,22,4,3,25,0,0,0,0,0,5,8,2,0
difficulty-hard,20260712,1,0.12,0.45,0.2,0.18,3,30,9,1096,3310456696,3038804901,false,false,807.2999999999231,822.2999999999231,9,6,5,179,17,5,2,8,39,35,4,8,4,0,0.10256410256410256,0.8974358974358975,17,2.125,159.73333333332567,0.1978611833684391,1,0,1,5,2,30,5,2,35,0,0,0,0,0,6,10,2,0
difficulty-hard,20260712,1,0.12,0.45,0.2,0.18,3,30,9,1097,49244587,113536693,false,false,774.0999999999533,789.0999999999533,9,6,5,179,22,7,3,2,39,34,5,2,5,0,0.1282051282051282,0.8717948717948718,19,2.375,159.73333333332567,0.2063471558368884,1,0,1,6,3,29,7,3,34,0,0,0,0,0,6,8,2,0
difficulty-hard,20260712,1,0.12,0.45,0.2,0.18,3,30,9,1098,4000881526,3484405683,false,false,807.7666666665893,822.7666666665893,9,6,5,179,15,4,3,2,27,25,2,2,2,0,0.07407407407407407,0.9259259259259259,10,1.25,159.73333333332567,0.19774687409731478,1,0,1,2,2,19,4,3,25,0,0,0,0,0,5,9,2,0
difficulty-hard,20260712,1,0.12,0.45,0.2,0.18,3,30,9,1099,2895489755,2159039177,false,false,776.2999999999513,794.2999999999513,9,7,6,179,22,7,3,1,36,31,5,1,5,0,0.1388888888888889,0.8611111111111112,14,1.75,159.73333333332567,0.20576237708789863,1,0,1,4,3,23,7,3,31,0,0,0,0,0,6,13,2,0
difficulty-hard,20260712,1,0.12,0.45,0.2,0.18,3,30,9,1100,1610675420,3806209579,false,false,822.0666666665763,840.0666666665763,9,7,6,179,23,7,3,7,47,39,8,7,8,0,0.1702127659574468,0.8297872340425532,18,2.25,159.73333333332567,0.1943070310599423,1,0,1,5,3,31,7,3,39,0,0,0,0,0,6,11,2,0
difficulty-hard,20260712,1,0.12,0.45,0.2,0.18,3,30,9,1101,3254056612,2053218975,false,false,739.8999999999844,754.8999999999844,9,6,5,179,18,5,2,4,39,32,7,4,7,0,0.1794871794871795,0.8205128205128205,16,2,159.73333333332567,0.21588502950848634,1,0,1,4,2,27,5,2,31,0,0,0,0,0,6,5,2,0
difficulty-hard,20260712,1,0.12,0.45,0.2,0.18,3,30,9,1102,2319805245,2577852223,false,false,791.666666666604,809.666666666604,9,7,6,179,22,6,3,11,51,42,9,11,9,0,0.17647058823529413,0.8235294117647058,20,2.5,159.73333333332567,0.20176842105263787,1,0,1,5,3,37,6,3,41,0,0,0,0,0,6,8,2,0
difficulty-hard,20260712,1,0.12,0.45,0.2,0.18,3,30,9,1103,2807649167,2789091750,false,false,796.9333333332659,811.9333333332659,9,6,5,179,26,8,3,13,60,49,11,13,11,0,0.18333333333333332,0.8166666666666667,24,3,159.73333333332567,0.20043500083654742,1,0,1,8,3,36,8,3,47,0,0,0,0,0,5,8,4,0
difficulty-hard,20260712,1,0.12,0.45,0.2,0.18,3,30,9,1104,2890782043,2519346073,false,false,786.9999999999416,804.9999999999416,9,7,6,179,16,5,3,0,28,24,4,0,4,0,0.14285714285714285,0.8571428571428571,14,1.75,159.73333333332567,0.20296484540449497,1,0,1,4,3,21,5,3,24,0,0,0,0,0,3,5,2,0
difficulty-hard,20260712,1,0.12,0.45,0.2,0.18,3,30,9,1105,2308842475,1361478871,false,false,789.8999999999389,804.8999999999389,9,6,5,179,13,4,3,0,21,20,1,0,1,0,0.047619047619047616,0.9523809523809523,10,1.25,159.73333333332567,0.20221969025615652,1,0,1,3,3,15,4,3,19,0,0,0,0,0,5,11,1,0
difficulty-hard,20260712,1,0.12,0.45,0.2,0.18,3,30,9,1106,2310551829,260402370,false,false,752.8999999999726,767.8999999999726,9,6,5,179,17,5,3,0,30,26,4,0,4,0,0.13333333333333333,0.8666666666666667,13,1.625,159.73333333332567,0.21215743569309536,1,0,1,4,3,20,5,3,24,0,0,0,0,0,5,5,3,0
difficulty-hard,20260712,1,0.12,0.45,0.2,0.18,3,30,9,1107,2648864961,2240545470,false,false,801.3666666665952,816.3666666665952,9,6,5,179,17,4,3,2,33,29,4,2,4,0,0.12121212121212122,0.8787878787878788,14,1.75,159.73333333332567,0.1993261511584459,1,0,1,4,3,23,4,3,27,0,0,0,0,0,5,8,1,0
difficulty-hard,20260712,1,0.12,0.45,0.2,0.18,3,30,9,1108,2684841713,821943010,false,false,754.8999999999708,769.8999999999708,9,6,5,177,23,7,3,4,38,36,2,4,2,0,0.05263157894736842,0.9473684210526315,22,2.75,159.73333333332567,0.21159535479312738,1,0,1,7,3,32,7,3,35,0,0,0,0,0,11,5,1,0
difficulty-hard,20260712,1,0.12,0.45,0.2,0.18,3,30,9,1109,4195756781,1442262815,false,false,793.1999999999359,808.1999999999359,9,6,5,179,22,7,3,1,34,32,2,1,2,0,0.058823529411764705,0.9411764705882353,18,2.25,159.73333333332567,0.20137838292150603,1,0,1,5,3,27,7,3,32,0,0,0,0,0,4,5,2,0
difficulty-hard,20260712,1,0.12,0.45,0.2,0.18,3,30,9,1110,993065601,50175478,false,false,805.3666666665915,820.3666666665915,9,6,5,179,23,7,3,2,36,34,2,2,2,0,0.05555555555555555,0.9444444444444444,20,2.5,159.73333333332567,0.19833616158272493,1,0,1,6,2,30,7,3,33,0,0,0,0,0,7,7,1,0
difficulty-hard,20260712,1,0.12,0.45,0.2,0.18,3,30,9,1111,4127414121,2252338141,false,false,752.833333333306,770.833333333306,9,7,6,179,20,5,2,5,39,33,6,5,6,0,0.15384615384615385,0.8461538461538461,15,1.875,159.73333333332567,0.21217622315696014,1,0,1,4,2,25,4,2,32,0,0,0,0,0,7,9,2,0
difficulty-hard,20260712,1,0.12,0.45,0.2,0.18,3,30,9,1112,3712345840,1071615846,false,false,779.7999999999481,797.7999999999481,9,7,6,179,22,6,3,11,49,43,6,11,6,0,0.12244897959183673,0.8775510204081632,21,2.625,159.73333333332567,0.20483884756775622,1,0,1,6,3,35,6,3,42,0,0,0,0,0,3,5,2,0
difficulty-hard,20260712,1,0.12,0.45,0.2,0.18,3,30,9,1113,3938619071,2181371914,false,false,800.8666666665956,815.8666666665956,9,6,5,179,9,2,2,0,22,15,7,0,7,0,0.3181818181818182,0.6818181818181818,4,0.5,159.73333333332567,0.19945059518855388,1,0,1,0,0,11,2,2,14,0,0,0,0,0,6,4,1,0
difficulty-hard,20260712,1,0.12,0.45,0.2,0.18,3,30,9,1114,3912676143,3927890795,false,false,799.8999999999298,817.8999999999298,9,7,6,179,23,7,3,8,44,41,3,8,3,0,0.06818181818181818,0.9318181818181818,21,2.625,159.73333333332567,0.19969162812018962,1,0,1,6,3,35,7,3,41,0,0,0,0,0,7,8,1,0
difficulty-hard,20260712,1,0.12,0.45,0.2,0.18,3,30,9,1115,143565222,2548765959,false,false,761.0333333332985,779.0333333332985,9,7,6,179,17,5,3,1,31,28,3,1,3,0,0.0967741935483871,0.9032258064516129,13,1.625,159.73333333332567,0.2098900617581354,1,0,1,4,3,19,5,3,27,0,0,0,0,0,5,6,2,0
difficulty-hard,20260712,1,0.12,0.45,0.2,0.18,3,30,9,1116,1369411771,550246169,false,false,789.2666666666062,807.2666666666062,9,7,6,179,20,6,3,1,32,30,2,1,2,0,0.0625,0.9375,18,2.25,159.73333333332567,0.20238195793564226,1,0,1,6,3,27,6,3,30,0,0,0,0,0,5,9,1,0
difficulty-hard,20260712,1,0.12,0.45,0.2,0.18,3,30,9,1117,2063688694,497636197,false,false,803.7333333332597,818.7333333332597,9,6,5,179,20,6,3,0,35,29,6,0,6,0,0.17142857142857143,0.8285714285714286,17,2.125,159.73333333332567,0.19873921698740085,1,0,1,5,3,25,6,3,29,0,0,0,0,0,7,6,2,0
difficulty-hard,20260712,1,0.12,0.45,0.2,0.18,3,30,9,1118,1876181631,3455129903,false,false,758.0333333333012,776.0333333333012,9,7,6,179,22,6,2,6,44,38,6,6,6,0,0.13636363636363635,0.8636363636363636,19,2.375,159.73333333332567,0.21072072468229072,1,0,1,5,2,31,6,2,36,0,0,0,0,0,8,6,2,0
difficulty-hard,20260712,1,0.12,0.45,0.2,0.18,3,30,9,1119,2117384234,1649566856,false,false,803.5666666665932,821.5666666665932,9,7,6,179,20,6,3,6,41,36,5,6,5,0,0.12195121951219512,0.8780487804878049,16,2,159.73333333332567,0.1987804372174144,1,0,1,5,3,27,6,3,35,0,0,0,0,0,6,11,3,0
difficulty-hard,20260712,1,0.12,0.45,0.2,0.18,3,30,9,1120,2729360320,1856099162,false,false,767.8333333332923,782.8333333332923,9,6,5,179,30,9,3,12,56,51,5,12,5,0,0.08928571428571429,0.9107142857142857,24,3,159.73333333332567,0.2080312567831572,1,0,1,7,3,37,9,3,51,0,0,0,0,0,3,5,2,0
difficulty-hard,20260712,1,0.12,0.45,0.2,0.18,3,30,9,1121,1681120552,2140968776,false,false,790.7999999999381,808.7999999999381,9,7,6,179,26,7,3,10,57,46,11,10,11,0,0.19298245614035087,0.8070175438596491,21,2.625,159.73333333332567,0.2019895464508576,1,0,1,6,3,36,7,3,42,0,0,0,0,0,9,6,2,0
difficulty-hard,20260712,1,0.12,0.45,0.2,0.18,3,30,9,1122,3191459997,1801988314,false,false,814.9333333332495,832.9333333332495,9,7,6,179,19,6,3,2,35,31,4,2,4,0,0.11428571428571428,0.8857142857142857,13,1.625,159.73333333332567,0.19600785340315213,1,0,1,4,3,23,6,3,31,0,0,0,0,0,3,4,2,0
difficulty-hard,20260712,1,0.12,0.45,0.2,0.18,3,30,9,1123,946104171,2255748603,false,false,747.666666666644,765.666666666644,9,7,6,179,24,7,2,8,47,42,5,8,5,0,0.10638297872340426,0.8936170212765957,21,2.625,159.73333333332567,0.2136424431564831,1,0,1,6,2,35,7,2,42,0,0,0,0,0,5,11,2,0
difficulty-hard,20260712,1,0.12,0.45,0.2,0.18,3,30,9,1124,368145703,1705254842,false,false,810.1999999999205,825.1999999999205,9,6,5,179,25,7,2,12,53,47,6,12,6,0,0.11320754716981132,0.8867924528301887,22,2.75,159.73333333332567,0.19715296634576815,1,0,1,6,2,35,7,2,46,0,0,0,0,0,6,8,2,0
difficulty-hard,20260712,1,0.12,0.45,0.2,0.18,3,30,9,1125,3717192045,4285030500,false,false,765.1999999999614,780.1999999999614,9,6,5,179,15,4,3,0,27,24,3,0,3,0,0.1111111111111111,0.8888888888888888,12,1.5,159.73333333332567,0.20874716849625422,1,0,1,4,3,18,4,3,24,0,0,0,0,0,6,11,1,0
difficulty-hard,20260712,1,0.12,0.45,0.2,0.18,3,30,9,1126,1190648014,2143818247,false,false,786.6333333332752,801.6333333332752,9,6,5,179,19,5,3,1,33,29,4,1,4,0,0.12121212121212122,0.8787878787878788,15,1.875,159.73333333332567,0.20305945167168626,1,0,1,4,3,23,5,3,29,0,0,0,0,0,3,5,2,0
difficulty-hard,20260712,1,0.12,0.45,0.2,0.18,3,30,9,1127,2152755312,4109502628,false,false,794.3999999999348,809.3999999999348,9,6,5,179,26,8,3,13,50,49,1,13,1,0,0.02,0.98,21,2.625,159.73333333332567,0.20107418596845264,1,0,1,6,3,37,8,3,47,0,0,0,0,0,5,5,1,0
difficulty-hard,20260712,1,0.12,0.45,0.2,0.18,3,30,9,1128,2660032779,4096933646,false,false,812.566666666585,827.566666666585,9,6,5,179,7,2,2,0,16,13,3,0,3,0,0.1875,0.8125,4,0.5,159.73333333332567,0.1965787422570559,1,0,1,1,1,9,2,2,13,0,0,0,0,0,5,10,1,0
difficulty-hard,20260712,1,0.12,0.45,0.2,0.18,3,30,9,1129,3648678354,2016360281,false,false,796.8666666665993,811.8666666665993,9,6,5,179,26,7,3,7,45,42,3,7,3,0,0.06666666666666667,0.9333333333333333,21,2.625,159.73333333332567,0.2004517694302759,1,0,1,6,3,32,7,3,40,0,0,0,0,0,6,7,2,0
difficulty-hard,20260712,1,0.12,0.45,0.2,0.18,3,30,9,1130,1681924219,4064372209,false,false,814.0666666665836,832.0666666665836,9,7,6,179,23,7,3,6,41,38,3,6,3,0,0.07317073170731707,0.926829268292683,20,2.5,159.73333333332567,0.19621652608305049,1,0,1,6,3,33,7,3,37,0,0,0,0,0,6,6,2,0
difficulty-hard,20260712,1,0.12,0.45,0.2,0.18,3,30,9,1131,1871168547,1953258638,false,false,791.1666666666044,809.1666666666044,9,7,6,179,16,5,3,0,26,24,2,0,2,0,0.07692307692307693,0.9230769230769231,16,2,159.73333333332567,0.20189593427428468,1,0,1,5,3,23,5,3,24,0,0,0,0,0,3,7,1,0
difficulty-hard,20260712,1,0.12,0.45,0.2,0.18,3,30,9,1132,3944917221,2507682743,false,false,786.833333333275,801.833333333275,9,6,5,179,23,7,3,6,47,37,10,6,10,0,0.2127659574468085,0.7872340425531915,18,2.25,159.73333333332567,0.20300783732260644,1,0,1,5,3,29,7,3,37,0,0,0,0,0,3,5,2,0
difficulty-hard,20260712,1,0.12,0.45,0.2,0.18,3,30,9,1133,3508545245,4209975344,false,false,798.9999999999307,816.9999999999307,9,7,6,179,20,6,3,5,41,35,6,5,6,0,0.14634146341463414,0.8536585365853658,18,2.25,159.73333333332567,0.19991656236963648,1,0,1,5,3,30,6,3,35,0,0,0,0,0,5,5,2,0
difficulty-hard,20260712,1,0.12,0.45,0.2,0.18,3,30,9,1134,3470724073,1141440628,false,false,750.2666666666416,768.2666666666416,9,7,6,179,17,4,3,3,38,30,8,3,8,0,0.21052631578947367,0.7894736842105263,14,1.75,159.73333333332567,0.2129020792607042,1,0,1,4,3,25,4,3,29,0,0,0,0,0,5,5,2,0
difficulty-hard,20260712,1,0.12,0.45,0.2,0.18,3,30,9,1135,4245119391,2085711400,false,false,735.899999999988,753.899999999988,9,7,6,179,20,6,2,8,43,38,5,8,5,0,0.11627906976744186,0.8837209302325582,17,2.125,159.73333333332567,0.21705847714815638,1,0,1,5,2,29,6,2,38,0,0,0,0,0,4,5,3,0
difficulty-hard,20260712,1,0.12,0.45,0.2,0.18,3,30,9,1136,124506456,33353713,false,false,810.3333333332537,828.3333333332537,9,7,6,179,26,7,3,14,51,49,2,14,2,0,0.0392156862745098,0.9607843137254902,22,2.75,159.73333333332567,0.19712052653230117,1,0,1,6,3,37,7,3,47,0,0,0,0,0,7,12,2,0
difficulty-hard,20260712,1,0.12,0.45,0.2,0.18,3,30,9,1137,2351026099,1253029056,false,false,746.6666666666449,764.6666666666449,9,7,6,179,15,4,3,0,24,22,2,0,2,0,0.08333333333333333,0.9166666666666666,10,1.25,159.73333333332567,0.21392857142856742,1,0,1,3,3,17,4,3,22,0,0,0,0,0,6,10,1,0
difficulty-hard,20260712,1,0.12,0.45,0.2,0.18,3,30,9,1138,638933992,730599008,false,false,821.3999999999103,839.3999999999103,9,7,6,179,20,6,3,3,37,33,4,3,4,0,0.10810810810810811,0.8918918918918919,18,2.25,159.73333333332567,0.19446473500528746,1,0,1,5,3,28,6,3,31,0,0,0,0,0,7,8,2,0
difficulty-hard,20260712,1,0.12,0.45,0.2,0.18,3,30,9,1139,945879439,526909101,false,false,801.9333333332613,819.9333333332613,9,7,6,179,18,5,3,1,31,28,3,1,3,0,0.0967741935483871,0.9032258064516129,15,1.875,159.73333333332567,0.19918530218639124,1,0,1,4,3,24,5,3,28,0,0,0,0,0,6,10,2,0
difficulty-hard,20260712,1,0.12,0.45,0.2,0.18,3,30,9,1140,3960954239,3187264026,false,false,801.4999999999284,819.4999999999284,9,7,6,179,23,7,2,6,43,37,6,6,6,0,0.13953488372093023,0.8604651162790697,15,1.875,159.73333333332567,0.199292992306101,1,0,1,4,2,27,6,2,35,0,0,0,0,0,6,9,2,0
difficulty-hard,20260712,1,0.12,0.45,0.2,0.18,3,30,9,1141,2917326090,681462298,false,false,782.7666666666121,797.7666666666121,9,6,5,179,20,6,3,1,31,29,2,1,2,0,0.06451612903225806,0.9354838709677419,13,1.625,159.73333333332567,0.2040625133075035,1,0,1,3,3,21,5,3,28,0,0,0,0,0,5,13,2,0
difficulty-hard,20260712,1,0.12,0.45,0.2,0.18,3,30,9,1142,1842963943,952733562,false,false,807.9333333332559,825.9333333332559,9,7,6,179,23,7,3,7,48,39,9,7,9,0,0.1875,0.8125,18,2.25,159.73333333332567,0.19770608135985765,1,0,1,5,3,32,7,3,38,0,0,0,0,0,6,11,3,0
difficulty-hard,20260712,1,0.12,0.45,0.2,0.18,3,30,9,1143,3371478375,1726326197,false,false,743.9333333333141,758.9333333333141,9,6,5,179,25,8,3,9,50,43,7,9,7,0,0.14,0.86,24,3,159.73333333332567,0.21471458015950776,1,0,1,8,3,38,8,3,43,0,0,0,0,0,3,5,2,0
difficulty-hard,20260712,1,0.12,0.45,0.2,0.18,3,30,9,1144,731898429,1402679150,false,false,808.6999999999218,826.6999999999218,9,7,6,179,16,5,3,0,26,26,0,0,0,0,0,1,14,1.75,159.73333333332567,0.1975186513334254,1,0,1,4,3,22,5,3,24,0,0,0,0,0,6,6,1,0
difficulty-hard,20260712,1,0.12,0.45,0.2,0.18,3,30,9,1145,490356807,475571119,false,false,752.9666666666392,767.9666666666392,9,6,5,179,22,7,3,6,44,38,6,6,6,0,0.13636363636363635,0.8636363636363636,17,2.125,159.73333333332567,0.21213865155606468,1,0,1,5,3,28,6,3,35,0,0,0,0,0,8,10,2,0
difficulty-hard,20260712,1,0.12,0.45,0.2,0.18,3,30,9,1146,2564422628,1431107240,false,false,793.7666666666021,808.7666666666021,9,6,5,179,23,6,3,14,51,47,4,14,4,0,0.0784313725490196,0.9215686274509803,23,2.875,159.73333333332567,0.20123461974552387,1,0,1,6,3,42,6,3,46,0,0,0,0,0,5,6,2,0
difficulty-hard,20260712,1,0.12,0.45,0.2,0.18,3,30,9,1147,3056224737,847581114,false,false,800.033333333263,818.033333333263,9,7,6,179,10,2,1,0,22,20,2,0,2,0,0.09090909090909091,0.9090909090909091,9,1.125,159.73333333332567,0.19965834756885928,1,0,1,2,1,17,2,1,20,0,0,0,0,0,7,11,1,0
difficulty-hard,20260712,1,0.12,0.45,0.2,0.18,3,30,9,1148,2059265312,3056900943,false,false,805.7666666665912,820.7666666665912,9,6,5,179,23,7,3,3,46,35,11,3,11,0,0.2391304347826087,0.7608695652173914,21,2.625,159.73333333332567,0.1982377032226128,1,0,1,6,3,30,7,3,34,0,0,0,0,0,7,8,2,0
difficulty-hard,20260712,1,0.12,0.45,0.2,0.18,3,30,9,1149,4196493726,1671469120,false,false,801.7999999999281,819.7999999999281,9,7,6,179,17,5,2,0,29,25,4,0,4,0,0.13793103448275862,0.8620689655172413,14,1.75,159.73333333332567,0.19921842520995262,1,0,1,4,2,21,5,2,24,0,0,0,0,0,7,12,2,0
difficulty-hard,20260712,1,0.12,0.45,0.2,0.18,3,30,9,1150,3881523552,1413977166,true,false,806.2666666665907,824.2666666665907,9,7,6,180,13,3,3,0,22,20,2,0,2,0,0.09090909090909091,0.9090909090909091,11,1.375,159.73333333332567,0.198114767653391,1,1,0,2,2,19,2,2,19,3,3,20,140.89999999987185,0.1747560773936065,6,11,1,0
difficulty-hard,20260712,1,0.12,0.45,0.2,0.18,3,30,9,1151,2585153278,3404971733,false,false,753.0666666666391,768.0666666666391,9,6,5,179,12,3,3,0,25,20,5,0,5,0,0.2,0.8,8,1,159.73333333332567,0.21211048158639986,1,0,1,2,2,15,3,3,20,0,0,0,0,0,6,14,2,0
difficulty-hard,20260712,1,0.12,0.45,0.2,0.18,3,30,9,1152,303195848,2587403090,false,false,719.9000000000026,734.9000000000026,9,6,5,179,27,8,3,16,58,52,6,16,6,0,0.10344827586206896,0.896551724137931,24,3,159.73333333332567,0.22188266888918615,1,0,1,7,3,43,8,3,50,0,0,0,0,0,7,5,2,0
difficulty-hard,20260712,1,0.12,0.45,0.2,0.18,3,30,9,1153,1301553575,1489198977,false,false,763.4999999999629,781.4999999999629,9,7,6,179,20,6,3,7,36,35,1,7,1,0,0.027777777777777776,0.9722222222222222,16,2,159.73333333332567,0.20921196245361287,1,0,1,5,3,25,5,3,32,0,0,0,0,0,7,6,2,0
difficulty-hard,20260712,1,0.12,0.45,0.2,0.18,3,30,9,1154,2959826344,1558835145,false,false,739.9999999999843,757.9999999999843,9,7,6,179,25,7,3,5,47,39,8,5,8,0,0.1702127659574468,0.8297872340425532,21,2.625,159.73333333332567,0.21585585585585007,1,0,1,6,3,33,7,3,38,0,0,0,0,0,8,5,2,0
difficulty-hard,20260712,1,0.12,0.45,0.2,0.18,3,30,9,1155,631419751,3162694561,false,false,755.3999999999703,773.3999999999703,9,7,6,179,17,5,3,0,28,27,1,0,1,0,0.03571428571428571,0.9642857142857143,13,1.625,159.73333333332567,0.21145529962050827,1,0,1,4,3,21,5,3,26,0,0,0,0,0,6,11,1,0
difficulty-hard,20260712,1,0.12,0.45,0.2,0.18,3,30,9,1156,3884703700,4189822864,false,false,725.5999999999974,743.5999999999974,9,7,6,179,17,5,2,0,28,25,3,0,3,0,0.10714285714285714,0.8928571428571429,11,1.375,159.73333333332567,0.22013965453876275,1,0,1,3,2,19,5,2,25,0,0,0,0,0,3,5,2,0
difficulty-hard,20260712,1,0.12,0.45,0.2,0.18,3,30,9,1157,1947027684,896592575,false,false,749.7999999999754,767.7999999999754,9,7,6,179,9,3,3,0,19,15,4,0,4,0,0.21052631578947367,0.7894736842105263,5,0.625,159.73333333332567,0.2130345870009748,1,0,1,1,1,13,3,3,15,0,0,0,0,0,7,9,1,0
difficulty-hard,20260712,1,0.12,0.45,0.2,0.18,3,30,9,1158,1287267269,3049378033,false,false,817.7666666665802,835.7666666665802,9,7,6,179,15,4,2,0,28,22,6,0,6,0,0.21428571428571427,0.7857142857142857,10,1.25,159.73333333332567,0.1953287408796428,1,0,1,3,2,16,3,2,21,0,0,0,0,0,6,10,2,0
difficulty-hard,20260712,1,0.12,0.45,0.2,0.18,3,30,9,1159,2181562480,33552581,false,false,808.166666666589,826.166666666589,9,7,6,179,18,5,3,1,31,28,3,1,3,0,0.0967741935483871,0.9032258064516129,12,1.5,159.73333333332567,0.19764899979378142,1,0,1,3,3,21,5,3,28,0,0,0,0,0,5,8,3,0
difficulty-hard,20260712,1,0.12,0.45,0.2,0.18,3,30,9,1160,2216693740,3543091761,false,false,815.533333333249,833.533333333249,9,7,6,179,21,6,2,8,43,39,4,8,4,0,0.09302325581395349,0.9069767441860465,21,2.625,159.73333333332567,0.19586364751084223,1,0,1,6,2,37,6,2,39,0,0,0,0,0,5,11,2,0
difficulty-hard,20260712,1,0.12,0.45,0.2,0.18,3,30,9,1161,2408335553,1227174989,false,false,809.5333333332544,824.5333333332544,9,6,5,179,19,6,3,4,34,30,4,4,4,0,0.11764705882352941,0.8823529411764706,13,1.625,159.73333333332567,0.19731532570206034,1,0,1,3,2,24,5,3,29,0,0,0,0,0,5,6,2,0
difficulty-hard,20260712,1,0.12,0.45,0.2,0.18,3,30,9,1162,609547358,2915542374,false,false,760.3333333332992,778.3333333332992,9,7,6,179,24,8,3,4,41,36,5,4,5,0,0.12195121951219512,0.8780487804878049,17,2.125,159.73333333332567,0.21008329679964866,1,0,1,5,3,27,8,3,35,0,0,0,0,0,6,8,2,0
difficulty-hard,20260712,1,0.12,0.45,0.2,0.18,3,30,9,1163,1760411807,4000869575,false,false,796.4666666665996,811.4666666665996,9,6,5,179,24,7,3,7,45,40,5,7,5,0,0.1111111111111111,0.8888888888888888,21,2.625,159.73333333332567,0.20055243994308922,1,0,1,6,3,33,7,3,38,0,0,0,0,0,8,7,2,0
difficulty-hard,20260712,1,0.12,0.45,0.2,0.18,3,30,9,1164,2010378207,3873036952,false,false,823.6333333332416,841.6333333332416,9,7,6,179,20,6,3,0,32,29,3,0,3,0,0.09375,0.90625,18,2.25,159.73333333332567,0.19393743170505906,1,0,1,6,3,26,6,3,27,0,0,0,0,0,6,10,2,0
difficulty-hard,20260712,1,0.12,0.45,0.2,0.18,3,30,9,1165,1993961856,4044999321,false,false,751.9666666666401,769.9666666666401,9,7,6,179,24,7,3,18,54,51,3,18,3,0,0.05555555555555555,0.9444444444444444,21,2.625,159.73333333332567,0.2124207633317053,1,0,1,6,3,48,7,3,51,0,0,0,0,0,6,10,3,0
difficulty-hard,20260712,1,0.12,0.45,0.2,0.18,3,30,9,1166,3592968774,1837190402,false,false,816.533333333248,834.533333333248,9,7,6,179,21,6,3,4,38,34,4,4,4,0,0.10526315789473684,0.8947368421052632,18,2.25,159.73333333332567,0.19562377531026579,1,0,1,5,3,29,6,3,34,0,0,0,0,0,6,11,2,0
difficulty-hard,20260712,1,0.12,0.45,0.2,0.18,3,30,9,1167,3131063876,4108468355,false,false,813.1666666665844,828.1666666665844,9,6,5,179,12,3,2,0,25,21,4,0,4,0,0.16,0.84,9,1.125,159.73333333332567,0.19643369542940173,1,0,1,2,1,16,3,2,21,0,0,0,0,0,6,8,1,0
difficulty-hard,20260712,1,0.12,0.45,0.2,0.18,3,30,9,1168,2619876843,1136457579,false,false,789.2333333332729,807.2333333332729,9,7,6,179,16,4,3,0,32,26,6,0,6,0,0.1875,0.8125,12,1.5,159.73333333332567,0.20239050555391888,1,0,1,4,3,20,4,3,25,0,0,0,0,0,6,8,2,0
difficulty-hard,20260712,1,0.12,0.45,0.2,0.18,3,30,9,1169,548725170,3869792924,false,false,795.5666666666004,813.5666666666004,9,7,6,179,18,5,3,6,39,34,5,6,5,0,0.1282051282051282,0.8717948717948718,17,2.125,159.73333333332567,0.20077931872460592,1,0,1,5,3,28,5,3,34,0,0,0,0,0,3,6,3,0
difficulty-hard,20260712,1,0.12,0.45,0.2,0.18,3,30,9,1170,3542621108,2902107788,false,false,781.5999999999465,796.5999999999465,9,6,5,179,23,7,2,18,56,51,5,18,5,0,0.08928571428571429,0.9107142857142857,21,2.625,159.73333333332567,0.2043671102013007,1,0,1,6,2,42,7,2,48,0,0,0,0,0,10,5,2,0
difficulty-hard,20260712,1,0.12,0.45,0.2,0.18,3,30,9,1171,1955990498,1346023668,false,false,759.2999999999668,777.2999999999668,9,7,6,179,25,8,3,8,43,42,1,8,1,0,0.023255813953488372,0.9767441860465116,20,2.5,159.73333333332567,0.21036919970147855,1,0,1,6,3,35,8,3,40,0,0,0,0,0,5,10,1,0
difficulty-hard,20260712,1,0.12,0.45,0.2,0.18,3,30,9,1172,4266229350,4276225212,false,false,810.8999999999198,828.8999999999198,9,7,6,179,25,7,3,7,50,42,8,7,8,0,0.16,0.84,23,2.875,159.73333333332567,0.19698277633905717,1,0,1,7,3,33,7,3,40,0,0,0,0,0,6,6,2,0
difficulty-hard,20260712,1,0.12,0.45,0.2,0.18,3,30,9,1173,443587828,1169980039,false,false,800.5999999999292,815.5999999999292,9,6,5,179,22,6,3,10,47,42,5,10,5,0,0.10638297872340426,0.8936170212765957,22,2.75,159.73333333332567,0.1995170288950035,1,0,1,6,3,38,6,3,42,0,0,0,0,0,5,7,2,0
difficulty-hard,20260712,1,0.12,0.45,0.2,0.18,3,30,9,1174,3561664202,2892230139,false,false,777.0666666666173,795.0666666666173,9,7,6,179,19,5,2,6,38,34,4,6,4,0,0.10526315789473684,0.8947368421052632,17,2.125,159.73333333332567,0.20555936856554885,1,0,1,5,2,29,5,2,32,0,0,0,0,0,6,8,2,0
difficulty-hard,20260712,1,0.12,0.45,0.2,0.18,3,30,9,1175,1519312236,3385771188,false,false,744.8999999999799,762.8999999999799,9,7,6,179,18,5,3,7,40,34,6,7,6,0,0.15,0.85,14,1.75,159.73333333332567,0.2144359421846288,1,0,1,4,3,22,4,3,31,0,0,0,0,0,8,8,2,0
difficulty-hard,20260712,1,0.12,0.45,0.2,0.18,3,30,9,1176,2729587666,1476732785,false,false,753.9666666666383,768.9666666666383,9,6,5,179,23,7,3,4,41,37,4,4,4,0,0.0975609756097561,0.9024390243902439,18,2.25,159.73333333332567,0.2118572881206044,1,0,1,6,3,26,7,3,37,0,0,0,0,0,6,11,2,0
difficulty-hard,20260712,1,0.12,0.45,0.2,0.18,3,30,9,1177,1381591971,3110202825,false,false,763.2666666666298,781.2666666666298,9,7,6,179,30,9,3,11,60,51,9,11,9,0,0.15,0.85,30,3.75,159.73333333332567,0.20927591929426156,1,0,1,9,3,48,9,3,51,0,0,0,0,0,5,11,2,0
difficulty-hard,20260712,1,0.12,0.45,0.2,0.18,3,30,9,1178,1777325201,3491524595,false,false,794.8333333332678,809.8333333332678,9,6,5,179,22,7,3,6,45,38,7,6,7,0,0.15555555555555556,0.8444444444444444,17,2.125,159.73333333332567,0.20096456280143282,1,0,1,5,3,29,7,3,36,0,0,0,0,0,5,5,2,0
difficulty-hard,20260712,1,0.12,0.45,0.2,0.18,3,30,9,1179,1100311346,2716386227,false,false,748.8666666666429,763.8666666666429,9,6,5,179,18,5,3,1,32,28,4,1,4,0,0.125,0.875,16,2,159.73333333332567,0.21330009792575103,1,0,1,4,3,24,5,3,28,0,0,0,0,0,6,6,2,0
difficulty-hard,20260712,1,0.12,0.45,0.2,0.18,3,30,9,1180,747802956,1293425423,false,false,784.3666666666106,799.3666666666106,9,6,5,179,17,5,3,2,33,29,4,2,4,0,0.12121212121212122,0.8787878787878788,16,2,159.73333333332567,0.20364625387786803,1,0,1,5,3,25,5,3,27,0,0,0,0,0,6,8,1,0
difficulty-hard,20260712,1,0.12,0.45,0.2,0.18,3,30,9,1181,1928884151,4066400607,false,false,784.5999999999437,802.5999999999437,9,7,6,179,24,8,3,13,51,47,4,13,4,0,0.0784313725490196,0.9215686274509803,22,2.75,159.73333333332567,0.20358569122270856,1,0,1,7,3,40,8,3,47,0,0,0,0,0,4,3,2,0
difficulty-hard,20260712,1,0.12,0.45,0.2,0.18,3,30,9,1182,2373037684,3830978284,false,false,763.7666666666294,781.7666666666294,9,7,6,179,16,4,2,1,32,27,5,1,5,0,0.15625,0.84375,12,1.5,159.73333333332567,0.20913891677213828,1,0,1,3,2,22,4,2,27,0,0,0,0,0,5,6,2,0
difficulty-hard,20260712,1,0.12,0.45,0.2,0.18,3,30,9,1183,4185778485,1055022333,false,false,757.9333333333013,772.9333333333013,9,6,5,179,16,5,3,0,25,24,1,0,1,0,0.04,0.96,14,1.75,159.73333333332567,0.21074852669539856,1,0,1,4,2,22,5,3,23,0,0,0,0,0,5,10,2,0
difficulty-hard,20260712,1,0.12,0.45,0.2,0.18,3,30,9,1184,4030695621,4023037126,false,false,813.9666666665837,831.9666666665837,9,7,6,179,19,5,3,5,34,33,1,5,1,0,0.029411764705882353,0.9705882352941176,18,2.25,159.73333333332567,0.19624063229453534,1,0,1,5,3,29,5,3,33,0,0,0,0,0,5,8,2,0
difficulty-hard,20260712,1,0.12,0.45,0.2,0.18,3,30,9,1185,1070342049,2941776586,false,false,760.6999999999655,775.6999999999655,9,6,5,179,18,5,3,0,32,27,5,0,5,0,0.15625,0.84375,14,1.75,159.73333333332567,0.2099820340914065,1,0,1,4,3,21,5,3,27,0,0,0,0,0,3,5,2,0
difficulty-hard,20260712,1,0.12,0.45,0.2,0.18,3,30,9,1186,43014710,4044450265,false,false,727.6333333333289,742.6333333333289,9,6,5,179,20,6,3,6,40,36,4,6,4,0,0.1,0.9,16,2,159.73333333332567,0.21952448577579364,1,0,1,4,3,25,6,3,35,0,0,0,0,0,3,5,3,0
difficulty-hard,20260712,1,0.12,0.45,0.2,0.18,3,30,9,1187,3936337196,3302626409,false,false,786.499999999942,801.499999999942,9,6,5,179,15,4,3,0,32,24,8,0,8,0,0.25,0.75,14,1.75,159.73333333332567,0.2030938758211538,1,0,1,4,3,20,4,3,24,0,0,0,0,0,2,5,2,0
difficulty-hard,20260712,1,0.12,0.45,0.2,0.18,3,30,9,1188,1139549013,2209305752,false,false,758.1999999999678,776.1999999999678,9,7,6,179,17,4,3,4,38,31,7,4,7,0,0.18421052631578946,0.8157894736842105,16,2,159.73333333332567,0.21067440429086318,1,0,1,4,3,29,4,3,31,0,0,0,0,0,6,14,2,0
difficulty-hard,20260712,1,0.12,0.45,0.2,0.18,3,30,9,1189,1233737194,2962720777,false,false,745.0333333333131,763.0333333333131,9,7,6,179,20,6,3,5,37,34,3,5,3,0,0.08108108108108109,0.918918918918919,16,2,159.73333333332567,0.2143975661044204,1,0,1,5,3,24,6,3,33,0,0,0,0,0,3,4,2,0
difficulty-hard,20260712,1,0.12,0.45,0.2,0.18,3,30,9,1190,633326377,1384868455,false,false,789.4999999999393,807.4999999999393,9,7,6,179,13,3,3,0,27,22,5,0,5,0,0.18518518518518517,0.8148148148148148,11,1.375,159.73333333332567,0.20232214481740082,1,0,1,3,3,18,3,3,22,0,0,0,0,0,3,5,2,0
difficulty-hard,20260712,1,0.12,0.45,0.2,0.18,3,30,9,1191,15317135,2438755539,false,false,740.399999999984,755.399999999984,9,6,5,179,15,4,3,0,28,24,4,0,4,0,0.14285714285714285,0.8571428571428571,10,1.25,159.73333333332567,0.21573924005041753,1,0,1,3,2,17,4,3,24,0,0,0,0,0,4,5,2,0
difficulty-hard,20260712,1,0.12,0.45,0.2,0.18,3,30,9,1192,785051278,1294541094,false,false,811.8333333332523,829.8333333332523,9,7,6,179,19,5,2,5,40,33,7,5,7,0,0.175,0.825,15,1.875,159.73333333332567,0.1967563128721104,1,0,1,4,2,25,5,2,30,0,0,0,0,0,7,7,2,0
difficulty-hard,20260712,1,0.12,0.45,0.2,0.18,3,30,9,1193,841994960,1169645799,false,false,778.5666666666159,793.5666666666159,9,6,5,179,21,6,2,7,43,38,5,7,5,0,0.11627906976744186,0.8837209302325582,17,2.125,159.73333333332567,0.20516333433232362,1,0,1,5,2,25,6,2,32,0,0,0,0,0,3,5,3,0
difficulty-hard,20260712,1,0.12,0.45,0.2,0.18,3,30,9,1194,1756049801,2904352562,false,false,792.5999999999365,807.5999999999365,9,6,5,179,18,5,3,0,33,28,5,0,5,0,0.15151515151515152,0.8484848484848485,16,2,159.73333333332567,0.20153082681470916,1,0,1,5,3,24,5,3,28,0,0,0,0,0,3,5,1,0
difficulty-hard,20260712,1,0.12,0.45,0.2,0.18,3,30,9,1195,1405971873,3354934575,false,false,766.366666666627,784.366666666627,9,7,6,179,23,6,3,6,43,38,5,6,5,0,0.11627906976744186,0.8837209302325582,21,2.625,159.73333333332567,0.20842938541168363,1,0,1,6,3,31,6,3,38,0,0,0,0,0,4,4,2,0
difficulty-hard,20260712,1,0.12,0.45,0.2,0.18,3,30,9,1196,686942995,1191522323,false,false,799.3999999999303,814.3999999999303,9,6,5,179,21,7,3,0,34,30,4,0,4,0,0.11764705882352941,0.8823529411764706,18,2.25,159.73333333332567,0.1998165290634721,1,0,1,6,3,25,7,3,30,0,0,0,0,0,5,5,3,0
difficulty-hard,20260712,1,0.12,0.45,0.2,0.18,3,30,9,1197,2136953526,2220072296,false,false,766.1999999999605,784.1999999999605,9,7,6,179,22,7,3,5,42,36,6,5,6,0,0.14285714285714285,0.8571428571428571,17,2.125,159.73333333332567,0.20847472374488896,1,0,1,5,3,28,7,3,35,0,0,0,0,0,5,5,2,0
difficulty-hard,20260712,1,0.12,0.45,0.2,0.18,3,30,9,1198,3299533511,4164188995,false,false,774.0333333332867,789.0333333332867,9,6,5,179,20,6,3,4,38,34,4,4,4,0,0.10526315789473684,0.8947368421052632,17,2.125,159.73333333332567,0.20636492829766415,1,0,1,5,3,27,6,3,33,0,0,0,0,0,6,8,2,0
difficulty-hard,20260712,1,0.12,0.45,0.2,0.18,3,30,9,1199,3182477788,3501828424,false,false,816.6999999999146,834.6999999999146,9,7,6,179,17,5,3,2,32,29,3,2,3,0,0.09375,0.90625,16,2,159.73333333332567,0.1955838537202674,1,0,1,5,3,25,5,3,27,0,0,0,0,0,6,13,2,0
difficulty-hard,20260712,1,0.12,0.45,0.2,0.18,3,30,9,1200,2272928860,1214482559,false,false,808.7999999999217,823.7999999999217,9,6,5,179,25,7,3,6,44,41,3,6,3,0,0.06818181818181818,0.9318181818181818,20,2.5,159.73333333332567,0.19749423013518932,1,0,1,5,3,34,7,3,41,0,0,0,0,0,7,8,2,0
difficulty-hard,20260712,1,0.12,0.45,0.2,0.18,3,30,9,1201,2885962864,2574540997,false,false,814.4666666665833,829.4666666665833,9,6,5,179,22,6,3,2,41,33,8,2,8,0,0.1951219512195122,0.8048780487804879,17,2.125,159.73333333332567,0.19612016043219535,1,0,1,5,3,26,6,3,33,0,0,0,0,0,6,8,2,0
difficulty-hard,20260712,1,0.12,0.45,0.2,0.18,3,30,9,1202,2546326207,608766307,false,false,792.6666666666031,810.6666666666031,9,7,6,179,18,5,2,4,35,31,4,4,4,0,0.11428571428571428,0.8857142857142857,15,1.875,159.73333333332567,0.2015138772077441,1,0,1,4,2,25,5,2,30,0,0,0,0,0,7,11,2,0
difficulty-hard,20260712,1,0.12,0.45,0.2,0.18,3,30,9,1203,3170362507,307429260,false,false,772.633333333288,790.633333333288,9,7,6,179,15,4,3,0,33,25,8,0,8,0,0.24242424242424243,0.7575757575757576,12,1.5,159.73333333332567,0.2067388584494608,1,0,1,3,3,20,4,3,25,0,0,0,0,0,3,5,2,0
difficulty-hard,20260712,1,0.12,0.45,0.2,0.18,3,30,9,1204,3398658789,721285388,false,false,777.4333333332836,792.4333333332836,9,6,5,179,25,8,3,5,47,40,7,5,7,0,0.14893617021276595,0.851063829787234,24,3,159.73333333332567,0.2054624190713063,1,0,1,8,3,36,8,3,40,0,0,0,0,0,3,3,2,0
difficulty-hard,20260712,1,0.12,0.45,0.2,0.18,3,30,9,1205,3039582590,302525131,true,false,797.8666666665983,815.8666666665983,9,7,6,180,19,5,3,4,36,31,5,4,5,0,0.1388888888888889,0.8611111111111112,14,1.75,159.73333333332567,0.20020053475936583,1,1,0,3,3,22,4,3,29,4,3,29,141.06666666653837,0.17680481283407892,4,14,2,0
difficulty-hard,20260712,1,0.12,0.45,0.2,0.18,3,30,9,1206,2584144061,1044257095,false,false,800.033333333263,815.033333333263,9,6,5,179,22,7,3,4,39,33,6,4,6,0,0.15384615384615385,0.8461538461538461,20,2.5,159.73333333332567,0.19965834756885928,1,0,1,6,3,32,7,3,33,0,0,0,0,0,3,5,2,0
difficulty-hard,20260712,1,0.12,0.45,0.2,0.18,3,30,9,1207,927846492,1211628362,false,false,774.06666666662,789.06666666662,9,6,5,179,26,8,3,12,51,48,3,12,3,0,0.058823529411764705,0.9411764705882353,24,3,159.73333333332567,0.20635604168461197,1,0,1,7,3,40,8,3,46,0,0,0,0,0,5,5,2,0
difficulty-hard,20260712,1,0.12,0.45,0.2,0.18,3,30,9,1208,4131636149,2126874147,false,false,794.6999999999346,809.6999999999346,9,6,5,179,16,5,3,1,33,26,7,1,7,0,0.21212121212121213,0.7878787878787878,14,1.75,159.73333333332567,0.20099828027348537,1,0,1,4,3,24,5,3,26,0,0,0,0,0,3,4,2,0
difficulty-hard,20260712,1,0.12,0.45,0.2,0.18,3,30,9,1209,1737855019,3396597869,false,false,754.1999999999714,772.1999999999714,9,7,6,179,21,5,3,7,43,38,5,7,5,0,0.11627906976744186,0.8837209302325582,19,2.375,159.73333333332567,0.2117917440113123,1,0,1,5,3,31,5,3,37,0,0,0,0,0,6,8,2,0
difficulty-hard,20260712,1,0.12,0.45,0.2,0.18,3,30,9,1210,3277395191,3159115895,false,false,802.666666666594,817.666666666594,9,6,5,179,20,6,3,7,44,36,8,7,8,0,0.18181818181818182,0.8181818181818182,18,2.25,159.73333333332567,0.1990033222591447,1,0,1,5,3,32,6,3,36,0,0,0,0,0,5,8,2,0
difficulty-hard,20260712,1,0.12,0.45,0.2,0.18,3,30,9,1211,4055294810,3377475912,false,false,777.2333333332838,795.2333333332838,9,7,6,179,21,6,3,2,40,33,7,2,7,0,0.175,0.825,15,1.875,159.73333333332567,0.20551528927392357,1,0,1,4,3,24,6,3,32,0,0,0,0,0,6,5,2,0
difficulty-hard,20260712,1,0.12,0.45,0.2,0.18,3,30,9,1212,1975604114,4038602013,false,false,771.1999999999559,786.1999999999559,9,6,5,179,20,6,3,4,38,34,4,4,4,0,0.10526315789473684,0.8947368421052632,16,2,159.73333333332567,0.20712309820193828,1,0,1,4,3,26,6,3,33,0,0,0,0,0,5,4,3,0
difficulty-hard,20260712,1,0.12,0.45,0.2,0.18,3,30,9,1213,3420082738,2472699259,false,false,794.3333333332682,812.3333333332682,9,7,6,179,21,6,3,6,44,37,7,6,7,0,0.1590909090909091,0.8409090909090909,15,1.875,159.73333333332567,0.20109106168695606,1,0,1,4,3,25,6,3,37,0,0,0,0,0,8,10,2,0
difficulty-hard,20260712,1,0.12,0.45,0.2,0.18,3,30,9,1214,1108554718,2129272376,false,false,764.7333333332951,782.7333333332951,9,7,6,179,26,8,3,16,57,52,5,16,5,0,0.08771929824561403,0.9122807017543859,24,3,159.73333333332567,0.20887455322116683,1,0,1,7,3,45,7,3,49,0,0,0,0,0,6,5,2,0
difficulty-hard,20260712,1,0.12,0.45,0.2,0.18,3,30,9,1215,2998437526,3410483603,false,false,748.9666666666428,763.9666666666428,9,6,5,179,10,2,1,0,20,18,2,0,2,0,0.1,0.9,9,1.125,159.73333333332567,0.21327161867461492,1,0,1,2,1,15,2,1,17,0,0,0,0,0,3,5,2,0
difficulty-hard,20260712,1,0.12,0.45,0.2,0.18,3,30,9,1216,2238490736,101655700,false,false,809.0999999999215,827.0999999999215,9,7,6,179,22,7,3,9,45,40,5,9,5,0,0.1111111111111111,0.8888888888888888,16,2,159.73333333332567,0.1974210027602783,1,0,1,4,3,30,7,3,39,0,0,0,0,0,5,8,2,0
difficulty-hard,20260712,1,0.12,0.45,0.2,0.18,3,30,9,1217,2558370249,467339465,false,false,788.366666666607,803.366666666607,9,6,5,179,26,8,3,15,52,50,2,15,2,0,0.038461538461538464,0.9615384615384616,23,2.875,159.73333333332567,0.20261299733627047,1,0,1,7,3,37,8,3,49,0,0,0,0,0,3,4,3,0
difficulty-hard,20260712,1,0.12,0.45,0.2,0.18,3,30,9,1218,4290849042,3524134420,false,false,813.0333333332512,828.0333333332512,9,6,5,179,16,5,3,0,28,25,3,0,3,0,0.10714285714285714,0.8928571428571429,12,1.5,159.73333333332567,0.19646590955681417,1,0,1,3,3,20,5,3,24,0,0,0,0,0,7,14,1,0
difficulty-hard,20260712,1,0.12,0.45,0.2,0.18,3,30,9,1219,1083664952,1528667996,false,false,728.8333333333278,743.8333333333278,9,6,5,179,28,8,3,9,55,47,8,9,8,0,0.14545454545454545,0.8545454545454545,21,2.625,159.73333333332567,0.21916304596386035,1,0,1,6,3,37,8,3,47,0,0,0,0,0,3,4,2,0
difficulty-hard,20260712,1,0.12,0.45,0.2,0.18,3,30,9,1220,2274800866,370555465,false,false,805.5666666665913,820.5666666665913,9,6,5,179,16,4,3,0,30,26,4,0,4,0,0.13333333333333333,0.8666666666666667,14,1.75,159.73333333332567,0.19828692018042035,1,0,1,4,3,22,4,3,26,0,0,0,0,0,6,11,2,0
difficulty-hard,20260712,1,0.12,0.45,0.2,0.18,3,30,9,1221,1181204962,4201821060,false,false,781.2999999999467,799.2999999999467,9,7,6,179,20,6,3,2,35,32,3,2,3,0,0.08571428571428572,0.9142857142857143,18,2.25,159.73333333332567,0.20444558214941325,1,0,1,5,3,28,6,3,32,0,0,0,0,0,3,4,2,0
difficulty-hard,20260712,1,0.12,0.45,0.2,0.18,3,30,9,1222,2237359538,2580322930,false,false,788.8333333332732,803.8333333332732,9,6,5,179,18,5,3,7,40,34,6,7,6,0,0.15,0.85,14,1.75,159.73333333332567,0.20249313331925356,1,0,1,4,3,23,4,3,31,0,0,0,0,0,5,5,2,0
difficulty-hard,20260712,1,0.12,0.45,0.2,0.18,3,30,9,1223,2747410791,3357442364,false,false,753.933333333305,771.933333333305,9,7,6,179,16,5,3,0,30,24,6,0,6,0,0.2,0.8,13,1.625,159.73333333332567,0.21186665487664472,1,0,1,4,3,19,5,3,24,0,0,0,0,0,3,5,2,0
difficulty-hard,20260712,1,0.12,0.45,0.2,0.18,3,30,9,1224,733812782,103707707,false,false,768.2666666666253,786.2666666666253,9,7,6,179,12,3,2,0,23,20,3,0,3,0,0.13043478260869565,0.8695652173913043,11,1.375,159.73333333332567,0.20791391877820325,1,0,1,3,2,18,3,2,20,0,0,0,0,0,7,8,1,0
difficulty-hard,20260712,1,0.12,0.45,0.2,0.18,3,30,9,1225,1841467418,3960770622,false,false,823.566666666575,838.566666666575,9,6,5,179,20,6,3,6,37,36,1,6,1,0,0.02702702702702703,0.972972972972973,17,2.125,159.73333333332567,0.1939531306917191,1,0,1,5,3,27,6,3,36,0,0,0,0,0,5,5,2,0
difficulty-hard,20260712,1,0.12,0.45,0.2,0.18,3,30,9,1226,25303412,1652945384,false,false,798.6333333332643,813.6333333332643,9,6,5,179,17,5,2,0,32,26,6,0,6,0,0.1875,0.8125,12,1.5,159.73333333332567,0.20000834759381378,1,0,1,3,2,21,5,2,26,0,0,0,0,0,6,10,2,0
difficulty-hard,20260712,1,0.12,0.45,0.2,0.18,3,30,9,1227,3585583267,3102212192,false,false,817.1666666665808,835.1666666665808,9,7,6,179,24,7,3,7,42,39,3,7,3,0,0.07142857142857142,0.9285714285714286,19,2.375,159.73333333332567,0.19547215990211192,1,0,1,5,3,31,6,3,38,0,0,0,0,0,6,8,2,0
difficulty-hard,20260712,1,0.12,0.45,0.2,0.18,3,30,9,1228,2748893982,2056024193,false,false,817.733333333247,835.733333333247,9,7,6,179,14,4,3,0,26,22,4,0,4,0,0.15384615384615385,0.8461538461538461,11,1.375,159.73333333332567,0.19533670308170048,1,0,1,3,2,19,4,3,22,0,0,0,0,0,7,10,1,0
difficulty-hard,20260712,1,0.12,0.45,0.2,0.18,3,30,9,1229,1577243022,2109542710,false,false,759.6999999999664,774.6999999999664,9,6,5,179,20,6,3,1,36,31,5,1,5,0,0.1388888888888889,0.8611111111111112,19,2.375,159.73333333332567,0.21025843534728542,1,0,1,6,3,28,6,3,31,0,0,0,0,0,5,11,2,0
difficulty-hard,20260712,1,0.12,0.45,0.2,0.18,3,30,9,1230,712531646,2279428904,false,false,817.3999999999139,835.3999999999139,9,7,6,179,25,7,3,10,51,45,6,10,6,0,0.11764705882352941,0.8823529411764706,21,2.625,159.73333333332567,0.19541636081886773,1,0,1,6,3,37,7,3,45,0,0,0,0,0,5,5,3,0
difficulty-hard,20260712,1,0.12,0.45,0.2,0.18,3,30,9,1231,1248915341,428852647,false,false,791.9333333332704,806.9333333332704,9,6,5,179,15,4,1,0,29,24,5,0,5,0,0.1724137931034483,0.8275862068965517,14,1.75,159.73333333332567,0.20170047983837658,1,0,1,4,1,21,4,1,24,0,0,0,0,0,6,10,2,0
difficulty-hard,20260712,1,0.12,0.45,0.2,0.18,3,30,9,1232,3134458600,3688983639,false,false,808.3333333332555,826.3333333332555,9,7,6,179,17,5,2,2,34,29,5,2,5,0,0.14705882352941177,0.8529411764705882,17,2.125,159.73333333332567,0.19760824742268995,1,0,1,5,2,26,5,2,29,0,0,0,0,0,6,13,2,0
difficulty-hard,20260712,1,0.12,0.45,0.2,0.18,3,30,9,1233,1503468738,3809564173,false,false,808.8999999999216,823.8999999999216,9,6,5,179,18,5,3,3,34,31,3,3,3,0,0.08823529411764706,0.9117647058823529,18,2.25,159.73333333332567,0.19746981497507868,1,0,1,5,3,27,5,3,31,0,0,0,0,0,6,11,1,0
difficulty-hard,20260712,1,0.12,0.45,0.2,0.18,3,30,9,1234,1167295398,2601903739,false,false,798.4999999999311,816.4999999999311,9,7,6,179,16,4,3,3,34,29,5,3,5,0,0.14705882352941177,0.8529411764705882,13,1.625,159.73333333332567,0.20004174493843388,1,0,1,4,3,22,4,3,29,0,0,0,0,0,3,3,2,0
difficulty-hard,20260712,1,0.12,0.45,0.2,0.18,3,30,9,1235,1139661995,415943599,false,false,826.2666666665725,844.2666666665725,9,7,6,179,19,5,2,11,51,40,11,11,11,0,0.21568627450980393,0.7843137254901961,18,2.25,159.73333333332567,0.19331934807166032,1,0,1,5,2,34,5,2,39,0,0,0,0,0,7,7,2,0
difficulty-hard,20260712,1,0.12,0.45,0.2,0.18,3,30,9,1236,3286612268,3843930984,false,false,729.8999999999935,744.8999999999935,9,6,5,179,17,5,1,2,31,28,3,2,3,0,0.0967741935483871,0.9032258064516129,13,1.625,159.73333333332567,0.21884276384892054,1,0,1,3,1,22,5,1,27,0,0,0,0,0,3,5,1,0
difficulty-hard,20260712,1,0.12,0.45,0.2,0.18,3,30,9,1237,1362296120,2567879092,false,false,793.2999999999358,808.2999999999358,9,6,5,179,14,4,3,0,24,22,2,0,2,0,0.08333333333333333,0.9166666666666666,10,1.25,159.73333333332567,0.20135299802513373,1,0,1,3,3,15,4,3,21,0,0,0,0,0,5,8,2,0
difficulty-hard,20260712,1,0.12,0.45,0.2,0.18,3,30,9,1238,1258133808,738051364,false,false,806.1999999999241,824.1999999999241,9,7,6,179,27,8,3,14,56,51,5,14,5,0,0.08928571428571429,0.9107142857142857,24,3,159.73333333332567,0.19813115025222117,1,0,1,7,3,43,8,3,50,0,0,0,0,0,6,9,2,0
difficulty-hard,20260712,1,0.12,0.45,0.2,0.18,3,30,9,1239,3663702283,2417368751,false,false,744.0999999999806,762.0999999999806,9,7,6,179,21,6,3,8,46,39,7,8,7,0,0.15217391304347827,0.8478260869565217,18,2.25,159.73333333332567,0.21466648747927677,1,0,1,5,3,33,6,3,38,0,0,0,0,0,5,5,3,0
difficulty-hard,20260712,1,0.12,0.45,0.2,0.18,3,30,9,1240,2945725963,2718939844,false,false,807.2333333332565,822.2333333332565,9,6,5,179,22,6,3,10,46,41,5,10,5,0,0.10869565217391304,0.8913043478260869,20,2.5,159.73333333332567,0.1978775240533603,1,0,1,6,3,33,6,3,39,0,0,0,0,0,8,6,2,0
difficulty-hard,20260712,1,0.12,0.45,0.2,0.18,3,30,9,1241,1470181097,2284511717,false,false,732.9666666666574,747.9666666666574,9,6,5,179,22,6,3,2,37,33,4,2,4,0,0.10810810810810811,0.8918918918918919,19,2.375,159.73333333332567,0.21792714539086958,1,0,1,6,3,27,6,3,33,0,0,0,0,0,3,5,3,0
difficulty-hard,20260712,1,0.12,0.45,0.2,0.18,3,30,9,1242,224845299,3951054185,false,false,761.966666666631,779.966666666631,9,7,6,179,19,6,3,0,33,27,6,0,6,0,0.18181818181818182,0.8181818181818182,12,1.5,159.73333333332567,0.2096329673214049,1,0,1,3,1,21,5,2,25,0,0,0,0,0,6,10,2,0
difficulty-hard,20260712,1,0.12,0.45,0.2,0.18,3,30,9,1243,3275950319,3043886232,false,false,761.6666666666313,776.6666666666313,9,6,5,179,25,8,3,4,44,39,5,4,5,0,0.11363636363636363,0.8863636363636364,22,2.75,159.73333333332567,0.20971553610503252,1,0,1,7,3,31,8,3,38,0,0,0,0,0,6,8,2,0
difficulty-hard,20260712,1,0.12,0.45,0.2,0.18,3,30,9,1244,4141744561,703660854,false,false,786.6999999999418,804.6999999999418,9,7,6,179,24,7,3,4,46,37,9,4,9,0,0.1956521739130435,0.8043478260869565,20,2.5,159.73333333332567,0.2030422439727183,1,0,1,6,3,30,7,3,37,0,0,0,0,0,5,7,3,0
difficulty-hard,20260712,1,0.12,0.45,0.2,0.18,3,30,9,1245,4253618356,4106735377,false,false,772.6999999999546,787.6999999999546,9,6,5,179,25,7,2,6,47,40,7,6,7,0,0.14893617021276595,0.851063829787234,18,2.25,159.73333333332567,0.20672102152625219,1,0,1,5,2,28,7,2,38,0,0,0,0,0,5,4,2,0
difficulty-hard,20260712,1,0.12,0.45,0.2,0.18,3,30,9,1246,341573615,4241829920,false,false,828.3666666665706,843.3666666665706,9,6,5,179,16,4,3,8,38,34,4,8,4,0,0.10526315789473684,0.8947368421052632,14,1.75,159.73333333332567,0.19282926240394052,1,0,1,4,3,24,4,3,34,0,0,0,0,0,6,11,2,0
difficulty-hard,20260712,1,0.12,0.45,0.2,0.18,3,30,9,1247,1071611621,1923718218,false,false,795.4999999999338,813.4999999999338,9,7,6,179,27,8,3,9,55,46,9,9,9,0,0.16363636363636364,0.8363636363636363,26,3.25,159.73333333332567,0.20079614498219855,1,0,1,8,3,40,8,3,45,0,0,0,0,0,4,4,3,0
difficulty-hard,20260712,1,0.12,0.45,0.2,0.18,3,30,9,1248,4287051561,4129424070,false,false,758.3999999999676,773.3999999999676,9,6,5,179,26,7,3,15,58,51,7,15,7,0,0.1206896551724138,0.8793103448275862,25,3.125,159.73333333332567,0.21061884669479497,1,0,1,7,3,43,7,3,48,0,0,0,0,0,7,7,2,0
difficulty-hard,20260712,1,0.12,0.45,0.2,0.18,3,30,9,1249,975889816,3302977701,false,false,749.7999999999754,767.7999999999754,9,7,6,179,20,6,3,3,37,33,4,3,4,0,0.10810810810810811,0.8918918918918919,20,2.5,159.73333333332567,0.2130345870009748,1,0,1,6,3,30,6,3,33,0,0,0,0,0,6,11,3,0
difficulty-hard,20260712,1,0.12,0.45,0.2,0.18,3,30,9,1250,855530073,79120488,false,false,774.2666666666198,789.2666666666198,9,6,5,179,16,5,2,1,27,26,1,1,1,0,0.037037037037037035,0.9629629629629629,14,1.75,159.73333333332567,0.20630273807473998,1,0,1,4,2,24,5,2,26,0,0,0,0,0,5,9,1,0
difficulty-hard,20260712,1,0.12,0.45,0.2,0.18,3,30,9,1251,2582456742,1007336778,false,false,794.2333333332683,812.2333333332683,9,7,6,179,23,7,3,6,43,39,4,6,4,0,0.09302325581395349,0.9069767441860465,16,2,159.73333333332567,0.20111638057666356,1,0,1,4,3,29,7,3,37,0,0,0,0,0,4,4,2,0
difficulty-hard,20260712,1,0.12,0.45,0.2,0.18,3,30,9,1252,865250452,3283910978,false,false,770.9999999999561,785.9999999999561,9,6,5,179,19,5,3,10,42,39,3,10,3,0,0.07142857142857142,0.9285714285714286,19,2.375,159.73333333332567,0.2071768266320814,1,0,1,5,3,32,5,3,38,0,0,0,0,0,6,9,1,0
difficulty-hard,20260712,1,0.12,0.45,0.2,0.18,3,30,9,1253,2238503563,2775949469,false,false,825.7999999999063,843.7999999999063,9,7,6,179,22,6,3,9,47,41,6,9,6,0,0.1276595744680851,0.8723404255319149,19,2.375,159.73333333332567,0.1934285944942405,1,0,1,5,3,31,6,3,39,0,0,0,0,0,5,7,3,0
difficulty-hard,20260712,1,0.12,0.45,0.2,0.18,3,30,9,1254,994424400,2835077356,false,false,808.4333333332554,826.4333333332554,9,7,6,179,24,7,3,5,43,39,4,5,4,0,0.09302325581395349,0.9069767441860465,19,2.375,159.73333333332567,0.197583804065486,1,0,1,6,3,30,7,3,38,0,0,0,0,0,8,8,2,0
difficulty-hard,20260712,1,0.12,0.45,0.2,0.18,3,30,9,1255,3102270651,3354680876,false,false,813.9666666665837,831.9666666665837,9,7,6,179,11,3,2,0,27,20,7,0,7,0,0.25925925925925924,0.7407407407407407,9,1.125,159.73333333332567,0.19624063229453534,1,0,1,2,2,16,3,2,19,0,0,0,0,0,6,10,2,0
difficulty-hard,20260712,1,0.12,0.45,0.2,0.18,3,30,9,1256,4239954273,625930797,false,false,809.6999999999209,827.6999999999209,9,7,6,179,17,5,2,3,32,30,2,3,2,0,0.0625,0.9375,14,1.75,159.73333333332567,0.19727471079824785,1,0,1,4,2,25,5,2,30,0,0,0,0,0,5,5,2,0
difficulty-hard,20260712,1,0.12,0.45,0.2,0.18,3,30,9,1257,1667965448,2781579386,false,false,750.0999999999751,765.0999999999751,9,6,5,179,17,5,3,2,30,28,2,2,2,0,0.06666666666666667,0.9333333333333333,14,1.75,159.73333333332567,0.21294938452650441,1,0,1,4,3,23,5,3,27,0,0,0,0,0,5,8,2,0
difficulty-hard,20260712,1,0.12,0.45,0.2,0.18,3,30,9,1258,1166833491,590733298,false,false,815.8333333332487,830.8333333332487,9,6,5,179,21,6,2,9,45,40,5,9,5,0,0.1111111111111111,0.8888888888888888,19,2.375,159.73333333332567,0.1957916241062418,1,0,1,5,2,31,6,2,39,0,0,0,0,0,6,10,2,0
difficulty-hard,20260712,1,0.12,0.45,0.2,0.18,3,30,9,1259,1036371020,715198113,true,false,759.4666666666333,777.4666666666333,9,7,6,180,23,7,3,7,42,40,2,7,2,0,0.047619047619047616,0.9523809523809523,18,2.25,159.73333333332567,0.21032303370786434,1,1,0,5,3,30,7,3,39,7,3,39,99.56666666657611,0.13110077247179663,5,11,3,0
difficulty-hard,20260712,1,0.12,0.45,0.2,0.18,3,30,9,1260,80465027,154852751,false,false,788.3333333332737,806.3333333332737,9,7,6,179,22,7,2,5,39,35,4,5,4,0,0.10256410256410256,0.8974358974358975,18,2.25,159.73333333332567,0.20262156448203522,1,0,1,5,2,31,7,2,34,0,0,0,0,0,4,4,1,0
difficulty-hard,20260712,1,0.12,0.45,0.2,0.18,3,30,9,1261,3654090158,2108380938,false,false,799.2666666665971,814.2666666665971,9,6,5,179,23,7,3,7,45,39,6,7,6,0,0.13333333333333333,0.8666666666666667,18,2.25,159.73333333332567,0.1998498623738505,1,0,1,5,3,28,7,3,38,0,0,0,0,0,6,10,2,0
difficulty-hard,20260712,1,0.12,0.45,0.2,0.18,3,30,9,1262,3537484351,2376197948,false,false,754.2333333333047,769.2333333333047,9,6,5,179,22,7,3,7,45,39,6,7,6,0,0.13333333333333333,0.8666666666666667,20,2.5,159.73333333332567,0.21178238387766615,1,0,1,6,3,30,7,3,37,0,0,0,0,0,7,8,2,0
difficulty-hard,20260712,1,0.12,0.45,0.2,0.18,3,30,9,1263,4176018496,1921307281,false,false,792.7999999999363,810.7999999999363,9,7,6,179,26,7,3,17,54,52,2,17,2,0,0.037037037037037035,0.9629629629629629,22,2.75,159.73333333332567,0.20147998654558338,1,0,1,6,3,39,7,3,52,0,0,0,0,0,6,6,2,0
difficulty-hard,20260712,1,0.12,0.45,0.2,0.18,3,30,9,1264,1722072990,3380641561,false,false,748.9666666666428,766.9666666666428,9,7,6,179,20,6,3,2,38,32,6,2,6,0,0.15789473684210525,0.8421052631578947,14,1.75,159.73333333332567,0.21327161867461492,1,0,1,4,3,22,6,3,31,0,0,0,0,0,4,5,3,0
difficulty-hard,20260712,1,0.12,0.45,0.2,0.18,3,30,9,1265,401840058,1440264383,false,false,806.6666666665903,821.6666666665903,9,6,5,179,19,6,3,1,29,29,0,1,0,0,0,1,17,2.125,159.73333333332567,0.19801652892562907,1,0,1,5,3,26,6,3,29,0,0,0,0,0,5,11,1,0
difficulty-hard,20260712,1,0.12,0.45,0.2,0.18,3,30,9,1266,1047827281,2307118606,false,false,743.1333333333148,758.1333333333148,9,6,5,179,16,5,3,0,26,24,2,0,2,0,0.07692307692307693,0.9230769230769231,12,1.5,159.73333333332567,0.21494572530725262,1,0,1,3,2,20,4,2,23,0,0,0,0,0,6,14,1,0
difficulty-hard,20260712,1,0.12,0.45,0.2,0.18,3,30,9,1267,3704737929,42247805,false,false,776.5666666666177,794.5666666666177,9,7,6,179,24,7,3,8,49,41,8,8,8,0,0.16326530612244897,0.8367346938775511,23,2.875,159.73333333332567,0.20569171996394695,1,0,1,7,3,35,7,3,41,0,0,0,0,0,6,5,2,0
difficulty-hard,20260712,1,0.12,0.45,0.2,0.18,3,30,9,1268,1783716482,3186732676,false,false,809.3999999999212,827.3999999999212,9,7,6,179,20,6,3,4,36,33,3,4,3,0,0.08333333333333333,0.9166666666666666,17,2.125,159.73333333332567,0.19734782966807662,1,0,1,5,3,26,6,3,31,0,0,0,0,0,7,6,2,0
difficulty-hard,20260712,1,0.12,0.45,0.2,0.18,3,30,9,1269,1023217627,3217119208,false,false,745.6666666666458,763.6666666666458,9,7,6,179,24,7,3,16,52,49,3,16,3,0,0.057692307692307696,0.9423076923076923,19,2.375,159.73333333332567,0.21421546714349146,1,0,1,5,3,33,7,3,48,0,0,0,0,0,3,5,2,0
difficulty-hard,20260712,1,0.12,0.45,0.2,0.18,3,30,9,1270,2296712119,2768183132,false,false,797.7999999999317,815.7999999999317,9,7,6,179,14,4,2,2,30,24,6,2,6,0,0.2,0.8,12,1.5,159.73333333332567,0.20021726414306762,1,0,1,3,1,22,4,2,24,0,0,0,0,0,4,6,2,0
difficulty-hard,20260712,1,0.12,0.45,0.2,0.18,3,30,9,1271,2589507544,4257745389,false,false,753.6333333333052,771.6333333333052,9,7,6,179,21,6,3,2,33,31,2,2,2,0,0.06060606060606061,0.9393939393939394,17,2.125,159.73333333332567,0.2119509929674001,1,0,1,4,3,28,6,3,31,0,0,0,0,0,5,6,2,0
difficulty-hard,20260712,1,0.12,0.45,0.2,0.18,3,30,9,1272,2419005489,784308592,false,false,730.833333333326,748.833333333326,9,7,6,179,18,5,3,4,35,32,3,4,3,0,0.08571428571428572,0.9142857142857143,15,1.875,159.73333333332567,0.21856328392245467,1,0,1,4,3,24,5,3,32,0,0,0,0,0,6,5,2,0
difficulty-hard,20260712,1,0.12,0.45,0.2,0.18,3,30,9,1273,2662747104,2102691181,false,false,758.7666666666339,776.7666666666339,9,7,6,179,20,6,3,4,37,33,4,4,4,0,0.10810810810810811,0.8918918918918919,13,1.625,159.73333333332567,0.2105170671704071,1,0,1,3,2,23,6,3,30,0,0,0,0,0,7,9,1,0
difficulty-hard,20260712,1,0.12,0.45,0.2,0.18,3,30,9,1274,673427745,2746997032,false,false,795.8999999999335,810.8999999999335,9,6,5,179,18,5,3,0,34,27,7,0,7,0,0.20588235294117646,0.7941176470588235,13,1.625,159.73333333332567,0.20069522971898357,1,0,1,4,3,21,5,3,26,0,0,0,0,0,8,5,2,0
difficulty-hard,20260712,1,0.12,0.45,0.2,0.18,3,30,9,1275,3418427793,1653552714,false,false,794.0999999999351,809.0999999999351,9,6,5,179,24,8,3,2,41,35,6,2,6,0,0.14634146341463414,0.8536585365853658,19,2.375,159.73333333332567,0.20115014901566394,1,0,1,6,3,27,8,3,35,0,0,0,0,0,3,5,4,0
difficulty-hard,20260712,1,0.12,0.45,0.2,0.18,3,30,9,1276,2979834812,854728924,false,false,806.9333333332568,824.9333333332568,9,7,6,179,9,2,2,0,26,18,8,0,8,0,0.3076923076923077,0.6923076923076923,8,1,159.73333333332567,0.19795109054858828,1,0,1,2,2,14,2,2,18,0,0,0,0,0,6,10,2,0
difficulty-hard,20260712,1,0.12,0.45,0.2,0.18,3,30,9,1277,76844168,3106722835,false,false,805.0333333332585,823.0333333332585,9,7,6,179,25,8,3,5,43,38,5,5,5,0,0.11627906976744186,0.8837209302325582,23,2.875,159.73333333332567,0.19841828495715355,1,0,1,7,3,35,7,3,37,0,0,0,0,0,5,8,2,0
difficulty-hard,20260712,1,0.12,0.45,0.2,0.18,3,30,9,1278,2500672986,3539729978,true,false,800.1666666665963,818.1666666665963,9,7,6,180,23,7,3,5,43,38,5,5,5,0,0.11627906976744186,0.8837209302325582,19,2.375,159.73333333332567,0.19962507810873534,1,1,0,6,3,32,7,3,37,7,3,37,142.26666666653728,0.17779629243892914,7,11,3,0
difficulty-hard,20260712,1,0.12,0.45,0.2,0.18,3,30,9,1279,3514362992,2273634828,false,false,808.833333333255,826.833333333255,9,7,6,179,24,7,3,11,54,45,9,11,9,0,0.16666666666666666,0.8333333333333334,22,2.75,159.73333333332567,0.19748609107769355,1,0,1,6,3,38,7,3,43,0,0,0,0,0,7,8,2,0
difficulty-hard,20260712,1,0.12,0.45,0.2,0.18,3,30,9,1280,52807102,724903832,false,false,757.6666666666349,772.6666666666349,9,6,5,179,22,6,3,7,45,39,6,7,6,0,0.13333333333333333,0.8666666666666667,21,2.625,159.73333333332567,0.21082270127584563,1,0,1,6,3,33,6,3,39,0,0,0,0,0,3,3,3,0
difficulty-hard,20260712,1,0.12,0.45,0.2,0.18,3,30,9,1281,1929317495,3550265545,false,false,736.4333333333209,751.4333333333209,9,6,5,179,10,2,2,0,20,18,2,0,2,0,0.1,0.9,10,1.25,159.73333333332567,0.21690128094871006,1,0,1,2,2,16,2,2,17,0,0,0,0,0,6,9,2,0
difficulty-hard,20260712,1,0.12,0.45,0.2,0.18,3,30,9,1282,580347492,3785343703,false,false,787.933333333274,802.933333333274,9,6,5,179,19,6,3,2,35,30,5,2,5,0,0.14285714285714285,0.8571428571428571,17,2.125,159.73333333332567,0.20272442677045988,1,0,1,5,3,26,6,3,30,0,0,0,0,0,6,8,2,0
difficulty-hard,20260712,1,0.12,0.45,0.2,0.18,3,30,9,1283,1016919395,3871455254,false,false,799.69999999993,817.69999999993,9,7,6,179,23,7,3,5,41,37,4,5,4,0,0.0975609756097561,0.9024390243902439,20,2.5,159.73333333332567,0.1997415697553328,1,0,1,6,3,31,7,3,35,0,0,0,0,0,7,8,2,0
difficulty-hard,20260712,1,0.12,0.45,0.2,0.18,3,30,9,1284,548094393,475105775,false,false,764.166666666629,779.166666666629,9,6,5,179,20,6,3,4,35,34,1,4,1,0,0.02857142857142857,0.9714285714285714,17,2.125,159.73333333332567,0.20902944383860442,1,0,1,5,3,30,6,3,34,0,0,0,0,0,5,11,1,0
difficulty-hard,20260712,1,0.12,0.45,0.2,0.18,3,30,9,1285,1508322075,3138125435,false,false,744.7333333333133,759.7333333333133,9,6,5,179,21,6,3,11,47,42,5,11,5,0,0.10638297872340426,0.8936170212765957,18,2.25,159.73333333332567,0.21448393160862497,1,0,1,5,3,36,6,3,42,0,0,0,0,0,8,6,2,0
difficulty-hard,20260712,1,0.12,0.45,0.2,0.18,3,30,9,1286,229181314,1874189858,false,false,784.633333333277,802.633333333277,9,7,6,179,21,6,3,2,37,33,4,2,4,0,0.10810810810810811,0.8918918918918919,17,2.125,159.73333333332567,0.20357704235524507,1,0,1,5,3,25,6,3,31,0,0,0,0,0,6,8,2,0
difficulty-hard,20260712,1,0.12,0.45,0.2,0.18,3,30,9,1287,4082848676,1898771814,false,false,763.9999999999625,778.9999999999625,9,6,5,179,24,8,3,1,38,33,5,1,5,0,0.13157894736842105,0.868421052631579,17,2.125,159.73333333332567,0.2090750436300177,1,0,1,5,3,26,7,3,31,0,0,0,0,0,6,8,2,0
difficulty-hard,20260712,1,0.12,0.45,0.2,0.18,3,30,9,1288,2605349175,1975938764,false,false,817.4333333332472,835.4333333332472,9,7,6,179,19,5,3,7,42,35,7,7,7,0,0.16666666666666666,0.8333333333333334,16,2,159.73333333332567,0.1954083921216929,1,0,1,4,3,28,5,3,33,0,0,0,0,0,5,5,3,0
difficulty-hard,20260712,1,0.12,0.45,0.2,0.18,3,30,9,1289,1372249706,4205665210,false,false,812.9999999999179,830.9999999999179,9,7,6,179,24,7,2,10,45,43,2,10,2,0,0.044444444444444446,0.9555555555555556,19,2.375,159.73333333332567,0.1964739647396578,1,0,1,5,2,36,7,2,43,0,0,0,0,0,6,13,2,0
difficulty-hard,20260712,1,0.12,0.45,0.2,0.18,3,30,9,1290,3832919337,428977446,false,false,752.2666666666398,770.2666666666398,9,7,6,179,11,3,3,0,22,19,3,0,3,0,0.13636363636363635,0.8636363636363636,9,1.125,159.73333333332567,0.21233605104572587,1,0,1,2,2,14,3,3,19,0,0,0,0,0,3,5,2,0
difficulty-hard,20260712,1,0.12,0.45,0.2,0.18,3,30,9,1291,2970440496,1139787901,false,false,799.9999999999297,817.9999999999297,9,7,6,179,21,6,3,7,46,37,9,7,9,0,0.1956521739130435,0.8043478260869565,17,2.125,159.73333333332567,0.19966666666667462,1,0,1,5,3,29,6,3,36,0,0,0,0,0,5,7,3,0
difficulty-hard,20260712,1,0.12,0.45,0.2,0.18,3,30,9,1292,909396851,1003916495,false,false,756.3999999999694,771.3999999999694,9,6,5,179,21,6,3,11,49,41,8,11,8,0,0.16326530612244897,0.8367346938775511,16,2,159.73333333332567,0.2111757447558595,1,0,1,4,3,28,5,3,38,0,0,0,0,0,4,5,2,0
difficulty-hard,20260712,1,0.12,0.45,0.2,0.18,3,30,9,1293,1741213556,1207762225,false,false,806.3999999999239,821.3999999999239,9,6,5,179,15,4,3,1,29,26,3,1,3,0,0.10344827586206896,0.896551724137931,12,1.5,159.73333333332567,0.19808201058201977,1,0,1,3,3,22,4,3,25,0,0,0,0,0,5,9,1,0
difficulty-hard,20260712,1,0.12,0.45,0.2,0.18,3,30,9,1294,441062206,866108406,false,false,790.0999999999387,805.0999999999387,9,6,5,179,24,7,3,6,42,39,3,6,3,0,0.07142857142857142,0.9285714285714286,21,2.625,159.73333333332567,0.20216850187740545,1,0,1,6,3,34,7,3,38,0,0,0,0,0,3,4,2,0
difficulty-hard,20260712,1,0.12,0.45,0.2,0.18,3,30,9,1295,307265872,2139425267,false,false,754.7999999999709,769.7999999999709,9,6,5,179,16,4,3,0,26,25,1,0,1,0,0.038461538461538464,0.9615384615384616,12,1.5,159.73333333332567,0.21162338809397435,1,0,1,3,2,19,4,3,25,0,0,0,0,0,3,6,1,0
difficulty-hard,20260712,1,0.12,0.45,0.2,0.18,3,30,9,1296,2038617185,2930204440,false,false,771.7666666666221,786.7666666666221,9,6,5,179,21,6,3,7,38,37,1,7,1,0,0.02631578947368421,0.9736842105263158,19,2.375,159.73333333332567,0.20697101887444594,1,0,1,5,3,30,6,3,37,0,0,0,0,0,6,11,1,0
difficulty-hard,20260712,1,0.12,0.45,0.2,0.18,3,30,9,1297,1867222563,1959666673,false,false,775.6666666666185,793.6666666666185,9,7,6,179,13,3,1,3,31,25,6,3,6,0,0.1935483870967742,0.8064516129032258,12,1.5,159.73333333332567,0.20593038246669823,1,0,1,3,1,21,3,1,24,0,0,0,0,0,3,4,2,0
difficulty-hard,20260712,1,0.12,0.45,0.2,0.18,3,30,9,1298,1262209448,3683971206,false,false,805.8666666665911,823.8666666665911,9,7,6,179,18,5,3,0,30,28,2,0,2,0,0.06666666666666667,0.9333333333333333,14,1.75,159.73333333332567,0.19821310390470798,1,0,1,4,2,21,5,3,27,0,0,0,0,0,6,11,1,0
difficulty-hard,20260712,1,0.12,0.45,0.2,0.18,3,30,9,1299,1165059280,3260585002,false,false,774.0999999999533,789.0999999999533,9,6,5,179,13,3,3,0,26,23,3,0,3,0,0.11538461538461539,0.8846153846153846,12,1.5,159.73333333332567,0.2063471558368884,1,0,1,3,3,20,3,3,23,0,0,0,0,0,5,10,2,0
difficulty-hard,20260712,1,0.12,0.45,0.2,0.18,3,30,9,1300,2892093623,2776647191,false,false,807.1999999999232,825.1999999999232,9,7,6,179,18,6,3,1,29,27,2,1,2,0,0.06896551724137931,0.9310344827586207,12,1.5,159.73333333332567,0.19788569540800405,1,0,1,3,3,20,6,3,27,0,0,0,0,0,3,6,1,0
difficulty-hard,20260712,1,0.12,0.45,0.2,0.18,3,30,9,1301,3240688206,873882735,false,false,774.9333333332859,792.9333333332859,9,7,6,179,21,6,3,6,41,37,4,6,4,0,0.0975609756097561,0.9024390243902439,18,2.25,159.73333333332567,0.2061252580867199,1,0,1,5,3,31,6,3,34,0,0,0,0,0,8,5,2,0
difficulty-hard,20260712,1,0.12,0.45,0.2,0.18,3,30,9,1302,2564331607,901171984,false,false,821.5999999999101,836.5999999999101,9,6,5,179,26,8,3,7,51,42,9,7,9,0,0.17647058823529413,0.8235294117647058,23,2.875,159.73333333332567,0.19441739694905447,1,0,1,7,3,33,8,3,41,0,0,0,0,0,6,8,2,0
difficulty-hard,20260712,1,0.12,0.45,0.2,0.18,3,30,9,1303,1057217948,4166569916,false,false,793.5666666666023,811.5666666666023,9,7,6,179,22,7,3,9,49,41,8,9,8,0,0.16326530612244897,0.8367346938775511,20,2.5,159.73333333332567,0.20128533624564873,1,0,1,6,3,35,7,3,40,0,0,0,0,0,3,4,2,0
difficulty-hard,20260712,1,0.12,0.45,0.2,0.18,3,30,9,1304,3076671370,3196630104,false,false,795.4999999999338,810.4999999999338,9,6,5,179,19,6,3,0,35,28,7,0,7,0,0.2,0.8,15,1.875,159.73333333332567,0.20079614498219855,1,0,1,4,3,23,6,3,28,0,0,0,0,0,3,5,2,0
difficulty-hard,20260712,1,0.12,0.45,0.2,0.18,3,30,9,1305,3921487241,201906027,false,false,736.7666666666539,754.7666666666539,9,7,6,179,23,7,3,9,44,41,3,9,3,0,0.06818181818181818,0.9318181818181818,19,2.375,159.73333333332567,0.21680314889380867,1,0,1,6,3,33,7,3,40,0,0,0,0,0,7,7,2,0
difficulty-hard,20260712,1,0.12,0.45,0.2,0.18,3,30,9,1306,3934040107,3652596960,false,false,819.5666666665786,837.5666666665786,9,7,6,179,18,5,3,4,37,30,7,4,7,0,0.1891891891891892,0.8108108108108109,12,1.5,159.73333333332567,0.19489974376704294,1,0,1,3,3,22,4,3,25,0,0,0,0,0,6,11,2,0
difficulty-hard,20260712,1,0.12,0.45,0.2,0.18,3,30,9,1307,3693714112,2358530663,false,false,810.0999999999206,825.0999999999206,9,6,5,179,18,5,3,5,39,33,6,5,6,0,0.15384615384615385,0.8461538461538461,17,2.125,159.73333333332567,0.1971773032136049,1,0,1,5,3,29,5,3,33,0,0,0,0,0,6,8,2,0
difficulty-hard,20260712,1,0.12,0.45,0.2,0.18,3,30,9,1308,1207152569,3156788047,false,false,807.2333333332565,822.2333333332565,9,6,5,179,9,2,2,0,23,18,5,0,5,0,0.21739130434782608,0.782608695652174,9,1.125,159.73333333332567,0.1978775240533603,1,0,1,2,2,16,2,2,17,0,0,0,0,0,6,11,2,0
difficulty-hard,20260712,1,0.12,0.45,0.2,0.18,3,30,9,1309,2388683259,4143218721,false,false,824.0999999999078,842.0999999999078,9,7,6,179,25,8,3,7,45,41,4,7,4,0,0.08888888888888889,0.9111111111111111,22,2.75,159.73333333332567,0.1938276099179026,1,0,1,7,3,34,8,3,41,0,0,0,0,0,6,11,3,0
difficulty-hard,20260712,1,0.12,0.45,0.2,0.18,3,30,9,1310,302697215,3902931243,false,false,785.5999999999428,803.5999999999428,9,7,6,179,19,6,3,3,34,32,2,3,2,0,0.058823529411764705,0.9411764705882353,19,2.375,159.73333333332567,0.20332654446707904,1,0,1,6,3,27,6,3,31,0,0,0,0,0,5,4,2,0
difficulty-hard,20260712,1,0.12,0.45,0.2,0.18,3,30,9,1311,2445006911,3575829158,false,false,766.1333333332939,781.1333333332939,9,6,5,179,23,7,3,9,51,42,9,9,9,0,0.17647058823529413,0.8235294117647058,20,2.5,159.73333333332567,0.20849286460146263,1,0,1,6,3,34,7,3,42,0,0,0,0,0,4,4,3,0
difficulty-hard,20260712,1,0.12,0.45,0.2,0.18,3,30,9,1312,2298428222,181788892,true,false,801.5333333332617,819.5333333332617,9,7,6,180,20,7,3,5,39,34,5,5,5,0,0.1282051282051282,0.8717948717948718,14,1.75,159.73333333332567,0.19928470431673453,1,1,0,4,3,23,6,3,32,6,3,33,150.83333333319615,0.18818098644249726,5,11,2,0
difficulty-hard,20260712,1,0.12,0.45,0.2,0.18,3,30,9,1313,3713218308,671281683,false,false,753.6333333333052,768.6333333333052,9,6,5,179,17,5,3,0,28,27,1,0,1,0,0.03571428571428571,0.9642857142857143,13,1.625,159.73333333332567,0.2119509929674001,1,0,1,4,3,20,5,3,26,0,0,0,0,0,5,6,2,0
difficulty-hard,20260712,1,0.12,0.45,0.2,0.18,3,30,9,1314,14612483,3830664290,false,false,804.6333333332589,819.6333333332589,9,6,5,179,22,6,2,9,51,41,10,9,10,0,0.19607843137254902,0.803921568627451,22,2.75,159.73333333332567,0.19851692282199818,1,0,1,6,2,35,6,2,41,0,0,0,0,0,6,7,3,0
difficulty-hard,20260712,1,0.12,0.45,0.2,0.18,3,30,9,1315,3794031594,198013277,false,false,817.3333333332473,835.3333333332473,9,7,6,179,23,6,3,8,45,41,4,8,4,0,0.08888888888888889,0.9111111111111111,21,2.625,159.73333333332567,0.19543230016314334,1,0,1,6,3,34,6,3,41,0,0,0,0,0,5,6,2,0
difficulty-hard,20260712,1,0.12,0.45,0.2,0.18,3,30,9,1316,2280415173,3043206460,false,false,750.4999999999748,765.4999999999748,9,6,5,179,17,5,3,1,34,28,6,1,6,0,0.17647058823529413,0.8235294117647058,15,1.875,159.73333333332567,0.21283588718631719,1,0,1,4,3,24,5,3,28,0,0,0,0,0,6,9,3,0
difficulty-hard,20260712,1,0.12,0.45,0.2,0.18,3,30,9,1317,112406439,1108635730,false,false,795.0333333332676,810.0333333332676,9,6,5,179,22,7,3,3,40,33,7,3,7,0,0.175,0.825,17,2.125,159.73333333332567,0.20091400779842214,1,0,1,5,3,25,7,3,33,0,0,0,0,0,3,5,2,0
difficulty-hard,20260712,1,0.12,0.45,0.2,0.18,3,30,9,1318,2936691470,3049047064,false,false,813.0666666665845,828.0666666665845,9,6,5,179,17,5,2,4,33,31,2,4,2,0,0.06060606060606061,0.9393939393939394,15,1.875,159.73333333332567,0.19645785503444796,1,0,1,4,2,26,5,2,29,0,0,0,0,0,6,9,2,0
difficulty-hard,20260712,1,0.12,0.45,0.2,0.18,3,30,9,1319,1761200781,1879910554,false,false,805.4333333332581,823.4333333332581,9,7,6,179,22,6,3,3,38,34,4,3,4,0,0.10526315789473684,0.8947368421052632,21,2.625,159.73333333332567,0.19831974506477745,1,0,1,6,3,31,6,3,34,0,0,0,0,0,6,5,2,0
difficulty-hard,20260712,1,0.12,0.45,0.2,0.18,3,30,9,1320,204964597,652364840,false,false,799.5999999999301,814.5999999999301,9,6,5,179,8,2,2,0,21,16,5,0,5,0,0.23809523809523808,0.7619047619047619,6,0.75,159.73333333332567,0.19976654994164536,1,0,1,2,2,11,2,2,16,0,0,0,0,0,4,4,2,0
difficulty-hard,20260712,1,0.12,0.45,0.2,0.18,3,30,9,1321,3971312269,1351382607,false,false,813.8333333332505,828.8333333332505,9,6,5,179,5,1,1,0,13,10,3,0,3,0,0.23076923076923078,0.7692307692307693,5,0.625,159.73333333332567,0.19627278312513857,1,0,1,1,1,10,1,1,10,0,0,0,0,0,6,10,1,0
difficulty-hard,20260712,1,0.12,0.45,0.2,0.18,3,30,9,1322,1789113573,4172855108,true,false,799.9999999999297,817.9999999999297,9,7,6,180,13,4,2,0,25,21,4,0,4,0,0.16,0.84,9,1.125,159.73333333332567,0.19966666666667462,1,1,0,2,2,17,4,2,19,4,2,20,148.23333333319852,0.18529166666651442,5,11,2,0
difficulty-hard,20260712,1,0.12,0.45,0.2,0.18,3,30,9,1323,4170904801,2086915430,true,false,791.6999999999373,809.6999999999373,9,7,6,180,16,5,3,0,31,26,5,0,5,0,0.16129032258064516,0.8387096774193549,13,1.625,159.73333333332567,0.20175992589786323,1,1,0,4,3,21,5,3,24,5,3,25,142.3999999998705,0.17986611090044433,5,11,2,0
difficulty-hard,20260712,1,0.12,0.45,0.2,0.18,3,30,9,1324,3142560041,2405150588,false,false,788.7999999999399,806.7999999999399,9,7,6,179,12,4,3,0,22,19,3,0,3,0,0.13636363636363635,0.8636363636363636,10,1.25,159.73333333332567,0.20250169033131066,1,0,1,3,2,16,4,3,19,0,0,0,0,0,6,13,2,0
difficulty-hard,20260712,1,0.12,0.45,0.2,0.18,3,30,9,1325,2224178334,3789677008,false,false,804.8999999999253,822.8999999999253,9,7,6,179,19,5,3,7,38,36,2,7,2,0,0.05263157894736842,0.9473684210526315,15,1.875,159.73333333332567,0.19845115335239222,1,0,1,4,3,25,5,3,36,0,0,0,0,0,4,5,2,0
difficulty-hard,20260712,1,0.12,0.45,0.2,0.18,3,30,9,1326,125826033,718652217,false,false,824.9666666665737,839.9666666665737,9,6,5,179,18,5,3,2,33,30,3,2,3,0,0.09090909090909091,0.9090909090909091,12,1.5,159.73333333332567,0.1936239848074795,1,0,1,3,3,21,5,3,28,0,0,0,0,0,7,5,2,0
difficulty-hard,20260712,1,0.12,0.45,0.2,0.18,3,30,9,1327,824025752,2928662500,false,false,735.8666666666547,750.8666666666547,9,6,5,179,20,6,3,0,34,30,4,0,4,0,0.11764705882352941,0.8823529411764706,18,2.25,159.73333333332567,0.21706830947634753,1,0,1,6,3,24,6,3,30,0,0,0,0,0,3,3,2,0
difficulty-hard,20260712,1,0.12,0.45,0.2,0.18,3,30,9,1328,2695266634,2218912661,false,false,809.7333333332542,824.7333333332542,9,6,5,179,15,4,3,0,25,24,1,0,1,0,0.04,0.96,10,1.25,159.73333333332567,0.19726658982382012,1,0,1,3,2,17,4,3,23,0,0,0,0,0,5,8,1,0
difficulty-hard,20260712,1,0.12,0.45,0.2,0.18,3,30,9,1329,1466880049,1218704985,false,false,803.8333333332596,821.8333333332596,9,7,6,179,13,3,2,1,26,22,4,1,4,0,0.15384615384615385,0.8461538461538461,10,1.25,159.73333333332567,0.1987144930541244,1,0,1,2,2,18,2,2,21,0,0,0,0,0,6,6,2,0
difficulty-hard,20260712,1,0.12,0.45,0.2,0.18,3,30,9,1330,91322939,763107350,false,false,814.0333333332503,832.0333333332503,9,7,6,179,18,5,3,1,33,29,4,1,4,0,0.12121212121212122,0.8787878787878788,13,1.625,159.73333333332567,0.1962245608288055,1,0,1,3,2,22,5,3,29,0,0,0,0,0,7,10,2,0
difficulty-hard,20260712,1,0.12,0.45,0.2,0.18,3,30,9,1331,3299337650,3067809833,false,false,813.9333333332504,828.9333333332504,9,6,5,179,17,5,3,1,29,27,2,1,2,0,0.06896551724137931,0.9310344827586207,17,2.125,159.73333333332567,0.1962486690146719,1,0,1,5,3,26,5,3,27,0,0,0,0,0,6,13,2,0
difficulty-hard,20260712,1,0.12,0.45,0.2,0.18,3,30,9,1332,676694004,3831778475,false,false,817.6666666665803,835.6666666665803,9,7,6,179,13,4,2,0,26,21,5,0,5,0,0.19230769230769232,0.8076923076923077,11,1.375,159.73333333332567,0.19535262943335818,1,0,1,3,2,18,4,2,21,0,0,0,0,0,5,10,2,0
difficulty-hard,20260712,1,0.12,0.45,0.2,0.18,3,30,9,1333,724592320,849692793,false,false,803.5999999999265,818.5999999999265,9,6,5,179,23,7,3,5,47,38,9,5,9,0,0.19148936170212766,0.8085106382978723,22,2.75,159.73333333332567,0.19877219180355934,1,0,1,7,3,35,7,3,38,0,0,0,0,0,6,9,2,0
difficulty-hard,20260712,1,0.12,0.45,0.2,0.18,3,30,9,1334,697151780,1016871422,false,false,816.4666666665814,831.4666666665814,9,6,5,179,16,4,3,5,32,29,3,5,3,0,0.09375,0.90625,13,1.625,159.73333333332567,0.1956397485098502,1,0,1,3,3,22,4,3,29,0,0,0,0,0,3,5,2,0
difficulty-hard,20260712,1,0.12,0.45,0.2,0.18,3,30,9,1335,981569967,2642572785,false,false,800.466666666596,818.466666666596,9,7,6,179,20,6,3,14,49,44,5,14,5,0,0.10204081632653061,0.8979591836734694,19,2.375,159.73333333332567,0.19955026234697232,1,0,1,6,3,37,6,3,41,0,0,0,0,0,7,8,2,0
difficulty-hard,20260712,1,0.12,0.45,0.2,0.18,3,30,9,1336,1926075576,3954407217,false,false,863.7333333332051,878.7333333332051,9,6,5,179,24,7,3,11,48,45,3,11,3,0,0.0625,0.9375,22,2.75,159.73333333332567,0.1849336214881322,1,0,1,7,3,33,7,3,41,0,0,0,0,0,7,6,2,0
difficulty-hard,20260712,1,0.12,0.45,0.2,0.18,3,30,9,1337,2543561749,3318229175,false,false,752.8666666666393,767.8666666666393,9,6,5,179,24,7,2,14,50,48,2,14,2,0,0.04,0.96,24,3,159.73333333332567,0.21216682900911824,1,0,1,7,2,43,7,2,47,0,0,0,0,0,6,7,2,0
difficulty-hard,20260712,1,0.12,0.45,0.2,0.18,3,30,9,1338,555996533,4119108310,false,false,806.8666666665902,824.8666666665902,9,7,6,179,21,6,3,4,41,34,7,4,7,0,0.17073170731707318,0.8292682926829268,15,1.875,159.73333333332567,0.19796744608775613,1,0,1,4,3,24,6,3,34,0,0,0,0,0,6,10,2,0
difficulty-hard,20260712,1,0.12,0.45,0.2,0.18,3,30,9,1339,3654094922,2034321352,true,false,801.3666666665952,819.3666666665952,9,7,6,180,12,3,3,0,24,19,5,0,5,0,0.20833333333333334,0.7916666666666666,7,0.875,159.73333333332567,0.1993261511584459,1,1,0,2,2,14,3,3,17,3,3,18,136.83333333320888,0.17074996880315432,5,13,2,0
difficulty-hard,20260712,1,0.12,0.45,0.2,0.18,3,30,9,1340,3759039250,3302572513,false,false,803.2999999999267,821.2999999999267,9,7,6,179,26,8,3,10,53,46,7,10,7,0,0.1320754716981132,0.8679245283018868,23,2.875,159.73333333332567,0.19884642516287843,1,0,1,7,3,38,8,3,45,0,0,0,0,0,6,8,2,0
difficulty-hard,20260712,1,0.12,0.45,0.2,0.18,3,30,9,1341,847562075,3566414415,false,false,737.1999999999869,755.1999999999869,9,7,6,179,21,6,3,16,51,47,4,16,4,0,0.0784313725490196,0.9215686274509803,21,2.625,159.73333333332567,0.21667570989328339,1,0,1,6,3,38,6,3,46,0,0,0,0,0,5,6,2,0
difficulty-hard,20260712,1,0.12,0.45,0.2,0.18,3,30,9,1342,3690767893,2346633160,false,false,778.3333333332828,793.3333333332828,9,6,5,179,18,5,3,1,32,29,3,1,3,0,0.09375,0.90625,16,2,159.73333333332567,0.20522483940043176,1,0,1,5,3,25,5,3,28,0,0,0,0,0,5,6,1,0
difficulty-hard,20260712,1,0.12,0.45,0.2,0.18,3,30,9,1343,2570245115,1224371628,false,false,749.4333333333091,767.4333333333091,9,7,6,179,24,7,3,4,39,38,1,4,1,0,0.02564102564102564,0.9743589743589743,16,2,159.73333333332567,0.21313881599430348,1,0,1,4,3,27,7,3,37,0,0,0,0,0,6,10,3,0
difficulty-hard,20260712,1,0.12,0.45,0.2,0.18,3,30,9,1344,4095965,393855579,false,false,780.4666666666142,795.4666666666142,9,6,5,179,18,5,2,2,32,28,4,2,4,0,0.125,0.875,15,1.875,159.73333333332567,0.20466387631332078,1,0,1,4,2,24,5,2,28,0,0,0,0,0,2,5,2,0
difficulty-hard,20260712,1,0.12,0.45,0.2,0.18,3,30,9,1345,458522544,1866562103,false,false,815.5999999999156,830.5999999999156,9,6,5,179,12,3,3,0,25,19,6,0,6,0,0.24,0.76,6,0.75,159.73333333332567,0.19584763773092473,1,0,1,1,1,11,3,3,19,0,0,0,0,0,5,8,2,0
difficulty-hard,20260712,1,0.12,0.45,0.2,0.18,3,30,9,1346,2867563514,1028772528,false,false,778.5333333332826,793.5333333332826,9,6,5,179,17,5,3,1,35,28,7,1,7,0,0.2,0.8,16,2,159.73333333332567,0.2051721185134476,1,0,1,5,3,23,5,3,28,0,0,0,0,0,3,5,2,0
difficulty-hard,20260712,1,0.12,0.45,0.2,0.18,3,30,9,1347,3170321811,3718629573,false,false,800.5666666665959,818.5666666665959,9,7,6,179,26,8,3,15,55,49,6,15,6,0,0.10909090909090909,0.8909090909090909,20,2.5,159.73333333332567,0.19952533622018545,1,0,1,5,3,41,8,3,49,0,0,0,0,0,6,12,4,0
difficulty-hard,20260712,1,0.12,0.45,0.2,0.18,3,30,9,1348,2143826762,3055368319,false,false,805.8666666665911,823.8666666665911,9,7,6,179,17,5,3,0,28,26,2,0,2,0,0.07142857142857142,0.9285714285714286,16,2,159.73333333332567,0.19821310390470798,1,0,1,5,3,22,5,3,26,0,0,0,0,0,3,7,2,0
difficulty-hard,20260712,1,0.12,0.45,0.2,0.18,3,30,9,1349,2548414555,726313100,false,false,784.8999999999435,799.8999999999435,9,6,5,179,24,7,3,16,53,49,4,16,4,0,0.07547169811320754,0.9245283018867925,22,2.75,159.73333333332567,0.2035078778613036,1,0,1,6,3,39,6,3,46,0,0,0,0,0,7,7,2,0
difficulty-hard,20260712,1,0.12,0.45,0.2,0.18,3,30,9,1350,4219816594,1437832850,false,false,798.266666666598,813.266666666598,9,6,5,179,16,5,3,0,30,26,4,0,4,0,0.13333333333333333,0.8666666666666667,13,1.625,159.73333333332567,0.20010021713713808,1,0,1,4,3,22,5,3,26,0,0,0,0,0,3,5,2,0
difficulty-hard,20260712,1,0.12,0.45,0.2,0.18,3,30,9,1351,4212995224,661101114,false,false,801.8333333332614,819.8333333332614,9,7,6,179,25,8,3,7,47,42,5,7,5,0,0.10638297872340426,0.8936170212765957,21,2.625,159.73333333332567,0.19921014342133445,1,0,1,7,3,33,8,3,40,0,0,0,0,0,8,8,3,0
difficulty-hard,20260712,1,0.12,0.45,0.2,0.18,3,30,9,1352,2282478586,3830905120,false,false,821.033333333244,839.033333333244,9,7,6,179,26,8,3,11,57,47,10,11,10,0,0.17543859649122806,0.8245614035087719,23,2.875,159.73333333332567,0.1945515813405989,1,0,1,7,3,38,8,3,46,0,0,0,0,0,5,7,2,0
difficulty-hard,20260712,1,0.12,0.45,0.2,0.18,3,30,9,1353,2624029122,3819114008,false,false,779.2666666666153,797.2666666666153,9,7,6,179,22,7,3,4,41,36,5,4,5,0,0.12195121951219512,0.8780487804878049,16,2,159.73333333332567,0.20497904012319643,1,0,1,4,3,25,7,3,34,0,0,0,0,0,7,12,2,0
difficulty-hard,20260712,1,0.12,0.45,0.2,0.18,3,30,9,1354,1533979207,3378705857,false,false,769.1666666666245,787.1666666666245,9,7,6,179,19,5,2,13,46,42,4,13,4,0,0.08695652173913043,0.9130434782608695,13,1.625,159.73333333332567,0.20767063921993645,1,0,1,3,2,24,5,2,39,0,0,0,0,0,6,6,2,0
difficulty-hard,20260712,1,0.12,0.45,0.2,0.18,3,30,9,1355,482853733,2485018342,false,false,805.3999999999248,820.3999999999248,9,6,5,179,25,8,3,14,51,49,2,14,2,0,0.0392156862745098,0.9607843137254902,25,3.125,159.73333333332567,0.1983279529840335,1,0,1,8,3,44,8,3,48,0,0,0,0,0,8,5,1,0
difficulty-hard,20260712,1,0.12,0.45,0.2,0.18,3,30,9,1356,420120503,899479315,false,false,791.3999999999376,809.3999999999376,9,7,6,179,24,7,3,6,47,40,7,6,7,0,0.14893617021276595,0.851063829787234,22,2.75,159.73333333332567,0.20183640805324524,1,0,1,7,3,32,7,3,37,0,0,0,0,0,6,11,2,0
difficulty-hard,20260712,1,0.12,0.45,0.2,0.18,3,30,9,1357,3332586768,3217900032,false,false,800.4333333332627,818.4333333332627,9,7,6,179,20,6,3,6,39,35,4,6,4,0,0.10256410256410256,0.8974358974358975,15,1.875,159.73333333332567,0.1995585724399364,1,0,1,4,3,26,6,3,34,0,0,0,0,0,6,11,1,0
difficulty-hard,20260712,1,0.12,0.45,0.2,0.18,3,30,9,1358,598789759,1392244212,false,false,762.9666666666301,780.9666666666301,9,7,6,179,21,6,3,4,36,35,1,4,1,0,0.027777777777777776,0.9722222222222222,15,1.875,159.73333333332567,0.20935820699899516,1,0,1,4,3,24,6,3,35,0,0,0,0,0,6,11,2,0
difficulty-hard,20260712,1,0.12,0.45,0.2,0.18,3,30,9,1359,1508576934,2893460548,false,false,809.8333333332541,827.8333333332541,9,7,6,179,18,5,2,0,34,28,6,0,6,0,0.17647058823529413,0.8235294117647058,13,1.625,159.73333333332567,0.19724223091172005,1,0,1,4,2,20,5,2,25,0,0,0,0,0,8,5,2,0
difficulty-hard,20260712,1,0.12,0.45,0.2,0.18,3,30,9,1360,3536072934,2931022374,false,false,802.5666666665941,817.5666666665941,9,6,5,179,18,5,3,1,32,28,4,1,4,0,0.125,0.875,15,1.875,159.73333333332567,0.19902811812103682,1,0,1,4,3,22,5,3,27,0,0,0,0,0,7,8,3,0
difficulty-hard,20260712,1,0.12,0.45,0.2,0.18,3,30,9,1361,684604653,149686528,false,false,801.1666666665953,816.1666666665953,9,6,5,179,15,4,3,1,27,25,2,1,2,0,0.07407407407407407,0.9259259259259259,12,1.5,159.73333333332567,0.19937591013106706,1,0,1,3,2,20,4,3,25,0,0,0,0,0,6,11,1,0
difficulty-hard,20260712,1,0.12,0.45,0.2,0.18,3,30,9,1362,2338176565,1099164146,false,false,800.9333333332622,818.9333333332622,9,7,6,179,12,3,2,0,28,21,7,0,7,0,0.25,0.75,7,0.875,159.73333333332567,0.1994339936740551,1,0,1,1,1,13,3,2,21,0,0,0,0,0,4,4,2,0
difficulty-hard,20260712,1,0.12,0.45,0.2,0.18,3,30,9,1363,168035226,2485605274,false,false,748.6333333333098,766.6333333333098,9,7,6,179,18,5,2,2,30,29,1,2,1,0,0.03333333333333333,0.9666666666666667,16,2,159.73333333332567,0.21336657909968926,1,0,1,4,2,25,5,2,29,0,0,0,0,0,5,9,1,0
difficulty-hard,20260712,1,0.12,0.45,0.2,0.18,3,30,9,1364,1547920208,936155656,false,false,788.69999999994,806.69999999994,9,7,6,179,19,5,2,1,35,29,6,1,6,0,0.17142857142857143,0.8285714285714286,12,1.5,159.73333333332567,0.20252736570728772,1,0,1,3,2,20,5,2,27,0,0,0,0,0,7,4,2,0
difficulty-hard,20260712,1,0.12,0.45,0.2,0.18,3,30,9,1365,2555891351,801403331,false,false,744.7333333333133,759.7333333333133,9,6,5,179,23,6,3,10,49,43,6,10,6,0,0.12244897959183673,0.8775510204081632,22,2.75,159.73333333332567,0.21448393160862497,1,0,1,6,3,34,6,3,43,0,0,0,0,0,4,5,2,0
difficulty-hard,20260712,1,0.12,0.45,0.2,0.18,3,30,9,1366,1582530058,4125187491,true,false,755.8999999999699,773.8999999999699,9,7,6,180,14,4,3,0,27,22,5,0,5,0,0.18518518518518517,0.8148148148148148,7,0.875,159.73333333332567,0.2113154297305623,1,1,0,2,2,12,3,3,20,3,3,21,101.83333333324072,0.13471799620749408,6,11,2,0
difficulty-hard,20260712,1,0.12,0.45,0.2,0.18,3,30,9,1367,2737942545,1820831055,false,false,748.6333333333098,766.6333333333098,9,7,6,179,22,6,3,6,41,38,3,6,3,0,0.07317073170731707,0.926829268292683,17,2.125,159.73333333332567,0.21336657909968926,1,0,1,5,3,26,6,3,37,0,0,0,0,0,6,6,2,0
difficulty-hard,20260712,1,0.12,0.45,0.2,0.18,3,30,9,1368,2614801165,2798586020,false,false,754.9999999999707,769.9999999999707,9,6,5,179,19,5,3,19,57,48,9,19,9,0,0.15789473684210525,0.8421052631578947,16,2,159.73333333332567,0.21156732891832036,1,0,1,5,3,35,5,3,46,0,0,0,0,0,6,11,3,0
difficulty-hard,20260712,1,0.12,0.45,0.2,0.18,3,30,9,1369,1076740404,1487939253,false,false,782.6666666666122,797.6666666666122,9,6,5,179,24,7,3,9,47,43,4,9,4,0,0.0851063829787234,0.9148936170212766,18,2.25,159.73333333332567,0.20408858603066882,1,0,1,5,3,31,7,3,39,0,0,0,0,0,6,8,2,0
difficulty-hard,20260712,1,0.12,0.45,0.2,0.18,3,30,9,1370,1990213396,2274566312,false,false,767.9999999999588,785.9999999999588,9,7,6,179,21,6,3,12,50,43,7,12,7,0,0.14,0.86,20,2.5,159.73333333332567,0.2079861111111123,1,0,1,6,3,33,6,3,43,0,0,0,0,0,6,5,2,0
difficulty-hard,20260712,1,0.12,0.45,0.2,0.18,3,30,9,1371,2868866469,1481189326,false,false,781.5333333332799,796.5333333332799,9,6,5,179,18,5,3,2,32,29,3,2,3,0,0.09375,0.90625,16,2,159.73333333332567,0.20438454320566826,1,0,1,4,3,27,5,3,29,0,0,0,0,0,6,8,2,0
difficulty-hard,20260712,1,0.12,0.45,0.2,0.18,3,30,9,1372,1616171864,354667584,false,false,739.8999999999844,754.8999999999844,9,6,5,179,11,3,3,0,23,20,3,0,3,0,0.13043478260869565,0.8695652173913043,10,1.25,159.73333333332567,0.21588502950848634,1,0,1,3,3,15,3,3,19,0,0,0,0,0,5,10,2,0
difficulty-hard,20260712,1,0.12,0.45,0.2,0.18,3,30,9,1373,1799978416,1475524140,false,false,759.1999999999668,777.1999999999668,9,7,6,179,23,7,3,7,45,40,5,7,5,0,0.1111111111111111,0.8888888888888888,18,2.25,159.73333333332567,0.2103969090270451,1,0,1,5,3,31,7,3,40,0,0,0,0,0,6,10,2,0
difficulty-hard,20260712,1,0.12,0.45,0.2,0.18,3,30,9,1374,3784546534,1522486002,false,false,798.8666666665974,813.8666666665974,9,6,5,179,18,5,3,6,34,32,2,6,2,0,0.058823529411764705,0.9411764705882353,15,1.875,159.73333333332567,0.19994992906618483,1,0,1,4,3,23,5,3,31,0,0,0,0,0,5,5,2,0
difficulty-hard,20260712,1,0.12,0.45,0.2,0.18,3,30,9,1375,447028931,1236637799,false,false,835.8666666665638,853.8666666665638,9,7,6,179,24,7,3,5,47,39,8,5,8,0,0.1702127659574468,0.8297872340425532,22,2.75,159.73333333332567,0.19109905886107673,1,0,1,7,3,32,7,3,37,0,0,0,0,0,7,14,3,0
difficulty-hard,20260712,1,0.12,0.45,0.2,0.18,3,30,9,1376,1315491242,1198150294,false,false,786.2333333332756,801.2333333332756,9,6,5,179,23,7,3,7,44,40,4,7,4,0,0.09090909090909091,0.9090909090909091,23,2.875,159.73333333332567,0.20316275914699292,1,0,1,7,3,35,7,3,40,0,0,0,0,0,8,5,2,0
difficulty-hard,20260712,1,0.12,0.45,0.2,0.18,3,30,9,1377,1451962620,4058211116,false,false,784.299999999944,802.299999999944,9,7,6,179,19,6,3,2,33,31,2,2,2,0,0.06060606060606061,0.9393939393939394,12,1.5,159.73333333332567,0.20366356411237674,1,0,1,3,3,21,5,3,28,0,0,0,0,0,6,7,2,0
difficulty-hard,20260712,1,0.12,0.45,0.2,0.18,3,30,9,1378,889414974,165503197,false,false,759.6666666666331,774.6666666666331,9,6,5,179,15,4,2,8,37,31,6,8,6,0,0.16216216216216217,0.8378378378378378,13,1.625,159.73333333332567,0.2102676612549356,1,0,1,3,2,25,3,2,30,0,0,0,0,0,5,5,2,0
difficulty-hard,20260712,1,0.12,0.45,0.2,0.18,3,30,9,1379,1885552251,537779928,false,false,779.133333333282,797.133333333282,9,7,6,179,22,6,3,12,48,44,4,12,4,0,0.08333333333333333,0.9166666666666666,21,2.625,159.73333333332567,0.20501411825105184,1,0,1,6,3,37,6,3,44,0,0,0,0,0,7,8,2,0
difficulty-hard,20260712,1,0.12,0.45,0.2,0.18,3,30,9,1380,2620329606,4182488587,false,false,796.3333333332664,811.3333333332664,9,6,5,179,22,6,3,11,47,43,4,11,4,0,0.0851063829787234,0.9148936170212766,18,2.25,159.73333333332567,0.2005860192549256,1,0,1,5,3,29,6,3,41,0,0,0,0,0,5,4,3,0
difficulty-hard,20260712,1,0.12,0.45,0.2,0.18,3,30,9,1381,3237762175,2787974804,false,false,795.9999999999334,810.9999999999334,9,6,5,179,16,5,3,0,27,24,3,0,3,0,0.1111111111111111,0.8888888888888888,14,1.75,159.73333333332567,0.20067001675042592,1,0,1,4,3,21,5,3,24,0,0,0,0,0,6,11,1,0
difficulty-hard,20260712,1,0.12,0.45,0.2,0.18,3,30,9,1382,1582209672,4035317716,false,false,749.8333333333087,767.8333333333087,9,7,6,179,24,7,3,10,46,44,2,10,2,0,0.043478260869565216,0.9565217391304348,21,2.625,159.73333333332567,0.21302511669259513,1,0,1,6,3,34,7,3,42,0,0,0,0,0,6,10,2,0
difficulty-hard,20260712,1,0.12,0.45,0.2,0.18,3,30,9,1383,3172323864,3012540913,false,false,799.033333333264,814.033333333264,9,6,5,179,27,8,3,9,51,46,5,9,5,0,0.09803921568627451,0.9019607843137255,20,2.5,159.73333333332567,0.1999082224354506,1,0,1,6,3,35,8,3,46,0,0,0,0,0,4,5,2,0
difficulty-hard,20260712,1,0.12,0.45,0.2,0.18,3,30,9,1384,2058805711,2768986832,false,false,789.6333333332725,807.6333333332725,9,7,6,179,26,8,3,5,48,40,8,5,8,0,0.16666666666666666,0.8333333333333334,22,2.75,159.73333333332567,0.20228798176369367,1,0,1,7,3,36,8,3,39,0,0,0,0,0,6,9,2,0
difficulty-hard,20260712,1,0.12,0.45,0.2,0.18,3,30,9,1385,2586930285,1319033511,false,false,781.766666666613,796.766666666613,9,6,5,179,24,7,3,8,47,41,6,8,6,0,0.1276595744680851,0.8723404255319149,23,2.875,159.73333333332567,0.20432354069842235,1,0,1,7,3,40,7,3,41,0,0,0,0,0,4,4,2,0
difficulty-hard,20260712,1,0.12,0.45,0.2,0.18,3,30,9,1386,3532272835,1218641449,false,false,759.3999999999667,774.3999999999667,9,6,5,179,14,4,2,0,23,21,2,0,2,0,0.08695652173913043,0.9130434782608695,11,1.375,159.73333333332567,0.2103414976736011,1,0,1,3,2,17,4,2,21,0,0,0,0,0,6,8,2,0
difficulty-hard,20260712,1,0.12,0.45,0.2,0.18,3,30,9,1387,998138492,977896932,false,false,792.8333333332696,810.8333333332696,9,7,6,179,16,5,3,5,30,29,1,5,1,0,0.03333333333333333,0.9666666666666667,14,1.75,159.73333333332567,0.2014715156611375,1,0,1,4,3,26,5,3,29,0,0,0,0,0,7,8,1,0
difficulty-hard,20260712,1,0.12,0.45,0.2,0.18,3,30,9,1388,1032963927,2801711981,false,false,801.9666666665946,819.9666666665946,9,7,6,179,15,4,3,0,31,25,6,0,6,0,0.1935483870967742,0.8064516129032258,14,1.75,159.73333333332567,0.19917702315142777,1,0,1,4,3,22,4,3,25,0,0,0,0,0,6,13,2,0
difficulty-hard,20260712,1,0.12,0.45,0.2,0.18,3,30,9,1389,3769532148,3024563152,false,false,742.0333333333158,757.0333333333158,9,6,5,179,9,3,3,0,17,14,3,0,3,0,0.17647058823529413,0.8235294117647058,7,0.875,159.73333333332567,0.2152643636853638,1,0,1,2,2,12,3,3,14,0,0,0,0,0,6,11,2,0
difficulty-hard,20260712,1,0.12,0.45,0.2,0.18,3,30,9,1390,624334700,893091084,false,false,808.7999999999217,823.7999999999217,9,6,5,179,18,5,3,1,34,28,6,1,6,0,0.17647058823529413,0.8235294117647058,15,1.875,159.73333333332567,0.19749423013518932,1,0,1,5,3,24,5,3,27,0,0,0,0,0,6,11,1,0
difficulty-hard,20260712,1,0.12,0.45,0.2,0.18,3,30,9,1391,2416551159,4018004138,false,false,823.566666666575,838.566666666575,9,6,5,179,23,6,3,12,52,45,7,12,7,0,0.1346153846153846,0.8653846153846154,22,2.75,159.73333333332567,0.1939531306917191,1,0,1,6,3,37,6,3,41,0,0,0,0,0,8,5,2,0
difficulty-hard,20260712,1,0.12,0.45,0.2,0.18,3,30,9,1392,2702979352,931524797,false,false,778.133333333283,793.133333333283,9,6,5,179,12,3,2,0,22,19,3,0,3,0,0.13636363636363635,0.8636363636363636,11,1.375,159.73333333332567,0.20527758738862578,1,0,1,3,2,17,3,2,19,0,0,0,0,0,5,8,3,0
difficulty-hard,20260712,1,0.12,0.45,0.2,0.18,3,30,9,1393,4081264794,2215497340,false,false,800.8666666665956,815.8666666665956,9,6,5,179,23,7,3,6,38,37,1,6,1,0,0.02631578947368421,0.9736842105263158,19,2.375,159.73333333332567,0.19945059518855388,1,0,1,5,3,33,7,3,37,0,0,0,0,0,5,8,3,0
difficulty-hard,20260712,1,0.12,0.45,0.2,0.18,3,30,9,1394,3351564261,3929532112,true,false,785.833333333276,803.833333333276,9,7,6,180,22,7,3,5,38,37,1,5,1,0,0.02631578947368421,0.9736842105263158,19,2.375,159.73333333332567,0.2032661717921578,1,1,0,6,3,28,6,3,34,6,3,35,127.49999999988404,0.16224814422043693,7,11,2,0
difficulty-hard,20260712,1,0.12,0.45,0.2,0.18,3,30,9,1395,2180608612,619523386,false,false,769.5666666666241,784.5666666666241,9,6,5,179,22,7,3,4,43,36,7,4,7,0,0.16279069767441862,0.8372093023255814,18,2.25,159.73333333332567,0.2075626976220399,1,0,1,5,3,30,7,3,35,0,0,0,0,0,6,11,2,0
difficulty-hard,20260712,1,0.12,0.45,0.2,0.18,3,30,9,1396,2107976222,805816324,false,false,815.099999999916,833.099999999916,9,7,6,179,26,8,3,12,56,46,10,12,10,0,0.17857142857142858,0.8214285714285714,21,2.625,159.73333333332567,0.19596777491515413,1,0,1,6,3,38,7,3,45,0,0,0,0,0,8,9,3,0
difficulty-hard,20260712,1,0.12,0.45,0.2,0.18,3,30,9,1397,1516043184,1079814500,false,false,764.5666666666286,782.5666666666286,9,7,6,179,18,6,3,0,30,26,4,0,4,0,0.13333333333333333,0.8666666666666667,14,1.75,159.73333333332567,0.20892008545145435,1,0,1,4,2,21,5,2,25,0,0,0,0,0,6,8,2,0
difficulty-hard,20260712,1,0.12,0.45,0.2,0.18,3,30,9,1398,1666551077,1033772973,false,false,820.4666666665778,838.4666666665778,9,7,6,179,15,4,2,0,25,23,2,0,2,0,0.08,0.92,10,1.25,159.73333333332567,0.19468595108476028,1,0,1,2,2,17,4,2,22,0,0,0,0,0,5,10,2,0
difficulty-hard,20260712,1,0.12,0.45,0.2,0.18,3,30,9,1399,2393656919,2587899022,false,false,735.1999999999887,753.1999999999887,9,7,6,179,21,6,3,1,36,30,6,1,6,0,0.16666666666666666,0.8333333333333334,15,1.875,159.73333333332567,0.21726514327166505,1,0,1,4,2,25,6,3,30,0,0,0,0,0,7,7,2,0
difficulty-hard,20260712,1,0.12,0.45,0.2,0.18,3,30,9,1400,1717916534,14655604,false,false,778.0999999999497,793.0999999999497,9,6,5,179,24,7,3,11,49,45,4,11,4,0,0.08163265306122448,0.9183673469387755,23,2.875,159.73333333332567,0.20528638135629868,1,0,1,7,3,36,7,3,45,0,0,0,0,0,3,4,2,0
difficulty-hard,20260712,1,0.12,0.45,0.2,0.18,3,30,9,1401,3472998338,1733323767,false,false,795.9333333332668,813.9333333332668,9,7,6,179,19,5,3,0,36,28,8,0,8,0,0.2222222222222222,0.7777777777777778,16,2,159.73333333332567,0.20068682469219243,1,0,1,4,3,25,5,3,27,0,0,0,0,0,7,10,3,0
difficulty-hard,20260712,1,0.12,0.45,0.2,0.18,3,30,9,1402,457973989,2891083656,false,false,810.1333333332539,828.1333333332539,9,7,6,179,16,5,3,0,29,25,4,0,4,0,0.13793103448275862,0.8620689655172413,16,2,159.73333333332567,0.19716919025675775,1,0,1,5,3,24,5,3,25,0,0,0,0,0,6,8,2,0
difficulty-hard,20260712,1,0.12,0.45,0.2,0.18,3,30,9,1403,1018615448,1348588512,false,false,809.0333333332549,827.0333333332549,9,7,6,179,13,3,3,0,25,23,2,0,2,0,0.08,0.92,13,1.625,159.73333333332567,0.1974372708170341,1,0,1,3,3,22,3,3,23,0,0,0,0,0,6,11,2,0
difficulty-hard,20260712,1,0.12,0.45,0.2,0.18,3,30,9,1404,4021733383,829861786,false,false,771.0666666666227,789.0666666666227,9,7,6,179,13,3,3,4,34,27,7,4,7,0,0.20588235294117646,0.7941176470588235,8,1,159.73333333332567,0.20715891405844905,1,0,1,2,2,17,3,3,22,0,0,0,0,0,6,11,2,0
difficulty-hard,20260712,1,0.12,0.45,0.2,0.18,3,30,9,1405,2762748846,879349935,false,false,783.4666666666114,798.4666666666114,9,6,5,179,19,5,3,6,41,35,6,6,6,0,0.14634146341463414,0.8536585365853658,15,1.875,159.73333333332567,0.2038801906058589,1,0,1,4,2,24,5,3,34,0,0,0,0,0,6,5,2,0
difficulty-hard,20260712,1,0.12,0.45,0.2,0.18,3,30,9,1406,2953006338,4029567265,false,false,839.7666666665602,857.7666666665602,9,7,6,179,28,9,3,7,48,45,3,7,3,0,0.0625,0.9375,22,2.75,159.73333333332567,0.1902115667050521,1,0,1,7,3,33,9,3,44,0,0,0,0,0,6,8,2,0
difficulty-hard,20260712,1,0.12,0.45,0.2,0.18,3,30,9,1407,91933904,861015565,true,false,812.6999999999182,830.6999999999182,9,7,6,180,14,4,3,0,25,23,2,0,2,0,0.08,0.92,8,1,159.73333333332567,0.19654649112014488,1,1,0,2,2,14,4,3,21,4,3,22,160.166666666521,0.1970796932035648,6,11,2,0
difficulty-hard,20260712,1,0.12,0.45,0.2,0.18,3,30,9,1408,2718709947,2267197307,false,false,819.6999999999118,834.6999999999118,9,6,5,179,27,8,2,13,53,50,3,13,3,0,0.05660377358490566,0.9433962264150944,21,2.625,159.73333333332567,0.19486804115327908,1,0,1,6,2,39,8,2,49,0,0,0,0,0,5,8,3,0
difficulty-hard,20260712,1,0.12,0.45,0.2,0.18,3,30,9,1409,3121549591,1598247950,false,false,728.0333333333285,746.0333333333285,9,7,6,179,15,4,2,0,26,23,3,0,3,0,0.11538461538461539,0.8846153846153846,12,1.5,159.73333333332567,0.21940387344900883,1,0,1,3,2,19,4,2,23,0,0,0,0,0,3,4,1,0
difficulty-hard,20260712,1,0.12,0.45,0.2,0.18,3,30,9,1410,1650801053,80855623,false,false,756.9666666666355,774.9666666666355,9,7,6,179,26,8,3,12,56,48,8,12,8,0,0.14285714285714285,0.8571428571428571,20,2.5,159.73333333332567,0.2110176581971891,1,0,1,6,3,37,8,3,47,0,0,0,0,0,6,7,2,0
difficulty-hard,20260712,1,0.12,0.45,0.2,0.18,3,30,9,1411,2693373391,879554987,false,false,819.0333333332458,837.0333333332458,9,7,6,179,25,7,3,9,48,43,5,9,5,0,0.10416666666666667,0.8958333333333334,20,2.5,159.73333333332567,0.19502665744171108,1,0,1,6,3,34,7,3,43,0,0,0,0,0,6,11,2,0
difficulty-hard,20260712,1,0.12,0.45,0.2,0.18,3,30,9,1412,109281444,2605153020,false,false,794.5999999999347,809.5999999999347,9,6,5,179,22,7,3,3,40,35,5,3,5,0,0.125,0.875,18,2.25,159.73333333332567,0.2010235758033461,1,0,1,5,3,28,7,3,34,0,0,0,0,0,3,5,2,0
difficulty-hard,20260712,1,0.12,0.45,0.2,0.18,3,30,9,1413,1243741257,2321950223,false,false,790.1999999999387,805.1999999999387,9,6,5,179,22,6,3,7,49,39,10,7,10,0,0.20408163265306123,0.7959183673469388,20,2.5,159.73333333332567,0.2021429174048824,1,0,1,6,3,31,6,3,38,0,0,0,0,0,3,4,3,0
difficulty-hard,20260712,1,0.12,0.45,0.2,0.18,3,30,9,1414,1943141195,1585567558,false,false,743.0333333333149,761.0333333333149,9,7,6,179,21,6,2,2,35,32,3,2,3,0,0.08571428571428572,0.9142857142857143,16,2,159.73333333332567,0.21497465344757477,1,0,1,4,2,26,6,2,32,0,0,0,0,0,5,9,1,0
difficulty-hard,20260712,1,0.12,0.45,0.2,0.18,3,30,9,1415,4119452679,784932727,false,false,805.4999999999247,823.4999999999247,9,7,6,179,22,6,3,4,38,35,3,4,3,0,0.07894736842105263,0.9210526315789473,17,2.125,159.73333333332567,0.19830333126423413,1,0,1,5,3,27,6,3,34,0,0,0,0,0,6,8,2,0
difficulty-hard,20260712,1,0.12,0.45,0.2,0.18,3,30,9,1416,2182569915,2020307481,false,false,801.6333333332616,819.6333333332616,9,7,6,179,21,6,3,2,39,32,7,2,7,0,0.1794871794871795,0.8205128205128205,14,1.75,159.73333333332567,0.1992598444841864,1,0,1,4,2,23,5,3,30,0,0,0,0,0,6,11,3,0
difficulty-hard,20260712,1,0.12,0.45,0.2,0.18,3,30,9,1417,1187932658,3993170415,false,false,785.9333333332759,803.9333333332759,9,7,6,179,18,5,3,5,35,33,2,5,2,0,0.05714285714285714,0.9428571428571428,14,1.75,159.73333333332567,0.20324030876241075,1,0,1,4,3,21,5,3,32,0,0,0,0,0,3,4,2,0
difficulty-hard,20260712,1,0.12,0.45,0.2,0.18,3,30,9,1418,1049333392,2205986197,false,false,827.2666666665716,845.2666666665716,9,7,6,179,23,7,3,3,44,36,8,3,8,0,0.18181818181818182,0.8181818181818182,21,2.625,159.73333333332567,0.19308566363124832,1,0,1,6,3,32,7,3,36,0,0,0,0,0,7,14,2,0
difficulty-hard,20260712,1,0.12,0.45,0.2,0.18,3,30,9,1419,3454181395,2339030600,false,false,804.2333333332592,822.2333333332592,9,7,6,179,21,6,3,4,38,35,3,4,3,0,0.07894736842105263,0.9210526315789473,16,2,159.73333333332567,0.19861565880549642,1,0,1,5,3,25,6,3,34,0,0,0,0,0,6,8,2,0
difficulty-hard,20260712,1,0.12,0.45,0.2,0.18,3,30,9,1420,3246549558,1887408620,false,false,823.1999999999086,838.1999999999086,9,6,5,179,24,7,3,4,45,37,8,4,8,0,0.17777777777777778,0.8222222222222222,19,2.375,159.73333333332567,0.19403952057014504,1,0,1,6,3,28,7,3,36,0,0,0,0,0,6,6,2,0
difficulty-hard,20260712,1,0.12,0.45,0.2,0.18,3,30,9,1421,1828065635,1335615994,false,false,782.8999999999453,800.8999999999453,9,7,6,179,21,6,3,10,49,41,8,10,8,0,0.16326530612244897,0.8367346938775511,20,2.5,159.73333333332567,0.204027760037472,1,0,1,6,3,33,6,3,40,0,0,0,0,0,7,5,4,0
difficulty-hard,20260712,1,0.12,0.45,0.2,0.18,3,30,9,1422,779825936,352927133,false,false,813.1666666665844,831.1666666665844,9,7,6,179,23,7,3,12,51,45,6,12,6,0,0.11764705882352941,0.8823529411764706,20,2.5,159.73333333332567,0.19643369542940173,1,0,1,6,3,31,7,3,43,0,0,0,0,0,6,8,2,0
difficulty-hard,20260712,1,0.12,0.45,0.2,0.18,3,30,9,1423,1014440150,423642970,false,false,793.099999999936,808.099999999936,9,6,5,179,16,5,3,1,28,25,3,1,3,0,0.10714285714285714,0.8928571428571429,10,1.25,159.73333333332567,0.2014037742193148,1,0,1,2,2,20,5,3,25,0,0,0,0,0,6,8,2,0
difficulty-hard,20260712,1,0.12,0.45,0.2,0.18,3,30,9,1424,1961354832,2316665286,false,false,795.1666666666008,813.1666666666008,9,7,6,179,16,4,2,0,29,26,3,0,3,0,0.10344827586206896,0.896551724137931,13,1.625,159.73333333332567,0.20088031859149727,1,0,1,3,2,22,4,2,26,0,0,0,0,0,3,7,2,0
difficulty-hard,20260712,1,0.12,0.45,0.2,0.18,3,30,9,1425,3647637256,3345612581,false,false,814.9333333332495,829.9333333332495,9,6,5,179,24,7,3,6,45,40,5,6,5,0,0.1111111111111111,0.8888888888888888,20,2.5,159.73333333332567,0.19600785340315213,1,0,1,6,3,31,7,3,39,0,0,0,0,0,5,11,2,0
difficulty-hard,20260712,1,0.12,0.45,0.2,0.18,3,30,9,1426,2308938081,3888211605,false,false,795.0333333332676,810.0333333332676,9,6,5,179,17,5,3,2,31,26,5,2,5,0,0.16129032258064516,0.8387096774193549,12,1.5,159.73333333332567,0.20091400779842214,1,0,1,3,2,20,5,3,26,0,0,0,0,0,3,5,2,0
difficulty-hard,20260712,1,0.12,0.45,0.2,0.18,3,30,9,1427,1853151324,3536685038,false,false,758.9333333333004,773.9333333333004,9,6,5,179,18,5,2,7,42,35,7,7,7,0,0.16666666666666666,0.8333333333333334,14,1.75,159.73333333332567,0.21047083626141858,1,0,1,3,2,24,5,2,33,0,0,0,0,0,6,10,2,0
difficulty-hard,20260712,1,0.12,0.45,0.2,0.18,3,30,9,1428,2106057821,3688916383,false,false,781.6333333332798,796.6333333332798,9,6,5,179,18,5,3,0,34,28,6,0,6,0,0.17647058823529413,0.8235294117647058,13,1.625,159.73333333332567,0.204358394814282,1,0,1,4,3,21,5,3,28,0,0,0,0,0,7,6,2,0
difficulty-hard,20260712,1,0.12,0.45,0.2,0.18,3,30,9,1429,744807292,2167823946,false,false,788.2333333332738,806.2333333332738,9,7,6,179,15,4,3,0,28,24,4,0,4,0,0.14285714285714285,0.8571428571428571,10,1.25,159.73333333332567,0.20264727026684706,1,0,1,3,3,18,4,3,23,0,0,0,0,0,7,8,2,0
difficulty-hard,20260712,1,0.12,0.45,0.2,0.18,3,30,9,1430,46795019,110635507,false,false,817.9333333332468,832.9333333332468,9,6,5,179,22,6,2,12,51,44,7,12,7,0,0.13725490196078433,0.8627450980392157,19,2.375,159.73333333332567,0.19528893960389102,1,0,1,5,2,33,6,2,43,0,0,0,0,0,6,6,2,0
difficulty-hard,20260712,1,0.12,0.45,0.2,0.18,3,30,9,1431,491926830,843151783,false,false,809.6666666665876,827.6666666665876,9,7,6,179,21,6,3,4,37,33,4,4,4,0,0.10810810810810811,0.8918918918918919,19,2.375,159.73333333332567,0.19728283244134368,1,0,1,5,3,30,5,3,32,0,0,0,0,0,6,10,1,0
difficulty-hard,20260712,1,0.12,0.45,0.2,0.18,3,30,9,1432,4238915691,2728818815,false,false,806.4999999999238,824.4999999999238,9,7,6,179,22,7,3,7,42,38,4,7,4,0,0.09523809523809523,0.9047619047619048,17,2.125,159.73333333332567,0.19805744988634935,1,0,1,5,3,27,7,3,38,0,0,0,0,0,6,11,4,0
difficulty-hard,20260712,1,0.12,0.45,0.2,0.18,3,30,9,1433,3998085525,4267022294,false,false,745.9999999999789,760.9999999999789,9,6,5,179,21,6,3,6,43,37,6,6,6,0,0.13953488372093023,0.8604651162790697,19,2.375,159.73333333332567,0.21411974977658205,1,0,1,6,3,29,6,3,37,0,0,0,0,0,6,8,2,0
difficulty-hard,20260712,1,0.12,0.45,0.2,0.18,3,30,9,1434,2826396269,1597084327,false,false,781.5333333332799,799.5333333332799,9,7,6,179,13,3,3,1,28,24,4,1,4,0,0.14285714285714285,0.8571428571428571,12,1.5,159.73333333332567,0.20438454320566826,1,0,1,3,3,20,3,3,24,0,0,0,0,0,3,5,2,0
difficulty-hard,20260712,1,0.12,0.45,0.2,0.18,3,30,9,1435,4284714702,3080782343,false,false,790.4999999999384,808.4999999999384,9,7,6,179,19,6,3,1,31,28,3,1,3,0,0.0967741935483871,0.9032258064516129,12,1.5,159.73333333332567,0.20206620282522217,1,0,1,3,3,20,5,3,27,0,0,0,0,0,5,7,2,0
difficulty-hard,20260712,1,0.12,0.45,0.2,0.18,3,30,9,1436,1228942572,221684043,false,false,763.2999999999631,778.2999999999631,9,6,5,179,24,7,3,7,48,41,7,7,7,0,0.14583333333333334,0.8541666666666666,19,2.375,159.73333333332567,0.20926678020874281,1,0,1,6,3,31,7,3,35,0,0,0,0,0,7,8,3,0
difficulty-hard,20260712,1,0.12,0.45,0.2,0.18,3,30,9,1437,3091601401,660098536,false,false,820.1999999999114,838.1999999999114,9,7,6,179,24,6,3,13,51,46,5,13,5,0,0.09803921568627451,0.9019607843137255,19,2.375,159.73333333332567,0.19474924815086922,1,0,1,5,3,33,6,3,43,0,0,0,0,0,5,11,2,0
difficulty-hard,20260712,1,0.12,0.45,0.2,0.18,3,30,9,1438,2210859317,3817481350,false,false,806.5666666665904,821.5666666665904,9,6,5,179,20,6,3,4,37,32,5,4,5,0,0.13513513513513514,0.8648648648648649,13,1.625,159.73333333332567,0.19804107947267113,1,0,1,3,3,21,5,3,31,0,0,0,0,0,6,11,2,0
difficulty-hard,20260712,1,0.12,0.45,0.2,0.18,3,30,9,1439,4145481006,2257677039,false,false,744.2666666666471,759.2666666666471,9,6,5,179,19,6,3,1,36,30,6,1,6,0,0.16666666666666666,0.8333333333333334,13,1.625,159.73333333332567,0.21461841633822537,1,0,1,4,3,22,6,3,29,0,0,0,0,0,5,10,3,0
difficulty-hard,20260712,1,0.12,0.45,0.2,0.18,3,30,9,1440,2431007853,4192829870,false,false,786.0333333332758,804.0333333332758,9,7,6,179,25,8,3,7,47,42,5,7,5,0,0.10638297872340426,0.8936170212765957,20,2.5,159.73333333332567,0.20321445231330823,1,0,1,6,3,32,8,3,41,0,0,0,0,0,6,12,2,0
difficulty-hard,20260712,1,0.12,0.45,0.2,0.18,3,30,9,1441,2078660932,3065061280,false,false,798.933333333264,816.933333333264,9,7,6,179,17,5,3,0,30,25,5,0,5,0,0.16666666666666666,0.8333333333333334,12,1.5,159.73333333332567,0.19993324432577544,1,0,1,3,2,19,5,3,25,0,0,0,0,0,6,8,2,0
difficulty-hard,20260712,1,0.12,0.45,0.2,0.18,3,30,9,1442,3581055584,3468343660,false,false,773.3666666666206,788.3666666666206,9,6,5,179,21,6,3,4,37,35,2,4,2,0,0.05405405405405406,0.9459459459459459,18,2.25,159.73333333332567,0.20654282143011315,1,0,1,5,3,27,6,3,35,0,0,0,0,0,7,9,3,0
difficulty-hard,20260712,1,0.12,0.45,0.2,0.18,3,30,9,1443,2556664431,2877628068,false,false,753.933333333305,768.933333333305,9,6,5,179,25,7,3,10,51,45,6,10,6,0,0.11764705882352941,0.8823529411764706,24,3,159.73333333332567,0.21186665487664472,1,0,1,7,3,43,7,3,44,0,0,0,0,0,8,6,2,0
difficulty-hard,20260712,1,0.12,0.45,0.2,0.18,3,30,9,1444,2063344331,3188537931,false,false,809.599999999921,827.599999999921,9,7,6,179,24,6,3,14,56,48,8,14,8,0,0.14285714285714285,0.8571428571428571,22,2.75,159.73333333332567,0.19729907773387012,1,0,1,6,3,39,6,3,48,0,0,0,0,0,3,5,2,0
difficulty-hard,20260712,1,0.12,0.45,0.2,0.18,3,30,9,1445,118482452,2175629748,true,false,765.8666666666275,783.8666666666275,9,7,6,180,17,5,2,1,31,28,3,1,3,0,0.0967741935483871,0.9032258064516129,12,1.5,159.73333333332567,0.20856545961002854,1,1,0,3,1,19,4,2,25,5,2,27,102.53333333324008,0.13387883008345056,5,11,2,0
difficulty-hard,20260712,1,0.12,0.45,0.2,0.18,3,30,9,1446,208385454,2872474048,false,false,821.366666666577,839.366666666577,9,7,6,179,26,7,3,8,48,43,5,8,5,0,0.10416666666666667,0.8958333333333334,23,2.875,159.73333333332567,0.19447262692262057,1,0,1,6,3,39,7,3,43,0,0,0,0,0,4,7,2,0
difficulty-hard,20260712,1,0.12,0.45,0.2,0.18,3,30,9,1447,146940412,1528219387,false,false,760.9333333332986,775.9333333332986,9,6,5,179,17,5,3,1,33,28,5,1,5,0,0.15151515151515152,0.8484848484848485,14,1.75,159.73333333332567,0.20991764499737117,1,0,1,4,3,22,5,3,27,0,0,0,0,0,7,11,1,0
difficulty-hard,20260712,1,0.12,0.45,0.2,0.18,3,30,9,1448,3086259429,1872469143,false,false,795.2333333332674,813.2333333332674,9,7,6,179,15,4,3,6,38,31,7,6,7,0,0.18421052631578946,0.8157894736842105,13,1.625,159.73333333332567,0.20086347822442752,1,0,1,4,3,21,4,3,31,0,0,0,0,0,3,7,2,0
difficulty-hard,20260712,1,0.12,0.45,0.2,0.18,3,30,9,1449,2017057859,3718079298,false,false,800.799999999929,818.799999999929,9,7,6,179,17,5,3,6,35,33,2,6,2,0,0.05714285714285714,0.9428571428571428,15,1.875,159.73333333332567,0.1994671994672076,1,0,1,5,3,24,5,3,33,0,0,0,0,0,5,11,2,0
difficulty-hard,20260712,1,0.12,0.45,0.2,0.18,3,30,9,1450,369619123,3215430831,false,false,748.099999999977,766.099999999977,9,7,6,179,25,7,3,10,51,45,6,10,6,0,0.11764705882352941,0.8823529411764706,21,2.625,159.73333333332567,0.21351869179699318,1,0,1,6,3,36,7,3,43,0,0,0,0,0,6,8,2,0
difficulty-hard,20260712,1,0.12,0.45,0.2,0.18,3,30,9,1451,666052733,2580982335,false,false,789.9999999999388,807.9999999999388,9,7,6,179,13,4,3,0,25,19,6,0,6,0,0.24,0.76,9,1.125,159.73333333332567,0.20219409282701017,1,0,1,2,2,15,4,3,19,0,0,0,0,0,3,5,1,0
difficulty-hard,20260712,1,0.12,0.45,0.2,0.18,3,30,9,1452,3191953106,2256910373,false,false,814.0666666665836,829.0666666665836,9,6,5,179,13,3,3,0,27,23,4,0,4,0,0.14814814814814814,0.8518518518518519,11,1.375,159.73333333332567,0.19621652608305049,1,0,1,3,3,17,3,3,22,0,0,0,0,0,7,8,2,0
difficulty-hard,20260712,1,0.12,0.45,0.2,0.18,3,30,9,1453,589245208,2496989620,false,false,799.2666666665971,817.2666666665971,9,7,6,179,22,6,3,13,49,44,5,13,5,0,0.10204081632653061,0.8979591836734694,18,2.25,159.73333333332567,0.1998498623738505,1,0,1,5,3,36,6,3,43,0,0,0,0,0,4,4,2,0
difficulty-hard,20260712,1,0.12,0.45,0.2,0.18,3,30,9,1454,50171048,4154438050,false,false,799.5666666665968,814.5666666665968,9,6,5,179,21,6,3,9,46,40,6,9,6,0,0.13043478260869565,0.8695652173913043,17,2.125,159.73333333332567,0.19977487805895647,1,0,1,5,3,33,6,3,40,0,0,0,0,0,6,8,2,0
difficulty-hard,20260712,1,0.12,0.45,0.2,0.18,3,30,9,1455,3941659038,1519333268,false,false,792.2666666666034,810.2666666666034,9,7,6,179,13,3,2,2,24,23,1,2,1,0,0.041666666666666664,0.9583333333333334,10,1.25,159.73333333332567,0.20161561763716562,1,0,1,2,1,18,2,1,23,0,0,0,0,0,5,10,1,0
difficulty-hard,20260712,1,0.12,0.45,0.2,0.18,3,30,9,1456,2966946574,4111618207,false,false,817.4333333332472,832.4333333332472,9,6,5,179,22,7,3,7,46,38,8,7,8,0,0.17391304347826086,0.8260869565217391,18,2.25,159.73333333332567,0.1954083921216929,1,0,1,5,3,31,7,3,37,0,0,0,0,0,6,8,2,0
difficulty-hard,20260712,1,0.12,0.45,0.2,0.18,3,30,9,1457,2134101481,945022034,false,false,733.5333333333235,748.5333333333235,9,6,5,179,25,8,3,4,42,38,4,4,4,0,0.09523809523809523,0.9047619047619048,20,2.5,159.73333333332567,0.21775879305643162,1,0,1,6,3,29,8,3,37,0,0,0,0,0,5,4,2,0
difficulty-hard,20260712,1,0.12,0.45,0.2,0.18,3,30,9,1458,2094916903,149566907,false,false,799.8999999999298,814.8999999999298,9,6,5,179,17,5,3,0,34,26,8,0,8,0,0.23529411764705882,0.7647058823529411,10,1.25,159.73333333332567,0.19969162812018962,1,0,1,3,2,17,5,3,26,0,0,0,0,0,4,5,2,0
difficulty-hard,20260712,1,0.12,0.45,0.2,0.18,3,30,9,1459,1620724672,3879132232,false,false,807.1999999999232,825.1999999999232,9,7,6,179,25,7,3,11,50,46,4,11,4,0,0.08,0.92,21,2.625,159.73333333332567,0.19788569540800405,1,0,1,6,3,34,7,3,44,0,0,0,0,0,7,8,2,0
difficulty-hard,20260712,1,0.12,0.45,0.2,0.18,3,30,9,1460,4138069270,1189562202,false,false,792.5999999999365,810.5999999999365,9,7,6,179,23,7,3,13,48,46,2,13,2,0,0.041666666666666664,0.9583333333333334,22,2.75,159.73333333332567,0.20153082681470916,1,0,1,7,3,37,7,3,46,0,0,0,0,0,4,5,1,0
difficulty-hard,20260712,1,0.12,0.45,0.2,0.18,3,30,9,1461,704545360,1128571146,false,false,821.7999999999099,839.7999999999099,9,7,6,179,27,8,3,16,56,52,4,16,4,0,0.07142857142857142,0.9285714285714286,23,2.875,159.73333333332567,0.1943700819339781,1,0,1,7,3,40,8,3,51,0,0,0,0,0,5,5,2,0
difficulty-hard,20260712,1,0.12,0.45,0.2,0.18,3,30,9,1462,948215446,1334299619,false,false,750.5333333333081,768.5333333333081,9,7,6,179,19,5,2,9,48,38,10,9,10,0,0.20833333333333334,0.7916666666666666,16,2,159.73333333332567,0.21282643453543842,1,0,1,5,2,32,5,2,37,0,0,0,0,0,7,8,2,0
difficulty-hard,20260712,1,0.12,0.45,0.2,0.18,3,30,9,1463,3959837227,4089197829,false,false,770.2333333332901,788.2333333332901,9,7,6,179,22,6,3,7,45,39,6,7,6,0,0.13333333333333333,0.8666666666666667,18,2.25,159.73333333332567,0.2073830440991924,1,0,1,5,3,30,6,3,39,0,0,0,0,0,6,8,2,0
difficulty-hard,20260712,1,0.12,0.45,0.2,0.18,3,30,9,1464,2925153113,1874751629,false,false,826.9999999999052,844.9999999999052,9,7,6,179,20,6,3,6,38,34,4,6,4,0,0.10526315789473684,0.8947368421052632,15,1.875,159.73333333332567,0.19314792422411606,1,0,1,4,3,26,6,3,34,0,0,0,0,0,6,8,2,0
difficulty-hard,20260712,1,0.12,0.45,0.2,0.18,3,30,9,1465,3130945098,3422560127,false,false,762.9333333332968,780.9333333332968,9,7,6,179,17,5,3,3,33,30,3,3,3,0,0.09090909090909091,0.9090909090909091,17,2.125,159.73333333332567,0.2093673540720028,1,0,1,5,3,28,5,3,30,0,0,0,0,0,5,9,2,0
difficulty-hard,20260712,1,0.12,0.45,0.2,0.18,3,30,9,1466,3520818369,3314168775,false,false,774.733333333286,792.733333333286,9,7,6,179,19,6,3,1,34,28,6,1,6,0,0.17647058823529413,0.8235294117647058,12,1.5,159.73333333332567,0.20617847001118933,1,0,1,3,2,21,5,2,27,0,0,0,0,0,7,5,2,0
difficulty-hard,20260712,1,0.12,0.45,0.2,0.18,3,30,9,1467,1046161072,429583519,false,false,735.8666666666547,753.8666666666547,9,7,6,179,15,4,3,0,29,24,5,0,5,0,0.1724137931034483,0.8275862068965517,14,1.75,159.73333333332567,0.21706830947634753,1,0,1,4,3,21,4,3,24,0,0,0,0,0,3,5,2,0
difficulty-hard,20260712,1,0.12,0.45,0.2,0.18,3,30,9,1468,464470109,3726012733,false,false,804.9999999999252,819.9999999999252,9,6,5,179,21,6,3,9,48,40,8,9,8,0,0.16666666666666666,0.8333333333333334,18,2.25,159.73333333332567,0.19842650103520562,1,0,1,5,3,31,6,3,37,0,0,0,0,0,5,11,2,0
difficulty-hard,20260712,1,0.12,0.45,0.2,0.18,3,30,9,1469,3408394907,2653624917,false,false,795.9666666666001,813.9666666666001,9,7,6,179,17,5,2,1,35,28,7,1,7,0,0.2,0.8,17,2.125,159.73333333332567,0.20067842036936936,1,0,1,5,2,25,5,2,28,0,0,0,0,0,3,5,2,0
difficulty-hard,20260712,1,0.12,0.45,0.2,0.18,3,30,9,1470,3658675983,4203919491,false,false,746.9333333333113,761.9333333333113,9,6,5,179,18,5,3,1,32,28,4,1,4,0,0.125,0.875,16,2,159.73333333332567,0.21385219564440874,1,0,1,5,3,25,5,3,28,0,0,0,0,0,6,9,1,0
difficulty-hard,20260712,1,0.12,0.45,0.2,0.18,3,30,9,1471,1548100666,639816693,false,false,779.9999999999479,794.9999999999479,9,6,5,179,19,5,3,7,43,36,7,7,7,0,0.16279069767441862,0.8372093023255814,14,1.75,159.73333333332567,0.20478632478632863,1,0,1,3,3,26,5,3,34,0,0,0,0,0,6,5,2,0
difficulty-hard,20260712,1,0.12,0.45,0.2,0.18,3,30,9,1472,1782213530,2297220723,false,false,775.1333333332857,793.1333333332857,9,7,6,179,19,6,3,1,36,28,8,1,8,0,0.2222222222222222,0.7777777777777778,14,1.75,159.73333333332567,0.2060720736217453,1,0,1,4,3,21,5,3,27,0,0,0,0,0,6,5,2,0
difficulty-hard,20260712,1,0.12,0.45,0.2,0.18,3,30,9,1473,665431124,2239715535,false,false,751.8333333333069,766.8333333333069,9,6,5,179,25,7,3,9,47,43,4,9,4,0,0.0851063829787234,0.9148936170212766,19,2.375,159.73333333332567,0.2124584349368184,1,0,1,5,3,36,7,3,41,0,0,0,0,0,7,11,2,0
difficulty-hard,20260712,1,0.12,0.45,0.2,0.18,3,30,9,1474,3042119314,3050258750,false,false,745.6999999999791,763.6999999999791,9,7,6,179,24,7,2,12,47,46,1,12,1,0,0.02127659574468085,0.9787234042553191,20,2.5,159.73333333332567,0.2142058915560281,1,0,1,6,2,35,7,2,45,0,0,0,0,0,6,5,2,0
difficulty-hard,20260712,1,0.12,0.45,0.2,0.18,3,30,9,1475,4148641767,3009423931,false,false,812.566666666585,830.566666666585,9,7,6,179,22,7,3,6,39,38,1,6,1,0,0.02564102564102564,0.9743589743589743,19,2.375,159.73333333332567,0.1965787422570559,1,0,1,6,3,31,7,3,37,0,0,0,0,0,6,11,1,0
difficulty-hard,20260712,1,0.12,0.45,0.2,0.18,3,30,9,1476,1185772713,1678881011,false,false,788.9999999999397,803.9999999999397,9,6,5,179,20,6,3,7,40,35,5,7,5,0,0.125,0.875,17,2.125,159.73333333332567,0.20245035910435724,1,0,1,5,3,29,5,3,34,0,0,0,0,0,6,8,2,0
difficulty-hard,20260712,1,0.12,0.45,0.2,0.18,3,30,9,1477,1066253985,3753879363,false,false,785.7999999999427,800.7999999999427,9,6,5,179,12,4,3,0,27,19,8,0,8,0,0.2962962962962963,0.7037037037037037,9,1.125,159.73333333332567,0.20327479426487316,1,0,1,3,3,14,4,3,19,0,0,0,0,0,5,8,2,0
difficulty-hard,20260712,1,0.12,0.45,0.2,0.18,3,30,9,1478,3292807594,2633142362,true,false,789.5999999999392,807.5999999999392,9,7,6,180,17,5,3,1,32,27,5,1,5,0,0.15625,0.84375,10,1.25,159.73333333332567,0.2022965214454635,1,1,0,3,3,18,4,3,23,4,3,26,134.6666666665442,0.17055048969928388,5,14,2,0
difficulty-hard,20260712,1,0.12,0.45,0.2,0.18,3,30,9,1479,1879514704,1497094582,false,false,805.533333333258,820.533333333258,9,6,5,179,24,7,3,7,46,41,5,7,5,0,0.10869565217391304,0.8913043478260869,20,2.5,159.73333333332567,0.19829512538277821,1,0,1,6,3,33,7,3,40,0,0,0,0,0,5,5,4,0
difficulty-hard,20260712,1,0.12,0.45,0.2,0.18,3,30,9,1480,3605829411,3486675116,false,false,822.4333333332427,837.4333333332427,9,6,5,179,20,6,3,3,36,32,4,3,4,0,0.1111111111111111,0.8888888888888888,18,2.25,159.73333333332567,0.1942204028695456,1,0,1,5,3,30,6,3,32,0,0,0,0,0,7,10,2,0
difficulty-hard,20260712,1,0.12,0.45,0.2,0.18,3,30,9,1481,2289191647,778844619,false,false,791.333333333271,809.333333333271,9,7,6,179,24,7,3,7,49,41,8,7,8,0,0.16326530612244897,0.8367346938775511,21,2.625,159.73333333332567,0.201853411962938,1,0,1,6,3,34,7,3,40,0,0,0,0,0,5,5,3,0
difficulty-hard,20260712,1,0.12,0.45,0.2,0.18,3,30,9,1482,339471208,243101072,false,false,805.4999999999247,823.4999999999247,9,7,6,179,22,6,3,6,41,38,3,6,3,0,0.07317073170731707,0.926829268292683,20,2.5,159.73333333332567,0.19830333126423413,1,0,1,6,3,32,6,3,37,0,0,0,0,0,5,7,2,0
difficulty-hard,20260712,1,0.12,0.45,0.2,0.18,3,30,9,1483,429705868,968170252,false,false,767.466666666626,785.466666666626,9,7,6,179,16,5,3,1,26,25,1,1,1,0,0.038461538461538464,0.9615384615384616,9,1.125,159.73333333332567,0.20813064628214142,1,0,1,2,2,18,5,3,25,0,0,0,0,0,3,5,2,0
difficulty-hard,20260712,1,0.12,0.45,0.2,0.18,3,30,9,1484,3652241661,2355513842,false,false,821.9999999999097,836.9999999999097,9,6,5,179,21,6,3,7,45,38,7,7,7,0,0.15555555555555556,0.8444444444444444,18,2.25,159.73333333332567,0.19432278994323993,1,0,1,5,3,32,6,3,37,0,0,0,0,0,8,6,2,0
difficulty-hard,20260712,1,0.12,0.45,0.2,0.18,3,30,9,1485,1521631439,1481715983,false,false,793.533333333269,808.533333333269,9,6,5,179,16,4,3,0,30,25,5,0,5,0,0.16666666666666666,0.8333333333333334,12,1.5,159.73333333332567,0.2012937914811459,1,0,1,3,3,21,4,3,25,0,0,0,0,0,6,6,2,0
difficulty-hard,20260712,1,0.12,0.45,0.2,0.18,3,30,9,1486,908201407,3494761038,false,false,797.6333333332652,812.6333333332652,9,6,5,179,20,6,3,4,43,34,9,4,9,0,0.20930232558139536,0.7906976744186046,18,2.25,159.73333333332567,0.20025909983702533,1,0,1,5,3,27,5,3,30,0,0,0,0,0,6,8,5,0
difficulty-hard,20260712,1,0.12,0.45,0.2,0.18,3,30,9,1487,985432234,3120127940,false,false,812.9333333332513,827.9333333332513,9,6,5,179,25,7,3,8,50,42,8,8,8,0,0.16,0.84,24,3,159.73333333332567,0.19649007708710242,1,0,1,7,3,38,7,3,42,0,0,0,0,0,6,10,2,0
difficulty-hard,20260712,1,0.12,0.45,0.2,0.18,3,30,9,1488,4103422583,1117735546,false,false,812.0666666665854,830.0666666665854,9,7,6,179,14,4,3,3,29,25,4,3,4,0,0.13793103448275862,0.8620689655172413,12,1.5,159.73333333332567,0.1966997783433318,1,0,1,3,3,23,4,3,25,0,0,0,0,0,6,8,1,0
difficulty-hard,20260712,1,0.12,0.45,0.2,0.18,3,30,9,1489,2155341657,3567635106,false,false,806.4999999999238,824.4999999999238,9,7,6,179,26,8,3,15,56,51,5,15,5,0,0.08928571428571429,0.9107142857142857,26,3.25,159.73333333332567,0.19805744988634935,1,0,1,8,3,47,8,3,49,0,0,0,0,0,8,4,2,0
difficulty-hard,20260712,1,0.12,0.45,0.2,0.18,3,30,9,1490,414696184,3581004085,false,false,729.7666666666603,747.7666666666603,9,7,6,179,23,7,3,6,41,38,3,6,3,0,0.07317073170731707,0.926829268292683,21,2.625,159.73333333332567,0.2188827479102824,1,0,1,6,3,36,7,3,38,0,0,0,0,0,5,10,3,0
difficulty-hard,20260712,1,0.12,0.45,0.2,0.18,3,30,9,1491,1028977586,2090564200,false,false,730.2666666666598,745.2666666666598,9,6,5,179,22,6,3,16,49,48,1,16,1,0,0.02040816326530612,0.9795918367346939,22,2.75,159.73333333332567,0.21873288296511845,1,0,1,6,3,44,6,3,48,0,0,0,0,0,4,5,2,0
difficulty-hard,20260712,1,0.12,0.45,0.2,0.18,3,30,9,1492,100550840,2859171210,false,false,821.69999999991,839.69999999991,9,7,6,179,19,6,3,1,31,28,3,1,3,0,0.0967741935483871,0.9032258064516129,12,1.5,159.73333333332567,0.19439373656242323,1,0,1,3,3,22,6,3,28,0,0,0,0,0,5,4,1,0
difficulty-hard,20260712,1,0.12,0.45,0.2,0.18,3,30,9,1493,2124435105,4250271281,false,false,754.0666666666382,772.0666666666382,9,7,6,179,11,3,2,0,22,21,1,0,1,0,0.045454545454545456,0.9545454545454546,10,1.25,159.73333333332567,0.2118291928211454,1,0,1,3,2,16,3,2,20,0,0,0,0,0,5,8,1,0
difficulty-hard,20260712,1,0.12,0.45,0.2,0.18,3,30,9,1494,3865301820,3185817908,false,false,790.1666666666054,808.1666666666054,9,7,6,179,25,8,3,5,47,40,7,5,7,0,0.14893617021276595,0.851063829787234,20,2.5,159.73333333332567,0.20215144484286615,1,0,1,6,3,33,8,3,40,0,0,0,0,0,3,4,2,0
difficulty-hard,20260712,1,0.12,0.45,0.2,0.18,3,30,9,1495,960195752,818114625,false,false,752.1999999999732,767.1999999999732,9,6,5,179,14,4,3,0,27,21,6,0,6,0,0.2222222222222222,0.7777777777777778,10,1.25,159.73333333332567,0.21235487015864313,1,0,1,3,3,17,4,3,21,0,0,0,0,0,6,8,3,0
difficulty-hard,20260712,1,0.12,0.45,0.2,0.18,3,30,9,1496,2822754628,1299151215,false,false,740.8333333333169,758.8333333333169,9,7,6,179,15,4,2,2,28,26,2,2,2,0,0.07142857142857142,0.9285714285714286,11,1.375,159.73333333332567,0.21561304836894832,1,0,1,3,1,19,4,2,25,0,0,0,0,0,4,5,2,0
difficulty-hard,20260712,1,0.12,0.45,0.2,0.18,3,30,9,1497,199447654,1132322112,false,false,793.099999999936,811.099999999936,9,7,6,179,24,7,2,9,49,43,6,9,6,0,0.12244897959183673,0.8775510204081632,20,2.5,159.73333333332567,0.2014037742193148,1,0,1,6,2,36,7,2,43,0,0,0,0,0,5,8,3,0
difficulty-hard,20260712,1,0.12,0.45,0.2,0.18,3,30,9,1498,424859150,3302200338,false,false,750.8333333333078,768.8333333333078,9,7,6,179,20,6,3,4,39,34,5,4,5,0,0.1282051282051282,0.8717948717948718,17,2.125,159.73333333332567,0.21274139844616796,1,0,1,5,3,27,6,3,34,0,0,0,0,0,3,7,3,0
difficulty-hard,20260712,1,0.12,0.45,0.2,0.18,3,30,9,1499,1789294733,3021713100,false,false,754.266666666638,772.266666666638,9,7,6,179,20,6,3,3,35,31,4,3,4,0,0.11428571428571428,0.8857142857142857,15,1.875,159.73333333332567,0.21177302457132546,1,0,1,4,3,24,5,3,29,0,0,0,0,0,5,6,2,0
difficulty-hard,20260712,1,0.12,0.45,0.2,0.18,3,30,9,1500,3463621640,3154235089,false,false,753.0999999999724,768.0999999999724,9,6,5,179,15,4,2,0,25,24,1,0,1,0,0.04,0.96,12,1.5,159.73333333332567,0.2121010932589716,1,0,1,3,2,21,4,2,23,0,0,0,0,0,7,4,2,0
difficulty-hard,20260712,1,0.12,0.45,0.2,0.18,3,30,9,1501,35398399,56706668,false,false,805.4999999999247,823.4999999999247,9,7,6,179,24,7,3,6,42,40,2,6,2,0,0.047619047619047616,0.9523809523809523,18,2.25,159.73333333332567,0.19830333126423413,1,0,1,5,3,27,7,3,38,0,0,0,0,0,5,7,2,0
difficulty-hard,20260712,1,0.12,0.45,0.2,0.18,3,30,9,1502,3611429269,1263417732,false,false,785.7999999999427,803.7999999999427,9,7,6,179,24,7,3,9,47,42,5,9,5,0,0.10638297872340426,0.8936170212765957,20,2.5,159.73333333332567,0.20327479426487316,1,0,1,6,3,34,7,3,41,0,0,0,0,0,4,4,2,0
difficulty-hard,20260712,1,0.12,0.45,0.2,0.18,3,30,9,1503,490156872,1650105488,false,false,792.4666666666033,810.4666666666033,9,7,6,179,22,7,3,12,50,42,8,12,8,0,0.16,0.84,20,2.5,159.73333333332567,0.20156473458400578,1,0,1,6,3,33,6,3,41,0,0,0,0,0,3,5,3,0
difficulty-hard,20260712,1,0.12,0.45,0.2,0.18,3,30,9,1504,3231670155,2665790555,false,false,787.4999999999411,805.4999999999411,9,7,6,179,11,2,1,0,26,20,6,0,6,0,0.23076923076923078,0.7692307692307693,10,1.25,159.73333333332567,0.20283597883598428,1,0,1,2,1,18,2,1,19,0,0,0,0,0,5,7,2,0
difficulty-hard,20260712,1,0.12,0.45,0.2,0.18,3,30,9,1505,1202636433,646884313,false,false,797.833333333265,815.833333333265,9,7,6,179,19,6,3,4,42,32,10,4,10,0,0.23809523809523808,0.7619047619047619,14,1.75,159.73333333332567,0.2002088991017414,1,0,1,4,3,26,6,3,31,0,0,0,0,0,2,5,3,0
difficulty-hard,20260712,1,0.12,0.45,0.2,0.18,3,30,9,1506,1003942675,1776359722,false,false,790.0999999999387,808.0999999999387,9,7,6,179,12,4,3,0,23,19,4,0,4,0,0.17391304347826086,0.8260869565217391,10,1.25,159.73333333332567,0.20216850187740545,1,0,1,3,3,16,4,3,19,0,0,0,0,0,3,7,2,0
difficulty-hard,20260712,1,0.12,0.45,0.2,0.18,3,30,9,1507,2159294512,2152422525,false,false,776.266666666618,794.266666666618,9,7,6,179,18,5,3,2,35,30,5,2,5,0,0.14285714285714285,0.8571428571428571,16,2,159.73333333332567,0.20577121264170692,1,0,1,5,3,25,5,3,30,0,0,0,0,0,2,7,2,0
difficulty-hard,20260712,1,0.12,0.45,0.2,0.18,3,30,9,1508,2859772447,580369724,false,false,800.5999999999292,815.5999999999292,9,6,5,179,25,8,3,6,50,41,9,6,9,0,0.18,0.82,22,2.75,159.73333333332567,0.1995170288950035,1,0,1,7,3,35,8,3,41,0,0,0,0,0,3,4,3,0
difficulty-hard,20260712,1,0.12,0.45,0.2,0.18,3,30,9,1509,804721273,4133577512,false,false,806.1999999999241,821.1999999999241,9,6,5,179,21,7,3,12,45,43,2,12,2,0,0.044444444444444446,0.9555555555555556,21,2.625,159.73333333332567,0.19813115025222117,1,0,1,7,3,36,7,3,43,0,0,0,0,0,6,5,1,0
difficulty-hard,20260712,1,0.12,0.45,0.2,0.18,3,30,9,1510,3249385213,836164389,false,false,808.6999999999218,823.6999999999218,9,6,5,179,18,5,3,0,30,28,2,0,2,0,0.06666666666666667,0.9333333333333333,15,1.875,159.73333333332567,0.1975186513334254,1,0,1,5,3,23,5,3,27,0,0,0,0,0,3,5,2,0
difficulty-hard,20260712,1,0.12,0.45,0.2,0.18,3,30,9,1511,865527162,587247844,false,false,791.999999999937,809.999999999937,9,7,6,179,20,6,3,4,43,34,9,4,9,0,0.20930232558139536,0.7906976744186046,18,2.25,159.73333333332567,0.20168350168350804,1,0,1,5,3,27,6,3,33,0,0,0,0,0,6,5,3,0
difficulty-hard,20260712,1,0.12,0.45,0.2,0.18,3,30,9,1512,947446884,307990528,false,false,794.5666666666013,812.5666666666013,9,7,6,179,14,4,3,0,24,21,3,0,3,0,0.125,0.875,9,1.125,159.73333333332567,0.20103200906154986,1,0,1,2,2,16,3,3,19,0,0,0,0,0,7,13,2,0
difficulty-hard,20260712,1,0.12,0.45,0.2,0.18,3,30,9,1513,3782117513,2048347469,false,false,807.3333333332564,825.3333333332564,9,7,6,179,29,9,3,8,48,45,3,8,3,0,0.0625,0.9375,19,2.375,159.73333333332567,0.1978530140379945,1,0,1,5,3,30,8,3,39,0,0,0,0,0,5,5,3,0
difficulty-hard,20260712,1,0.12,0.45,0.2,0.18,3,30,9,1514,3476305550,1220801227,false,false,747.3999999999776,762.3999999999776,9,6,5,179,19,6,3,0,33,29,4,0,4,0,0.12121212121212122,0.8787878787878788,16,2,159.73333333332567,0.2137186691642099,1,0,1,5,3,24,6,3,29,0,0,0,0,0,7,8,2,0
difficulty-hard,20260712,1,0.12,0.45,0.2,0.18,3,30,9,1515,2303802464,1765526458,false,false,804.2666666665925,822.2666666665925,9,7,6,179,23,7,3,7,46,40,6,7,6,0,0.13043478260869565,0.8695652173913043,17,2.125,159.73333333332567,0.19860742705571172,1,0,1,5,3,30,7,3,39,0,0,0,0,0,3,5,2,0
difficulty-hard,20260712,1,0.12,0.45,0.2,0.18,3,30,9,1516,4001508749,998841172,false,false,816.7999999999145,834.7999999999145,9,7,6,179,15,4,2,3,30,28,2,3,2,0,0.06666666666666667,0.9333333333333333,15,1.875,159.73333333332567,0.19555990858636435,1,0,1,4,2,25,4,2,28,0,0,0,0,0,6,10,1,0
difficulty-hard,20260712,1,0.12,0.45,0.2,0.18,3,30,9,1517,828193020,3546505739,false,false,794.7999999999345,809.7999999999345,9,6,5,179,25,7,3,7,46,42,4,7,4,0,0.08695652173913043,0.9130434782608695,21,2.625,159.73333333332567,0.20097299110888128,1,0,1,6,3,32,7,3,39,0,0,0,0,0,5,8,2,0
difficulty-hard,20260712,1,0.12,0.45,0.2,0.18,3,30,9,1518,3832558392,199118982,false,false,809.6666666665876,827.6666666665876,9,7,6,179,21,6,3,6,40,37,3,6,3,0,0.075,0.925,21,2.625,159.73333333332567,0.19728283244134368,1,0,1,6,3,34,6,3,37,0,0,0,0,0,8,9,2,0
difficulty-hard,20260712,1,0.12,0.45,0.2,0.18,3,30,9,1519,434237370,161406663,false,false,754.0999999999715,772.0999999999715,9,7,6,179,18,5,3,8,42,36,6,8,6,0,0.14285714285714285,0.8571428571428571,18,2.25,159.73333333332567,0.21181982937718036,1,0,1,5,3,31,5,3,36,0,0,0,0,0,4,4,3,0
difficulty-hard,20260712,1,0.12,0.45,0.2,0.18,3,30,9,1520,395042804,1951787021,false,false,806.5666666665904,824.5666666665904,9,7,6,179,23,7,3,8,44,41,3,8,3,0,0.06818181818181818,0.9318181818181818,20,2.5,159.73333333332567,0.19804107947267113,1,0,1,6,3,33,7,3,40,0,0,0,0,0,4,4,2,0
difficulty-hard,20260712,1,0.12,0.45,0.2,0.18,3,30,9,1521,2883794342,3635807618,false,false,754.8333333333042,772.8333333333042,9,7,6,179,26,8,3,10,51,45,6,10,6,0,0.11764705882352941,0.8823529411764706,19,2.375,159.73333333332567,0.21161404283506097,1,0,1,5,3,36,8,3,44,0,0,0,0,0,7,12,2,0
difficulty-hard,20260712,1,0.12,0.45,0.2,0.18,3,30,9,1522,2637064751,3679493051,false,false,804.0333333332594,819.0333333332594,9,6,5,179,23,7,3,8,43,39,4,8,4,0,0.09302325581395349,0.9069767441860465,18,2.25,159.73333333332567,0.19866506363750305,1,0,1,5,3,30,6,3,38,0,0,0,0,0,6,8,2,0
difficulty-hard,20260712,1,0.12,0.45,0.2,0.18,3,30,9,1523,3062781195,3816213809,false,false,759.9333333332995,777.9333333332995,9,7,6,179,20,6,3,2,39,32,7,2,7,0,0.1794871794871795,0.8205128205128205,20,2.5,159.73333333332567,0.21019387665584627,1,0,1,6,3,29,6,3,32,0,0,0,0,0,6,13,2,0
difficulty-hard,20260712,1,0.12,0.45,0.2,0.18,3,30,9,1524,741859890,3359771011,false,false,800.5333333332626,815.5333333332626,9,6,5,179,15,4,2,0,25,24,1,0,1,0,0.04,0.96,10,1.25,159.73333333332567,0.19953364423718328,1,0,1,2,2,18,4,2,24,0,0,0,0,0,6,10,2,0
difficulty-hard,20260712,1,0.12,0.45,0.2,0.18,3,30,9,1525,4114450298,1735909045,false,false,773.6666666666204,788.6666666666204,9,6,5,179,17,5,3,2,34,29,5,2,5,0,0.14705882352941177,0.8529411764705882,10,1.25,159.73333333332567,0.20646273158121745,1,0,1,2,2,18,5,3,27,0,0,0,0,0,6,5,2,0
difficulty-hard,20260712,1,0.12,0.45,0.2,0.18,3,30,9,1526,1159283310,3051666557,false,false,794.0999999999351,812.0999999999351,9,7,6,179,16,4,3,1,31,27,4,1,4,0,0.12903225806451613,0.8709677419354839,14,1.75,159.73333333332567,0.20115014901566394,1,0,1,4,3,21,4,3,27,0,0,0,0,0,5,6,2,0
difficulty-hard,20260712,1,0.12,0.45,0.2,0.18,3,30,9,1527,2797484939,806577120,false,false,798.0666666665982,816.0666666665982,9,7,6,179,22,6,3,4,38,36,2,4,2,0,0.05263157894736842,0.9473684210526315,17,2.125,159.73333333332567,0.2001503633781715,1,0,1,5,3,25,6,3,36,0,0,0,0,0,6,5,2,0
difficulty-hard,20260712,1,0.12,0.45,0.2,0.18,3,30,9,1528,1428844091,3874710856,false,false,813.999999999917,828.999999999917,9,6,5,179,20,6,3,2,41,32,9,2,9,0,0.21951219512195122,0.7804878048780488,20,2.5,159.73333333332567,0.19623259623260683,1,0,1,6,3,29,6,3,32,0,0,0,0,0,6,14,3,0
difficulty-hard,20260712,1,0.12,0.45,0.2,0.18,3,30,9,1529,455151851,4117246610,false,false,805.9333333332577,823.9333333332577,9,7,6,179,23,7,3,13,50,46,4,13,4,0,0.08,0.92,19,2.375,159.73333333332567,0.198196707750857,1,0,1,6,3,32,7,3,45,0,0,0,0,0,6,9,2,0
difficulty-hard,20260712,1,0.12,0.45,0.2,0.18,3,30,9,1530,440880142,1133278424,false,false,776.7666666666175,791.7666666666175,9,6,5,179,22,7,3,1,35,33,2,1,2,0,0.05714285714285714,0.9428571428571428,22,2.75,159.73333333332567,0.2056387589580772,1,0,1,7,3,31,7,3,33,0,0,0,0,0,5,8,1,0
difficulty-hard,20260712,1,0.12,0.45,0.2,0.18,3,30,9,1531,3630784087,1351656495,false,false,802.5333333332608,820.5333333332608,9,7,6,179,13,4,3,0,24,19,5,0,5,0,0.20833333333333334,0.7916666666666666,9,1.125,159.73333333332567,0.19903638478153363,1,0,1,2,1,16,4,3,19,0,0,0,0,0,5,5,2,0
difficulty-hard,20260712,1,0.12,0.45,0.2,0.18,3,30,9,1532,1561417157,35121275,false,false,805.3666666665915,823.3666666665915,9,7,6,179,17,5,3,2,29,28,1,2,1,0,0.034482758620689655,0.9655172413793104,14,1.75,159.73333333332567,0.19833616158272493,1,0,1,4,3,24,5,3,28,0,0,0,0,0,5,8,1,0
difficulty-hard,20260712,1,0.12,0.45,0.2,0.18,3,30,9,1533,1974104226,2326544320,false,false,753.4666666666387,771.4666666666387,9,7,6,179,18,5,3,5,41,33,8,5,8,0,0.1951219512195122,0.8048780487804879,16,2,159.73333333332567,0.21199787648203627,1,0,1,4,3,26,5,3,31,0,0,0,0,0,8,8,3,0
difficulty-hard,20260712,1,0.12,0.45,0.2,0.18,3,30,9,1534,1532527713,3800689364,false,false,783.3666666666115,801.3666666666115,9,7,6,179,18,5,3,1,31,29,2,1,2,0,0.06451612903225806,0.9354838709677419,16,2,159.73333333332567,0.20390621675673834,1,0,1,5,3,23,5,3,27,0,0,0,0,0,6,10,2,0
difficulty-hard,20260712,1,0.12,0.45,0.2,0.18,3,30,9,1535,1308034298,3050030893,false,false,802.5666666665941,820.5666666665941,9,7,6,179,17,5,3,1,27,26,1,1,1,0,0.037037037037037035,0.9629629629629629,13,1.625,159.73333333332567,0.19902811812103682,1,0,1,4,3,20,5,3,25,0,0,0,0,0,6,13,1,0
difficulty-hard,20260712,1,0.12,0.45,0.2,0.18,3,30,9,1536,1924065304,4149210022,false,false,771.433333333289,789.433333333289,9,7,6,179,20,6,3,4,38,33,5,4,5,0,0.13157894736842105,0.868421052631579,15,1.875,159.73333333332567,0.20706045024413625,1,0,1,4,3,25,6,3,33,0,0,0,0,0,4,6,2,0
difficulty-hard,20260712,1,0.12,0.45,0.2,0.18,3,30,9,1537,1090950183,4084543517,false,false,740.0333333333176,758.0333333333176,9,7,6,179,17,5,3,0,32,27,5,0,5,0,0.15625,0.84375,17,2.125,159.73333333332567,0.21584613305706374,1,0,1,5,3,25,5,3,26,0,0,0,0,0,3,7,2,0
difficulty-hard,20260712,1,0.12,0.45,0.2,0.18,3,30,9,1538,1805314133,1213460971,false,false,730.9333333333259,748.9333333333259,9,7,6,179,26,7,3,3,40,38,2,3,2,0,0.05,0.95,20,2.5,159.73333333332567,0.21853338197737227,1,0,1,6,3,30,7,3,38,0,0,0,0,0,3,3,2,0
difficulty-hard,20260712,1,0.12,0.45,0.2,0.18,3,30,9,1539,963915366,781900851,false,false,798.9666666665973,816.9666666665973,9,7,6,179,24,7,3,8,47,42,5,8,5,0,0.10638297872340426,0.8936170212765957,20,2.5,159.73333333332567,0.19992490299971571,1,0,1,6,3,32,7,3,41,0,0,0,0,0,3,5,2,0
difficulty-hard,20260712,1,0.12,0.45,0.2,0.18,3,30,9,1540,812908300,3653278796,false,false,744.9333333333132,759.9333333333132,9,6,5,179,11,3,2,0,22,19,3,0,3,0,0.13636363636363635,0.8636363636363636,9,1.125,159.73333333332567,0.21442634687667353,1,0,1,2,2,16,2,2,18,0,0,0,0,0,5,7,2,0
difficulty-hard,20260712,1,0.12,0.45,0.2,0.18,3,30,9,1541,1135073865,1293151067,false,false,813.0333333332512,831.0333333332512,9,7,6,179,26,8,3,7,48,42,6,7,6,0,0.125,0.875,23,2.875,159.73333333332567,0.19646590955681417,1,0,1,7,3,37,8,3,41,0,0,0,0,0,6,11,2,0
difficulty-hard,20260712,1,0.12,0.45,0.2,0.18,3,30,9,1542,1059157713,1273765843,false,false,809.6333333332543,827.6333333332543,9,7,6,179,16,5,2,0,25,24,1,0,1,0,0.04,0.96,11,1.375,159.73333333332567,0.19729095475319025,1,0,1,3,2,18,5,2,24,0,0,0,0,0,6,11,1,0
difficulty-hard,20260712,1,0.12,0.45,0.2,0.18,3,30,9,1543,105386649,3146178067,true,false,801.4333333332618,819.4333333332618,9,7,6,180,15,4,3,2,35,27,8,2,8,0,0.22857142857142856,0.7714285714285715,13,1.625,159.73333333332567,0.19930957035312558,1,1,0,4,3,23,4,3,25,4,3,27,139.1666666665401,0.17364721540558897,5,13,2,0
difficulty-hard,20260712,1,0.12,0.45,0.2,0.18,3,30,9,1544,1715259275,3734288553,false,false,759.0333333333003,777.0333333333003,9,7,6,179,16,4,2,3,32,29,3,3,3,0,0.09375,0.90625,13,1.625,159.73333333332567,0.21044310746124362,1,0,1,3,2,22,4,2,26,0,0,0,0,0,5,11,2,0
difficulty-hard,20260712,1,0.12,0.45,0.2,0.18,3,30,9,1545,3498249785,3680555332,false,false,801.6333333332616,819.6333333332616,9,7,6,179,15,4,2,0,28,23,5,0,5,0,0.17857142857142858,0.8214285714285714,13,1.625,159.73333333332567,0.1992598444841864,1,0,1,3,2,22,4,2,23,0,0,0,0,0,6,13,2,0
difficulty-hard,20260712,1,0.12,0.45,0.2,0.18,3,30,9,1546,1818187653,1754204317,false,false,796.2666666665998,814.2666666665998,9,7,6,179,26,8,3,12,52,47,5,12,5,0,0.09615384615384616,0.9038461538461539,25,3.125,159.73333333332567,0.20060281312793757,1,0,1,8,3,40,8,3,47,0,0,0,0,0,3,4,3,0
difficulty-hard,20260712,1,0.12,0.45,0.2,0.18,3,30,9,1547,3869725461,3350299287,false,false,804.7666666665921,822.7666666665921,9,7,6,179,19,6,3,11,39,37,2,11,2,0,0.05128205128205128,0.9487179487179487,13,1.625,159.73333333332567,0.19848403263886902,1,0,1,3,3,32,6,3,36,0,0,0,0,0,4,4,1,0
difficulty-hard,20260712,1,0.12,0.45,0.2,0.18,3,30,9,1548,2512980159,1949491231,false,false,753.0666666666391,771.0666666666391,9,7,6,179,16,4,3,2,29,27,2,2,2,0,0.06896551724137931,0.9310344827586207,12,1.5,159.73333333332567,0.21211048158639986,1,0,1,3,2,19,4,3,26,0,0,0,0,0,7,6,2,0
difficulty-hard,20260712,1,0.12,0.45,0.2,0.18,3,30,9,1549,3865371842,1926427192,false,false,759.4999999999666,777.4999999999666,9,7,6,179,17,5,3,0,32,26,6,0,6,0,0.1875,0.8125,14,1.75,159.73333333332567,0.21031380294053023,1,0,1,4,3,22,5,3,26,0,0,0,0,0,5,8,2,0
difficulty-hard,20260712,1,0.12,0.45,0.2,0.18,3,30,9,1550,2613442649,2734557639,false,false,822.5333333332426,837.5333333332426,9,6,5,179,26,8,3,6,47,41,6,6,6,0,0.1276595744680851,0.8723404255319149,23,2.875,159.73333333332567,0.19419679040364318,1,0,1,7,3,34,7,3,39,0,0,0,0,0,6,8,2,0
difficulty-hard,20260712,1,0.12,0.45,0.2,0.18,3,30,9,1551,3203055036,2644113258,false,false,783.7999999999445,801.7999999999445,9,7,6,179,19,6,3,5,44,32,12,5,12,0,0.2727272727272727,0.7272727272727273,17,2.125,159.73333333332567,0.20379348473250444,1,0,1,5,3,25,5,3,29,0,0,0,0,0,8,6,4,0
difficulty-hard,20260712,1,0.12,0.45,0.2,0.18,3,30,9,1552,1343009065,4179046407,false,false,769.3666666666243,787.3666666666243,9,7,6,179,23,7,3,11,48,44,4,11,4,0,0.08333333333333333,0.9166666666666666,16,2,159.73333333332567,0.20761665439105906,1,0,1,4,3,31,7,3,43,0,0,0,0,0,6,6,2,0
difficulty-hard,20260712,1,0.12,0.45,0.2,0.18,3,30,9,1553,555140538,2258626728,false,false,777.4999999999502,792.4999999999502,9,6,5,179,20,6,3,1,35,29,6,1,6,0,0.17142857142857143,0.8285714285714286,11,1.375,159.73333333332567,0.20544480171490148,1,0,1,3,2,19,5,3,26,0,0,0,0,0,5,8,2,0
difficulty-hard,20260712,1,0.12,0.45,0.2,0.18,3,30,9,1554,1610083477,2800245190,false,false,739.4999999999848,754.4999999999848,9,6,5,179,20,6,3,8,43,37,6,8,6,0,0.13953488372093023,0.8604651162790697,16,2,159.73333333332567,0.2160018030200527,1,0,1,4,3,27,6,3,35,0,0,0,0,0,7,5,2,0
difficulty-hard,20260712,1,0.12,0.45,0.2,0.18,3,30,9,1555,389692178,3451327784,false,false,824.4666666665742,839.4666666665742,9,6,5,179,24,7,3,12,52,46,6,12,6,0,0.11538461538461539,0.8846153846153846,20,2.5,159.73333333332567,0.19374140858738206,1,0,1,6,3,34,7,3,44,0,0,0,0,0,7,6,2,0
difficulty-hard,20260712,1,0.12,0.45,0.2,0.18,3,30,9,1556,4257604510,2989242975,false,false,777.7999999999499,795.7999999999499,9,7,6,179,22,7,3,6,44,38,6,6,6,0,0.13636363636363635,0.8636363636363636,19,2.375,159.73333333332567,0.20536556098397526,1,0,1,6,3,29,7,3,38,0,0,0,0,0,7,9,3,0
difficulty-hard,20260712,1,0.12,0.45,0.2,0.18,3,30,9,1557,3729537561,852131087,false,false,808.0666666665891,826.0666666665891,9,7,6,179,25,7,3,12,52,47,5,12,5,0,0.09615384615384616,0.9038461538461539,20,2.5,159.73333333332567,0.197673459285547,1,0,1,5,3,34,7,3,44,0,0,0,0,0,9,5,2,0
difficulty-hard,20260712,1,0.12,0.45,0.2,0.18,3,30,9,1558,169931200,1586674588,false,false,786.8666666666084,804.8666666666084,9,7,6,179,24,7,3,14,55,47,8,14,8,0,0.14545454545454545,0.8545454545454545,20,2.5,159.73333333332567,0.2029992374820014,1,0,1,6,3,36,7,3,47,0,0,0,0,0,4,4,2,0
difficulty-hard,20260712,1,0.12,0.45,0.2,0.18,3,30,9,1559,3740726927,2005288302,false,false,745.133333333313,763.133333333313,9,7,6,179,27,8,3,10,52,46,6,10,6,0,0.11538461538461539,0.8846153846153846,21,2.625,159.73333333332567,0.21436879305716655,1,0,1,7,3,33,8,3,41,0,0,0,0,0,6,8,2,0
difficulty-hard,20260712,1,0.12,0.45,0.2,0.18,3,30,9,1560,1833973199,1461882974,false,false,819.833333333245,837.833333333245,9,7,6,179,17,5,3,0,31,26,5,0,5,0,0.16129032258064516,0.8387096774193549,13,1.625,159.73333333332567,0.1948363488514042,1,0,1,4,2,22,5,3,26,0,0,0,0,0,6,14,1,0
difficulty-hard,20260712,1,0.12,0.45,0.2,0.18,3,30,9,1561,2680744691,2609112988,false,false,807.7999999999226,825.7999999999226,9,7,6,179,23,7,3,10,49,42,7,10,7,0,0.14285714285714285,0.8571428571428571,17,2.125,159.73333333332567,0.19773871420319505,1,0,1,5,3,34,7,3,41,0,0,0,0,0,5,10,2,0
difficulty-hard,20260712,1,0.12,0.45,0.2,0.18,3,30,9,1562,1440036873,3854538157,false,false,827.9333333332377,842.9333333332377,9,6,5,179,19,6,3,2,34,29,5,2,5,0,0.14705882352941177,0.8529411764705882,12,1.5,159.73333333332567,0.1929301876157631,1,0,1,3,3,22,5,3,28,0,0,0,0,0,6,8,2,0
difficulty-hard,20260712,1,0.12,0.45,0.2,0.18,3,30,9,1563,150074530,129649060,false,false,782.099999999946,800.099999999946,9,7,6,179,21,6,3,3,33,32,1,3,1,0,0.030303030303030304,0.9696969696969697,14,1.75,159.73333333332567,0.20423645740101867,1,0,1,3,2,23,5,3,31,0,0,0,0,0,6,11,1,0
difficulty-hard,20260712,1,0.12,0.45,0.2,0.18,3,30,9,1564,2768789008,3882689486,false,false,807.733333333256,825.733333333256,9,7,6,179,24,7,3,15,52,49,3,15,3,0,0.057692307692307696,0.9423076923076923,21,2.625,159.73333333332567,0.19775503466491534,1,0,1,6,3,40,7,3,47,0,0,0,0,0,5,5,2,0
difficulty-hard,20260712,1,0.12,0.45,0.2,0.18,3,30,9,1565,1913288450,852766507,false,false,807.833333333256,822.833333333256,9,6,5,179,26,7,3,9,49,45,4,9,4,0,0.08163265306122448,0.9183673469387755,21,2.625,159.73333333332567,0.19773055498247283,1,0,1,6,3,33,7,3,42,0,0,0,0,0,7,11,2,0
difficulty-hard,20260712,1,0.12,0.45,0.2,0.18,3,30,9,1566,3751994166,2839641982,false,false,761.199999999965,779.199999999965,9,7,6,179,15,4,2,0,30,24,6,0,6,0,0.2,0.8,14,1.75,159.73333333332567,0.2098441057978626,1,0,1,4,2,20,4,2,24,0,0,0,0,0,5,11,1,0
difficulty-hard,20260712,1,0.12,0.45,0.2,0.18,3,30,9,1567,232896590,3002318324,false,false,745.1999999999796,760.1999999999796,9,6,5,179,19,5,3,6,41,33,8,6,8,0,0.1951219512195122,0.8048780487804879,16,2,159.73333333332567,0.2143496153157945,1,0,1,4,3,29,5,3,33,0,0,0,0,0,6,11,3,0
difficulty-hard,20260712,1,0.12,0.45,0.2,0.18,3,30,9,1568,2073213762,977040957,false,false,813.7666666665839,831.7666666665839,9,7,6,179,19,6,3,9,43,38,5,9,5,0,0.11627906976744186,0.8837209302325582,19,2.375,159.73333333332567,0.19628886249130617,1,0,1,6,3,32,6,3,38,0,0,0,0,0,4,6,2,0
difficulty-hard,20260712,1,0.12,0.45,0.2,0.18,3,30,9,1569,2966298811,436364509,false,false,798.1999999999314,813.1999999999314,9,6,5,179,19,5,2,3,34,31,3,3,3,0,0.08823529411764706,0.9117647058823529,14,1.75,159.73333333332567,0.20011692975863118,1,0,1,4,2,21,5,2,30,0,0,0,0,0,6,9,2,0
difficulty-hard,20260712,1,0.12,0.45,0.2,0.18,3,30,9,1570,776531135,913362129,false,false,804.7333333332588,819.7333333332588,9,6,5,179,26,8,3,8,44,42,2,8,2,0,0.045454545454545456,0.9545454545454546,19,2.375,159.73333333332567,0.19849225416287855,1,0,1,6,3,28,7,3,35,0,0,0,0,0,7,6,2,0
difficulty-hard,20260712,1,0.12,0.45,0.2,0.18,3,30,9,1571,2322935623,4100383488,false,false,810.1999999999205,825.1999999999205,9,6,5,179,15,4,2,0,31,25,6,0,6,0,0.1935483870967742,0.8064516129032258,11,1.375,159.73333333332567,0.19715296634576815,1,0,1,3,2,18,4,2,24,0,0,0,0,0,5,11,3,0
difficulty-hard,20260712,1,0.12,0.45,0.2,0.18,3,30,9,1572,1054278251,2574962361,false,false,786.6999999999418,804.6999999999418,9,7,6,179,18,5,3,1,35,28,7,1,7,0,0.2,0.8,14,1.75,159.73333333332567,0.2030422439727183,1,0,1,4,3,23,5,3,28,0,0,0,0,0,6,8,2,0
difficulty-hard,20260712,1,0.12,0.45,0.2,0.18,3,30,9,1573,296011829,2875414796,false,false,783.533333333278,798.533333333278,9,6,5,179,25,8,3,10,51,44,7,10,7,0,0.13725490196078433,0.8627450980392157,22,2.75,159.73333333332567,0.20386284352931627,1,0,1,7,3,31,8,3,43,0,0,0,0,0,3,4,3,0
difficulty-hard,20260712,1,0.12,0.45,0.2,0.18,3,30,9,1574,529771430,2149519227,false,false,798.0999999999315,816.0999999999315,9,7,6,179,22,7,3,5,39,35,4,5,4,0,0.10256410256410256,0.8974358974358975,14,1.75,159.73333333332567,0.20014200392599849,1,0,1,4,2,22,6,3,34,0,0,0,0,0,3,5,2,0
difficulty-hard,20260712,1,0.12,0.45,0.2,0.18,3,30,9,1575,1134724225,3029001459,false,false,810.2333333332538,825.2333333332538,9,6,5,179,23,7,3,9,43,42,1,9,1,0,0.023255813953488372,0.9767441860465116,19,2.375,159.73333333332567,0.19714485539146093,1,0,1,6,3,30,7,3,40,0,0,0,0,0,7,6,2,0
difficulty-hard,20260712,1,0.12,0.45,0.2,0.18,3,30,9,1576,2729684654,207332149,false,false,810.7666666665866,828.7666666665866,9,7,6,179,21,6,3,6,41,35,6,6,6,0,0.14634146341463414,0.8536585365853658,15,1.875,159.73333333332567,0.1970151708259772,1,0,1,4,2,24,5,3,29,0,0,0,0,0,5,14,3,0
difficulty-hard,20260712,1,0.12,0.45,0.2,0.18,3,30,9,1577,1260102908,3887737449,false,false,805.533333333258,823.533333333258,9,7,6,179,18,5,3,2,32,30,2,2,2,0,0.0625,0.9375,17,2.125,159.73333333332567,0.19829512538277821,1,0,1,5,3,26,5,3,29,0,0,0,0,0,5,8,1,0
difficulty-hard,20260712,1,0.12,0.45,0.2,0.18,3,30,9,1578,2801023050,2844785214,false,false,819.1333333332457,837.1333333332457,9,7,6,179,22,6,3,9,48,41,7,9,7,0,0.14583333333333334,0.8541666666666666,16,2,159.73333333332567,0.1950028485391179,1,0,1,5,3,26,6,3,40,0,0,0,0,0,5,10,2,0
difficulty-hard,20260712,1,0.12,0.45,0.2,0.18,3,30,9,1579,1686874442,708707554,false,false,749.533333333309,764.533333333309,9,6,5,179,26,8,3,12,53,48,5,12,5,0,0.09433962264150944,0.9056603773584906,21,2.625,159.73333333332567,0.2131103797918672,1,0,1,6,3,36,8,3,46,0,0,0,0,0,6,10,2,0
difficulty-hard,20260712,1,0.12,0.45,0.2,0.18,3,30,9,1580,1758633470,868220174,false,false,729.1666666666608,747.1666666666608,9,7,6,179,22,7,3,6,40,36,4,6,4,0,0.1,0.9,16,2,159.73333333332567,0.2190628571428484,1,0,1,5,3,26,6,3,35,0,0,0,0,0,3,7,2,0
difficulty-hard,20260712,1,0.12,0.45,0.2,0.18,3,30,9,1581,395920127,3746720294,false,false,774.1333333332866,789.1333333332866,9,6,5,179,13,3,2,1,23,22,1,1,1,0,0.043478260869565216,0.9565217391304348,11,1.375,159.73333333332567,0.20633827075439456,1,0,1,2,2,19,3,2,22,0,0,0,0,0,5,10,1,0
difficulty-hard,20260712,1,0.12,0.45,0.2,0.18,3,30,9,1582,2176728299,199414761,false,false,725.8999999999971,740.8999999999971,9,6,5,179,20,5,3,9,40,39,1,9,1,0,0.025,0.975,18,2.25,159.73333333332567,0.22004867520777835,1,0,1,5,3,27,5,3,38,0,0,0,0,0,6,7,2,0
difficulty-hard,20260712,1,0.12,0.45,0.2,0.18,3,30,9,1583,3653955367,1536929755,false,false,811.5999999999192,829.5999999999192,9,7,6,179,14,4,3,4,28,26,2,4,2,0,0.07142857142857142,0.9285714285714286,9,1.125,159.73333333332567,0.19681287990801083,1,0,1,2,2,19,3,2,25,0,0,0,0,0,7,10,2,0
difficulty-hard,20260712,1,0.12,0.45,0.2,0.18,3,30,9,1584,3144345962,2834371681,false,false,750.9333333333077,765.9333333333077,9,6,5,179,20,6,2,3,34,33,1,3,1,0,0.029411764705882353,0.9705882352941176,18,2.25,159.73333333332567,0.21271306818181523,1,0,1,5,2,30,6,2,32,0,0,0,0,0,6,10,2,0
difficulty-hard,20260712,1,0.12,0.45,0.2,0.18,3,30,9,1585,2233935428,849260240,false,false,797.933333333265,812.933333333265,9,6,5,179,15,4,3,0,26,25,1,0,1,0,0.038461538461538464,0.9615384615384616,14,1.75,159.73333333332567,0.20018380817111625,1,0,1,4,3,21,4,3,25,0,0,0,0,0,6,11,1,0
difficulty-hard,20260712,1,0.12,0.45,0.2,0.18,3,30,9,1586,4133738105,617006948,false,false,764.8666666666284,782.8666666666284,9,7,6,179,17,5,3,2,33,29,4,2,4,0,0.12121212121212122,0.8787878787878788,13,1.625,159.73333333332567,0.20883814172404822,1,0,1,4,3,21,5,3,28,0,0,0,0,0,5,4,3,0
difficulty-hard,20260712,1,0.12,0.45,0.2,0.18,3,30,9,1587,367143544,450863255,true,false,772.5999999999547,790.5999999999547,9,7,6,180,21,7,3,2,34,31,3,2,3,0,0.08823529411764706,0.9117647058823529,17,2.125,159.73333333332567,0.20674777806540906,1,1,0,5,3,27,6,3,30,6,3,30,119.3666666665581,0.15449995685550752,6,11,1,0
difficulty-hard,20260712,1,0.12,0.45,0.2,0.18,3,30,9,1588,3015612619,2948837664,false,false,737.4999999999866,752.4999999999866,9,6,5,179,16,4,3,4,35,30,5,4,5,0,0.14285714285714285,0.8571428571428571,16,2,159.73333333332567,0.21658757062146247,1,0,1,4,3,25,4,3,30,0,0,0,0,0,4,7,2,0
difficulty-hard,20260712,1,0.12,0.45,0.2,0.18,3,30,9,1589,1812886764,1144276297,false,false,761.199999999965,779.199999999965,9,7,6,179,20,6,3,0,33,30,3,0,3,0,0.09090909090909091,0.9090909090909091,16,2,159.73333333332567,0.2098441057978626,1,0,1,5,3,24,6,3,29,0,0,0,0,0,6,11,2,0
difficulty-hard,20260712,1,0.12,0.45,0.2,0.18,3,30,9,1590,834861342,1662756386,false,false,790.133333333272,805.133333333272,9,6,5,179,16,4,3,2,31,28,3,2,3,0,0.0967741935483871,0.9032258064516129,16,2,159.73333333332567,0.2021599730003435,1,0,1,4,3,24,4,3,28,0,0,0,0,0,2,5,1,0
difficulty-hard,20260712,1,0.12,0.45,0.2,0.18,3,30,9,1591,1466648662,3935829973,false,false,797.2333333332656,815.2333333332656,9,7,6,179,18,5,3,1,35,29,6,1,6,0,0.17142857142857143,0.8285714285714286,17,2.125,159.73333333332567,0.2003595768700162,1,0,1,5,3,24,5,3,29,0,0,0,0,0,5,5,2,0
difficulty-hard,20260712,1,0.12,0.45,0.2,0.18,3,30,9,1592,2762230351,1111080271,true,false,818.0999999999133,836.0999999999133,9,7,6,180,14,4,3,1,28,24,4,1,4,0,0.14285714285714285,0.8571428571428571,11,1.375,159.73333333332567,0.19524915454509548,1,1,0,2,2,19,3,3,22,3,3,23,152.93333333319424,0.18693721223959228,6,11,1,0
difficulty-hard,20260712,1,0.12,0.45,0.2,0.18,3,30,9,1593,369425925,254557200,false,false,783.8333333332778,798.8333333332778,9,6,5,179,15,4,3,0,26,24,2,0,2,0,0.07692307692307693,0.9230769230769231,13,1.625,159.73333333332567,0.20378481820115288,1,0,1,3,3,21,4,3,24,0,0,0,0,0,3,5,1,0
difficulty-hard,20260712,1,0.12,0.45,0.2,0.18,3,30,9,1594,1984466106,1457779494,false,false,816.6666666665812,831.6666666665812,9,6,5,179,17,5,3,4,35,31,4,4,4,0,0.11428571428571428,0.8857142857142857,17,2.125,159.73333333332567,0.19559183673470495,1,0,1,5,3,28,5,3,31,0,0,0,0,0,5,5,1,0
difficulty-hard,20260712,1,0.12,0.45,0.2,0.18,3,30,9,1595,1231908475,1748629991,false,false,800.3999999999294,818.3999999999294,9,7,6,179,19,5,3,9,43,38,5,9,5,0,0.11627906976744186,0.8837209302325582,15,1.875,159.73333333332567,0.1995668832250622,1,0,1,4,3,25,5,3,38,0,0,0,0,0,4,4,2,0
difficulty-hard,20260712,1,0.12,0.45,0.2,0.18,3,30,9,1596,3361511348,4118670575,false,false,747.2666666666444,765.2666666666444,9,7,6,179,16,4,3,2,30,28,2,2,2,0,0.06666666666666667,0.9333333333333333,15,1.875,159.73333333332567,0.21375680256936003,1,0,1,4,3,25,4,3,28,0,0,0,0,0,5,10,2,0
difficulty-hard,20260712,1,0.12,0.45,0.2,0.18,3,30,9,1597,1273959213,1285405559,false,false,765.8666666666275,780.8666666666275,9,6,5,179,26,8,3,13,53,47,6,13,6,0,0.11320754716981132,0.8867924528301887,23,2.875,159.73333333332567,0.20856545961002854,1,0,1,7,3,37,7,3,45,0,0,0,0,0,6,8,2,0
difficulty-hard,20260712,1,0.12,0.45,0.2,0.18,3,30,9,1598,470951953,4113497603,false,false,805.2666666665916,823.2666666665916,9,7,6,179,24,7,3,7,47,41,6,7,6,0,0.1276595744680851,0.8723404255319149,18,2.25,159.73333333332567,0.19836079145625535,1,0,1,5,3,30,7,3,39,0,0,0,0,0,7,9,3,0
difficulty-hard,20260712,1,0.12,0.45,0.2,0.18,3,30,9,1599,2813996067,2405202960,false,false,823.9999999999079,838.9999999999079,9,6,5,179,24,8,3,3,40,37,3,3,3,0,0.075,0.925,15,1.875,159.73333333332567,0.19385113268609652,1,0,1,4,2,24,8,3,36,0,0,0,0,0,7,8,2,0
difficulty-hard,20260712,1,0.12,0.45,0.2,0.18,3,30,9,1600,850879844,3127721413,false,false,789.033333333273,807.033333333273,9,7,6,179,21,6,3,4,39,34,5,4,5,0,0.1282051282051282,0.8717948717948718,19,2.375,159.73333333332567,0.20244180642981438,1,0,1,5,3,29,6,3,33,0,0,0,0,0,6,11,2,0
difficulty-hard,20260712,1,0.12,0.45,0.2,0.18,3,30,9,1601,3745203368,2539772872,false,false,796.7666666665993,814.7666666665993,9,7,6,179,13,3,2,2,34,24,10,2,10,0,0.29411764705882354,0.7058823529411765,10,1.25,159.73333333332567,0.20047692758231916,1,0,1,2,2,17,3,2,23,0,0,0,0,0,5,10,2,0
difficulty-hard,20260712,1,0.12,0.45,0.2,0.18,3,30,9,1602,3426382556,1133548149,false,false,810.2999999999204,825.2999999999204,9,6,5,179,32,10,3,17,67,59,8,17,8,0,0.11940298507462686,0.8805970149253731,26,3.25,159.73333333332567,0.1971286354848098,1,0,1,8,2,40,9,2,53,0,0,0,0,0,7,6,2,0
difficulty-hard,20260712,1,0.12,0.45,0.2,0.18,3,30,9,1603,1902418137,3564781845,false,false,772.0999999999551,787.0999999999551,9,6,5,179,22,6,2,10,47,42,5,10,5,0,0.10638297872340426,0.8936170212765957,19,2.375,159.73333333332567,0.20688166472391525,1,0,1,5,2,31,6,2,40,0,0,0,0,0,7,5,2,0
difficulty-hard,20260712,1,0.12,0.45,0.2,0.18,3,30,9,1604,1713294900,1493244546,false,false,801.6666666665949,819.6666666665949,9,7,6,179,23,7,3,7,41,40,1,7,1,0,0.024390243902439025,0.975609756097561,21,2.625,159.73333333332567,0.19925155925156754,1,0,1,6,3,32,7,3,39,0,0,0,0,0,6,7,2,0
difficulty-hard,20260712,1,0.12,0.45,0.2,0.18,3,30,9,1605,944032020,3116792619,false,false,817.3333333332473,835.3333333332473,9,7,6,179,13,3,2,0,25,22,3,0,3,0,0.12,0.88,12,1.5,159.73333333332567,0.19543230016314334,1,0,1,3,2,19,3,2,21,0,0,0,0,0,7,9,1,0
difficulty-hard,20260712,1,0.12,0.45,0.2,0.18,3,30,9,1606,204377967,1474576983,false,false,817.3666666665806,835.3666666665806,9,7,6,179,11,3,3,0,29,19,10,0,10,0,0.3448275862068966,0.6551724137931034,10,1.25,159.73333333332567,0.1954243301659914,1,0,1,3,3,16,3,3,19,0,0,0,0,0,6,8,2,0
difficulty-hard,20260712,1,0.12,0.45,0.2,0.18,3,30,9,1607,2632184317,1120749966,false,false,808.499999999922,826.499999999922,9,7,6,179,27,8,3,8,49,44,5,8,5,0,0.10204081632653061,0.8979591836734694,22,2.75,159.73333333332567,0.19756751185323573,1,0,1,6,3,36,8,3,44,0,0,0,0,0,7,6,2,0
difficulty-hard,20260712,1,0.12,0.45,0.2,0.18,3,30,9,1608,2771745933,3374335963,false,false,744.4333333333136,759.4333333333136,9,6,5,179,18,5,3,1,36,29,7,1,7,0,0.19444444444444445,0.8055555555555556,17,2.125,159.73333333332567,0.21457036672188676,1,0,1,5,3,27,5,3,28,0,0,0,0,0,5,8,3,0
difficulty-hard,20260712,1,0.12,0.45,0.2,0.18,3,30,9,1609,642626419,655498824,false,false,745.9666666666456,763.9666666666456,9,7,6,179,19,5,3,8,41,36,5,8,5,0,0.12195121951219512,0.8780487804878049,14,1.75,159.73333333332567,0.2141293176638771,1,0,1,4,3,23,4,3,34,0,0,0,0,0,5,6,2,0
difficulty-hard,20260712,1,0.12,0.45,0.2,0.18,3,30,9,1610,904110219,1804626112,false,false,741.2666666666498,759.2666666666498,9,7,6,179,20,6,3,0,34,29,5,0,5,0,0.14705882352941177,0.8529411764705882,12,1.5,159.73333333332567,0.2154870042269934,1,0,1,3,3,20,6,3,29,0,0,0,0,0,3,5,2,0
difficulty-hard,20260712,1,0.12,0.45,0.2,0.18,3,30,9,1611,646724435,1445318751,true,false,822.6999999999091,840.6999999999091,9,7,6,180,13,4,3,0,22,20,2,0,2,0,0.09090909090909091,0.9090909090909091,11,1.375,159.73333333332567,0.19415744904988858,1,1,0,3,3,17,3,3,19,3,3,19,163.89999999985093,0.19922207365974115,5,6,2,0
difficulty-hard,20260712,1,0.12,0.45,0.2,0.18,3,30,9,1612,4124218531,990100336,false,false,756.6666666666358,771.6666666666358,9,6,5,179,21,6,3,1,34,31,3,1,3,0,0.08823529411764706,0.9117647058823529,17,2.125,159.73333333332567,0.21110132158590156,1,0,1,5,3,25,5,3,29,0,0,0,0,0,7,8,2,0
difficulty-hard,20260712,1,0.12,0.45,0.2,0.18,3,30,9,1613,2475891101,4186859689,false,false,814.8666666665829,832.8666666665829,9,7,6,179,24,7,3,7,50,41,9,7,9,0,0.18,0.82,21,2.625,159.73333333332567,0.19602388938886783,1,0,1,6,3,33,7,3,40,0,0,0,0,0,6,7,3,0
difficulty-hard,20260712,1,0.12,0.45,0.2,0.18,3,30,9,1614,2151468966,3065351494,false,false,783.4999999999447,798.4999999999447,9,6,5,179,22,7,3,1,37,33,4,1,4,0,0.10810810810810811,0.8918918918918919,21,2.625,159.73333333332567,0.20387151669857936,1,0,1,7,3,29,7,3,33,0,0,0,0,0,5,8,2,0
difficulty-hard,20260712,1,0.12,0.45,0.2,0.18,3,30,9,1615,211761820,655126450,false,false,801.2999999999286,816.2999999999286,9,6,5,179,16,4,1,18,53,44,9,18,9,0,0.16981132075471697,0.8301886792452831,16,2,159.73333333332567,0.19934273472275044,1,0,1,4,1,36,4,1,42,0,0,0,0,0,7,5,2,0
difficulty-hard,20260712,1,0.12,0.45,0.2,0.18,3,30,9,1616,1606584372,912032989,false,false,819.0999999999124,834.0999999999124,9,6,5,179,18,5,2,5,41,31,10,5,10,0,0.24390243902439024,0.7560975609756098,16,2,159.73333333332567,0.1950107841940456,1,0,1,4,2,27,4,2,30,0,0,0,0,0,5,7,2,0
difficulty-hard,20260712,1,0.12,0.45,0.2,0.18,3,30,9,1617,1119121219,3290576230,false,false,758.0999999999678,776.0999999999678,9,7,6,179,23,7,3,5,42,37,5,5,5,0,0.11904761904761904,0.8809523809523809,16,2,159.73333333332567,0.2107021940816943,1,0,1,4,3,26,7,3,35,0,0,0,0,0,6,13,2,0
difficulty-hard,20260712,1,0.12,0.45,0.2,0.18,3,30,9,1618,1191402886,4079543959,false,false,780.6333333332807,798.6333333332807,9,7,6,179,16,5,3,0,30,24,6,0,6,0,0.2,0.8,9,1.125,159.73333333332567,0.20462018019557168,1,0,1,2,2,18,5,3,24,0,0,0,0,0,6,14,3,0
difficulty-hard,20260712,1,0.12,0.45,0.2,0.18,3,30,9,1619,1622184507,3269994822,false,false,776.8333333332841,791.8333333332841,9,6,5,179,25,8,3,9,50,44,6,9,6,0,0.12,0.88,23,2.875,159.73333333332567,0.20562111134949898,1,0,1,7,3,37,8,3,44,0,0,0,0,0,6,5,1,0
difficulty-hard,20260712,1,0.12,0.45,0.2,0.18,3,30,9,1620,2033638224,2982534722,false,false,805.9333333332577,823.9333333332577,9,7,6,179,19,5,3,7,47,36,11,7,11,0,0.23404255319148937,0.7659574468085106,15,1.875,159.73333333332567,0.198196707750857,1,0,1,4,3,25,5,3,36,0,0,0,0,0,3,4,3,0
difficulty-hard,20260712,1,0.12,0.45,0.2,0.18,3,30,9,1621,3862476844,2445331476,false,false,761.9999999999643,779.9999999999643,9,7,6,179,18,5,3,3,33,30,3,3,3,0,0.09090909090909091,0.9090909090909091,15,1.875,159.73333333332567,0.2096237970253716,1,0,1,4,3,25,5,3,30,0,0,0,0,0,7,7,2,0
difficulty-hard,20260712,1,0.12,0.45,0.2,0.18,3,30,9,1622,1978062118,3369772113,false,false,809.4666666665878,827.4666666665878,9,7,6,179,19,5,3,18,49,47,2,18,2,0,0.04081632653061224,0.9591836734693877,18,2.25,159.73333333332567,0.19733157634657542,1,0,1,5,3,34,5,3,46,0,0,0,0,0,6,13,1,0
difficulty-hard,20260712,1,0.12,0.45,0.2,0.18,3,30,9,1623,990438655,1083563825,false,false,813.333333333251,831.333333333251,9,7,6,179,17,5,3,1,31,27,4,1,4,0,0.12903225806451613,0.8709677419354839,15,1.875,159.73333333332567,0.1963934426229613,1,0,1,4,2,25,5,3,27,0,0,0,0,0,6,10,2,0
difficulty-hard,20260712,1,0.12,0.45,0.2,0.18,3,30,9,1624,1938108939,3347759357,false,false,813.1333333332511,831.1333333332511,9,7,6,179,27,8,3,8,52,43,9,8,9,0,0.17307692307692307,0.8269230769230769,24,3,159.73333333332567,0.19644174797082292,1,0,1,7,3,36,7,3,42,0,0,0,0,0,7,10,2,0
difficulty-hard,20260712,1,0.12,0.45,0.2,0.18,3,30,9,1625,3492245489,3985520382,false,false,816.0333333332485,831.0333333332485,9,6,5,179,14,4,3,0,24,22,2,0,2,0,0.08333333333333333,0.9166666666666666,12,1.5,159.73333333332567,0.1957436379232984,1,0,1,3,3,19,4,3,22,0,0,0,0,0,5,9,1,0
difficulty-hard,20260712,1,0.12,0.45,0.2,0.18,3,30,9,1626,1126474784,1967110429,false,false,808.833333333255,823.833333333255,9,6,5,179,25,8,3,15,55,50,5,15,5,0,0.09090909090909091,0.9090909090909091,21,2.625,159.73333333332567,0.19748609107769355,1,0,1,7,3,36,8,3,49,0,0,0,0,0,6,8,2,0
difficulty-hard,20260712,1,0.12,0.45,0.2,0.18,3,30,9,1627,2199153017,4213073907,false,false,750.7333333333079,768.7333333333079,9,7,6,179,15,4,2,1,31,25,6,1,6,0,0.1935483870967742,0.8064516129032258,14,1.75,159.73333333332567,0.2127697362578782,1,0,1,4,2,22,4,2,25,0,0,0,0,0,6,8,2,0
difficulty-hard,20260712,1,0.12,0.45,0.2,0.18,3,30,9,1628,2808733791,2885817310,true,false,810.7666666665866,828.7666666665866,9,7,6,180,24,7,3,12,48,46,2,12,2,0,0.041666666666666664,0.9583333333333334,20,2.5,159.73333333332567,0.1970151708259772,1,1,0,6,3,32,7,3,44,7,3,45,156.03333333319142,0.1924515890308023,6,14,2,0
difficulty-hard,20260712,1,0.12,0.45,0.2,0.18,3,30,9,1629,4123110526,3941507256,false,false,797.3333333332655,812.3333333332655,9,6,5,179,14,4,3,2,33,26,7,2,7,0,0.21212121212121213,0.7878787878787878,13,1.625,159.73333333332567,0.20033444816054255,1,0,1,4,3,21,4,3,26,0,0,0,0,0,5,8,2,0
difficulty-hard,20260712,1,0.12,0.45,0.2,0.18,3,30,9,1630,1356609117,1537558073,false,false,758.5666666666341,776.5666666666341,9,7,6,179,23,6,3,4,44,37,7,4,7,0,0.1590909090909091,0.8409090909090909,19,2.375,159.73333333332567,0.2105725710770302,1,0,1,6,3,29,6,3,35,0,0,0,0,0,8,6,2,0
difficulty-hard,20260712,1,0.12,0.45,0.2,0.18,3,30,9,1631,2154039194,2644765364,false,false,791.8999999999371,809.8999999999371,9,7,6,179,11,2,2,0,26,20,6,0,6,0,0.23076923076923078,0.7692307692307693,9,1.125,159.73333333332567,0.2017089699877994,1,0,1,2,2,16,2,2,19,0,0,0,0,0,6,11,3,0
difficulty-hard,20260712,1,0.12,0.45,0.2,0.18,3,30,9,1632,2254814302,2097166563,false,false,764.3999999999621,782.3999999999621,9,7,6,179,15,4,2,8,36,33,3,8,3,0,0.08333333333333333,0.9166666666666666,11,1.375,159.73333333332567,0.20896563753706646,1,0,1,2,1,27,4,2,33,0,0,0,0,0,6,9,3,0
difficulty-hard,20260712,1,0.12,0.45,0.2,0.18,3,30,9,1633,1273182761,3431407071,false,false,787.0999999999415,805.0999999999415,9,7,6,179,17,5,3,0,30,25,5,0,5,0,0.16666666666666666,0.8333333333333334,15,1.875,159.73333333332567,0.202939058992933,1,0,1,4,2,23,4,2,24,0,0,0,0,0,7,10,2,0
difficulty-hard,20260712,1,0.12,0.45,0.2,0.18,3,30,9,1634,2205605547,4252198964,false,false,800.8666666665956,818.8666666665956,9,7,6,179,20,6,2,5,44,35,9,5,9,0,0.20454545454545456,0.7954545454545454,14,1.75,159.73333333332567,0.19945059518855388,1,0,1,4,2,23,6,2,32,0,0,0,0,0,7,5,2,0
difficulty-hard,20260712,1,0.12,0.45,0.2,0.18,3,30,9,1635,1386919427,861816099,false,false,803.9666666665928,818.9666666665928,9,6,5,179,8,2,2,0,18,14,4,0,4,0,0.2222222222222222,0.7777777777777778,7,0.875,159.73333333332567,0.19868153737718025,1,0,1,2,2,12,2,2,14,0,0,0,0,0,3,4,2,0
difficulty-hard,20260712,1,0.12,0.45,0.2,0.18,3,30,9,1636,4015682266,2731703662,false,false,754.6666666666376,772.6666666666376,9,7,6,179,23,7,3,7,48,39,9,7,9,0,0.1875,0.8125,16,2,159.73333333332567,0.211660777385157,1,0,1,4,2,31,7,3,39,0,0,0,0,0,4,6,2,0
difficulty-hard,20260712,1,0.12,0.45,0.2,0.18,3,30,9,1637,2362479638,2641833302,true,false,789.1999999999396,807.1999999999396,9,7,6,180,18,5,3,2,32,28,4,2,4,0,0.125,0.875,12,1.5,159.73333333332567,0.20239905389424467,1,1,0,3,2,21,5,3,27,5,3,27,129.46666666654892,0.16404798107774815,6,11,2,0
difficulty-hard,20260712,1,0.12,0.45,0.2,0.18,3,30,9,1638,3988059173,3855757454,false,false,779.0333333332821,797.0333333332821,9,7,6,179,20,6,3,6,40,36,4,6,4,0,0.1,0.9,17,2.125,159.73333333332567,0.2050404347268018,1,0,1,5,3,31,6,3,36,0,0,0,0,0,2,5,2,0
difficulty-hard,20260712,1,0.12,0.45,0.2,0.18,3,30,9,1639,2407461864,4221364618,false,false,794.9999999999343,812.9999999999343,9,7,6,179,15,4,2,3,29,28,1,3,1,0,0.034482758620689655,0.9655172413793104,11,1.375,159.73333333332567,0.20092243186583505,1,0,1,3,1,19,4,2,23,0,0,0,0,0,7,12,2,0
difficulty-hard,20260712,1,0.12,0.45,0.2,0.18,3,30,9,1640,3216794904,1748646642,false,false,764.166666666629,782.166666666629,9,7,6,179,22,7,3,9,50,41,9,9,9,0,0.18,0.82,20,2.5,159.73333333332567,0.20902944383860442,1,0,1,6,3,36,7,3,41,0,0,0,0,0,6,10,3,0
difficulty-hard,20260712,1,0.12,0.45,0.2,0.18,3,30,9,1641,3945119817,2795097427,false,false,755.7666666666366,773.7666666666366,9,7,6,179,22,6,3,7,42,37,5,7,5,0,0.11904761904761904,0.8809523809523809,19,2.375,159.73333333332567,0.2113527102721281,1,0,1,5,3,31,6,3,37,0,0,0,0,0,3,4,2,0
difficulty-hard,20260712,1,0.12,0.45,0.2,0.18,3,30,9,1642,4063052773,2906500584,false,false,823.2666666665752,841.2666666665752,9,7,6,179,21,6,3,4,37,33,4,4,4,0,0.10810810810810811,0.8918918918918919,18,2.25,159.73333333332567,0.19402380759576898,1,0,1,5,3,28,6,3,33,0,0,0,0,0,6,9,2,0
difficulty-hard,20260712,1,0.12,0.45,0.2,0.18,3,30,9,1643,4086590538,2046831421,false,false,750.5999999999747,768.5999999999747,9,7,6,179,20,6,3,9,42,38,4,9,4,0,0.09523809523809523,0.9047619047619048,15,1.875,159.73333333332567,0.21280753175237285,1,0,1,4,3,28,6,3,38,0,0,0,0,0,7,5,2,0
difficulty-hard,20260712,1,0.12,0.45,0.2,0.18,3,30,9,1644,3562156571,1874788555,false,false,734.8333333333223,752.8333333333223,9,7,6,179,23,7,3,4,42,35,7,4,7,0,0.16666666666666666,0.8333333333333334,19,2.375,159.73333333332567,0.21737355409389167,1,0,1,6,3,30,7,3,34,0,0,0,0,0,9,5,2,0
difficulty-hard,20260712,1,0.12,0.45,0.2,0.18,3,30,9,1645,2528917131,3563906505,false,false,807.1666666665899,825.1666666665899,9,7,6,179,19,5,3,4,35,32,3,4,3,0,0.08571428571428572,0.9142857142857143,16,2,159.73333333332567,0.19789386743754805,1,0,1,4,3,26,5,3,30,0,0,0,0,0,7,9,2,0
difficulty-hard,20260712,1,0.12,0.45,0.2,0.18,3,30,9,1646,756591036,3950507155,false,false,788.5999999999401,803.5999999999401,9,6,5,179,29,9,3,8,56,46,10,8,10,0,0.17857142857142858,0.8214285714285714,18,2.25,159.73333333332567,0.2025530475948996,1,0,1,5,3,29,9,3,44,0,0,0,0,0,9,5,3,0
difficulty-hard,20260712,1,0.12,0.45,0.2,0.18,3,30,9,1647,348678980,2329984862,false,false,748.4999999999766,763.4999999999766,9,6,5,179,11,3,2,0,25,18,7,0,7,0,0.28,0.72,8,1,159.73333333332567,0.21340458695167758,1,0,1,2,2,16,3,2,18,0,0,0,0,0,6,11,2,0
difficulty-hard,20260712,1,0.12,0.45,0.2,0.18,3,30,9,1648,3044154795,1137363634,false,false,805.5666666665913,820.5666666665913,9,6,5,179,24,7,3,13,57,47,10,13,10,0,0.17543859649122806,0.8245614035087719,22,2.75,159.73333333332567,0.19828692018042035,1,0,1,6,3,40,7,3,47,0,0,0,0,0,7,14,2,0
difficulty-hard,20260712,1,0.12,0.45,0.2,0.18,3,30,9,1649,1677838478,1250040221,false,false,799.5666666665968,817.5666666665968,9,7,6,179,15,5,3,0,27,21,6,0,6,0,0.2222222222222222,0.7777777777777778,12,1.5,159.73333333332567,0.19977487805895647,1,0,1,4,3,18,5,3,21,0,0,0,0,0,3,7,2,0
difficulty-hard,20260712,1,0.12,0.45,0.2,0.18,3,30,9,1650,39443219,53553606,false,false,762.0666666666309,780.0666666666309,9,7,6,179,21,6,3,16,52,47,5,16,5,0,0.09615384615384616,0.9038461538461539,18,2.25,159.73333333332567,0.2096054588399963,1,0,1,5,3,35,6,3,46,0,0,0,0,0,9,8,2,0
difficulty-hard,20260712,1,0.12,0.45,0.2,0.18,3,30,9,1651,1076577026,2469285881,false,false,742.2333333333156,760.2333333333156,9,7,6,179,20,6,3,0,31,30,1,0,1,0,0.03225806451612903,0.967741935483871,17,2.125,159.73333333332567,0.21520635918623454,1,0,1,5,2,25,6,3,30,0,0,0,0,0,5,8,1,0
difficulty-hard,20260712,1,0.12,0.45,0.2,0.18,3,30,9,1652,3725664849,2799269246,false,false,776.3999999999512,794.3999999999512,9,7,6,179,25,8,3,11,49,45,4,11,4,0,0.08163265306122448,0.9183673469387755,21,2.625,159.73333333332567,0.20573587497853646,1,0,1,7,3,32,7,3,41,0,0,0,0,0,8,7,2,0
difficulty-hard,20260712,1,0.12,0.45,0.2,0.18,3,30,9,1653,4036849515,2588371525,false,false,744.1333333333139,762.1333333333139,9,7,6,179,14,4,3,0,31,23,8,0,8,0,0.25806451612903225,0.7419354838709677,12,1.5,159.73333333332567,0.21465687152839524,1,0,1,3,3,19,4,3,23,0,0,0,0,0,6,11,2,0
difficulty-hard,20260712,1,0.12,0.45,0.2,0.18,3,30,9,1654,2695079442,1679359106,false,false,779.7999999999481,797.7999999999481,9,7,6,179,16,4,2,2,30,28,2,2,2,0,0.06666666666666667,0.9333333333333333,10,1.25,159.73333333332567,0.20483884756775622,1,0,1,3,2,17,4,2,27,0,0,0,0,0,6,11,2,0
difficulty-hard,20260712,1,0.12,0.45,0.2,0.18,3,30,9,1655,2724637199,1966286588,false,false,808.9999999999216,826.9999999999216,9,7,6,179,20,6,3,4,33,32,1,4,1,0,0.030303030303030304,0.9696969696969697,15,1.875,159.73333333332567,0.19744540585085435,1,0,1,5,3,25,6,3,32,0,0,0,0,0,6,10,2,0
difficulty-hard,20260712,1,0.12,0.45,0.2,0.18,3,30,9,1656,1333218338,3668909617,false,false,779.8333333332814,797.8333333332814,9,7,6,179,19,5,3,2,38,31,7,2,7,0,0.18421052631578946,0.8157894736842105,14,1.75,159.73333333332567,0.20483009189998244,1,0,1,4,3,23,5,3,30,0,0,0,0,0,5,10,2,0
difficulty-hard,20260712,1,0.12,0.45,0.2,0.18,3,30,9,1657,754434356,1615432292,false,false,823.233333333242,841.233333333242,9,7,6,179,22,6,3,13,48,45,3,13,3,0,0.0625,0.9375,22,2.75,159.73333333332567,0.19403166376484196,1,0,1,6,3,42,6,3,45,0,0,0,0,0,6,12,2,0
difficulty-hard,20260712,1,0.12,0.45,0.2,0.18,3,30,9,1658,2736131032,3207039426,false,false,815.3666666665824,833.3666666665824,9,7,6,179,23,7,3,13,47,45,2,13,2,0,0.0425531914893617,0.9574468085106383,20,2.5,159.73333333332567,0.19590368341442563,1,0,1,6,3,35,7,3,45,0,0,0,0,0,6,11,2,0
difficulty-hard,20260712,1,0.12,0.45,0.2,0.18,3,30,9,1659,2723931066,2514181296,false,false,816.9999999999143,831.9999999999143,9,6,5,179,21,6,3,5,41,36,5,5,5,0,0.12195121951219512,0.8780487804878049,18,2.25,159.73333333332567,0.1955120359037239,1,0,1,5,3,27,6,3,36,0,0,0,0,0,7,9,2,0
difficulty-hard,20260712,1,0.12,0.45,0.2,0.18,3,30,9,1660,2334337787,2850991303,false,false,753.9999999999716,771.9999999999716,9,7,6,179,20,6,3,2,35,30,5,2,5,0,0.14285714285714285,0.8571428571428571,18,2.25,159.73333333332567,0.21184792219274762,1,0,1,5,3,26,5,3,29,0,0,0,0,0,6,5,2,0
difficulty-hard,20260712,1,0.12,0.45,0.2,0.18,3,30,9,1661,1266099205,1894439015,false,false,788.8666666666065,803.8666666666065,9,6,5,179,18,5,3,3,35,31,4,3,4,0,0.11428571428571428,0.8857142857142857,13,1.625,159.73333333332567,0.20248457703034461,1,0,1,3,2,22,5,3,30,0,0,0,0,0,5,9,2,0
difficulty-hard,20260712,1,0.12,0.45,0.2,0.18,3,30,9,1662,520889642,557510197,false,false,765.4999999999611,783.4999999999611,9,7,6,179,18,5,3,4,39,32,7,4,7,0,0.1794871794871795,0.8205128205128205,15,1.875,159.73333333332567,0.20866536033093896,1,0,1,4,3,27,5,3,32,0,0,0,0,0,7,14,2,0
difficulty-hard,20260712,1,0.12,0.45,0.2,0.18,3,30,9,1663,1260677615,2583180806,false,false,745.7333333333124,763.7333333333124,9,7,6,179,24,8,3,6,47,40,7,6,7,0,0.14893617021276595,0.851063829787234,20,2.5,159.73333333332567,0.21419631682459792,1,0,1,6,3,32,8,3,39,0,0,0,0,0,7,8,2,0
difficulty-hard,20260712,1,0.12,0.45,0.2,0.18,3,30,9,1664,3552221107,179007511,false,false,756.2333333333029,771.2333333333029,9,6,5,179,13,4,3,0,25,22,3,0,3,0,0.12,0.88,11,1.375,159.73333333332567,0.21122228589059652,1,0,1,3,3,17,4,3,21,0,0,0,0,0,7,11,1,0
difficulty-hard,20260712,1,0.12,0.45,0.2,0.18,3,30,9,1665,259799642,2735410752,false,false,784.2666666666107,799.2666666666107,9,6,5,179,21,6,3,7,40,38,2,7,2,0,0.05,0.95,16,2,159.73333333332567,0.20367222033322477,1,0,1,4,3,26,6,3,38,0,0,0,0,0,3,5,2,0
difficulty-hard,20260712,1,0.12,0.45,0.2,0.18,3,30,9,1666,3077405529,415050556,false,false,817.4999999999138,835.4999999999138,9,7,6,179,19,5,3,4,42,33,9,4,9,0,0.21428571428571427,0.7857142857142857,14,1.75,159.73333333332567,0.19539245667687158,1,0,1,3,3,26,5,3,31,0,0,0,0,0,6,8,2,0
difficulty-hard,20260712,1,0.12,0.45,0.2,0.18,3,30,9,1667,4272924565,2642118112,false,false,792.9666666666028,807.9666666666028,9,6,5,179,18,5,3,4,38,31,7,4,7,0,0.18421052631578946,0.8157894736842105,12,1.5,159.73333333332567,0.20143763924503577,1,0,1,3,3,23,5,3,31,0,0,0,0,0,6,8,2,0
difficulty-hard,20260712,1,0.12,0.45,0.2,0.18,3,30,9,1668,4140269631,1816907991,false,false,818.3333333332464,836.3333333332464,9,7,6,179,23,7,3,5,46,38,8,5,8,0,0.17391304347826086,0.8260869565217391,23,2.875,159.73333333332567,0.19519348268840242,1,0,1,7,3,35,7,3,38,0,0,0,0,0,7,11,3,0
difficulty-hard,20260712,1,0.12,0.45,0.2,0.18,3,30,9,1669,2464241335,655059594,false,false,801.233333333262,816.233333333262,9,6,5,179,19,5,3,1,34,29,5,1,5,0,0.14705882352941177,0.8529411764705882,17,2.125,159.73333333332567,0.19935932104672785,1,0,1,5,3,24,5,3,29,0,0,0,0,0,6,11,2,0
difficulty-hard,20260712,1,0.12,0.45,0.2,0.18,3,30,9,1670,2978207930,3152979957,false,false,769.6999999999573,787.6999999999573,9,7,6,179,25,7,3,10,48,44,4,10,4,0,0.08333333333333333,0.9166666666666666,22,2.75,159.73333333332567,0.20752674202070226,1,0,1,6,3,39,7,3,44,0,0,0,0,0,6,10,2,0
difficulty-hard,20260712,1,0.12,0.45,0.2,0.18,3,30,9,1671,3085039974,3452637749,false,false,793.6666666666022,811.6666666666022,9,7,6,179,17,5,3,0,28,25,3,0,3,0,0.10714285714285714,0.8928571428571429,11,1.375,159.73333333332567,0.2012599748005107,1,0,1,3,3,18,5,3,25,0,0,0,0,0,5,9,2,0
difficulty-hard,20260712,1,0.12,0.45,0.2,0.18,3,30,9,1672,3235551498,2207461817,false,false,724.6999999999982,742.6999999999982,9,7,6,179,21,6,3,12,45,43,2,12,2,0,0.044444444444444446,0.9555555555555556,17,2.125,159.73333333332567,0.22041304447816484,1,0,1,5,3,27,6,3,43,0,0,0,0,0,3,3,2,0
difficulty-hard,20260712,1,0.12,0.45,0.2,0.18,3,30,9,1673,267241003,3575971144,false,false,803.0666666665936,818.0666666665936,9,6,5,179,23,7,3,4,41,35,6,4,6,0,0.14634146341463414,0.8536585365853658,14,1.75,159.73333333332567,0.1989042005645113,1,0,1,3,3,26,7,3,34,0,0,0,0,0,4,4,2,0
difficulty-hard,20260712,1,0.12,0.45,0.2,0.18,3,30,9,1674,409936665,934346618,false,false,797.9999999999316,815.9999999999316,9,7,6,179,22,7,3,4,41,36,5,4,5,0,0.12195121951219512,0.8780487804878049,18,2.25,159.73333333332567,0.20016708437761827,1,0,1,6,3,28,7,3,36,0,0,0,0,0,4,3,2,0
difficulty-hard,20260712,1,0.12,0.45,0.2,0.18,3,30,9,1675,4132242150,1206004605,false,false,818.8999999999126,836.8999999999126,9,7,6,179,19,5,3,7,43,36,7,7,7,0,0.16279069767441862,0.8372093023255814,15,1.875,159.73333333332567,0.19505841169049057,1,0,1,4,3,29,5,3,33,0,0,0,0,0,6,7,3,0
difficulty-hard,20260712,1,0.12,0.45,0.2,0.18,3,30,9,1676,2328038279,1147714475,false,false,800.466666666596,815.466666666596,9,6,5,179,15,5,3,0,25,22,3,0,3,0,0.12,0.88,10,1.25,159.73333333332567,0.19955026234697232,1,0,1,3,3,17,4,3,20,0,0,0,0,0,6,10,2,0
difficulty-hard,20260712,1,0.12,0.45,0.2,0.18,3,30,9,1677,189410126,2313866928,false,false,818.7999999999126,836.7999999999126,9,7,6,179,23,7,3,6,45,39,6,6,6,0,0.13333333333333333,0.8666666666666667,19,2.375,159.73333333332567,0.19508223416382842,1,0,1,6,3,28,7,3,38,0,0,0,0,0,5,11,3,0
difficulty-hard,20260712,1,0.12,0.45,0.2,0.18,3,30,9,1678,371826869,2525581703,false,false,797.3333333332655,812.3333333332655,9,6,5,179,19,5,2,3,33,30,3,3,3,0,0.09090909090909091,0.9090909090909091,11,1.375,159.73333333332567,0.20033444816054255,1,0,1,2,2,20,5,2,29,0,0,0,0,0,6,10,2,0
difficulty-hard,20260712,1,0.12,0.45,0.2,0.18,3,30,9,1679,898560426,3085524053,false,false,731.2999999999922,749.2999999999922,9,7,6,179,27,8,3,8,47,45,2,8,2,0,0.0425531914893617,0.9574468085106383,25,3.125,159.73333333332567,0.21842381147726975,1,0,1,8,3,39,8,3,45,0,0,0,0,0,4,3,2,0
difficulty-hard,20260712,1,0.12,0.45,0.2,0.18,3,30,9,1680,4082294756,4047769159,false,false,803.8333333332596,818.8333333332596,9,6,5,179,18,5,3,2,32,29,3,2,3,0,0.09375,0.90625,16,2,159.73333333332567,0.1987144930541244,1,0,1,5,3,24,5,3,29,0,0,0,0,0,6,8,2,0
difficulty-hard,20260712,1,0.12,0.45,0.2,0.18,3,30,9,1681,2403535187,1959139526,false,false,773.7666666666203,788.7666666666203,9,6,5,179,21,6,3,14,51,45,6,14,6,0,0.11764705882352941,0.8823529411764706,21,2.625,159.73333333332567,0.20643604876578028,1,0,1,6,3,36,6,3,44,0,0,0,0,0,3,5,2,0
difficulty-hard,20260712,1,0.12,0.45,0.2,0.18,3,30,9,1682,3416941874,1052745565,false,false,792.2666666666034,807.2666666666034,9,6,5,179,23,7,3,7,50,40,10,7,10,0,0.2,0.8,20,2.5,159.73333333332567,0.20161561763716562,1,0,1,6,3,32,7,3,38,0,0,0,0,0,5,6,2,0
difficulty-hard,20260712,1,0.12,0.45,0.2,0.18,3,30,9,1683,3778471043,3239917479,true,false,771.9666666666219,789.9666666666219,9,7,6,180,19,6,3,4,34,31,3,4,3,0,0.08823529411764706,0.9117647058823529,16,2,159.73333333332567,0.20691739712423024,1,1,0,4,3,28,5,3,29,5,3,30,115.59999999989486,0.14974739841949336,6,10,2,0
difficulty-hard,20260712,1,0.12,0.45,0.2,0.18,3,30,9,1684,1526633375,2786622247,false,false,809.6333333332543,824.6333333332543,9,6,5,179,26,8,3,8,48,44,4,8,4,0,0.08333333333333333,0.9166666666666666,26,3.25,159.73333333332567,0.19729095475319025,1,0,1,8,3,41,8,3,43,0,0,0,0,0,7,10,2,0
difficulty-hard,20260712,1,0.12,0.45,0.2,0.18,3,30,9,1685,1934870644,1096449958,false,false,751.6999999999737,769.6999999999737,9,7,6,179,16,5,3,1,31,26,5,1,5,0,0.16129032258064516,0.8387096774193549,14,1.75,159.73333333332567,0.21249611990598813,1,0,1,4,3,22,5,3,26,0,0,0,0,0,6,10,3,0
difficulty-hard,20260712,1,0.12,0.45,0.2,0.18,3,30,9,1686,2333131909,3854792448,false,false,797.8666666665983,812.8666666665983,9,6,5,179,18,5,3,4,35,32,3,4,3,0,0.08571428571428572,0.9142857142857143,16,2,159.73333333332567,0.20020053475936583,1,0,1,5,3,24,5,3,30,0,0,0,0,0,5,11,2,0
difficulty-hard,20260712,1,0.12,0.45,0.2,0.18,3,30,9,1687,58336183,3205835831,false,false,787.5333333332744,802.5333333332744,9,6,5,179,18,5,3,2,37,29,8,2,8,0,0.21621621621621623,0.7837837837837838,15,1.875,159.73333333332567,0.20282739354948484,1,0,1,4,3,26,5,3,29,0,0,0,0,0,8,11,2,0
difficulty-hard,20260712,1,0.12,0.45,0.2,0.18,3,30,9,1688,2601499885,3085781697,false,false,757.6333333333016,775.6333333333016,9,7,6,179,26,7,2,15,59,51,8,15,8,0,0.13559322033898305,0.864406779661017,22,2.75,159.73333333332567,0.21083197676976423,1,0,1,6,2,40,7,2,49,0,0,0,0,0,6,9,2,0
difficulty-hard,20260712,1,0.12,0.45,0.2,0.18,3,30,9,1689,1263495605,2361367007,false,false,812.0333333332521,827.0333333332521,9,6,5,179,24,7,3,7,47,41,6,7,6,0,0.1276595744680851,0.8723404255319149,20,2.5,159.73333333332567,0.19670785271541602,1,0,1,6,3,33,7,3,41,0,0,0,0,0,7,8,3,0
difficulty-hard,20260712,1,0.12,0.45,0.2,0.18,3,30,9,1690,3675586930,777210262,false,false,756.0999999999697,774.0999999999697,9,7,6,179,18,5,3,3,39,31,8,3,8,0,0.20512820512820512,0.7948717948717948,14,1.75,159.73333333332567,0.21125953357139543,1,0,1,4,3,23,5,3,30,0,0,0,0,0,7,5,2,0
difficulty-hard,20260712,1,0.12,0.45,0.2,0.18,3,30,9,1691,3209694864,4088703596,false,false,809.6999999999209,827.6999999999209,9,7,6,179,25,7,3,8,50,43,7,8,7,0,0.14,0.86,23,2.875,159.73333333332567,0.19727471079824785,1,0,1,7,3,37,7,3,42,0,0,0,0,0,7,12,3,0
difficulty-hard,20260712,1,0.12,0.45,0.2,0.18,3,30,9,1692,776683978,1828215408,false,false,749.8333333333087,767.8333333333087,9,7,6,179,20,6,3,4,37,34,3,4,3,0,0.08108108108108109,0.918918918918919,17,2.125,159.73333333332567,0.21302511669259513,1,0,1,5,3,24,6,3,33,0,0,0,0,0,6,10,3,0
difficulty-hard,20260712,1,0.12,0.45,0.2,0.18,3,30,9,1693,2499016117,3399998673,false,false,817.3999999999139,835.3999999999139,9,7,6,179,21,6,3,4,38,33,5,4,5,0,0.13157894736842105,0.868421052631579,17,2.125,159.73333333332567,0.19541636081886773,1,0,1,5,3,25,5,3,32,0,0,0,0,0,6,11,2,0
difficulty-hard,20260712,1,0.12,0.45,0.2,0.18,3,30,9,1694,1622167692,207413371,false,false,789.3999999999394,807.3999999999394,9,7,6,179,15,4,2,0,30,23,7,0,7,0,0.23333333333333334,0.7666666666666667,10,1.25,159.73333333332567,0.2023477746811983,1,0,1,2,2,18,4,2,23,0,0,0,0,0,3,4,2,0
difficulty-hard,20260712,1,0.12,0.45,0.2,0.18,3,30,9,1695,2699588815,783995965,false,false,763.8999999999626,778.8999999999626,9,6,5,179,20,6,3,9,42,39,3,9,3,0,0.07142857142857142,0.9285714285714286,17,2.125,159.73333333332567,0.20910241305581032,1,0,1,5,3,30,6,3,38,0,0,0,0,0,5,8,2,0
difficulty-hard,20260712,1,0.12,0.45,0.2,0.18,3,30,9,1696,1858983455,773603366,false,false,802.999999999927,820.999999999927,9,7,6,179,10,2,1,0,25,20,5,0,5,0,0.2,0.8,10,1.25,159.73333333332567,0.19892071398921568,1,0,1,2,1,18,2,1,20,0,0,0,0,0,6,14,1,0
difficulty-hard,20260712,1,0.12,0.45,0.2,0.18,3,30,9,1697,2332549629,446622794,false,false,779.6333333332816,794.6333333332816,9,6,5,179,22,6,3,5,43,36,7,5,7,0,0.16279069767441862,0.8372093023255814,17,2.125,159.73333333332567,0.20488263713711952,1,0,1,5,3,26,6,3,31,0,0,0,0,0,6,8,2,0
difficulty-hard,20260712,1,0.12,0.45,0.2,0.18,3,30,9,1698,968249774,3506158674,false,false,760.3999999999658,778.3999999999658,9,7,6,179,29,9,3,11,56,49,7,11,7,0,0.125,0.875,24,3,159.73333333332567,0.21006487813431465,1,0,1,7,3,36,9,3,49,0,0,0,0,0,6,6,4,0
difficulty-hard,20260712,1,0.12,0.45,0.2,0.18,3,30,9,1699,2398345295,925909698,false,false,800.3999999999294,815.3999999999294,9,6,5,179,24,7,3,6,44,39,5,6,5,0,0.11363636363636363,0.8863636363636364,21,2.625,159.73333333332567,0.1995668832250622,1,0,1,7,3,32,7,3,38,0,0,0,0,0,6,10,2,0
difficulty-hard,20260712,1,0.12,0.45,0.2,0.18,3,30,9,1700,3741479040,491268735,false,false,795.6999999999337,813.6999999999337,9,7,6,179,20,6,3,5,39,34,5,5,5,0,0.1282051282051282,0.8717948717948718,11,1.375,159.73333333332567,0.20074567466801432,1,0,1,3,2,19,6,3,34,0,0,0,0,0,3,5,3,0
difficulty-hard,20260712,1,0.12,0.45,0.2,0.18,3,30,9,1701,4253816943,1144145973,false,false,788.0999999999406,806.0999999999406,9,7,6,179,13,3,3,0,31,23,8,0,8,0,0.25806451612903225,0.7419354838709677,9,1.125,159.73333333332567,0.2026815547942364,1,0,1,2,2,16,3,3,22,0,0,0,0,0,7,8,3,0
difficulty-hard,20260712,1,0.12,0.45,0.2,0.18,3,30,9,1702,2849783671,1897305412,false,false,814.6999999999164,832.6999999999164,9,7,6,179,27,9,3,6,48,42,6,6,6,0,0.125,0.875,23,2.875,159.73333333332567,0.19606399083508294,1,0,1,7,3,35,9,3,41,0,0,0,0,0,6,8,3,0
difficulty-hard,20260712,1,0.12,0.45,0.2,0.18,3,30,9,1703,1155720632,1207378068,false,false,801.1999999999287,819.1999999999287,9,7,6,179,22,6,3,5,40,37,3,5,3,0,0.075,0.925,20,2.5,159.73333333332567,0.19936761524380917,1,0,1,6,3,29,6,3,36,0,0,0,0,0,7,5,2,0
difficulty-hard,20260712,1,0.12,0.45,0.2,0.18,3,30,9,1704,1072976518,1825763609,false,false,830.0999999999024,845.0999999999024,9,6,5,179,24,7,3,12,51,46,5,12,5,0,0.09803921568627451,0.9019607843137255,21,2.625,159.73333333332567,0.19242661526725027,1,0,1,6,3,34,7,3,44,0,0,0,0,0,8,8,2,0
difficulty-hard,20260712,1,0.12,0.45,0.2,0.18,3,30,9,1705,4184847622,2700155964,false,false,762.3999999999639,780.3999999999639,9,7,6,179,21,6,3,5,39,36,3,5,3,0,0.07692307692307693,0.9230769230769231,19,2.375,159.73333333332567,0.20951381601958713,1,0,1,6,3,29,6,3,36,0,0,0,0,0,6,8,2,0
difficulty-hard,20260712,1,0.12,0.45,0.2,0.18,3,30,9,1706,407442379,3187479540,false,false,780.5666666666141,798.5666666666141,9,7,6,179,22,7,3,6,40,35,5,6,5,0,0.125,0.875,16,2,159.73333333332567,0.20463765640347154,1,0,1,4,3,31,7,3,35,0,0,0,0,0,4,5,2,0
difficulty-hard,20260712,1,0.12,0.45,0.2,0.18,3,30,9,1707,2188225719,3317880096,false,false,810.2666666665871,828.2666666665871,9,7,6,179,24,7,3,11,49,45,4,11,4,0,0.08163265306122448,0.9183673469387755,20,2.5,159.73333333332567,0.19713674510450227,1,0,1,6,3,36,7,3,43,0,0,0,0,0,9,6,2,0
difficulty-hard,20260712,1,0.12,0.45,0.2,0.18,3,30,9,1708,2861094039,1825739106,false,false,758.8666666666338,776.8666666666338,9,7,6,179,17,5,3,1,29,27,2,1,2,0,0.06896551724137931,0.9310344827586207,14,1.75,159.73333333332567,0.21048932618817437,1,0,1,4,3,24,5,3,27,0,0,0,0,0,6,14,2,0
difficulty-hard,20260712,1,0.12,0.45,0.2,0.18,3,30,9,1709,2326730027,3946621178,false,false,841.7999999998917,856.7999999998917,9,6,5,179,18,5,3,1,34,28,6,1,6,0,0.17647058823529413,0.8235294117647058,10,1.25,159.73333333332567,0.1897521184762963,1,0,1,3,3,17,5,3,27,0,0,0,0,0,5,13,2,0
difficulty-hard,20260712,1,0.12,0.45,0.2,0.18,3,30,9,1710,3992115979,3544334500,false,false,781.2666666666134,799.2666666666134,9,7,6,179,14,4,2,0,27,23,4,0,4,0,0.14814814814814814,0.8518518518518519,9,1.125,159.73333333332567,0.20445430497483133,1,0,1,2,2,15,4,2,23,0,0,0,0,0,3,5,1,0
difficulty-hard,20260712,1,0.12,0.45,0.2,0.18,3,30,9,1711,1508363303,1692040035,false,false,777.3333333332837,795.3333333332837,9,7,6,179,21,6,3,4,37,34,3,4,3,0,0.08108108108108109,0.918918918918919,15,1.875,159.73333333332567,0.2054888507718729,1,0,1,4,3,26,6,3,34,0,0,0,0,0,7,5,2,0
difficulty-hard,20260712,1,0.12,0.45,0.2,0.18,3,30,9,1712,1108903051,3105609288,false,false,808.5999999999219,823.5999999999219,9,6,5,179,20,6,3,5,39,35,4,5,4,0,0.10256410256410256,0.8974358974358975,18,2.25,159.73333333332567,0.19754307857202708,1,0,1,5,3,32,6,3,34,0,0,0,0,0,5,11,2,0
difficulty-hard,20260712,1,0.12,0.45,0.2,0.18,3,30,9,1713,1112942096,1718178740,false,false,803.6666666665931,821.6666666665931,9,7,6,179,16,4,3,2,35,27,8,2,8,0,0.22857142857142856,0.7714285714285715,13,1.625,159.73333333332567,0.19875570302779796,1,0,1,3,2,23,4,3,25,0,0,0,0,0,6,11,2,0
difficulty-hard,20260712,1,0.12,0.45,0.2,0.18,3,30,9,1714,1831197947,4286199450,false,false,811.3999999999194,829.3999999999194,9,7,6,179,25,8,3,5,47,39,8,5,8,0,0.1702127659574468,0.8297872340425532,17,2.125,159.73333333332567,0.1968613918330559,1,0,1,5,3,25,8,3,38,0,0,0,0,0,3,4,2,0
difficulty-hard,20260712,1,0.12,0.45,0.2,0.18,3,30,9,1715,2933307853,1439417577,false,false,805.8666666665911,823.8666666665911,9,7,6,179,22,6,3,13,45,45,0,13,0,0,0,1,17,2.125,159.73333333332567,0.19821310390470798,1,0,1,5,3,34,6,3,44,0,0,0,0,0,6,11,1,0
difficulty-hard,20260712,1,0.12,0.45,0.2,0.18,3,30,9,1716,3413659550,2885432969,false,false,775.0999999999524,793.0999999999524,9,7,6,179,21,6,2,11,46,42,4,11,4,0,0.08695652173913043,0.9130434782608695,19,2.375,159.73333333332567,0.20608093579323375,1,0,1,5,2,36,6,2,42,0,0,0,0,0,6,5,1,0
difficulty-hard,20260712,1,0.12,0.45,0.2,0.18,3,30,9,1717,1958120818,2975445427,false,false,804.0666666665927,822.0666666665927,9,7,6,179,13,4,3,0,23,19,4,0,4,0,0.17391304347826086,0.8260869565217391,11,1.375,159.73333333332567,0.19865682779206578,1,0,1,3,2,17,4,3,19,0,0,0,0,0,5,7,2,0
difficulty-hard,20260712,1,0.12,0.45,0.2,0.18,3,30,9,1718,1673415977,2288323842,false,false,770.7999999999563,788.7999999999563,9,7,6,179,19,5,2,7,46,36,10,7,10,0,0.21739130434782608,0.782608695652174,17,2.125,159.73333333332567,0.20723058294412913,1,0,1,4,2,30,5,2,36,0,0,0,0,0,3,4,3,0
difficulty-hard,20260712,1,0.12,0.45,0.2,0.18,3,30,9,1719,2468993599,2572513507,false,false,815.8333333332487,833.8333333332487,9,7,6,179,24,7,3,3,40,36,4,3,4,0,0.1,0.9,17,2.125,159.73333333332567,0.1957916241062418,1,0,1,4,3,29,7,3,36,0,0,0,0,0,5,10,2,0
difficulty-hard,20260712,1,0.12,0.45,0.2,0.18,3,30,9,1720,2945809917,1557805816,false,false,834.133333333232,852.133333333232,9,7,6,179,24,7,3,11,49,45,4,11,4,0,0.08163265306122448,0.9183673469387755,23,2.875,159.73333333332567,0.19149616368287853,1,0,1,7,3,35,7,3,42,0,0,0,0,0,6,11,2,0
difficulty-hard,20260712,1,0.12,0.45,0.2,0.18,3,30,9,1721,2497425202,1874609116,false,false,766.9333333332931,781.9333333332931,9,6,5,179,20,6,3,2,39,32,7,2,7,0,0.1794871794871795,0.8205128205128205,17,2.125,159.73333333332567,0.20827538247566157,1,0,1,5,3,27,6,3,30,0,0,0,0,0,6,11,2,0
difficulty-hard,20260712,1,0.12,0.45,0.2,0.18,3,30,9,1722,4291836640,625683863,false,false,767.1666666666263,782.1666666666263,9,6,5,179,21,6,3,8,43,39,4,8,4,0,0.09302325581395349,0.9069767441860465,21,2.625,159.73333333332567,0.20821203562893864,1,0,1,6,3,33,6,3,39,0,0,0,0,0,6,5,2,0
difficulty-hard,20260712,1,0.12,0.45,0.2,0.18,3,30,9,1723,504754326,485504752,false,false,791.0666666666045,809.0666666666045,9,7,6,179,26,8,3,6,44,40,4,6,4,0,0.09090909090909091,0.9090909090909091,20,2.5,159.73333333332567,0.2019214562615939,1,0,1,6,3,31,8,3,39,0,0,0,0,0,7,7,2,0
difficulty-hard,20260712,1,0.12,0.45,0.2,0.18,3,30,9,1724,3340140473,2592875379,false,false,814.5666666665832,829.5666666665832,9,6,5,179,21,6,3,3,40,33,7,3,7,0,0.175,0.825,16,2,159.73333333332567,0.19609608380735202,1,0,1,5,3,24,6,3,31,0,0,0,0,0,8,5,3,0
difficulty-hard,20260712,1,0.12,0.45,0.2,0.18,3,30,9,1725,3063641046,688456723,false,false,820.7999999999108,838.7999999999108,9,7,6,179,7,2,2,0,16,14,2,0,2,0,0.125,0.875,7,0.875,159.73333333332567,0.19460688758935554,1,0,1,2,2,13,2,2,14,0,0,0,0,0,6,11,2,0
difficulty-hard,20260712,1,0.12,0.45,0.2,0.18,3,30,9,1726,3836861834,883882477,false,false,765.1333333332948,783.1333333332948,9,7,6,179,30,9,3,9,54,48,6,9,6,0,0.1111111111111111,0.8888888888888888,25,3.125,159.73333333332567,0.20876535680055813,1,0,1,8,3,40,8,3,46,0,0,0,0,0,3,5,2,0
difficulty-hard,20260712,1,0.12,0.45,0.2,0.18,3,30,9,1727,920524401,1191466773,false,false,786.5333333332753,804.5333333332753,9,7,6,179,24,7,3,8,48,42,6,8,6,0,0.125,0.875,21,2.625,159.73333333332567,0.20308526868961366,1,0,1,7,3,33,7,3,41,0,0,0,0,0,4,4,2,0
difficulty-hard,20260712,1,0.12,0.45,0.2,0.18,3,30,9,1728,882536845,772007110,false,false,762.4999999999638,780.4999999999638,9,7,6,179,16,5,3,1,27,24,3,1,3,0,0.1111111111111111,0.8888888888888888,10,1.25,159.73333333332567,0.2094863387978141,1,0,1,2,2,18,4,3,23,0,0,0,0,0,5,8,2,0
difficulty-hard,20260712,1,0.12,0.45,0.2,0.18,3,30,9,1729,1361438719,1869579920,false,false,806.0666666665909,821.0666666665909,9,6,5,179,12,3,2,0,27,20,7,0,7,0,0.25925925925925924,0.7407407407407407,12,1.5,159.73333333332567,0.19816392357953108,1,0,1,3,2,19,3,2,20,0,0,0,0,0,6,10,2,0
difficulty-hard,20260712,1,0.12,0.45,0.2,0.18,3,30,9,1730,133021574,3571352191,false,false,796.5333333332662,811.5333333332662,9,6,5,179,16,4,1,5,35,29,6,5,6,0,0.17142857142857143,0.8285714285714286,10,1.25,159.73333333332567,0.20053565450285293,1,0,1,2,1,23,4,1,29,0,0,0,0,0,7,6,2,0
difficulty-hard,20260712,1,0.12,0.45,0.2,0.18,3,30,9,1731,1876878103,2258596070,false,false,823.0999999999087,838.0999999999087,9,6,5,179,21,6,3,4,37,34,3,4,3,0,0.08108108108108109,0.918918918918919,20,2.5,159.73333333332567,0.19406309480420775,1,0,1,6,3,28,6,3,34,0,0,0,0,0,6,14,2,0
difficulty-hard,20260712,1,0.12,0.45,0.2,0.18,3,30,9,1732,178942506,2720769619,false,false,747.7333333333106,762.7333333333106,9,6,5,179,25,8,3,8,48,43,5,8,5,0,0.10416666666666667,0.8958333333333334,19,2.375,159.73333333332567,0.21362339514978226,1,0,1,6,3,30,8,3,43,0,0,0,0,0,3,4,2,0
difficulty-hard,20260712,1,0.12,0.45,0.2,0.18,3,30,9,1733,2746967595,1628303228,false,false,811.9666666665855,829.9666666665855,9,7,6,179,20,6,3,5,41,35,6,5,6,0,0.14634146341463414,0.8536585365853658,16,2,159.73333333332567,0.19672400344842764,1,0,1,4,3,28,6,3,35,0,0,0,0,0,7,8,2,0
difficulty-hard,20260712,1,0.12,0.45,0.2,0.18,3,30,9,1734,3780298897,3836070702,false,false,799.2333333332638,817.2333333332638,9,7,6,179,14,4,3,0,23,22,1,0,1,0,0.043478260869565216,0.9565217391304348,9,1.125,159.73333333332567,0.1998581974392204,1,0,1,2,2,16,4,3,22,0,0,0,0,0,4,7,2,0
difficulty-hard,20260712,1,0.12,0.45,0.2,0.18,3,30,9,1735,3608634681,2499537402,false,false,790.233333333272,805.233333333272,9,6,5,179,11,3,2,0,18,18,0,0,0,0,0,1,8,1,159.73333333332567,0.2021343906863012,1,0,1,2,2,13,3,2,17,0,0,0,0,0,5,10,1,0
difficulty-hard,20260712,1,0.12,0.45,0.2,0.18,3,30,9,1736,3532444754,2867902517,false,false,777.6333333332834,795.6333333332834,9,7,6,179,22,6,2,14,53,46,7,14,7,0,0.1320754716981132,0.8679245283018868,21,2.625,159.73333333332567,0.20540957606412952,1,0,1,6,2,37,6,2,45,0,0,0,0,0,5,4,2,0
difficulty-hard,20260712,1,0.12,0.45,0.2,0.18,3,30,9,1737,4079428608,293265028,false,false,783.7999999999445,801.7999999999445,9,7,6,179,14,3,3,0,25,23,2,0,2,0,0.08,0.92,7,0.875,159.73333333332567,0.20379348473250444,1,0,1,2,2,15,3,3,22,0,0,0,0,0,6,13,2,0
difficulty-hard,20260712,1,0.12,0.45,0.2,0.18,3,30,9,1738,4059869540,2827937652,false,false,757.6999999999682,775.6999999999682,9,7,6,179,21,6,3,8,42,39,3,8,3,0,0.07142857142857142,0.9285714285714286,20,2.5,159.73333333332567,0.21081342659803665,1,0,1,6,3,36,6,3,39,0,0,0,0,0,5,6,2,0
difficulty-hard,20260712,1,0.12,0.45,0.2,0.18,3,30,9,1739,3876557513,1294920197,false,false,807.9999999999225,825.9999999999225,9,7,6,179,18,5,3,1,29,27,2,1,2,0,0.06896551724137931,0.9310344827586207,17,2.125,159.73333333332567,0.19768976897690718,1,0,1,5,3,26,5,3,27,0,0,0,0,0,6,8,2,0
difficulty-hard,20260712,1,0.12,0.45,0.2,0.18,3,30,9,1740,2171871810,1513652658,false,false,746.4999999999784,764.4999999999784,9,7,6,179,18,5,3,2,34,30,4,2,4,0,0.11764705882352941,0.8823529411764706,14,1.75,159.73333333332567,0.21397633400312163,1,0,1,4,3,25,5,3,29,0,0,0,0,0,3,5,2,0
difficulty-hard,20260712,1,0.12,0.45,0.2,0.18,3,30,9,1741,1903012986,904359306,false,false,753.0999999999724,771.0999999999724,9,7,6,179,12,3,3,0,26,22,4,0,4,0,0.15384615384615385,0.8461538461538461,9,1.125,159.73333333332567,0.2121010932589716,1,0,1,2,2,17,3,3,22,0,0,0,0,0,6,14,2,0
difficulty-hard,20260712,1,0.12,0.45,0.2,0.18,3,30,9,1742,315751516,2287347992,false,false,800.1666666665963,818.1666666665963,9,7,6,179,21,6,3,14,49,45,4,14,4,0,0.08163265306122448,0.9183673469387755,21,2.625,159.73333333332567,0.19962507810873534,1,0,1,6,3,37,6,3,45,0,0,0,0,0,7,8,2,0
difficulty-hard,20260712,1,0.12,0.45,0.2,0.18,3,30,9,1743,3278689305,509555662,false,false,776.933333333284,794.933333333284,9,7,6,179,21,6,3,15,50,46,4,15,4,0,0.08,0.92,18,2.25,159.73333333332567,0.2055946456152426,1,0,1,5,2,39,6,3,46,0,0,0,0,0,3,5,1,0
difficulty-hard,20260712,1,0.12,0.45,0.2,0.18,3,30,9,1744,1438574043,1086715457,false,false,733.69999999999,751.69999999999,9,7,6,179,20,6,3,6,41,36,5,6,5,0,0.12195121951219512,0.8780487804878049,20,2.5,159.73333333332567,0.21770932715459704,1,0,1,6,3,33,6,3,35,0,0,0,0,0,8,5,2,0
difficulty-hard,20260712,1,0.12,0.45,0.2,0.18,3,30,9,1745,1449989540,298660674,false,false,830.2666666665689,848.2666666665689,9,7,6,179,23,7,3,4,37,35,2,4,2,0,0.05405405405405406,0.9459459459459459,15,1.875,159.73333333332567,0.19238798779509936,1,0,1,4,2,25,6,3,34,0,0,0,0,0,5,7,2,0
difficulty-hard,20260712,1,0.12,0.45,0.2,0.18,3,30,9,1746,1718215013,1321011863,false,false,776.2333333332847,794.2333333332847,9,7,6,179,15,4,3,0,32,25,7,0,7,0,0.21875,0.78125,14,1.75,159.73333333332567,0.20578004895435525,1,0,1,4,3,21,4,3,25,0,0,0,0,0,4,8,2,0
difficulty-hard,20260712,1,0.12,0.45,0.2,0.18,3,30,9,1747,1887731214,2068587512,false,false,781.7999999999463,796.7999999999463,9,6,5,179,21,6,3,2,41,32,9,2,9,0,0.21951219512195122,0.7804878048780488,18,2.25,159.73333333332567,0.20431482902703588,1,0,1,5,3,28,6,3,32,0,0,0,0,0,2,4,2,0
difficulty-hard,20260712,1,0.12,0.45,0.2,0.18,3,30,9,1748,2486388434,2995959524,false,false,780.7333333332806,795.7333333332806,9,6,5,179,15,4,3,0,28,24,4,0,4,0,0.14285714285714285,0.8571428571428571,12,1.5,159.73333333332567,0.20459397147980932,1,0,1,4,3,19,4,3,24,0,0,0,0,0,5,14,1,0
difficulty-hard,20260712,1,0.12,0.45,0.2,0.18,3,30,9,1749,1987958103,4235508014,false,false,790.3999999999385,808.3999999999385,9,7,6,179,20,5,2,7,40,36,4,7,4,0,0.1,0.9,14,1.75,159.73333333332567,0.2020917678812476,1,0,1,3,2,28,5,2,34,0,0,0,0,0,5,5,2,0
difficulty-hard,20260712,1,0.12,0.45,0.2,0.18,3,30,9,1750,2959328794,1974754097,false,false,791.4333333332709,806.4333333332709,9,6,5,179,17,5,3,3,37,29,8,3,8,0,0.21621621621621623,0.7837837837837838,12,1.5,159.73333333332567,0.20182790717264662,1,0,1,3,3,22,5,3,28,0,0,0,0,0,3,3,2,0
difficulty-hard,20260712,1,0.12,0.45,0.2,0.18,3,30,9,1751,3022988820,330355292,false,false,797.833333333265,812.833333333265,9,6,5,179,25,8,3,12,52,45,7,12,7,0,0.1346153846153846,0.8653846153846154,22,2.75,159.73333333332567,0.2002088991017414,1,0,1,7,3,36,8,3,45,0,0,0,0,0,6,11,2,0
difficulty-hard,20260712,1,0.12,0.45,0.2,0.18,3,30,9,1752,3869968285,2484001110,false,false,751.1333333333075,769.1333333333075,9,7,6,179,21,6,3,8,42,39,3,8,3,0,0.07142857142857142,0.9285714285714286,19,2.375,159.73333333332567,0.21265643028312484,1,0,1,5,3,32,6,3,38,0,0,0,0,0,6,14,2,0
difficulty-hard,20260712,1,0.12,0.45,0.2,0.18,3,30,9,1753,529154928,3489813946,false,false,780.0666666666145,798.0666666666145,9,7,6,179,25,8,3,5,41,38,3,5,3,0,0.07317073170731707,0.926829268292683,16,2,159.73333333332567,0.20476882317751005,1,0,1,4,3,27,7,3,37,0,0,0,0,0,6,5,2,0
difficulty-hard,20260712,1,0.12,0.45,0.2,0.18,3,30,9,1754,1271318537,4081273697,false,false,790.5333333332717,808.5333333332717,9,7,6,179,20,6,3,9,40,37,3,9,3,0,0.075,0.925,15,1.875,159.73333333332567,0.20205768257716916,1,0,1,4,3,26,6,3,37,0,0,0,0,0,6,13,2,0
difficulty-hard,20260712,1,0.12,0.45,0.2,0.18,3,30,9,1755,1149116504,3141272020,false,false,821.9666666665764,839.9666666665764,9,7,6,179,26,8,3,6,46,42,4,6,4,0,0.08695652173913043,0.9130434782608695,22,2.75,159.73333333332567,0.19433067034349716,1,0,1,7,3,33,8,3,40,0,0,0,0,0,8,8,2,0
difficulty-hard,20260712,1,0.12,0.45,0.2,0.18,3,30,9,1756,4265931056,918280888,false,false,813.4666666665842,831.4666666665842,9,7,6,179,22,7,3,1,40,32,8,1,8,0,0.2,0.8,19,2.375,159.73333333332567,0.1963612522537394,1,0,1,6,3,27,6,3,30,0,0,0,0,0,6,11,3,0
difficulty-hard,20260712,1,0.12,0.45,0.2,0.18,3,30,9,1757,4099098400,127764881,false,false,799.1666666665972,817.1666666665972,9,7,6,179,21,6,3,1,36,31,5,1,5,0,0.1388888888888889,0.8611111111111112,12,1.5,159.73333333332567,0.19987486965589935,1,0,1,3,2,20,5,3,28,0,0,0,0,0,7,5,2,0
difficulty-hard,20260712,1,0.12,0.45,0.2,0.18,3,30,9,1758,1589481813,2286350893,false,false,790.2666666666053,805.2666666666053,9,6,5,179,8,2,2,0,16,15,1,0,1,0,0.0625,0.9375,8,1,159.73333333332567,0.2021258646870315,1,0,1,2,2,15,2,2,15,0,0,0,0,0,5,11,1,0
difficulty-hard,20260712,1,0.12,0.45,0.2,0.18,3,30,9,1759,646501690,1736081193,false,false,762.8666666666302,777.8666666666302,9,6,5,179,23,6,2,20,59,53,6,20,6,0,0.1016949152542373,0.8983050847457628,22,2.75,159.73333333332567,0.20938565061609715,1,0,1,6,2,45,6,2,53,0,0,0,0,0,5,7,2,0
difficulty-hard,20260712,1,0.12,0.45,0.2,0.18,3,30,9,1760,3441386174,2286685664,true,false,764.8333333332951,782.8333333332951,9,7,6,180,19,6,3,1,37,30,7,1,7,0,0.1891891891891892,0.8108108108108109,18,2.25,159.73333333332567,0.20884724340815036,1,1,0,6,3,26,6,3,29,6,3,29,106.43333333323653,0.13915885813890852,6,13,2,0
difficulty-hard,20260712,1,0.12,0.45,0.2,0.18,3,30,9,1761,2321782458,2147312472,false,false,798.4666666665978,816.4666666665978,9,7,6,179,14,4,2,0,25,24,1,0,1,0,0.04,0.96,12,1.5,159.73333333332567,0.20005009601737428,1,0,1,3,2,20,4,2,24,0,0,0,0,0,3,6,1,0
difficulty-hard,20260712,1,0.12,0.45,0.2,0.18,3,30,9,1762,622286853,2771727642,false,false,800.1666666665963,815.1666666665963,9,6,5,179,19,5,2,3,35,31,4,3,4,0,0.11428571428571428,0.8857142857142857,14,1.75,159.73333333332567,0.19962507810873534,1,0,1,4,2,24,5,2,31,0,0,0,0,0,5,8,2,0
difficulty-hard,20260712,1,0.12,0.45,0.2,0.18,3,30,9,1763,1816277192,36196948,false,false,817.5999999999137,835.5999999999137,9,7,6,179,20,6,3,8,41,36,5,8,5,0,0.12195121951219512,0.8780487804878049,18,2.25,159.73333333332567,0.19536855838226827,1,0,1,5,3,28,6,3,36,0,0,0,0,0,8,10,2,0
difficulty-hard,20260712,1,0.12,0.45,0.2,0.18,3,30,9,1764,612898198,948676073,false,false,749.7666666666421,767.7666666666421,9,7,6,179,24,7,3,13,50,46,4,13,4,0,0.08,0.92,23,2.875,159.73333333332567,0.21304405815142166,1,0,1,7,3,36,7,3,44,0,0,0,0,0,6,11,2,0
difficulty-hard,20260712,1,0.12,0.45,0.2,0.18,3,30,9,1765,4148952833,431995498,false,false,732.7999999999909,747.7999999999909,9,6,5,179,21,6,3,5,46,34,12,5,12,0,0.2608695652173913,0.7391304347826086,14,1.75,159.73333333332567,0.2179767103347812,1,0,1,4,3,24,5,3,33,0,0,0,0,0,5,5,3,0
difficulty-hard,20260712,1,0.12,0.45,0.2,0.18,3,30,9,1766,1043139956,1653367057,false,false,803.5999999999265,821.5999999999265,9,7,6,179,23,7,3,4,45,36,9,4,9,0,0.2,0.8,17,2.125,159.73333333332567,0.19877219180355934,1,0,1,4,3,28,7,3,35,0,0,0,0,0,4,5,3,0
difficulty-hard,20260712,1,0.12,0.45,0.2,0.18,3,30,9,1767,1948445393,877593235,true,false,795.4666666666005,813.4666666666005,9,7,6,180,20,6,2,5,38,35,3,5,3,0,0.07894736842105263,0.9210526315789473,18,2.25,159.73333333332567,0.20080455916862927,1,1,0,5,2,29,6,2,34,6,2,34,145.49999999986767,0.18291149849130042,5,13,2,0
difficulty-hard,20260712,1,0.12,0.45,0.2,0.18,3,30,9,1768,1332385839,3015079722,false,false,778.9333333332822,796.9333333332822,9,7,6,179,19,6,3,2,37,31,6,2,6,0,0.16216216216216217,0.8378378378378378,19,2.375,159.73333333332567,0.2050667579596065,1,0,1,6,3,29,6,3,30,0,0,0,0,0,5,4,1,0
difficulty-hard,20260712,1,0.12,0.45,0.2,0.18,3,30,9,1769,1448913805,954482981,false,false,760.9333333332986,775.9333333332986,9,6,5,179,16,4,3,5,34,31,3,5,3,0,0.08823529411764706,0.9117647058823529,15,1.875,159.73333333332567,0.20991764499737117,1,0,1,4,3,25,4,3,31,0,0,0,0,0,5,7,2,0
difficulty-hard,20260712,1,0.12,0.45,0.2,0.18,3,30,9,1770,3635984020,3897456165,false,false,752.7999999999727,770.7999999999727,9,7,6,179,22,6,3,7,44,38,6,7,6,0,0.13636363636363635,0.8636363636363636,19,2.375,159.73333333332567,0.2121856181367315,1,0,1,5,3,34,6,3,38,0,0,0,0,0,7,6,2,0
difficulty-hard,20260712,1,0.12,0.45,0.2,0.18,3,30,9,1771,1721520371,4085057949,false,false,750.8999999999744,768.8999999999744,9,7,6,179,18,5,3,2,37,29,8,2,8,0,0.21621621621621623,0.7837837837837838,16,2,159.73333333332567,0.212722510764857,1,0,1,4,3,26,5,3,28,0,0,0,0,0,8,6,2,0
difficulty-hard,20260712,1,0.12,0.45,0.2,0.18,3,30,9,1772,1705097735,2951130596,false,false,767.3999999999594,782.3999999999594,9,6,5,179,17,5,1,3,36,29,7,3,7,0,0.19444444444444445,0.8055555555555556,15,1.875,159.73333333332567,0.20814872730431863,1,0,1,4,1,26,5,1,29,0,0,0,0,0,6,5,2,0
difficulty-hard,20260712,1,0.12,0.45,0.2,0.18,3,30,9,1773,2107958834,3027287227,false,false,799.2999999999304,814.2999999999304,9,6,5,179,11,2,2,0,22,19,3,0,3,0,0.13636363636363635,0.8636363636363636,9,1.125,159.73333333332567,0.19984152800367772,1,0,1,2,2,15,2,2,18,0,0,0,0,0,4,5,2,0
difficulty-hard,20260712,1,0.12,0.45,0.2,0.18,3,30,9,1774,1252019450,781263650,false,false,792.1999999999368,807.1999999999368,9,6,5,179,22,7,3,10,45,42,3,10,3,0,0.06666666666666667,0.9333333333333333,17,2.125,159.73333333332567,0.2016325843642242,1,0,1,5,3,28,7,3,42,0,0,0,0,0,3,5,3,0
difficulty-hard,20260712,1,0.12,0.45,0.2,0.18,3,30,9,1775,3151024835,1212510871,false,false,747.3666666666443,765.3666666666443,9,7,6,179,15,4,2,2,35,27,8,2,8,0,0.22857142857142856,0.7714285714285715,15,1.875,159.73333333332567,0.21372820123990516,1,0,1,4,2,24,4,2,27,0,0,0,0,0,4,4,3,0
difficulty-hard,20260712,1,0.12,0.45,0.2,0.18,3,30,9,1776,3667485401,1253124348,false,false,768.7333333332915,783.7333333332915,9,6,5,179,20,6,3,3,37,33,4,3,4,0,0.10810810810810811,0.8918918918918919,18,2.25,159.73333333332567,0.20778770271442334,1,0,1,5,3,28,6,3,33,0,0,0,0,0,7,5,1,0
difficulty-hard,20260712,1,0.12,0.45,0.2,0.18,3,30,9,1777,1949271280,2281313107,false,false,750.8999999999744,768.8999999999744,9,7,6,179,15,5,3,0,25,23,2,0,2,0,0.08,0.92,11,1.375,159.73333333332567,0.212722510764857,1,0,1,3,2,16,4,3,20,0,0,0,0,0,6,10,2,0
difficulty-hard,20260712,1,0.12,0.45,0.2,0.18,3,30,9,1778,957053244,1251589486,false,false,789.0666666666064,807.0666666666064,9,7,6,179,21,6,3,4,43,35,8,4,8,0,0.18604651162790697,0.813953488372093,19,2.375,159.73333333332567,0.20243325447786992,1,0,1,6,3,27,6,3,32,0,0,0,0,0,7,6,2,0
difficulty-hard,20260712,1,0.12,0.45,0.2,0.18,3,30,9,1779,3012428716,1085231425,false,false,733.6666666666567,748.6666666666567,9,6,5,179,13,4,3,0,25,22,3,0,3,0,0.12,0.88,8,1,159.73333333332567,0.21771921853702114,1,0,1,2,2,15,4,3,21,0,0,0,0,0,4,3,2,0
difficulty-hard,20260712,1,0.12,0.45,0.2,0.18,3,30,9,1780,2731827419,861444966,false,false,811.799999999919,829.799999999919,9,7,6,179,11,3,3,0,24,20,4,0,4,0,0.16666666666666666,0.8333333333333334,7,0.875,159.73333333332567,0.1967643918863533,1,0,1,2,2,14,3,3,20,0,0,0,0,0,6,8,1,0
difficulty-hard,20260712,1,0.12,0.45,0.2,0.18,3,30,9,1781,4111871748,1195325491,true,false,806.1333333332575,824.1333333332575,9,7,6,180,16,5,3,0,25,24,1,0,1,0,0.04,0.96,11,1.375,159.73333333332567,0.19814753556071044,1,1,0,3,3,18,4,3,22,5,3,23,147.76666666653227,0.18330301025456439,6,12,2,0
difficulty-hard,20260712,1,0.12,0.45,0.2,0.18,3,30,9,1782,299509967,3198227143,false,false,732.9666666666574,750.9666666666574,9,7,6,179,17,5,3,2,34,28,6,2,6,0,0.17647058823529413,0.8235294117647058,12,1.5,159.73333333332567,0.21792714539086958,1,0,1,3,2,21,5,3,26,0,0,0,0,0,7,5,1,0
difficulty-hard,20260712,1,0.12,0.45,0.2,0.18,3,30,9,1783,3526770563,3225043860,false,false,814.43333333325,832.43333333325,9,7,6,179,18,5,3,6,37,32,5,6,5,0,0.13513513513513514,0.8648648648648649,15,1.875,159.73333333332567,0.19612818728769538,1,0,1,4,3,24,4,3,31,0,0,0,0,0,7,8,2,0
difficulty-hard,20260712,1,0.12,0.45,0.2,0.18,3,30,9,1784,1552927903,1623904155,false,false,818.6666666665794,833.6666666665794,9,6,5,179,20,6,3,9,42,38,4,9,4,0,0.09523809523809523,0.9047619047619048,18,2.25,159.73333333332567,0.19511400651466942,1,0,1,5,3,29,6,3,37,0,0,0,0,0,6,11,2,0
difficulty-hard,20260712,1,0.12,0.45,0.2,0.18,3,30,9,1785,3231141811,3003802346,false,false,735.3666666666552,753.3666666666552,9,7,6,179,23,6,2,8,46,40,6,8,6,0,0.13043478260869565,0.8695652173913043,22,2.75,159.73333333332567,0.2172159013643917,1,0,1,6,2,35,6,2,39,0,0,0,0,0,5,5,2,0
difficulty-hard,20260712,1,0.12,0.45,0.2,0.18,3,30,9,1786,4053459429,3048472361,false,false,813.8999999999171,831.8999999999171,9,7,6,179,22,6,3,4,39,36,3,4,3,0,0.07692307692307693,0.9230769230769231,15,1.875,159.73333333332567,0.19625670639309736,1,0,1,4,3,24,6,3,34,0,0,0,0,0,6,13,2,0
difficulty-hard,20260712,1,0.12,0.45,0.2,0.18,3,30,9,1787,3580848633,1468094980,false,false,742.0666666666491,760.0666666666491,9,7,6,179,10,2,1,0,26,19,7,0,7,0,0.2692307692307692,0.7307692307692307,10,1.25,159.73333333332567,0.21525469409756012,1,0,1,2,1,17,2,1,19,0,0,0,0,0,6,9,1,0
difficulty-hard,20260712,1,0.12,0.45,0.2,0.18,3,30,9,1788,1714322651,617385169,false,false,805.633333333258,820.633333333258,9,6,5,179,18,5,3,4,39,32,7,4,7,0,0.1794871794871795,0.8205128205128205,16,2,159.73333333332567,0.19827051181266162,1,0,1,4,3,26,5,3,32,0,0,0,0,0,6,8,3,0
difficulty-hard,20260712,1,0.12,0.45,0.2,0.18,3,30,9,1789,173128507,3662495581,false,false,793.7999999999354,808.7999999999354,9,6,5,179,20,6,3,2,37,31,6,2,6,0,0.16216216216216217,0.8378378378378378,18,2.25,159.73333333332567,0.20122616948014446,1,0,1,6,3,27,6,3,31,0,0,0,0,0,5,10,3,0
difficulty-hard,20260712,1,0.12,0.45,0.2,0.18,3,30,9,1790,4157161594,1544293587,false,false,823.9333333332413,841.9333333332413,9,7,6,179,23,7,3,5,43,38,5,5,5,0,0.11627906976744186,0.8837209302325582,18,2.25,159.73333333332567,0.19386681770371006,1,0,1,5,3,30,7,3,37,0,0,0,0,0,7,8,2,0
difficulty-hard,20260712,1,0.12,0.45,0.2,0.18,3,30,9,1791,4184979379,3549162964,false,false,734.7333333333224,752.7333333333224,9,7,6,179,26,8,3,8,50,44,6,8,6,0,0.12,0.88,25,3.125,159.73333333332567,0.21740313946102174,1,0,1,8,3,40,8,3,42,0,0,0,0,0,8,10,2,0
difficulty-hard,20260712,1,0.12,0.45,0.2,0.18,3,30,9,1792,2684129479,3446830313,false,false,798.5333333332644,816.5333333332644,9,7,6,179,12,3,2,0,24,20,4,0,4,0,0.16666666666666666,0.8333333333333334,12,1.5,159.73333333332567,0.20003339455669494,1,0,1,3,2,20,3,2,20,0,0,0,0,0,6,8,2,0
difficulty-hard,20260712,1,0.12,0.45,0.2,0.18,3,30,9,1793,2476420817,2964451215,false,false,814.8333333332496,832.8333333332496,9,7,6,179,15,4,3,0,31,24,7,0,7,0,0.22580645161290322,0.7741935483870968,12,1.5,159.73333333332567,0.1960319083657297,1,0,1,3,3,19,4,3,23,0,0,0,0,0,6,11,2,0
difficulty-hard,20260712,1,0.12,0.45,0.2,0.18,3,30,9,1794,3757880994,1429424827,true,false,789.3666666666061,807.3666666666061,9,7,6,180,20,6,3,6,39,36,3,6,3,0,0.07692307692307693,0.9230769230769231,16,2,159.73333333332567,0.20235631941219281,1,1,0,5,3,27,6,3,33,6,3,34,142.89999999987003,0.18103120645227946,5,14,1,0
difficulty-hard,20260712,1,0.12,0.45,0.2,0.18,3,30,9,1795,4172151123,1452336792,false,false,753.2666666666389,771.2666666666389,9,7,6,179,20,6,2,9,46,39,7,9,7,0,0.15217391304347827,0.8478260869565217,18,2.25,159.73333333332567,0.21205416408531494,1,0,1,5,2,30,6,2,37,0,0,0,0,0,9,7,2,0
difficulty-hard,20260712,1,0.12,0.45,0.2,0.18,3,30,9,1796,2206608538,2346830515,false,false,757.3333333333019,775.3333333333019,9,7,6,179,21,6,3,4,41,35,6,4,6,0,0.14634146341463414,0.8536585365853658,17,2.125,159.73333333332567,0.21091549295774512,1,0,1,5,3,29,6,3,35,0,0,0,0,0,5,5,2,0
difficulty-hard,20260712,1,0.12,0.45,0.2,0.18,3,30,9,1797,1303214930,1660249887,true,false,785.1333333332766,803.1333333332766,9,7,6,180,20,6,3,1,34,31,3,1,3,0,0.08823529411764706,0.9117647058823529,16,2,159.73333333332567,0.20344739746964918,1,1,0,5,3,23,6,3,29,6,3,30,133.86666666654492,0.17050182559211335,6,11,2,0
difficulty-hard,20260712,1,0.12,0.45,0.2,0.18,3,30,9,1798,562190351,3002792469,false,false,825.33333333324,840.33333333324,9,6,5,179,25,7,3,13,52,48,4,13,4,0,0.07692307692307693,0.9230769230769231,22,2.75,159.73333333332567,0.19353796445881713,1,0,1,6,3,40,7,3,46,0,0,0,0,0,7,6,2,0
difficulty-hard,20260712,1,0.12,0.45,0.2,0.18,3,30,9,1799,1736855506,570804320,false,false,799.0666666665973,817.0666666665973,9,7,6,179,15,4,2,1,28,25,3,1,3,0,0.10714285714285714,0.8928571428571429,15,1.875,159.73333333332567,0.19989988319707103,1,0,1,4,2,24,4,2,25,0,0,0,0,0,5,7,2,0
difficulty-hard,20260712,1,0.12,0.45,0.2,0.18,3,30,9,1800,1342854456,2091833697,false,false,779.0666666666154,797.0666666666154,9,7,6,179,18,5,2,1,31,28,3,1,3,0,0.0967741935483871,0.9032258064516129,12,1.5,159.73333333332567,0.20503166181756313,1,0,1,3,2,21,5,2,26,0,0,0,0,0,6,12,1,0
difficulty-hard,20260712,1,0.12,0.45,0.2,0.18,3,30,9,1801,1401399044,3051498731,false,false,731.933333333325,746.933333333325,9,6,5,179,22,7,3,4,40,36,4,4,4,0,0.1,0.9,19,2.375,159.73333333332567,0.21823481191364535,1,0,1,6,3,27,7,3,36,0,0,0,0,0,3,3,2,0
difficulty-hard,20260712,1,0.12,0.45,0.2,0.18,3,30,9,1802,2016182567,2176746041,false,false,799.4333333332636,817.4333333332636,9,7,6,179,24,7,3,7,45,39,6,7,6,0,0.13333333333333333,0.8666666666666667,16,2,159.73333333332567,0.19980819747321804,1,0,1,4,3,28,6,3,37,0,0,0,0,0,7,9,2,0
difficulty-hard,20260712,1,0.12,0.45,0.2,0.18,3,30,9,1803,1557859298,2145005660,false,false,808.166666666589,826.166666666589,9,7,6,179,16,5,3,1,33,27,6,1,6,0,0.18181818181818182,0.8181818181818182,13,1.625,159.73333333332567,0.19764899979378142,1,0,1,4,3,20,5,3,26,0,0,0,0,0,6,8,2,0
difficulty-hard,20260712,1,0.12,0.45,0.2,0.18,3,30,9,1804,2118225515,1126616803,false,false,745.4999999999793,760.4999999999793,9,6,5,179,19,6,3,1,33,30,3,1,3,0,0.09090909090909091,0.9090909090909091,19,2.375,159.73333333332567,0.21426335792532544,1,0,1,6,3,27,6,3,29,0,0,0,0,0,6,14,2,0
difficulty-hard,20260712,1,0.12,0.45,0.2,0.18,3,30,9,1805,2089019016,2472647989,false,false,730.1999999999932,748.1999999999932,9,7,6,179,25,7,3,12,50,47,3,12,3,0,0.06,0.94,22,2.75,159.73333333332567,0.21875285309959897,1,0,1,7,3,37,7,3,46,0,0,0,0,0,6,4,2,0
difficulty-hard,20260712,1,0.12,0.45,0.2,0.18,3,30,9,1806,3104935968,823128370,false,false,740.2666666666507,758.2666666666507,9,7,6,179,24,7,2,3,41,37,4,3,4,0,0.0975609756097561,0.9024390243902439,20,2.5,159.73333333332567,0.21577809798270323,1,0,1,6,2,29,7,2,35,0,0,0,0,0,7,10,2,0
difficulty-hard,20260712,1,0.12,0.45,0.2,0.18,3,30,9,1807,4144701290,2782146913,false,false,817.1666666665808,835.1666666665808,9,7,6,179,25,7,3,19,61,53,8,19,8,0,0.13114754098360656,0.8688524590163934,24,3,159.73333333332567,0.19547215990211192,1,0,1,7,3,45,7,3,49,0,0,0,0,0,6,8,2,0
difficulty-hard,20260712,1,0.12,0.45,0.2,0.18,3,30,9,1808,4185399295,2535114111,false,false,802.3999999999276,820.3999999999276,9,7,6,179,14,4,3,0,29,21,8,0,8,0,0.27586206896551724,0.7241379310344828,10,1.25,159.73333333332567,0.19906945829179973,1,0,1,2,2,17,4,3,21,0,0,0,0,0,6,8,2,0
difficulty-hard,20260712,1,0.12,0.45,0.2,0.18,3,30,9,1809,1927657783,644616840,false,false,744.3999999999803,762.3999999999803,9,7,6,179,19,5,3,10,40,39,1,10,1,0,0.025,0.975,18,2.25,159.73333333332567,0.21457997492387143,1,0,1,5,3,31,5,3,38,0,0,0,0,0,7,8,2,0
difficulty-hard,20260712,1,0.12,0.45,0.2,0.18,3,30,9,1810,2035168200,3830754322,false,false,795.5666666666004,813.5666666666004,9,7,6,179,15,4,3,0,25,23,2,0,2,0,0.08,0.92,11,1.375,159.73333333332567,0.20077931872460592,1,0,1,3,2,18,4,3,23,0,0,0,0,0,3,5,2,0
difficulty-hard,20260712,1,0.12,0.45,0.2,0.18,3,30,9,1811,2746572273,3052930133,false,false,758.7666666666339,776.7666666666339,9,7,6,179,27,8,3,16,57,53,4,16,4,0,0.07017543859649122,0.9298245614035088,25,3.125,159.73333333332567,0.2105170671704071,1,0,1,7,3,43,8,3,53,0,0,0,0,0,4,4,2,0
difficulty-hard,20260712,1,0.12,0.45,0.2,0.18,3,30,9,1812,1495281886,2022502362,false,false,815.6666666665822,830.6666666665822,9,6,5,179,17,5,3,1,32,26,6,1,6,0,0.1875,0.8125,10,1.25,159.73333333332567,0.1958316305680534,1,0,1,2,1,18,4,2,25,0,0,0,0,0,6,8,2,0
difficulty-hard,20260712,1,0.12,0.45,0.2,0.18,3,30,9,1813,2365344762,2848691901,false,false,786.166666666609,804.166666666609,9,7,6,179,23,7,3,3,41,36,5,3,5,0,0.12195121951219512,0.8780487804878049,17,2.125,159.73333333332567,0.20317998728005604,1,0,1,5,3,28,7,3,36,0,0,0,0,0,3,4,2,0
difficulty-hard,20260712,1,0.12,0.45,0.2,0.18,3,30,9,1814,1642275884,319348105,false,false,813.6999999999173,828.6999999999173,9,6,5,179,21,6,3,8,47,39,8,8,8,0,0.1702127659574468,0.8297872340425532,19,2.375,159.73333333332567,0.19630494449224764,1,0,1,6,3,28,6,3,39,0,0,0,0,0,7,9,3,0
difficulty-hard,20260712,1,0.12,0.45,0.2,0.18,3,30,9,1815,1318658034,568090104,false,false,793.3999999999357,811.3999999999357,9,7,6,179,13,3,3,0,27,22,5,0,5,0,0.18518518518518517,0.8148148148148148,9,1.125,159.73333333332567,0.20132761952777742,1,0,1,2,2,17,3,3,21,0,0,0,0,0,5,5,2,0
difficulty-hard,20260712,1,0.12,0.45,0.2,0.18,3,30,9,1816,1607736396,1864944608,false,false,824.4666666665742,839.4666666665742,9,6,5,179,19,5,3,2,39,31,8,2,8,0,0.20512820512820512,0.7948717948717948,17,2.125,159.73333333332567,0.19374140858738206,1,0,1,5,3,25,5,3,29,0,0,0,0,0,6,8,3,0
difficulty-hard,20260712,1,0.12,0.45,0.2,0.18,3,30,9,1817,1583560056,2108883690,false,false,810.7666666665866,828.7666666665866,9,7,6,179,20,6,3,10,46,40,6,10,6,0,0.13043478260869565,0.8695652173913043,20,2.5,159.73333333332567,0.1970151708259772,1,0,1,6,3,35,6,3,38,0,0,0,0,0,6,8,2,0
difficulty-hard,20260712,1,0.12,0.45,0.2,0.18,3,30,9,1818,427628050,3419685119,false,false,794.9333333332677,812.9333333332677,9,7,6,179,21,7,3,3,41,33,8,3,8,0,0.1951219512195122,0.8048780487804879,15,1.875,159.73333333332567,0.2009392821201009,1,0,1,4,3,25,7,3,32,0,0,0,0,0,3,5,2,0
difficulty-hard,20260712,1,0.12,0.45,0.2,0.18,3,30,9,1819,2882592543,953057269,false,false,744.3333333333137,762.3333333333137,9,7,6,179,19,5,3,2,37,29,8,2,8,0,0.21621621621621623,0.7837837837837838,15,1.875,159.73333333332567,0.2145991939095341,1,0,1,4,3,25,5,3,28,0,0,0,0,0,5,10,2,0
difficulty-hard,20260712,1,0.12,0.45,0.2,0.18,3,30,9,1820,1993442188,581365071,false,false,777.3999999999503,795.3999999999503,9,7,6,179,21,6,3,7,43,36,7,7,7,0,0.16279069767441862,0.8372093023255814,18,2.25,159.73333333332567,0.2054712288826034,1,0,1,5,3,27,5,3,34,0,0,0,0,0,6,8,2,0
difficulty-hard,20260712,1,0.12,0.45,0.2,0.18,3,30,9,1821,3898799738,2265742874,false,false,796.0333333332667,811.0333333332667,9,6,5,179,25,7,3,5,40,39,1,5,1,0,0.025,0.975,22,2.75,159.73333333332567,0.2006616138352737,1,0,1,6,3,33,7,3,38,0,0,0,0,0,7,8,1,0
difficulty-hard,20260712,1,0.12,0.45,0.2,0.18,3,30,9,1822,1929365467,1701452883,false,false,810.2333333332538,828.2333333332538,9,7,6,179,24,8,3,2,40,36,4,2,4,0,0.1,0.9,19,2.375,159.73333333332567,0.19714485539146093,1,0,1,6,3,28,8,3,34,0,0,0,0,0,7,10,2,0
difficulty-hard,20260712,1,0.12,0.45,0.2,0.18,3,30,9,1823,4258710056,3266725051,false,false,768.1999999999587,786.1999999999587,9,7,6,179,21,6,3,7,41,37,4,7,4,0,0.0975609756097561,0.9024390243902439,18,2.25,159.73333333332567,0.2079319621626325,1,0,1,5,3,34,6,3,36,0,0,0,0,0,6,11,2,0
difficulty-hard,20260712,1,0.12,0.45,0.2,0.18,3,30,9,1824,1596967601,352534637,false,false,749.3666666666425,767.3666666666425,9,7,6,179,18,5,3,6,36,34,2,6,2,0,0.05555555555555555,0.9444444444444444,15,1.875,159.73333333332567,0.21315777767892555,1,0,1,4,3,28,5,3,33,0,0,0,0,0,6,9,2,0
difficulty-hard,20260712,1,0.12,0.45,0.2,0.18,3,30,9,1825,2490345225,3216538626,false,false,805.9333333332577,823.9333333332577,9,7,6,179,14,4,3,0,23,22,1,0,1,0,0.043478260869565216,0.9565217391304348,8,1,159.73333333332567,0.198196707750857,1,0,1,2,2,14,3,3,20,0,0,0,0,0,7,10,1,0
difficulty-hard,20260712,1,0.12,0.45,0.2,0.18,3,30,9,1826,2528636846,2133428044,false,false,737.6999999999864,752.6999999999864,9,6,5,179,21,6,2,6,40,35,5,6,5,0,0.125,0.875,17,2.125,159.73333333332567,0.2165288509330739,1,0,1,4,2,28,6,2,35,0,0,0,0,0,4,5,2,0
difficulty-hard,20260712,1,0.12,0.45,0.2,0.18,3,30,9,1827,152926630,3275936342,false,false,804.7999999999254,819.7999999999254,9,6,5,179,18,5,3,6,40,34,6,6,6,0,0.15,0.85,16,2,159.73333333332567,0.1984758117959002,1,0,1,5,3,26,5,3,33,0,0,0,0,0,6,11,2,0
difficulty-hard,20260712,1,0.12,0.45,0.2,0.18,3,30,9,1828,1353408950,2684316204,false,false,796.0999999999333,814.0999999999333,9,7,6,179,22,7,3,5,40,37,3,5,3,0,0.075,0.925,20,2.5,159.73333333332567,0.20064481011598928,1,0,1,6,3,30,7,3,36,0,0,0,0,0,5,5,2,0
difficulty-hard,20260712,1,0.12,0.45,0.2,0.18,3,30,9,1829,3064449911,3957041642,false,false,793.3333333332691,811.3333333332691,9,7,6,179,19,6,3,0,29,27,2,0,2,0,0.06896551724137931,0.9310344827586207,15,1.875,159.73333333332567,0.2013445378151327,1,0,1,4,3,23,6,3,27,0,0,0,0,0,3,5,1,0
difficulty-hard,20260712,1,0.12,0.45,0.2,0.18,3,30,9,1830,3607936744,1625255176,false,false,799.8333333332632,814.8333333332632,9,6,5,179,19,5,3,2,33,30,3,2,3,0,0.09090909090909091,0.9090909090909091,17,2.125,159.73333333332567,0.1997082725567906,1,0,1,5,3,27,5,3,30,0,0,0,0,0,6,14,2,0
difficulty-hard,20260712,1,0.12,0.45,0.2,0.18,3,30,9,1831,1680927321,2482710554,false,false,792.8666666666029,810.8666666666029,9,7,6,179,18,6,3,0,34,26,8,0,8,0,0.23529411764705882,0.7647058823529411,16,2,159.73333333332567,0.2014630454889496,1,0,1,5,3,22,6,3,25,0,0,0,0,0,6,9,2,0
difficulty-hard,20260712,1,0.12,0.45,0.2,0.18,3,30,9,1832,4067165613,842368913,false,false,789.133333333273,807.133333333273,9,7,6,179,24,7,3,9,44,43,1,9,1,0,0.022727272727272728,0.9772727272727273,20,2.5,159.73333333332567,0.20241615274140987,1,0,1,6,3,29,7,3,41,0,0,0,0,0,6,8,1,0
difficulty-hard,20260712,1,0.12,0.45,0.2,0.18,3,30,9,1833,3420529124,1560775059,false,false,757.899999999968,772.899999999968,9,6,5,179,27,8,3,9,49,44,5,9,5,0,0.10204081632653061,0.8979591836734694,22,2.75,159.73333333332567,0.21075779566345482,1,0,1,7,3,34,7,3,43,0,0,0,0,0,3,3,2,0
difficulty-hard,20260712,1,0.12,0.45,0.2,0.18,3,30,9,1834,1721801407,1187387023,false,false,745.0999999999797,763.0999999999797,9,7,6,179,17,5,3,0,31,25,6,0,6,0,0.1935483870967742,0.8064516129032258,11,1.375,159.73333333332567,0.2143783832147766,1,0,1,3,2,19,5,3,24,0,0,0,0,0,7,14,2,0
difficulty-hard,20260712,1,0.12,0.45,0.2,0.18,3,30,9,1835,2302839054,2232913965,false,false,765.9666666666274,780.9666666666274,9,6,5,179,21,6,3,4,41,35,6,4,6,0,0.14634146341463414,0.8536585365853658,15,1.875,159.73333333332567,0.20853823055833656,1,0,1,4,3,25,6,3,33,0,0,0,0,0,6,11,2,0
difficulty-hard,20260712,1,0.12,0.45,0.2,0.18,3,30,9,1836,3740167920,1907623642,false,false,740.733333333317,758.733333333317,9,7,6,179,22,6,3,9,42,41,1,9,1,0,0.023809523809523808,0.9761904761904762,22,2.75,159.73333333332567,0.21564215642155865,1,0,1,6,3,39,6,3,41,0,0,0,0,0,4,5,2,0
difficulty-hard,20260712,1,0.12,0.45,0.2,0.18,3,30,9,1837,1032211054,3977005967,false,false,758.4999999999675,773.4999999999675,9,6,5,179,22,6,3,14,52,46,6,14,6,0,0.11538461538461539,0.8846153846153846,22,2.75,159.73333333332567,0.21059107888376075,1,0,1,6,3,38,6,3,46,0,0,0,0,0,4,5,2,0
difficulty-hard,20260712,1,0.12,0.45,0.2,0.18,3,30,9,1838,2659203569,472633340,false,false,803.9666666665928,818.9666666665928,9,6,5,179,17,5,3,3,33,30,3,3,3,0,0.09090909090909091,0.9090909090909091,14,1.75,159.73333333332567,0.19868153737718025,1,0,1,4,3,24,5,3,30,0,0,0,0,0,5,5,2,0
difficulty-hard,20260712,1,0.12,0.45,0.2,0.18,3,30,9,1839,4233038611,3564146528,false,false,725.333333333331,743.333333333331,9,7,6,179,15,4,3,0,33,24,9,0,9,0,0.2727272727272727,0.7272727272727273,11,1.375,159.73333333332567,0.22022058823528426,1,0,1,3,3,20,4,3,23,0,0,0,0,0,4,3,3,0
difficulty-hard,20260712,1,0.12,0.45,0.2,0.18,3,30,9,1840,936013805,808564727,false,false,753.3666666666388,768.3666666666388,9,6,5,179,24,7,3,6,48,40,8,6,8,0,0.16666666666666666,0.8333333333333334,23,2.875,159.73333333332567,0.21202601654793804,1,0,1,7,3,35,7,3,39,0,0,0,0,0,6,11,2,0
difficulty-hard,20260712,1,0.12,0.45,0.2,0.18,3,30,9,1841,1203836687,2353541393,false,false,764.5999999999619,782.5999999999619,9,7,6,179,17,5,3,0,28,25,3,0,3,0,0.10714285714285714,0.8928571428571429,15,1.875,159.73333333332567,0.20891097741738637,1,0,1,4,2,24,5,3,25,0,0,0,0,0,6,8,1,0
difficulty-hard,20260712,1,0.12,0.45,0.2,0.18,3,30,9,1842,1688331557,3070015235,true,false,799.4999999999302,817.4999999999302,9,7,6,180,19,6,3,1,32,29,3,1,3,0,0.09375,0.90625,15,1.875,159.73333333332567,0.1997915363769101,1,1,0,4,3,25,5,3,28,5,3,28,134.23333333321125,0.16789660204280546,6,12,1,0
difficulty-hard,20260712,1,0.12,0.45,0.2,0.18,3,30,9,1843,1516743685,2467567603,false,false,818.6666666665794,836.6666666665794,9,7,6,179,19,6,3,2,33,30,3,2,3,0,0.09090909090909091,0.9090909090909091,14,1.75,159.73333333332567,0.19511400651466942,1,0,1,4,2,23,6,3,29,0,0,0,0,0,6,10,2,0
difficulty-hard,20260712,1,0.12,0.45,0.2,0.18,3,30,9,1844,3115791364,3080891107,false,false,765.7999999999608,780.7999999999608,9,6,5,179,25,8,3,5,41,38,3,5,3,0,0.07317073170731707,0.926829268292683,20,2.5,159.73333333332567,0.2085836162618619,1,0,1,6,3,30,7,3,36,0,0,0,0,0,7,8,2,0
difficulty-hard,20260712,1,0.12,0.45,0.2,0.18,3,30,9,1845,336355738,2183740156,false,false,812.5333333332517,830.5333333332517,9,7,6,179,24,7,3,13,52,47,5,13,5,0,0.09615384615384616,0.9038461538461539,21,2.625,159.73333333332567,0.19658680669512027,1,0,1,6,3,33,7,3,46,0,0,0,0,0,6,11,1,0
difficulty-hard,20260712,1,0.12,0.45,0.2,0.18,3,30,9,1846,98375704,4216929370,false,false,808.499999999922,826.499999999922,9,7,6,179,25,8,3,7,47,41,6,7,6,0,0.1276595744680851,0.8723404255319149,18,2.25,159.73333333332567,0.19756751185323573,1,0,1,5,3,31,8,3,40,0,0,0,0,0,6,8,2,0
difficulty-hard,20260712,1,0.12,0.45,0.2,0.18,3,30,9,1847,3911242357,3051560062,false,false,795.8999999999335,810.8999999999335,9,6,5,179,18,5,3,5,33,31,2,5,2,0,0.06060606060606061,0.9393939393939394,12,1.5,159.73333333332567,0.20069522971898357,1,0,1,3,3,21,4,3,30,0,0,0,0,0,3,5,2,0
difficulty-hard,20260712,1,0.12,0.45,0.2,0.18,3,30,9,1848,3753076807,2332443456,false,false,757.7999999999681,772.7999999999681,9,6,5,179,19,5,2,4,33,32,1,4,1,0,0.030303030303030304,0.9696969696969697,15,1.875,159.73333333332567,0.21078560746019054,1,0,1,4,2,24,5,2,31,0,0,0,0,0,5,10,1,0
difficulty-hard,20260712,1,0.12,0.45,0.2,0.18,3,30,9,1849,1914472668,3073214855,false,false,764.1999999999623,782.1999999999623,9,7,6,179,15,4,3,0,26,22,4,0,4,0,0.15384615384615385,0.8461538461538461,12,1.5,159.73333333332567,0.20902032626712058,1,0,1,3,3,18,3,3,21,0,0,0,0,0,5,11,2,0
difficulty-hard,20260712,1,0.12,0.45,0.2,0.18,3,30,9,1850,3506584565,456520286,false,false,751.7999999999736,766.7999999999736,9,6,5,179,22,7,3,1,38,32,6,1,6,0,0.15789473684210525,0.8421052631578947,20,2.5,159.73333333332567,0.21246785492595277,1,0,1,6,3,29,7,3,32,0,0,0,0,0,6,9,2,0
difficulty-hard,20260712,1,0.12,0.45,0.2,0.18,3,30,9,1851,57595965,3553974342,false,false,786.4333333332754,801.4333333332754,9,6,5,179,20,6,3,0,30,29,1,0,1,0,0.03333333333333333,0.9666666666666667,17,2.125,159.73333333332567,0.2031110922731371,1,0,1,5,3,25,6,3,28,0,0,0,0,0,6,8,2,0
difficulty-hard,20260712,1,0.12,0.45,0.2,0.18,3,30,9,1852,3087864956,2793826468,true,false,796.4666666665996,814.4666666665996,9,7,6,180,15,4,3,2,36,27,9,2,9,0,0.25,0.75,11,1.375,159.73333333332567,0.20055243994308922,1,1,0,3,2,19,4,3,26,4,3,26,133.33333333321207,0.16740604335802706,4,10,2,0
difficulty-hard,20260712,1,0.12,0.45,0.2,0.18,3,30,9,1853,3743077935,2455343161,false,false,748.0666666666436,766.0666666666436,9,7,6,179,13,4,3,0,27,22,5,0,5,0,0.18518518518518517,0.8148148148148148,11,1.375,159.73333333332567,0.21352820604223857,1,0,1,3,2,18,4,3,22,0,0,0,0,0,6,10,2,0
difficulty-hard,20260712,1,0.12,0.45,0.2,0.18,3,30,9,1854,1540921294,2548109878,false,false,776.6666666666176,794.6666666666176,9,7,6,179,24,7,3,2,39,36,3,2,3,0,0.07692307692307693,0.9230769230769231,21,2.625,159.73333333332567,0.20566523605150527,1,0,1,6,3,30,7,3,34,0,0,0,0,0,9,7,2,0
difficulty-hard,20260712,1,0.12,0.45,0.2,0.18,3,30,9,1855,19280196,2774477500,false,false,806.3999999999239,821.3999999999239,9,6,5,179,18,5,2,4,34,30,4,4,4,0,0.11764705882352941,0.8823529411764706,11,1.375,159.73333333332567,0.19808201058201977,1,0,1,2,2,24,5,2,30,0,0,0,0,0,5,10,2,0
difficulty-hard,20260712,1,0.12,0.45,0.2,0.18,3,30,9,1856,2171280073,1061853348,false,false,812.7333333332515,830.7333333332515,9,7,6,179,18,5,1,9,40,37,3,9,3,0,0.075,0.925,15,1.875,159.73333333332567,0.19653842998934676,1,0,1,4,1,30,5,1,36,0,0,0,0,0,6,6,2,0
difficulty-hard,20260712,1,0.12,0.45,0.2,0.18,3,30,9,1857,626778958,2879787608,false,false,801.9666666665946,819.9666666665946,9,7,6,179,18,5,3,1,34,28,6,1,6,0,0.17647058823529413,0.8235294117647058,14,1.75,159.73333333332567,0.19917702315142777,1,0,1,3,3,23,5,3,28,0,0,0,0,0,5,11,2,0
difficulty-hard,20260712,1,0.12,0.45,0.2,0.18,3,30,9,1858,1145348893,3457901123,false,false,785.833333333276,803.833333333276,9,7,6,179,24,7,3,7,45,41,4,7,4,0,0.08888888888888889,0.9111111111111111,20,2.5,159.73333333332567,0.2032661717921578,1,0,1,6,3,34,7,3,39,0,0,0,0,0,6,6,2,0
difficulty-hard,20260712,1,0.12,0.45,0.2,0.18,3,30,9,1859,605675832,280720741,false,false,745.3666666666461,760.3666666666461,9,6,5,179,20,6,3,6,37,34,3,6,3,0,0.08108108108108109,0.918918918918919,17,2.125,159.73333333332567,0.21430168597110605,1,0,1,5,3,28,5,3,33,0,0,0,0,0,5,5,2,0
difficulty-hard,20260712,1,0.12,0.45,0.2,0.18,3,30,9,1860,1889428623,4205402796,false,false,743.1666666666481,758.1666666666481,9,6,5,179,17,5,3,1,32,28,4,1,4,0,0.125,0.875,13,1.625,159.73333333332567,0.2149360843238345,1,0,1,4,2,23,5,3,27,0,0,0,0,0,6,10,2,0
difficulty-hard,20260712,1,0.12,0.45,0.2,0.18,3,30,9,1861,2261733733,962236815,true,false,756.0666666666364,774.0666666666364,9,7,6,180,26,8,3,7,46,43,3,7,3,0,0.06521739130434782,0.9347826086956522,23,2.875,159.73333333332567,0.2112688475443066,1,1,0,7,3,36,8,3,42,8,3,42,99.96666666657575,0.13221938100685093,6,11,3,0
difficulty-hard,20260712,1,0.12,0.45,0.2,0.18,3,30,9,1862,748600116,3292689872,false,false,812.233333333252,830.233333333252,9,7,6,179,25,7,3,12,49,46,3,12,3,0,0.061224489795918366,0.9387755102040817,23,2.875,159.73333333332567,0.1966594164238622,1,0,1,7,3,38,7,3,45,0,0,0,0,0,6,6,2,0
difficulty-hard,20260712,1,0.12,0.45,0.2,0.18,3,30,9,1863,1476159003,2549667738,false,false,799.6333333332634,817.6333333332634,9,7,6,179,21,6,3,8,41,38,3,8,3,0,0.07317073170731707,0.926829268292683,18,2.25,159.73333333332567,0.19975822251866227,1,0,1,5,3,32,6,3,37,0,0,0,0,0,6,11,2,0
difficulty-hard,20260712,1,0.12,0.45,0.2,0.18,3,30,9,1864,2865287922,1200022779,false,false,784.0999999999442,802.0999999999442,9,7,6,179,21,6,3,6,41,36,5,6,5,0,0.12195121951219512,0.8780487804878049,18,2.25,159.73333333332567,0.20371551247715475,1,0,1,5,3,28,6,3,36,0,0,0,0,0,5,11,3,0
difficulty-hard,20260712,1,0.12,0.45,0.2,0.18,3,30,9,1865,2321873103,1887158405,false,false,783.0999999999451,801.0999999999451,9,7,6,179,21,6,3,8,45,39,6,8,6,0,0.13333333333333333,0.8666666666666667,18,2.25,159.73333333332567,0.20397565232197276,1,0,1,5,3,30,6,3,37,0,0,0,0,0,2,5,2,0
difficulty-hard,20260712,1,0.12,0.45,0.2,0.18,3,30,9,1866,518430146,844632601,false,false,802.0666666665945,820.0666666665945,9,7,6,179,25,7,3,7,43,41,2,7,2,0,0.046511627906976744,0.9534883720930233,21,2.625,159.73333333332567,0.19915219017538863,1,0,1,6,3,34,7,3,38,0,0,0,0,0,5,6,1,0
difficulty-hard,20260712,1,0.12,0.45,0.2,0.18,3,30,9,1867,117694942,2763412574,false,false,761.6999999999646,776.6999999999646,9,6,5,179,18,5,3,0,32,28,4,0,4,0,0.125,0.875,18,2.25,159.73333333332567,0.2097063585838691,1,0,1,5,3,27,5,3,28,0,0,0,0,0,3,5,2,0
difficulty-hard,20260712,1,0.12,0.45,0.2,0.18,3,30,9,1868,4767851,3928712672,false,false,743.599999999981,758.599999999981,9,6,5,179,16,5,3,1,31,25,6,1,6,0,0.1935483870967742,0.8064516129032258,11,1.375,159.73333333332567,0.21481083019544076,1,0,1,3,3,19,4,3,24,0,0,0,0,0,6,11,2,0
difficulty-hard,20260712,1,0.12,0.45,0.2,0.18,3,30,9,1869,2919797180,910739264,false,false,815.0666666665827,830.0666666665827,9,6,5,179,14,3,2,2,25,25,0,2,0,0,0,1,12,1.5,159.73333333332567,0.19597578930149942,1,0,1,3,2,23,3,2,25,0,0,0,0,0,6,7,1,0
difficulty-hard,20260712,1,0.12,0.45,0.2,0.18,3,30,9,1870,1264435784,4086449451,false,false,739.3333333333183,754.3333333333183,9,6,5,179,21,7,3,3,38,34,4,3,4,0,0.10526315789473684,0.8947368421052632,17,2.125,159.73333333332567,0.2160504959422844,1,0,1,5,3,27,7,3,31,0,0,0,0,0,7,7,2,0
difficulty-hard,20260712,1,0.12,0.45,0.2,0.18,3,30,9,1871,1957913990,4059227653,false,false,744.6333333333134,759.6333333333134,9,6,5,179,17,5,3,0,33,27,6,0,6,0,0.18181818181818182,0.8181818181818182,15,1.875,159.73333333332567,0.21451273557455117,1,0,1,5,3,20,5,3,24,0,0,0,0,0,5,8,2,0
difficulty-hard,20260712,1,0.12,0.45,0.2,0.18,3,30,9,1872,230146081,2925463996,false,false,764.6999999999618,779.6999999999618,9,6,5,179,22,6,3,3,36,34,2,3,2,0,0.05555555555555555,0.9444444444444444,15,1.875,159.73333333332567,0.20888365807942152,1,0,1,4,2,25,6,3,33,0,0,0,0,0,6,11,2,0
difficulty-hard,20260712,1,0.12,0.45,0.2,0.18,3,30,9,1873,578133989,1656948009,false,false,767.133333333293,785.133333333293,9,7,6,179,22,6,3,8,43,40,3,8,3,0,0.06976744186046512,0.9302325581395349,21,2.625,159.73333333332567,0.20822108281915452,1,0,1,6,3,34,6,3,40,0,0,0,0,0,3,4,2,0
difficulty-hard,20260712,1,0.12,0.45,0.2,0.18,3,30,9,1874,4155257858,1287167311,false,false,797.3333333332655,815.3333333332655,9,7,6,179,25,8,3,6,45,40,5,6,5,0,0.1111111111111111,0.8888888888888888,22,2.75,159.73333333332567,0.20033444816054255,1,0,1,7,3,35,8,3,40,0,0,0,0,0,7,4,2,0
difficulty-hard,20260712,1,0.12,0.45,0.2,0.18,3,30,9,1875,675434738,251592767,false,false,794.7999999999345,809.7999999999345,9,6,5,179,21,6,3,11,46,42,4,11,4,0,0.08695652173913043,0.9130434782608695,18,2.25,159.73333333332567,0.20097299110888128,1,0,1,5,3,31,6,3,39,0,0,0,0,0,7,8,2,0
difficulty-hard,20260712,1,0.12,0.45,0.2,0.18,3,30,9,1876,3460671524,1109338226,false,false,739.3333333333183,754.3333333333183,9,6,5,179,19,6,3,0,32,28,4,0,4,0,0.125,0.875,16,2,159.73333333332567,0.2160504959422844,1,0,1,5,3,25,6,3,27,0,0,0,0,0,6,11,2,0
difficulty-hard,20260712,1,0.12,0.45,0.2,0.18,3,30,9,1877,1040358926,2708601683,false,false,773.7999999999536,791.7999999999536,9,7,6,179,19,6,3,0,30,29,1,0,1,0,0.03333333333333333,0.9666666666666667,18,2.25,159.73333333332567,0.2064271560265382,1,0,1,6,3,24,6,3,28,0,0,0,0,0,3,5,2,0
difficulty-hard,20260712,1,0.12,0.45,0.2,0.18,3,30,9,1878,2158576150,2743295554,false,false,790.4666666666051,805.4666666666051,9,6,5,179,23,7,3,8,44,41,3,8,3,0,0.06818181818181818,0.9318181818181818,21,2.625,159.73333333332567,0.20207472379185898,1,0,1,6,3,34,7,3,39,0,0,0,0,0,8,8,2,0
difficulty-hard,20260712,1,0.12,0.45,0.2,0.18,3,30,9,1879,1163775419,637484700,false,false,779.5333333332817,794.5333333332817,9,6,5,179,17,5,2,0,26,25,1,0,1,0,0.038461538461538464,0.9615384615384616,12,1.5,159.73333333332567,0.2049089198665906,1,0,1,3,2,20,5,2,25,0,0,0,0,0,7,9,1,0
difficulty-hard,20260712,1,0.12,0.45,0.2,0.18,3,30,9,1880,2247694710,3020732361,false,false,793.9999999999352,808.9999999999352,9,6,5,179,11,3,2,0,23,20,3,0,3,0,0.13043478260869565,0.8695652173913043,7,0.875,159.73333333332567,0.20117548278758024,1,0,1,1,1,14,3,2,20,0,0,0,0,0,4,5,2,0
difficulty-hard,20260712,1,0.12,0.45,0.2,0.18,3,30,9,1881,879216737,1037539263,false,false,799.5999999999301,817.5999999999301,9,7,6,179,22,7,3,8,45,40,5,8,5,0,0.1111111111111111,0.8888888888888888,20,2.5,159.73333333332567,0.19976654994164536,1,0,1,6,3,33,7,3,38,0,0,0,0,0,7,11,2,0
difficulty-hard,20260712,1,0.12,0.45,0.2,0.18,3,30,9,1882,1038716194,2040970798,false,false,764.2666666666289,779.2666666666289,9,6,5,179,23,7,3,5,40,36,4,5,4,0,0.1,0.9,18,2.25,159.73333333332567,0.20900209351011895,1,0,1,5,3,30,7,3,35,0,0,0,0,0,3,3,2,0
difficulty-hard,20260712,1,0.12,0.45,0.2,0.18,3,30,9,1883,245018511,400411242,false,false,765.2999999999613,783.2999999999613,9,7,6,179,24,7,3,11,50,45,5,11,5,0,0.1,0.9,22,2.75,159.73333333332567,0.20871989198135862,1,0,1,6,3,42,7,3,45,0,0,0,0,0,4,3,2,0
difficulty-hard,20260712,1,0.12,0.45,0.2,0.18,3,30,9,1884,1389788245,3935463547,false,false,753.5999999999719,771.5999999999719,9,7,6,179,22,6,3,3,41,35,6,3,6,0,0.14634146341463414,0.8536585365853658,18,2.25,159.73333333332567,0.21196036801132115,1,0,1,5,3,27,6,3,34,0,0,0,0,0,5,6,2,0
difficulty-hard,20260712,1,0.12,0.45,0.2,0.18,3,30,9,1885,2448229068,1612179615,false,false,779.5999999999483,797.5999999999483,9,7,6,179,21,6,3,7,43,38,5,7,5,0,0.11627906976744186,0.8837209302325582,21,2.625,159.73333333332567,0.2048913972977633,1,0,1,6,3,34,6,3,37,0,0,0,0,0,5,4,3,0
difficulty-hard,20260712,1,0.12,0.45,0.2,0.18,3,30,9,1886,1629605149,2179350927,false,false,756.2999999999695,774.2999999999695,9,7,6,179,20,6,3,5,35,32,3,5,3,0,0.08571428571428572,0.9142857142857143,14,1.75,159.73333333332567,0.2112036669751846,1,0,1,3,3,24,5,3,30,0,0,0,0,0,8,8,2,0
difficulty-hard,20260712,1,0.12,0.45,0.2,0.18,3,30,9,1887,737114249,577189969,false,false,807.399999999923,825.399999999923,9,7,6,179,19,5,3,6,42,35,7,6,7,0,0.16666666666666666,0.8333333333333334,16,2,159.73333333332567,0.19783667740071947,1,0,1,4,3,27,5,3,34,0,0,0,0,0,5,5,2,0
difficulty-hard,20260712,1,0.12,0.45,0.2,0.18,3,30,9,1888,3720683939,3013109830,false,false,779.5333333332817,797.5333333332817,9,7,6,179,17,5,3,6,38,31,7,6,7,0,0.18421052631578946,0.8157894736842105,13,1.625,159.73333333332567,0.2049089198665906,1,0,1,3,3,25,4,3,30,0,0,0,0,0,3,5,2,0
difficulty-hard,20260712,1,0.12,0.45,0.2,0.18,3,30,9,1889,3401519197,2109355623,false,false,771.099999999956,789.099999999956,9,7,6,179,18,6,3,0,28,25,3,0,3,0,0.10714285714285714,0.8928571428571429,14,1.75,159.73333333332567,0.2071499589331277,1,0,1,4,3,21,6,3,25,0,0,0,0,0,8,8,2,0
difficulty-hard,20260712,1,0.12,0.45,0.2,0.18,3,30,9,1890,2679731136,321863445,false,false,763.9333333332959,778.9333333332959,9,6,5,179,21,6,3,9,44,40,4,9,4,0,0.09090909090909091,0.9090909090909091,15,1.875,159.73333333332567,0.2090932891177243,1,0,1,4,3,27,6,3,38,0,0,0,0,0,7,5,2,0
difficulty-hard,20260712,1,0.12,0.45,0.2,0.18,3,30,9,1891,2163822087,982508716,false,false,797.2666666665989,815.2666666665989,9,7,6,179,12,3,3,0,26,20,6,0,6,0,0.23076923076923078,0.7692307692307693,9,1.125,159.73333333332567,0.2003511999331122,1,0,1,2,2,17,3,3,20,0,0,0,0,0,3,6,2,0
difficulty-hard,20260712,1,0.12,0.45,0.2,0.18,3,30,9,1892,2354122336,3148975637,false,false,719.3666666666697,734.3666666666697,9,6,5,179,19,6,3,0,34,27,7,0,7,0,0.20588235294117646,0.7941176470588235,13,1.625,159.73333333332567,0.22204717112273525,1,0,1,3,3,22,5,3,26,0,0,0,0,0,3,3,2,0
difficulty-hard,20260712,1,0.12,0.45,0.2,0.18,3,30,9,1893,1949156611,2078755182,false,false,723.5666666666659,738.5666666666659,9,6,5,179,18,5,2,1,30,29,1,1,1,0,0.03333333333333333,0.9666666666666667,15,1.875,159.73333333332567,0.22075828073892179,1,0,1,4,2,23,5,2,29,0,0,0,0,0,3,5,1,0
difficulty-hard,20260712,1,0.12,0.45,0.2,0.18,3,30,9,1894,396389976,2976334354,false,false,780.3999999999476,795.3999999999476,9,6,5,179,25,7,3,8,50,42,8,8,8,0,0.16,0.84,19,2.375,159.73333333332567,0.20468135998633574,1,0,1,5,3,35,7,3,42,0,0,0,0,0,7,9,2,0
difficulty-hard,20260712,1,0.12,0.45,0.2,0.18,3,30,9,1895,2613548991,2701149397,false,false,797.0333333332658,815.0333333332658,9,7,6,179,19,5,3,2,34,30,4,2,4,0,0.11764705882352941,0.8823529411764706,16,2,159.73333333332567,0.20040985320564494,1,0,1,4,3,27,5,3,30,0,0,0,0,0,7,11,2,0
difficulty-hard,20260712,1,0.12,0.45,0.2,0.18,3,30,9,1896,3347644810,2316163732,false,false,822.8666666665756,837.8666666665756,9,6,5,179,24,7,3,9,51,43,8,9,8,0,0.1568627450980392,0.8431372549019608,22,2.75,159.73333333332567,0.1941181236328405,1,0,1,6,3,39,7,3,43,0,0,0,0,0,6,11,3,0
difficulty-hard,20260712,1,0.12,0.45,0.2,0.18,3,30,9,1897,3141400235,3777194159,false,false,746.1666666666454,761.1666666666454,9,6,5,179,20,6,3,6,44,36,8,6,8,0,0.18181818181818182,0.8181818181818182,17,2.125,159.73333333332567,0.2140719231628281,1,0,1,5,3,29,6,3,35,0,0,0,0,0,5,7,2,0
difficulty-hard,20260712,1,0.12,0.45,0.2,0.18,3,30,9,1898,3606837506,2115172281,false,false,819.6999999999118,837.6999999999118,9,7,6,179,19,6,3,3,33,30,3,3,3,0,0.09090909090909091,0.9090909090909091,15,1.875,159.73333333332567,0.19486804115327908,1,0,1,4,3,24,4,3,27,0,0,0,0,0,9,5,2,0
difficulty-hard,20260712,1,0.12,0.45,0.2,0.18,3,30,9,1899,3520368363,1912488539,false,false,746.0999999999788,764.0999999999788,9,7,6,179,20,6,3,3,41,32,9,3,9,0,0.21951219512195122,0.7804878048780488,17,2.125,159.73333333332567,0.21409105124424369,1,0,1,5,3,29,6,3,32,0,0,0,0,0,4,4,2,0
difficulty-hard,20260712,1,0.12,0.45,0.2,0.18,3,30,9,1900,2503614693,1101664883,false,false,734.3999999999894,752.3999999999894,9,7,6,179,18,5,3,1,32,28,4,1,4,0,0.125,0.875,17,2.125,159.73333333332567,0.21750181554102394,1,0,1,5,3,26,5,3,28,0,0,0,0,0,3,5,2,0
difficulty-hard,20260712,1,0.12,0.45,0.2,0.18,3,30,9,1901,3633999699,1185419706,false,false,803.4666666665933,821.4666666665933,9,7,6,179,12,3,3,0,23,21,2,0,2,0,0.08695652173913043,0.9130434782608695,12,1.5,159.73333333332567,0.19880517756389846,1,0,1,3,3,20,3,3,21,0,0,0,0,0,7,11,2,0
difficulty-hard,20260712,1,0.12,0.45,0.2,0.18,3,30,9,1902,63844658,3572219600,false,false,776.7999999999508,794.7999999999508,9,7,6,179,11,3,1,0,23,19,4,0,4,0,0.17391304347826086,0.8260869565217391,7,0.875,159.73333333332567,0.20562993477514904,1,0,1,1,1,15,3,1,18,0,0,0,0,0,6,11,2,0
difficulty-hard,20260712,1,0.12,0.45,0.2,0.18,3,30,9,1903,4149766629,1688615080,false,false,779.0999999999487,797.0999999999487,9,7,6,179,20,6,3,5,35,34,1,5,1,0,0.02857142857142857,0.9714285714285714,17,2.125,159.73333333332567,0.20502288965901191,1,0,1,5,3,26,6,3,33,0,0,0,0,0,7,5,1,0
difficulty-hard,20260712,1,0.12,0.45,0.2,0.18,3,30,9,1904,2357857025,3030016823,false,false,776.2999999999513,794.2999999999513,9,7,6,179,24,7,3,5,43,38,5,5,5,0,0.11627906976744186,0.8837209302325582,20,2.5,159.73333333332567,0.20576237708789863,1,0,1,6,3,30,7,3,37,0,0,0,0,0,4,5,2,0
difficulty-hard,20260712,1,0.12,0.45,0.2,0.18,3,30,9,1905,362990516,2060602632,false,false,816.8999999999144,831.8999999999144,9,6,5,179,20,6,3,2,32,31,1,2,1,0,0.03125,0.96875,17,2.125,159.73333333332567,0.19553596931490075,1,0,1,5,3,26,5,3,27,0,0,0,0,0,6,11,3,0
difficulty-hard,20260712,1,0.12,0.45,0.2,0.18,3,30,9,1906,2840093115,4013629138,false,false,807.9999999999225,822.9999999999225,9,6,5,179,23,7,3,4,43,36,7,4,7,0,0.16279069767441862,0.8372093023255814,20,2.5,159.73333333332567,0.19768976897690718,1,0,1,6,3,30,7,3,34,0,0,0,0,0,5,6,2,0
difficulty-hard,20260712,1,0.12,0.45,0.2,0.18,3,30,9,1907,2444357562,4160517394,false,false,762.0666666666309,780.0666666666309,9,7,6,179,19,5,3,13,46,42,4,13,4,0,0.08695652173913043,0.9130434782608695,18,2.25,159.73333333332567,0.2096054588399963,1,0,1,5,3,35,5,3,41,0,0,0,0,0,7,5,2,0
difficulty-hard,20260712,1,0.12,0.45,0.2,0.18,3,30,9,1908,2389026643,825114330,false,false,806.0999999999242,824.0999999999242,9,7,6,179,24,7,3,5,45,39,6,5,6,0,0.13333333333333333,0.8666666666666667,22,2.75,159.73333333332567,0.1981557292312873,1,0,1,7,3,32,7,3,37,0,0,0,0,0,6,8,2,0
difficulty-hard,20260712,1,0.12,0.45,0.2,0.18,3,30,9,1909,6306552,4150264380,false,false,797.5999999999319,815.5999999999319,9,7,6,179,24,7,3,11,51,43,8,11,8,0,0.1568627450980392,0.8431372549019608,21,2.625,159.73333333332567,0.2002674690738958,1,0,1,6,3,38,6,3,41,0,0,0,0,0,4,5,2,0
difficulty-hard,20260712,1,0.12,0.45,0.2,0.18,3,30,9,1910,1579695369,1393311197,false,false,767.9333333332922,785.9333333332922,9,7,6,179,28,9,3,19,63,55,8,19,8,0,0.12698412698412698,0.873015873015873,23,2.875,159.73333333332567,0.20800416702838903,1,0,1,7,3,44,8,3,54,0,0,0,0,0,5,5,2,0
difficulty-hard,20260712,1,0.12,0.45,0.2,0.18,3,30,9,1911,3530262091,3189350107,false,false,810.6333333332534,828.6333333332534,9,7,6,179,12,4,3,0,20,18,2,0,2,0,0.1,0.9,8,1,159.73333333332567,0.1970475759694166,1,0,1,2,2,14,4,3,18,0,0,0,0,0,6,10,2,0
difficulty-hard,20260712,1,0.12,0.45,0.2,0.18,3,30,9,1912,1232817110,923437173,false,false,785.06666666661,800.06666666661,9,6,5,179,13,4,3,0,28,22,6,0,6,0,0.21428571428571427,0.7857142857142857,8,1,159.73333333332567,0.2034646739130484,1,0,1,2,2,16,4,3,21,0,0,0,0,0,5,11,2,0
difficulty-hard,20260712,1,0.12,0.45,0.2,0.18,3,30,9,1913,3129700173,2513117823,false,false,799.9666666665964,814.9666666665964,9,6,5,179,17,5,3,4,37,29,8,4,8,0,0.21621621621621623,0.7837837837837838,15,1.875,159.73333333332567,0.19967498645777704,1,0,1,4,3,25,5,3,29,0,0,0,0,0,3,3,2,0
difficulty-hard,20260712,1,0.12,0.45,0.2,0.18,3,30,9,1914,2008673704,592269014,false,false,800.133333333263,818.133333333263,9,7,6,179,18,5,3,7,40,35,5,7,5,0,0.125,0.875,17,2.125,159.73333333332567,0.19963339443426895,1,0,1,5,3,28,5,3,35,0,0,0,0,0,3,5,1,0
difficulty-hard,20260712,1,0.12,0.45,0.2,0.18,3,30,9,1915,892463199,4264995165,false,false,749.4666666666424,767.4666666666424,9,7,6,179,17,5,3,0,27,26,1,0,1,0,0.037037037037037035,0.9629629629629629,17,2.125,159.73333333332567,0.21312933641700435,1,0,1,5,3,24,5,3,26,0,0,0,0,0,6,12,2,0
difficulty-hard,20260712,1,0.12,0.45,0.2,0.18,3,30,9,1916,2837834451,2300670102,false,false,806.8333333332569,824.8333333332569,9,7,6,179,19,6,3,0,30,27,3,0,3,0,0.1,0.9,14,1.75,159.73333333332567,0.19797562487090373,1,0,1,4,3,21,6,3,26,0,0,0,0,0,5,9,2,0
difficulty-hard,20260712,1,0.12,0.45,0.2,0.18,3,30,9,1917,454577315,3875345309,false,false,799.3333333332637,817.3333333332637,9,7,6,179,14,4,3,0,27,23,4,0,4,0,0.14814814814814814,0.8518518518518519,14,1.75,159.73333333332567,0.19983319432861502,1,0,1,4,3,21,4,3,23,0,0,0,0,0,6,14,2,0
difficulty-hard,20260712,1,0.12,0.45,0.2,0.18,3,30,9,1918,2538964084,2580948880,false,false,774.1999999999532,792.1999999999532,9,7,6,179,23,7,3,10,49,43,6,10,6,0,0.12244897959183673,0.8775510204081632,18,2.25,159.73333333332567,0.20632050288470077,1,0,1,5,3,31,7,3,43,0,0,0,0,0,6,8,2,0
difficulty-hard,20260712,1,0.12,0.45,0.2,0.18,3,30,9,1919,681614384,4120125747,false,false,819.6333333332452,834.6333333332452,9,6,5,179,22,7,3,8,44,40,4,8,4,0,0.09090909090909091,0.9090909090909091,16,2,159.73333333332567,0.19488389117086036,1,0,1,4,3,31,7,3,39,0,0,0,0,0,5,8,2,0
difficulty-hard,20260712,1,0.12,0.45,0.2,0.18,3,30,9,1920,1209994700,3414604859,false,false,819.3999999999121,837.3999999999121,9,7,6,179,23,7,3,11,49,44,5,11,5,0,0.10204081632653061,0.8979591836734694,20,2.5,159.73333333332567,0.19493938654301052,1,0,1,6,3,37,7,3,42,0,0,0,0,0,6,6,2,0
difficulty-hard,20260712,1,0.12,0.45,0.2,0.18,3,30,9,1921,969259287,4255921551,false,false,750.199999999975,765.199999999975,9,6,5,179,29,9,3,9,53,47,6,9,6,0,0.11320754716981132,0.8867924528301887,26,3.25,159.73333333332567,0.21292099884474938,1,0,1,8,3,40,9,3,47,0,0,0,0,0,5,9,2,0
difficulty-hard,20260712,1,0.12,0.45,0.2,0.18,3,30,9,1922,4006117335,446466918,false,false,832.366666666567,850.366666666567,9,7,6,179,17,5,3,5,38,32,6,5,6,0,0.15789473684210525,0.8421052631578947,13,1.625,159.73333333332567,0.1919026070241618,1,0,1,3,3,25,5,3,32,0,0,0,0,0,5,8,2,0
difficulty-hard,20260712,1,0.12,0.45,0.2,0.18,3,30,9,1923,282321776,4152616463,false,false,745.2666666666462,763.2666666666462,9,7,6,179,20,6,3,0,33,29,4,0,4,0,0.12121212121212122,0.8787878787878788,15,1.875,159.73333333332567,0.21433044100545226,1,0,1,4,2,24,6,3,29,0,0,0,0,0,4,3,2,0
difficulty-hard,20260712,1,0.12,0.45,0.2,0.18,3,30,9,1924,1257887461,540855222,false,false,808.3999999999221,823.3999999999221,9,6,5,179,17,5,3,4,38,31,7,4,7,0,0.18421052631578946,0.8157894736842105,15,1.875,159.73333333332567,0.19759195117929376,1,0,1,4,3,24,5,3,31,0,0,0,0,0,6,11,2,0
difficulty-hard,20260712,1,0.12,0.45,0.2,0.18,3,30,9,1925,3988968780,1568817799,false,false,740.1333333333175,758.1333333333175,9,7,6,179,23,7,3,5,47,38,9,5,9,0,0.19148936170212766,0.8085106382978723,22,2.75,159.73333333332567,0.21581696991532484,1,0,1,7,3,33,7,3,36,0,0,0,0,0,8,5,3,0
difficulty-hard,20260712,1,0.12,0.45,0.2,0.18,3,30,9,1926,3368750376,147010887,false,false,782.9666666666119,800.9666666666119,9,7,6,179,25,7,3,11,51,45,6,11,6,0,0.11764705882352941,0.8823529411764706,23,2.875,159.73333333332567,0.2040103878411216,1,0,1,7,3,37,7,3,42,0,0,0,0,0,5,4,2,0
difficulty-hard,20260712,1,0.12,0.45,0.2,0.18,3,30,9,1927,2319817613,3227014475,false,false,768.5333333332917,786.5333333332917,9,7,6,179,18,5,3,0,30,27,3,0,3,0,0.1,0.9,14,1.75,159.73333333332567,0.2078417765440679,1,0,1,4,3,22,5,3,27,0,0,0,0,0,6,8,1,0
difficulty-hard,20260712,1,0.12,0.45,0.2,0.18,3,30,9,1928,1825442463,1305813918,false,false,787.7333333332742,805.7333333332742,9,7,6,179,25,8,3,4,42,37,5,4,5,0,0.11904761904761904,0.8809523809523809,21,2.625,159.73333333332567,0.20277589708869878,1,0,1,6,3,32,8,3,37,0,0,0,0,0,4,5,2,0
difficulty-hard,20260712,1,0.12,0.45,0.2,0.18,3,30,9,1929,1776887624,309854822,false,false,783.3333333332782,801.3333333332782,9,7,6,179,16,4,2,0,31,25,6,0,6,0,0.1935483870967742,0.8064516129032258,14,1.75,159.73333333332567,0.20391489361702583,1,0,1,4,2,21,4,2,25,0,0,0,0,0,6,9,2,0
difficulty-hard,20260712,1,0.12,0.45,0.2,0.18,3,30,9,1930,3460924534,3366903134,false,false,755.9333333333032,773.9333333333032,9,7,6,179,16,5,3,0,27,24,3,0,3,0,0.1111111111111111,0.8888888888888888,13,1.625,159.73333333332567,0.21130611165005564,1,0,1,4,3,19,5,3,24,0,0,0,0,0,7,14,2,0
difficulty-hard,20260712,1,0.12,0.45,0.2,0.18,3,30,9,1931,3989160910,2823630098,false,false,740.4999999999839,755.4999999999839,9,6,5,179,19,5,3,15,52,43,9,15,9,0,0.17307692307692307,0.8269230769230769,17,2.125,159.73333333332567,0.21571010578437427,1,0,1,4,3,37,5,3,43,0,0,0,0,0,3,4,2,0
difficulty-hard,20260712,1,0.12,0.45,0.2,0.18,3,30,9,1932,4243440090,543846488,false,false,795.6999999999337,813.6999999999337,9,7,6,179,19,6,2,2,35,30,5,2,5,0,0.14285714285714285,0.8571428571428571,13,1.625,159.73333333332567,0.20074567466801432,1,0,1,4,2,22,5,2,28,0,0,0,0,0,8,5,1,0
difficulty-hard,20260712,1,0.12,0.45,0.2,0.18,3,30,9,1933,1953568089,2420617768,false,false,782.1666666666126,800.1666666666126,9,7,6,179,19,5,2,9,41,38,3,9,3,0,0.07317073170731707,0.926829268292683,17,2.125,159.73333333332567,0.20421904964841683,1,0,1,4,2,29,5,2,37,0,0,0,0,0,5,4,2,0
difficulty-hard,20260712,1,0.12,0.45,0.2,0.18,3,30,9,1934,4167934363,1773254728,false,false,789.8666666666056,807.8666666666056,9,7,6,179,19,5,2,15,54,43,11,15,11,0,0.2037037037037037,0.7962962962962963,17,2.125,159.73333333332567,0.2022282241728621,1,0,1,5,2,33,5,2,42,0,0,0,0,0,5,4,3,0
difficulty-hard,20260712,1,0.12,0.45,0.2,0.18,3,30,9,1935,1086645789,1296996470,false,false,790.8666666666047,808.8666666666047,9,7,6,179,15,4,3,1,29,23,6,1,6,0,0.20689655172413793,0.7931034482758621,10,1.25,159.73333333332567,0.20197251959875856,1,0,1,2,1,19,2,1,20,0,0,0,0,0,8,5,2,0
difficulty-hard,20260712,1,0.12,0.45,0.2,0.18,3,30,9,1936,2932587008,393191149,false,false,799.4999999999302,817.4999999999302,9,7,6,179,24,7,3,4,43,38,5,4,5,0,0.11627906976744186,0.8837209302325582,20,2.5,159.73333333332567,0.1997915363769101,1,0,1,6,3,30,7,3,37,0,0,0,0,0,3,4,2,0
difficulty-hard,20260712,1,0.12,0.45,0.2,0.18,3,30,9,1937,937508098,810893391,false,false,815.7999999999154,833.7999999999154,9,7,6,179,18,5,3,1,29,27,2,1,2,0,0.06896551724137931,0.9310344827586207,13,1.625,159.73333333332567,0.19579962409088286,1,0,1,4,3,21,4,3,25,0,0,0,0,0,8,10,2,0
difficulty-hard,20260712,1,0.12,0.45,0.2,0.18,3,30,9,1938,1508356072,2602472588,false,false,785.6333333332761,800.6333333332761,9,6,5,179,14,4,3,0,24,21,3,0,3,0,0.125,0.875,12,1.5,159.73333333332567,0.20331791760363693,1,0,1,3,2,19,4,3,21,0,0,0,0,0,4,5,1,0
difficulty-hard,20260712,1,0.12,0.45,0.2,0.18,3,30,9,1939,302588057,2822894328,false,false,803.3666666665933,821.3666666665933,9,7,6,179,20,6,3,8,39,37,2,8,2,0,0.05128205128205128,0.9487179487179487,19,2.375,159.73333333332567,0.1988299240695493,1,0,1,6,3,34,6,3,36,0,0,0,0,0,7,11,1,0
difficulty-hard,20260712,1,0.12,0.45,0.2,0.18,3,30,9,1940,2150206868,2835348251,false,false,809.4666666665878,824.4666666665878,9,6,5,179,27,8,3,11,50,46,4,11,4,0,0.08,0.92,22,2.75,159.73333333332567,0.19733157634657542,1,0,1,6,3,39,7,3,43,0,0,0,0,0,7,8,2,0
difficulty-hard,20260712,1,0.12,0.45,0.2,0.18,3,30,9,1941,2797349385,663688162,false,false,787.5666666666077,805.5666666666077,9,7,6,179,17,5,3,4,36,29,7,4,7,0,0.19444444444444445,0.8055555555555556,13,1.625,159.73333333332567,0.2028188089897206,1,0,1,3,3,25,3,3,26,0,0,0,0,0,8,5,2,0
difficulty-hard,20260712,1,0.12,0.45,0.2,0.18,3,30,9,1942,902994328,2408804527,false,false,778.3333333332828,796.3333333332828,9,7,6,179,21,6,3,13,46,42,4,13,4,0,0.08695652173913043,0.9130434782608695,17,2.125,159.73333333332567,0.20522483940043176,1,0,1,5,3,33,6,3,42,0,0,0,0,0,3,6,2,0
difficulty-hard,20260712,1,0.12,0.45,0.2,0.18,3,30,9,1943,1115506007,2002731746,false,false,798.5666666665977,816.5666666665977,9,7,6,179,15,4,1,3,33,27,6,3,6,0,0.18181818181818182,0.8181818181818182,12,1.5,159.73333333332567,0.20002504487207012,1,0,1,3,1,23,4,1,26,0,0,0,0,0,5,6,2,0
difficulty-hard,20260712,1,0.12,0.45,0.2,0.18,3,30,9,1944,3397948275,4125296442,false,false,794.7333333332679,809.7333333332679,9,6,5,179,20,6,3,4,36,34,2,4,2,0,0.05555555555555555,0.9444444444444444,17,2.125,159.73333333332567,0.2009898498448186,1,0,1,5,3,26,6,3,33,0,0,0,0,0,7,14,2,0
difficulty-hard,20260712,1,0.12,0.45,0.2,0.18,3,30,9,1945,2388934081,1770773295,false,false,743.9333333333141,761.9333333333141,9,7,6,179,15,4,2,6,35,31,4,6,4,0,0.11428571428571428,0.8857142857142857,14,1.75,159.73333333332567,0.21471458015950776,1,0,1,4,2,24,4,2,31,0,0,0,0,0,5,11,2,0
difficulty-hard,20260712,1,0.12,0.45,0.2,0.18,3,30,9,1946,1995358872,940362822,false,false,789.7333333332724,807.7333333332724,9,7,6,179,21,6,3,1,39,32,7,1,7,0,0.1794871794871795,0.8205128205128205,16,2,159.73333333332567,0.20226236704373374,1,0,1,4,3,25,6,3,32,0,0,0,0,0,3,4,3,0
difficulty-hard,20260712,1,0.12,0.45,0.2,0.18,3,30,9,1947,2523891223,2964921136,false,false,793.2999999999358,811.2999999999358,9,7,6,179,22,7,3,2,38,32,6,2,6,0,0.15789473684210525,0.8421052631578947,16,2,159.73333333332567,0.20135299802513373,1,0,1,4,2,26,7,3,32,0,0,0,0,0,7,8,2,0
difficulty-hard,20260712,1,0.12,0.45,0.2,0.18,3,30,9,1948,361218538,3530741871,false,false,752.399999999973,770.399999999973,9,7,6,179,13,3,2,4,32,27,5,4,5,0,0.15625,0.84375,11,1.375,159.73333333332567,0.21229842282473604,1,0,1,3,2,19,3,2,27,0,0,0,0,0,7,11,2,0
difficulty-hard,20260712,1,0.12,0.45,0.2,0.18,3,30,9,1949,1282394568,1490318912,false,false,783.3666666666115,798.3666666666115,9,6,5,179,13,3,3,0,25,23,2,0,2,0,0.08,0.92,11,1.375,159.73333333332567,0.20390621675673834,1,0,1,3,3,18,3,3,22,0,0,0,0,0,3,5,2,0
difficulty-hard,20260712,1,0.12,0.45,0.2,0.18,3,30,9,1950,1339215390,2366892860,false,false,797.4333333332654,815.4333333332654,9,7,6,179,9,2,2,0,21,16,5,0,5,0,0.23809523809523808,0.7619047619047619,6,0.75,159.73333333332567,0.20030932575346647,1,0,1,1,1,11,2,2,15,0,0,0,0,0,6,10,2,0
difficulty-hard,20260712,1,0.12,0.45,0.2,0.18,3,30,9,1951,125813118,3638391591,true,false,755.9333333333032,773.9333333333032,9,7,6,180,19,5,2,3,35,32,3,3,3,0,0.08571428571428572,0.9142857142857143,13,1.625,159.73333333332567,0.21130611165005564,1,1,0,3,2,23,5,2,31,5,2,31,114.43333333322926,0.15138019225668115,6,13,3,0
difficulty-hard,20260712,1,0.12,0.45,0.2,0.18,3,30,9,1952,3617027581,225791124,false,false,788.033333333274,806.033333333274,9,7,6,179,27,8,3,13,57,50,7,13,7,0,0.12280701754385964,0.8771929824561403,23,2.875,159.73333333332567,0.2026987014085754,1,0,1,7,3,38,7,3,43,0,0,0,0,0,10,6,3,0
difficulty-hard,20260712,1,0.12,0.45,0.2,0.18,3,30,9,1953,2651965194,2059781020,false,false,824.666666666574,839.666666666574,9,6,5,179,22,6,3,8,42,39,3,8,3,0,0.07142857142857142,0.9285714285714286,15,1.875,159.73333333332567,0.19369442198869477,1,0,1,4,3,24,6,3,39,0,0,0,0,0,6,14,4,0
difficulty-hard,20260712,1,0.12,0.45,0.2,0.18,3,30,9,1954,274993658,760634506,false,false,775.7333333332851,790.7333333332851,9,6,5,179,17,5,3,2,32,28,4,2,4,0,0.125,0.875,16,2,159.73333333332567,0.20591268477140204,1,0,1,5,3,23,5,3,28,0,0,0,0,0,6,8,2,0
difficulty-hard,20260712,1,0.12,0.45,0.2,0.18,3,30,9,1955,2625751527,4231601307,false,false,757.233333333302,775.233333333302,9,7,6,179,20,6,3,1,34,31,3,1,3,0,0.08823529411764706,0.9117647058823529,16,2,159.73333333332567,0.21094334639256807,1,0,1,5,3,24,6,3,31,0,0,0,0,0,4,4,2,0
difficulty-hard,20260712,1,0.12,0.45,0.2,0.18,3,30,9,1956,649042797,3731257903,false,false,800.1999999999296,818.1999999999296,9,7,6,179,26,8,3,13,59,49,10,13,10,0,0.1694915254237288,0.8305084745762712,23,2.875,159.73333333332567,0.19961676247605564,1,0,1,7,3,38,8,3,47,0,0,0,0,0,5,5,2,0
difficulty-hard,20260712,1,0.12,0.45,0.2,0.18,3,30,9,1957,2876888917,3264017604,true,false,782.533333333279,800.533333333279,9,7,6,180,20,6,3,4,37,34,3,4,3,0,0.08108108108108109,0.918918918918919,17,2.125,159.73333333332567,0.20412336002726628,1,1,0,5,3,27,6,3,33,6,3,33,134.6999999998775,0.17213324246024048,6,13,2,0
difficulty-hard,20260712,1,0.12,0.45,0.2,0.18,3,30,9,1958,1941059385,3013598453,false,false,741.3666666666497,756.3666666666497,9,6,5,179,13,3,3,0,28,23,5,0,5,0,0.17857142857142858,0.8214285714285714,13,1.625,159.73333333332567,0.2154579380423488,1,0,1,3,3,21,3,3,23,0,0,0,0,0,5,8,2,0
difficulty-hard,20260712,1,0.12,0.45,0.2,0.18,3,30,9,1959,1811961343,4154823530,false,false,749.8999999999753,767.8999999999753,9,7,6,179,20,6,3,9,43,39,4,9,4,0,0.09302325581395349,0.9069767441860465,18,2.25,159.73333333332567,0.21300617860158813,1,0,1,5,3,31,6,3,39,0,0,0,0,0,5,4,2,0
difficulty-hard,20260712,1,0.12,0.45,0.2,0.18,3,30,9,1960,3276756015,2733749387,false,false,800.5333333332626,818.5333333332626,9,7,6,179,24,7,3,5,47,39,8,5,8,0,0.1702127659574468,0.8297872340425532,20,2.5,159.73333333332567,0.19953364423718328,1,0,1,6,3,30,7,3,38,0,0,0,0,0,6,6,2,0
difficulty-hard,20260712,1,0.12,0.45,0.2,0.18,3,30,9,1961,2527668012,3319140366,false,false,785.2666666666098,800.2666666666098,9,6,5,179,22,6,3,8,47,40,7,8,7,0,0.14893617021276595,0.851063829787234,22,2.75,159.73333333332567,0.20341285338314447,1,0,1,6,3,33,6,3,40,0,0,0,0,0,8,7,2,0
difficulty-hard,20260712,1,0.12,0.45,0.2,0.18,3,30,9,1962,2827620923,4237081593,false,false,806.0999999999242,824.0999999999242,9,7,6,179,23,7,3,6,44,38,6,6,6,0,0.13636363636363635,0.8636363636363636,20,2.5,159.73333333332567,0.1981557292312873,1,0,1,6,3,32,7,3,37,0,0,0,0,0,5,5,2,0
difficulty-hard,20260712,1,0.12,0.45,0.2,0.18,3,30,9,1963,2640353538,3566470281,false,false,783.6666666666113,801.6666666666113,9,7,6,179,18,5,3,1,30,29,1,1,1,0,0.03333333333333333,0.9666666666666667,13,1.625,159.73333333332567,0.20382815823054484,1,0,1,4,3,22,5,3,28,0,0,0,0,0,5,9,2,0
difficulty-hard,20260712,1,0.12,0.45,0.2,0.18,3,30,9,1964,1006780409,2639703657,false,false,734.2999999999895,749.2999999999895,9,6,5,179,21,6,3,8,45,39,6,8,6,0,0.13333333333333333,0.8666666666666667,20,2.5,159.73333333332567,0.21753143583457438,1,0,1,6,3,31,6,3,39,0,0,0,0,0,4,3,2,0
difficulty-hard,20260712,1,0.12,0.45,0.2,0.18,3,30,9,1965,2719590382,1114403714,false,false,779.7333333332815,797.7333333332815,9,7,6,179,24,7,3,5,44,39,5,5,5,0,0.11363636363636363,0.8863636363636364,21,2.625,159.73333333332567,0.2048563611491146,1,0,1,6,3,32,7,3,37,0,0,0,0,0,8,6,2,0
difficulty-hard,20260712,1,0.12,0.45,0.2,0.18,3,30,9,1966,978963339,3120626463,false,false,780.6333333332807,798.6333333332807,9,7,6,179,21,6,2,15,51,46,5,15,5,0,0.09803921568627451,0.9019607843137255,21,2.625,159.73333333332567,0.20462018019557168,1,0,1,6,2,39,6,2,43,0,0,0,0,0,4,5,2,0
difficulty-hard,20260712,1,0.12,0.45,0.2,0.18,3,30,9,1967,3691037864,1415371946,false,false,794.7333333332679,812.7333333332679,9,7,6,179,23,7,3,5,41,38,3,5,3,0,0.07317073170731707,0.926829268292683,22,2.75,159.73333333332567,0.2009898498448186,1,0,1,7,3,34,7,3,38,0,0,0,0,0,5,5,1,0
difficulty-hard,20260712,1,0.12,0.45,0.2,0.18,3,30,9,1968,979213679,176129188,false,false,831.8666666665674,849.8666666665674,9,7,6,179,21,6,3,12,49,43,6,12,6,0,0.12244897959183673,0.8775510204081632,21,2.625,159.73333333332567,0.19201795159482057,1,0,1,6,3,32,6,3,39,0,0,0,0,0,6,8,2,0
difficulty-hard,20260712,1,0.12,0.45,0.2,0.18,3,30,9,1969,3855909860,3665462404,false,false,792.43333333327,810.43333333327,9,7,6,179,24,7,3,4,40,37,3,4,3,0,0.075,0.925,19,2.375,159.73333333332567,0.2015732133092228,1,0,1,6,3,29,6,3,35,0,0,0,0,0,9,6,1,0
difficulty-hard,20260712,1,0.12,0.45,0.2,0.18,3,30,9,1970,1918173057,3145278059,false,false,834.0999999998987,852.0999999998987,9,7,6,179,18,5,3,2,34,30,4,2,4,0,0.11764705882352941,0.8823529411764706,15,1.875,159.73333333332567,0.19150381648884435,1,0,1,5,3,25,5,3,30,0,0,0,0,0,7,8,1,0
difficulty-hard,20260712,1,0.12,0.45,0.2,0.18,3,30,9,1971,1175904418,3650563904,false,false,745.466666666646,760.466666666646,9,6,5,179,16,5,3,0,30,25,5,0,5,0,0.16666666666666666,0.8333333333333334,13,1.625,159.73333333332567,0.2142729386513997,1,0,1,4,3,22,5,3,23,0,0,0,0,0,5,11,1,0
difficulty-hard,20260712,1,0.12,0.45,0.2,0.18,3,30,9,1972,739057826,1660827684,false,false,750.6666666666413,765.6666666666413,9,6,5,179,22,7,3,2,40,34,6,2,6,0,0.15,0.85,13,1.625,159.73333333332567,0.2127886323268176,1,0,1,3,3,23,7,3,32,0,0,0,0,0,6,5,2,0
difficulty-hard,20260712,1,0.12,0.45,0.2,0.18,3,30,9,1973,2400698890,3022870263,false,false,760.8999999999653,775.8999999999653,9,6,5,179,26,8,3,14,57,50,7,14,7,0,0.12280701754385964,0.8771929824561403,22,2.75,159.73333333332567,0.20992684102159673,1,0,1,7,3,35,8,3,49,0,0,0,0,0,6,14,2,0
difficulty-hard,20260712,1,0.12,0.45,0.2,0.18,3,30,9,1974,3098491239,1488967890,false,false,804.5666666665923,822.5666666665923,9,7,6,179,14,4,2,0,27,23,4,0,4,0,0.14814814814814814,0.8518518518518519,14,1.75,159.73333333332567,0.19853337200150034,1,0,1,4,2,21,4,2,23,0,0,0,0,0,6,10,2,0
difficulty-hard,20260712,1,0.12,0.45,0.2,0.18,3,30,9,1975,3667578246,52116476,false,false,789.133333333273,804.133333333273,9,6,5,179,20,6,3,2,32,31,1,2,1,0,0.03125,0.96875,13,1.625,159.73333333332567,0.20241615274140987,1,0,1,3,3,23,6,3,30,0,0,0,0,0,6,5,1,0
difficulty-hard,20260712,1,0.12,0.45,0.2,0.18,3,30,9,1976,2433988340,1275836857,false,false,812.1999999999186,827.1999999999186,9,6,5,179,17,5,2,0,30,26,4,0,4,0,0.13333333333333333,0.8666666666666667,14,1.75,159.73333333332567,0.19666748748256793,1,0,1,4,2,21,5,2,25,0,0,0,0,0,5,11,1,0
difficulty-hard,20260712,1,0.12,0.45,0.2,0.18,3,30,9,1977,616525279,3789547306,false,false,814.6999999999164,832.6999999999164,9,7,6,179,25,7,3,6,44,41,3,6,3,0,0.06818181818181818,0.9318181818181818,23,2.875,159.73333333332567,0.19606399083508294,1,0,1,7,3,34,7,3,36,0,0,0,0,0,6,8,2,0
difficulty-hard,20260712,1,0.12,0.45,0.2,0.18,3,30,9,1978,2374028774,2063803806,false,false,815.1999999999159,830.1999999999159,9,6,5,179,18,5,3,4,36,32,4,4,4,0,0.1111111111111111,0.8888888888888888,14,1.75,159.73333333332567,0.19594373568859438,1,0,1,4,3,23,5,3,32,0,0,0,0,0,6,11,2,0
difficulty-hard,20260712,1,0.12,0.45,0.2,0.18,3,30,9,1979,1288862769,3335336247,false,false,829.8666666665692,847.8666666665692,9,7,6,179,27,8,3,9,49,44,5,9,5,0,0.10204081632653061,0.8979591836734694,20,2.5,159.73333333332567,0.19248071979435785,1,0,1,5,3,33,7,3,42,0,0,0,0,0,7,6,2,0
difficulty-hard,20260712,1,0.12,0.45,0.2,0.18,3,30,9,1980,4256400196,964965070,false,false,771.8333333332887,786.8333333332887,9,6,5,179,18,6,3,0,30,27,3,0,3,0,0.1,0.9,13,1.625,159.73333333332567,0.20695314187000852,1,0,1,4,3,20,5,3,25,0,0,0,0,0,6,5,1,0
difficulty-hard,20260712,1,0.12,0.45,0.2,0.18,3,30,9,1981,2415560653,3624147960,false,false,767.6999999999591,782.6999999999591,9,6,5,179,22,6,3,6,44,38,6,6,6,0,0.13636363636363635,0.8636363636363636,18,2.25,159.73333333332567,0.20806738743432876,1,0,1,5,3,31,6,3,37,0,0,0,0,0,4,4,2,0
difficulty-hard,20260712,1,0.12,0.45,0.2,0.18,3,30,9,1982,1736542044,1190940629,false,false,771.3333333332891,789.3333333332891,9,7,6,179,18,5,3,3,33,30,3,3,3,0,0.09090909090909091,0.9090909090909091,11,1.375,159.73333333332567,0.2070872947277461,1,0,1,3,2,20,5,3,29,0,0,0,0,0,6,11,2,0
difficulty-hard,20260712,1,0.12,0.45,0.2,0.18,3,30,9,1983,2752096292,992585380,false,false,804.4999999999256,822.4999999999256,9,7,6,179,19,6,3,0,32,28,4,0,4,0,0.125,0.875,17,2.125,159.73333333332567,0.19854982390719755,1,0,1,5,3,24,6,3,28,0,0,0,0,0,6,10,1,0
difficulty-hard,20260712,1,0.12,0.45,0.2,0.18,3,30,9,1984,327723275,4047953829,false,false,793.6666666666022,811.6666666666022,9,7,6,179,24,7,3,12,50,46,4,12,4,0,0.08,0.92,21,2.625,159.73333333332567,0.2012599748005107,1,0,1,6,3,35,7,3,45,0,0,0,0,0,5,11,2,0
difficulty-hard,20260712,1,0.12,0.45,0.2,0.18,3,30,9,1985,3424793543,393182879,false,false,777.4333333332836,795.4333333332836,9,7,6,179,24,7,3,7,45,41,4,7,4,0,0.08888888888888889,0.9111111111111111,22,2.75,159.73333333332567,0.2054624190713063,1,0,1,7,3,33,7,3,39,0,0,0,0,0,7,5,2,0
difficulty-hard,20260712,1,0.12,0.45,0.2,0.18,3,30,9,1986,1702028445,3746077527,false,false,824.5999999999074,842.5999999999074,9,7,6,179,20,6,3,0,31,29,2,0,2,0,0.06451612903225806,0.9354838709677419,14,1.75,159.73333333332567,0.19371008165576475,1,0,1,4,3,22,6,3,29,0,0,0,0,0,6,12,1,0
difficulty-hard,20260712,1,0.12,0.45,0.2,0.18,3,30,9,1987,1462908100,2431520153,false,false,822.2666666665762,840.2666666665762,9,7,6,179,21,6,3,3,40,33,7,3,7,0,0.175,0.825,19,2.375,159.73333333332567,0.19425976974218817,1,0,1,6,3,30,6,3,32,0,0,0,0,0,5,8,2,0
difficulty-hard,20260712,1,0.12,0.45,0.2,0.18,3,30,9,1988,2698554456,339941087,false,false,805.533333333258,820.533333333258,9,6,5,179,16,5,3,0,27,25,2,0,2,0,0.07407407407407407,0.9259259259259259,13,1.625,159.73333333332567,0.19829512538277821,1,0,1,4,3,21,5,3,25,0,0,0,0,0,5,8,1,0
difficulty-hard,20260712,1,0.12,0.45,0.2,0.18,3,30,9,1989,1967385387,2196802418,false,false,773.5999999999538,791.5999999999538,9,7,6,179,20,6,3,1,32,30,2,1,2,0,0.0625,0.9375,16,2,159.73333333332567,0.20648052395725855,1,0,1,5,3,25,6,3,30,0,0,0,0,0,6,8,2,0
difficulty-hard,20260712,1,0.12,0.45,0.2,0.18,3,30,9,1990,3116981225,1334477155,false,false,809.0333333332549,827.0333333332549,9,7,6,179,20,6,3,6,39,35,4,6,4,0,0.10256410256410256,0.8974358974358975,16,2,159.73333333332567,0.1974372708170341,1,0,1,4,3,27,6,3,35,0,0,0,0,0,5,11,2,0
difficulty-hard,20260712,1,0.12,0.45,0.2,0.18,3,30,9,1991,2600085036,1708569096,false,false,817.6999999999136,832.6999999999136,9,6,5,179,21,6,2,4,40,35,5,4,5,0,0.125,0.875,18,2.25,159.73333333332567,0.1953446659329125,1,0,1,5,2,28,6,2,34,0,0,0,0,0,7,8,2,0
difficulty-hard,20260712,1,0.12,0.45,0.2,0.18,3,30,9,1992,337821884,2198987083,false,false,801.233333333262,816.233333333262,9,6,5,179,21,6,3,3,41,34,7,3,7,0,0.17073170731707318,0.8292682926829268,18,2.25,159.73333333332567,0.19935932104672785,1,0,1,5,3,28,6,3,34,0,0,0,0,0,5,5,2,0
difficulty-hard,20260712,1,0.12,0.45,0.2,0.18,3,30,9,1993,2284470891,392799817,false,false,721.3333333333346,739.3333333333346,9,7,6,179,24,7,3,5,46,39,7,5,7,0,0.15217391304347827,0.8478260869565217,21,2.625,159.73333333332567,0.22144177449167105,1,0,1,7,3,32,7,3,39,0,0,0,0,0,3,4,2,0
difficulty-hard,20260712,1,0.12,0.45,0.2,0.18,3,30,9,1994,2488555669,2178382869,false,false,814.43333333325,832.43333333325,9,7,6,179,21,6,3,2,40,33,7,2,7,0,0.175,0.825,16,2,159.73333333332567,0.19612818728769538,1,0,1,5,3,24,6,3,32,0,0,0,0,0,6,11,2,0
difficulty-hard,20260712,1,0.12,0.45,0.2,0.18,3,30,9,1995,1730854877,1617474794,false,false,810.366666666587,828.366666666587,9,7,6,179,15,4,3,0,29,25,4,0,4,0,0.13793103448275862,0.8620689655172413,14,1.75,159.73333333332567,0.19711241824689407,1,0,1,4,3,22,4,3,24,0,0,0,0,0,6,11,1,0
difficulty-hard,20260712,1,0.12,0.45,0.2,0.18,3,30,9,1996,4140050824,864929237,false,false,794.4333333332681,809.4333333332681,9,6,5,179,17,5,3,4,35,29,6,4,6,0,0.17142857142857143,0.8285714285714286,14,1.75,159.73333333332567,0.20106574917132394,1,0,1,4,3,23,5,3,29,0,0,0,0,0,6,13,1,0
difficulty-hard,20260712,1,0.12,0.45,0.2,0.18,3,30,9,1997,37436543,2465763239,false,false,795.8999999999335,810.8999999999335,9,6,5,179,21,6,3,4,42,35,7,4,7,0,0.16666666666666666,0.8333333333333334,16,2,159.73333333332567,0.20069522971898357,1,0,1,4,3,26,6,3,33,0,0,0,0,0,5,7,2,0
difficulty-hard,20260712,1,0.12,0.45,0.2,0.18,3,30,9,1998,1231151600,939793689,false,false,788.3999999999403,803.3999999999403,9,6,5,179,19,5,3,5,36,33,3,5,3,0,0.08333333333333333,0.9166666666666666,10,1.25,159.73333333332567,0.20260443091493882,1,0,1,2,1,22,5,3,32,0,0,0,0,0,5,8,1,0
difficulty-hard,20260712,1,0.12,0.45,0.2,0.18,3,30,9,1999,2686240846,1136941615,false,false,794.2666666666016,812.2666666666016,9,7,6,179,23,7,3,10,46,43,3,10,3,0,0.06521739130434782,0.9347826086956522,19,2.375,159.73333333332567,0.20110794023838185,1,0,1,6,3,32,7,3,42,0,0,0,0,0,3,3,2,0
difficulty-hard,20260712,1,0.12,0.45,0.2,0.18,3,30,9,2000,2699673048,3513373010,false,false,798.3999999999312,816.3999999999312,9,7,6,179,14,4,3,0,28,21,7,0,7,0,0.25,0.75,9,1.125,159.73333333332567,0.20006680026720872,1,0,1,2,2,18,4,3,20,0,0,0,0,0,5,10,2,0
difficulty-hard,20260712,1,0.12,0.45,0.2,0.18,3,30,9,2001,2015423811,935657302,false,false,803.7999999999263,818.7999999999263,9,6,5,179,22,7,3,4,38,34,4,4,4,0,0.10526315789473684,0.8947368421052632,19,2.375,159.73333333332567,0.19872273368168739,1,0,1,6,3,30,7,3,34,0,0,0,0,0,3,3,2,0
difficulty-hard,20260712,1,0.12,0.45,0.2,0.18,3,30,9,2002,3167593459,1035460215,false,false,757.0666666666355,772.0666666666355,9,6,5,179,14,4,3,0,30,24,6,0,6,0,0.2,0.8,12,1.5,159.73333333332567,0.2109897851356097,1,0,1,3,3,20,4,3,24,0,0,0,0,0,6,11,2,0
difficulty-hard,20260712,1,0.12,0.45,0.2,0.18,3,30,9,2003,2293584887,1500831278,false,false,797.5666666665986,815.5666666665986,9,7,6,179,19,5,3,0,34,29,5,0,5,0,0.14705882352941177,0.8529411764705882,16,2,159.73333333332567,0.20027583901033055,1,0,1,5,3,23,5,3,28,0,0,0,0,0,9,6,2,0
difficulty-hard,20260712,1,0.12,0.45,0.2,0.18,3,30,9,2004,1921176794,3485525894,false,false,781.6666666666131,796.6666666666131,9,6,5,179,25,8,3,8,47,43,4,8,4,0,0.0851063829787234,0.9148936170212766,24,3,159.73333333332567,0.20434968017057992,1,0,1,8,3,38,8,3,43,0,0,0,0,0,3,7,3,0
difficulty-hard,20260712,1,0.12,0.45,0.2,0.18,3,30,9,2005,406501506,4014543999,false,false,784.2333333332774,799.2333333332774,9,6,5,179,19,5,3,5,37,33,4,5,4,0,0.10810810810810811,0.8918918918918919,14,1.75,159.73333333332567,0.20368087728992698,1,0,1,4,3,25,5,3,31,0,0,0,0,0,6,8,2,0
difficulty-hard,20260712,1,0.12,0.45,0.2,0.18,3,30,9,2006,4196207471,2968107278,false,false,796.8999999999326,814.8999999999326,9,7,6,179,25,7,3,10,48,44,4,10,4,0,0.08333333333333333,0.9166666666666666,20,2.5,159.73333333332567,0.20044338478270698,1,0,1,6,3,31,7,3,42,0,0,0,0,0,5,6,2,0
difficulty-hard,20260712,1,0.12,0.45,0.2,0.18,3,30,9,2007,2000600627,22541613,false,false,764.6666666666285,782.6666666666285,9,7,6,179,23,7,2,8,47,41,6,8,6,0,0.1276595744680851,0.8723404255319149,20,2.5,159.73333333332567,0.2088927637314738,1,0,1,6,2,31,7,2,41,0,0,0,0,0,6,5,3,0
difficulty-hard,20260712,1,0.12,0.45,0.2,0.18,3,30,9,2008,3537866947,684414716,false,false,750.966666666641,768.966666666641,9,7,6,179,15,4,3,2,30,27,3,2,3,0,0.1,0.9,12,1.5,159.73333333332567,0.21270362643703378,1,0,1,3,2,20,4,3,27,0,0,0,0,0,6,8,2,0
difficulty-hard,20260712,1,0.12,0.45,0.2,0.18,3,30,9,2009,2911198320,4090438512,false,false,743.4999999999811,761.4999999999811,9,7,6,179,9,2,2,0,20,17,3,0,3,0,0.15,0.85,6,0.75,159.73333333332567,0.2148397220354132,1,0,1,1,1,14,2,2,16,0,0,0,0,0,4,7,2,0
difficulty-hard,20260712,1,0.12,0.45,0.2,0.18,3,30,9,2010,1138202193,2807773682,false,false,755.7333333333033,770.7333333333033,9,6,5,179,20,6,3,4,38,34,4,4,4,0,0.10526315789473684,0.8947368421052632,17,2.125,159.73333333332567,0.21136203246294816,1,0,1,5,3,26,6,3,34,0,0,0,0,0,2,5,2,0
difficulty-hard,20260712,1,0.12,0.45,0.2,0.18,3,30,9,2011,3031089764,2688395053,false,false,800.0999999999297,818.0999999999297,9,7,6,179,27,9,3,8,51,43,8,8,8,0,0.1568627450980392,0.8431372549019608,22,2.75,159.73333333332567,0.19964171145274306,1,0,1,7,3,37,8,3,42,0,0,0,0,0,5,13,2,0
difficulty-hard,20260712,1,0.12,0.45,0.2,0.18,3,30,9,2012,4096983931,2481884554,false,false,751.4666666666405,766.4666666666405,9,6,5,179,23,7,3,13,51,45,6,13,6,0,0.11764705882352941,0.8823529411764706,21,2.625,159.73333333332567,0.21256210078069274,1,0,1,6,3,39,7,3,44,0,0,0,0,0,6,10,2,0
difficulty-hard,20260712,1,0.12,0.45,0.2,0.18,3,30,9,2013,3180296987,4166589109,false,false,767.8333333332923,785.8333333332923,9,7,6,179,23,7,3,10,47,42,5,10,5,0,0.10638297872340426,0.8936170212765957,18,2.25,159.73333333332567,0.2080312567831572,1,0,1,5,3,30,7,3,41,0,0,0,0,0,5,5,2,0
difficulty-hard,20260712,1,0.12,0.45,0.2,0.18,3,30,9,2014,3713855793,3882562990,false,false,748.0666666666436,766.0666666666436,9,7,6,179,20,6,3,5,45,34,11,5,11,0,0.24444444444444444,0.7555555555555555,19,2.375,159.73333333332567,0.21352820604223857,1,0,1,6,3,29,6,3,34,0,0,0,0,0,5,5,2,0
difficulty-hard,20260712,1,0.12,0.45,0.2,0.18,3,30,9,2015,1202584207,115971460,false,false,759.1333333333002,777.1333333333002,9,7,6,179,24,7,3,17,58,51,7,17,7,0,0.1206896551724138,0.8793103448275862,21,2.625,159.73333333332567,0.21041538596645207,1,0,1,6,3,42,7,3,50,0,0,0,0,0,6,8,2,0
difficulty-hard,20260712,1,0.12,0.45,0.2,0.18,3,30,9,2016,436899160,3647861526,false,false,738.2333333333193,756.2333333333193,9,7,6,179,13,3,2,0,25,22,3,0,3,0,0.12,0.88,8,1,159.73333333332567,0.2163724206438733,1,0,1,2,2,17,3,2,21,0,0,0,0,0,3,5,2,0
difficulty-hard,20260712,1,0.12,0.45,0.2,0.18,3,30,9,2017,1598496511,3211125582,false,false,819.0999999999124,834.0999999999124,9,6,5,179,15,4,3,1,33,26,7,1,7,0,0.21212121212121213,0.7878787878787878,11,1.375,159.73333333332567,0.1950107841940456,1,0,1,3,3,20,4,3,25,0,0,0,0,0,7,10,2,0
difficulty-hard,20260712,1,0.12,0.45,0.2,0.18,3,30,9,2018,545737158,58576244,false,false,748.6999999999764,766.6999999999764,9,7,6,179,16,5,3,3,31,28,3,3,3,0,0.0967741935483871,0.9032258064516129,11,1.375,159.73333333332567,0.21334758025020797,1,0,1,3,2,18,4,3,26,0,0,0,0,0,7,10,2,0
difficulty-hard,20260712,1,0.12,0.45,0.2,0.18,3,30,9,2019,2502068740,3936980901,false,false,798.8666666665974,813.8666666665974,9,6,5,179,17,5,3,3,35,28,7,3,7,0,0.2,0.8,14,1.75,159.73333333332567,0.19994992906618483,1,0,1,4,3,21,4,3,27,0,0,0,0,0,6,14,2,0
difficulty-hard,20260712,1,0.12,0.45,0.2,0.18,3,30,9,2020,3039456290,3274466269,false,false,789.3666666666061,807.3666666666061,9,7,6,179,21,6,3,8,41,37,4,8,4,0,0.0975609756097561,0.9024390243902439,19,2.375,159.73333333332567,0.20235631941219281,1,0,1,5,3,32,6,3,37,0,0,0,0,0,5,14,2,0
difficulty-hard,20260712,1,0.12,0.45,0.2,0.18,3,30,9,2021,1969965127,1835743282,false,false,790.4999999999384,808.4999999999384,9,7,6,179,20,5,3,8,40,38,2,8,2,0,0.05,0.95,16,2,159.73333333332567,0.20206620282522217,1,0,1,4,3,27,5,3,38,0,0,0,0,0,3,5,2,0
difficulty-hard,20260712,1,0.12,0.45,0.2,0.18,3,30,9,2022,2914706235,3780314519,false,false,798.0999999999315,816.0999999999315,9,7,6,179,19,5,3,1,35,30,5,1,5,0,0.14285714285714285,0.8571428571428571,17,2.125,159.73333333332567,0.20014200392599849,1,0,1,5,3,27,5,3,30,0,0,0,0,0,6,12,2,0
difficulty-hard,20260712,1,0.12,0.45,0.2,0.18,3,30,9,2023,4290369282,1696172339,false,false,812.2666666665853,827.2666666665853,9,6,5,179,15,4,2,12,43,36,7,12,7,0,0.16279069767441862,0.8372093023255814,14,1.75,159.73333333332567,0.19665134602758744,1,0,1,4,2,24,4,2,35,0,0,0,0,0,9,5,2,0
difficulty-hard,20260712,1,0.12,0.45,0.2,0.18,3,30,9,2024,2696120072,1734846415,false,false,757.7666666666348,772.7666666666348,9,6,5,179,22,7,3,6,47,38,9,6,9,0,0.19148936170212766,0.8085106382978723,18,2.25,159.73333333332567,0.2107948796903168,1,0,1,6,3,30,7,3,37,0,0,0,0,0,5,8,2,0
difficulty-hard,20260712,1,0.12,0.45,0.2,0.18,3,30,9,2025,3173430762,2116564512,false,false,804.6999999999255,822.6999999999255,9,7,6,179,13,3,3,1,29,24,5,1,5,0,0.1724137931034483,0.8275862068965517,10,1.25,159.73333333332567,0.19850047636801352,1,0,1,2,2,18,3,3,22,0,0,0,0,0,10,5,2,0
difficulty-hard,20260712,1,0.12,0.45,0.2,0.18,3,30,9,2026,60891898,2169283741,false,false,804.2999999999258,822.2999999999258,9,7,6,179,15,4,3,0,29,25,4,0,4,0,0.13793103448275862,0.8620689655172413,13,1.625,159.73333333332567,0.19859919598823872,1,0,1,3,3,21,4,3,25,0,0,0,0,0,7,14,2,0
difficulty-hard,20260712,1,0.12,0.45,0.2,0.18,3,30,9,2027,2497134501,2286431465,false,false,818.2333333332465,836.2333333332465,9,7,6,179,19,6,3,2,36,30,6,2,6,0,0.16666666666666666,0.8333333333333334,14,1.75,159.73333333332567,0.19521733816760822,1,0,1,4,3,21,6,3,29,0,0,0,0,0,5,6,2,0
difficulty-hard,20260712,1,0.12,0.45,0.2,0.18,3,30,9,2028,3222929580,308526568,false,false,756.133333333303,771.133333333303,9,6,5,179,12,3,2,0,23,18,5,0,5,0,0.21739130434782608,0.782608695652174,9,1.125,159.73333333332567,0.21125022041967742,1,0,1,2,2,14,2,2,16,0,0,0,0,0,6,6,2,0
difficulty-hard,20260712,1,0.12,0.45,0.2,0.18,3,30,9,2029,2748218574,643133102,false,false,806.5666666665904,821.5666666665904,9,6,5,179,21,6,3,14,47,45,2,14,2,0,0.0425531914893617,0.9574468085106383,18,2.25,159.73333333332567,0.19804107947267113,1,0,1,5,3,34,6,3,44,0,0,0,0,0,7,8,2,0
difficulty-hard,20260712,1,0.12,0.45,0.2,0.18,3,30,9,2030,3774474773,828836067,false,false,809.7999999999208,824.7999999999208,9,6,5,179,24,7,3,11,56,45,11,11,11,0,0.19642857142857142,0.8035714285714286,20,2.5,159.73333333332567,0.19725034988063878,1,0,1,6,3,34,7,3,44,0,0,0,0,0,3,4,2,0
difficulty-hard,20260712,1,0.12,0.45,0.2,0.18,3,30,9,2031,2967073620,4029187524,false,false,749.199999999976,764.199999999976,9,6,5,179,20,6,3,8,42,38,4,8,4,0,0.09523809523809523,0.9047619047619048,18,2.25,159.73333333332567,0.21320519665420556,1,0,1,5,3,32,6,3,38,0,0,0,0,0,5,5,2,0
difficulty-hard,20260712,1,0.12,0.45,0.2,0.18,3,30,9,2032,2422668774,2015389913,false,false,771.2333333332892,789.2333333332892,9,7,6,179,16,4,3,0,31,26,5,0,5,0,0.16129032258064516,0.8387096774193549,15,1.875,159.73333333332567,0.20711414617279872,1,0,1,4,3,24,4,3,26,0,0,0,0,0,5,8,2,0
difficulty-hard,20260712,1,0.12,0.45,0.2,0.18,3,30,9,2033,4281730206,3954570052,false,false,783.6666666666113,798.6666666666113,9,6,5,179,28,9,3,9,52,47,5,9,5,0,0.09615384615384616,0.9038461538461539,23,2.875,159.73333333332567,0.20382815823054484,1,0,1,7,3,35,9,3,46,0,0,0,0,0,5,5,2,0
difficulty-hard,20260712,1,0.12,0.45,0.2,0.18,3,30,9,2034,16340516,1499808331,false,false,735.1999999999887,753.1999999999887,9,7,6,179,19,6,3,7,40,36,4,7,4,0,0.1,0.9,13,1.625,159.73333333332567,0.21726514327166505,1,0,1,3,3,27,6,3,36,0,0,0,0,0,4,5,2,0
difficulty-hard,20260712,1,0.12,0.45,0.2,0.18,3,30,9,2035,2784986610,2657799575,false,false,793.866666666602,808.866666666602,9,6,5,179,19,5,3,6,40,35,5,6,5,0,0.125,0.875,19,2.375,159.73333333332567,0.20120927107827347,1,0,1,5,3,32,5,3,34,0,0,0,0,0,7,5,2,0
difficulty-hard,20260712,1,0.12,0.45,0.2,0.18,3,30,9,2036,3007314067,3150395677,false,false,803.3999999999266,821.3999999999266,9,7,6,179,17,5,3,4,35,31,4,4,4,0,0.11428571428571428,0.8857142857142857,17,2.125,159.73333333332567,0.1988216745498385,1,0,1,5,3,24,5,3,27,0,0,0,0,0,5,8,2,0
difficulty-hard,20260712,1,0.12,0.45,0.2,0.18,3,30,9,2037,2405475277,2462676017,false,false,805.3333333332582,823.3333333332582,9,7,6,179,20,6,3,8,41,38,3,8,3,0,0.07317073170731707,0.926829268292683,17,2.125,159.73333333332567,0.19834437086093615,1,0,1,5,3,30,6,3,37,0,0,0,0,0,3,4,2,0
difficulty-hard,20260712,1,0.12,0.45,0.2,0.18,3,30,9,2038,3067613862,2857586257,false,false,761.8999999999644,779.8999999999644,9,7,6,179,20,6,3,4,36,32,4,4,4,0,0.1111111111111111,0.8888888888888888,15,1.875,159.73333333332567,0.20965131032068926,1,0,1,4,3,25,6,3,32,0,0,0,0,0,5,5,3,0
difficulty-hard,20260712,1,0.12,0.45,0.2,0.18,3,30,9,2039,2284160155,3892362964,false,false,786.4666666666087,801.4666666666087,9,6,5,179,10,2,2,0,20,19,1,0,1,0,0.05,0.95,6,0.75,159.73333333332567,0.20310248368229733,1,0,1,1,1,12,2,2,17,0,0,0,0,0,8,7,1,0
difficulty-hard,20260712,1,0.12,0.45,0.2,0.18,3,30,9,2040,3557924123,235122884,false,false,818.0999999999133,836.0999999999133,9,7,6,179,18,5,3,4,34,32,2,4,2,0,0.058823529411764705,0.9411764705882353,14,1.75,159.73333333332567,0.19524915454509548,1,0,1,3,2,23,5,3,32,0,0,0,0,0,5,8,2,0
difficulty-hard,20260712,1,0.12,0.45,0.2,0.18,3,30,9,2041,2618706556,605004392,false,false,727.4999999999957,745.4999999999957,9,7,6,179,21,7,3,2,34,31,3,2,3,0,0.08823529411764706,0.9117647058823529,16,2,159.73333333332567,0.21956471935852456,1,0,1,5,3,25,7,3,31,0,0,0,0,0,4,4,1,0
difficulty-hard,20260712,1,0.12,0.45,0.2,0.18,3,30,9,2042,983868296,2012825854,false,false,743.699999999981,758.699999999981,9,6,5,179,16,5,3,0,30,25,5,0,5,0,0.16666666666666666,0.8333333333333334,14,1.75,159.73333333332567,0.21478194612522492,1,0,1,4,2,22,5,3,25,0,0,0,0,0,6,8,2,0
difficulty-hard,20260712,1,0.12,0.45,0.2,0.18,3,30,9,2043,3878109917,2319245414,false,false,778.1999999999496,796.1999999999496,9,7,6,179,23,7,3,6,43,38,5,6,5,0,0.11627906976744186,0.8837209302325582,16,2,159.73333333332567,0.20526000171335906,1,0,1,5,2,27,7,3,37,0,0,0,0,0,4,4,2,0
difficulty-hard,20260712,1,0.12,0.45,0.2,0.18,3,30,9,2044,1054430949,559248569,false,false,793.3333333332691,811.3333333332691,9,7,6,179,13,3,2,0,26,20,6,0,6,0,0.23076923076923078,0.7692307692307693,11,1.375,159.73333333332567,0.2013445378151327,1,0,1,3,2,17,3,2,20,0,0,0,0,0,3,5,2,0
difficulty-hard,20260712,1,0.12,0.45,0.2,0.18,3,30,9,2045,2004967706,470874868,false,false,721.700000000001,739.700000000001,9,7,6,179,15,4,2,3,31,28,3,3,3,0,0.0967741935483871,0.9032258064516129,14,1.75,159.73333333332567,0.22132926885593107,1,0,1,4,2,24,4,2,28,0,0,0,0,0,3,5,2,0
difficulty-hard,20260712,1,0.12,0.45,0.2,0.18,3,30,9,2046,2636764596,3952640028,false,false,730.1666666666599,748.1666666666599,9,7,6,179,18,5,3,6,37,34,3,6,3,0,0.08108108108108109,0.918918918918919,15,1.875,159.73333333332567,0.21876283953434442,1,0,1,4,3,24,5,3,30,0,0,0,0,0,7,5,2,0
difficulty-hard,20260712,1,0.12,0.45,0.2,0.18,3,30,9,2047,1913407800,2439224506,false,false,778.8666666666156,793.8666666666156,9,6,5,179,14,4,3,0,21,21,0,0,0,0,0,1,10,1.25,159.73333333332567,0.20508431053668083,1,0,1,3,3,18,4,3,21,0,0,0,0,0,6,10,1,0
difficulty-hard,20260712,1,0.12,0.45,0.2,0.18,3,30,9,2048,2073786469,319454053,false,false,799.7666666665966,814.7666666665966,9,6,5,179,19,5,3,4,41,33,8,4,8,0,0.1951219512195122,0.8048780487804879,13,1.625,159.73333333332567,0.19972491976827367,1,0,1,3,3,23,5,3,31,0,0,0,0,0,8,8,2,0
difficulty-hard,20260712,1,0.12,0.45,0.2,0.18,3,30,9,2049,3090516991,57940965,false,false,813.0666666665845,831.0666666665845,9,7,6,179,17,5,3,0,28,26,2,0,2,0,0.07142857142857142,0.9285714285714286,11,1.375,159.73333333332567,0.19645785503444796,1,0,1,3,3,19,5,3,24,0,0,0,0,0,6,10,2,0
difficulty-hard,20260712,1,0.12,0.45,0.2,0.18,3,30,9,2050,3183767468,1337802704,false,false,816.3999999999148,834.3999999999148,9,7,6,179,21,6,3,11,46,40,6,11,6,0,0.13043478260869565,0.8695652173913043,18,2.25,159.73333333332567,0.19565572431815573,1,0,1,5,3,33,5,3,38,0,0,0,0,0,6,7,2,0
difficulty-hard,20260712,1,0.12,0.45,0.2,0.18,3,30,9,2051,1595305992,1804948864,false,false,765.0666666666282,780.0666666666282,9,6,5,179,10,2,2,0,20,18,2,0,2,0,0.1,0.9,8,1,159.73333333332567,0.20878354827466064,1,0,1,2,2,15,2,2,18,0,0,0,0,0,6,8,1,0
difficulty-hard,20260712,1,0.12,0.45,0.2,0.18,3,30,9,2052,347291362,3065734741,false,false,751.299999999974,769.299999999974,9,7,6,179,25,8,3,8,49,41,8,8,8,0,0.16326530612244897,0.8367346938775511,20,2.5,159.73333333332567,0.21260925506898867,1,0,1,6,3,32,7,3,38,0,0,0,0,0,7,5,2,0
difficulty-hard,20260712,1,0.12,0.45,0.2,0.18,3,30,9,2053,2949301150,1452146709,false,false,761.3999999999648,779.3999999999648,9,7,6,179,15,4,2,0,27,25,2,0,2,0,0.07407407407407407,0.9259259259259259,14,1.75,159.73333333332567,0.20978898520269643,1,0,1,4,2,23,4,2,25,0,0,0,0,0,5,14,2,0
difficulty-hard,20260712,1,0.12,0.45,0.2,0.18,3,30,9,2054,583007787,1944286481,false,false,812.4333333332518,827.4333333332518,9,6,5,179,23,7,3,9,50,42,8,9,8,0,0.16,0.84,23,2.875,159.73333333332567,0.19661100397982403,1,0,1,7,3,36,7,3,42,0,0,0,0,0,5,10,3,0
difficulty-hard,20260712,1,0.12,0.45,0.2,0.18,3,30,9,2055,291571353,3954947061,false,false,759.5999999999665,774.5999999999665,9,6,5,179,18,5,3,1,31,29,2,1,2,0,0.06451612903225806,0.9354838709677419,17,2.125,159.73333333332567,0.21028611549938483,1,0,1,5,3,26,5,3,29,0,0,0,0,0,5,7,1,0
difficulty-hard,20260712,1,0.12,0.45,0.2,0.18,3,30,9,2056,4258214375,3687288573,false,false,807.833333333256,822.833333333256,9,6,5,179,19,6,3,1,33,29,4,1,4,0,0.12121212121212122,0.8787878787878788,17,2.125,159.73333333332567,0.19773055498247283,1,0,1,5,3,24,6,3,28,0,0,0,0,0,6,8,2,0
difficulty-hard,20260712,1,0.12,0.45,0.2,0.18,3,30,9,2057,3842635503,2063444653,false,false,793.8999999999353,811.8999999999353,9,7,6,179,19,6,3,0,36,26,10,0,10,0,0.2777777777777778,0.7222222222222222,13,1.625,159.73333333332567,0.2012008229416031,1,0,1,4,3,20,6,3,26,0,0,0,0,0,7,8,2,0
difficulty-hard,20260712,1,0.12,0.45,0.2,0.18,3,30,9,2058,3510633248,1512756213,false,false,797.0999999999324,815.0999999999324,9,7,6,179,23,7,3,2,38,33,5,2,5,0,0.13157894736842105,0.868421052631579,15,1.875,159.73333333332567,0.20039309162381033,1,0,1,4,3,24,6,3,32,0,0,0,0,0,3,3,2,0
difficulty-hard,20260712,1,0.12,0.45,0.2,0.18,3,30,9,2059,3980542805,2329889497,false,false,809.6999999999209,827.6999999999209,9,7,6,179,22,6,3,10,49,42,7,10,7,0,0.14285714285714285,0.8571428571428571,21,2.625,159.73333333332567,0.19727471079824785,1,0,1,6,3,36,6,3,41,0,0,0,0,0,5,11,1,0
difficulty-hard,20260712,1,0.12,0.45,0.2,0.18,3,30,9,2060,1909887231,1639445412,false,false,803.1666666665935,818.1666666665935,9,6,5,179,14,3,3,0,27,23,4,0,4,0,0.14814814814814814,0.8518518518518519,10,1.25,159.73333333332567,0.19887943556755372,1,0,1,3,3,16,3,3,23,0,0,0,0,0,6,11,1,0
difficulty-hard,20260712,1,0.12,0.45,0.2,0.18,3,30,9,2061,956707251,4110974093,true,false,778.5333333332826,796.5333333332826,9,7,6,180,17,5,3,2,31,28,3,2,3,0,0.0967741935483871,0.9032258064516129,15,1.875,159.73333333332567,0.2051721185134476,1,1,0,4,3,23,4,3,27,4,3,27,134.6999999998775,0.17301764000670442,7,14,1,0
difficulty-hard,20260712,1,0.12,0.45,0.2,0.18,3,30,9,2062,206401623,583709162,false,false,815.1333333332493,833.1333333332493,9,7,6,179,18,5,2,9,45,37,8,9,8,0,0.17777777777777778,0.8222222222222222,15,1.875,159.73333333332567,0.19595976118427513,1,0,1,4,2,30,5,2,37,0,0,0,0,0,6,10,2,0
difficulty-hard,20260712,1,0.12,0.45,0.2,0.18,3,30,9,2063,2886303242,3446357389,false,false,756.3666666666361,774.3666666666361,9,7,6,179,20,6,3,6,38,35,3,6,3,0,0.07894736842105263,0.9210526315789473,17,2.125,159.73333333332567,0.21118505134194016,1,0,1,5,3,28,6,3,35,0,0,0,0,0,5,7,2,0
difficulty-hard,20260712,1,0.12,0.45,0.2,0.18,3,30,9,2064,4090260079,3573582143,false,false,789.0666666666064,807.0666666666064,9,7,6,179,28,9,3,15,57,53,4,15,4,0,0.07017543859649122,0.9298245614035088,25,3.125,159.73333333332567,0.20243325447786992,1,0,1,8,3,46,9,3,52,0,0,0,0,0,5,11,3,0
difficulty-hard,20260712,1,0.12,0.45,0.2,0.18,3,30,9,2065,127184978,2805860144,false,false,799.8333333332632,817.8333333332632,9,7,6,179,18,5,3,0,33,28,5,0,5,0,0.15151515151515152,0.8484848484848485,13,1.625,159.73333333332567,0.1997082725567906,1,0,1,4,3,21,5,3,26,0,0,0,0,0,9,7,2,0
difficulty-hard,20260712,1,0.12,0.45,0.2,0.18,3,30,9,2066,3950661402,3284908791,false,false,753.5999999999719,771.5999999999719,9,7,6,179,18,5,2,7,43,35,8,7,8,0,0.18604651162790697,0.813953488372093,15,1.875,159.73333333332567,0.21196036801132115,1,0,1,4,2,26,5,2,33,0,0,0,0,0,6,5,2,0
difficulty-hard,20260712,1,0.12,0.45,0.2,0.18,3,30,9,2067,2828615733,4003788518,false,false,803.6333333332598,821.6333333332598,9,7,6,179,21,6,3,5,41,34,7,5,7,0,0.17073170731707318,0.8292682926829268,15,1.875,159.73333333332567,0.19876394707371559,1,0,1,5,3,24,5,3,32,0,0,0,0,0,5,14,3,0
difficulty-hard,20260712,1,0.12,0.45,0.2,0.18,3,30,9,2068,1623362145,1172484070,false,false,756.0333333333031,771.0333333333031,9,6,5,179,17,5,3,0,29,25,4,0,4,0,0.13793103448275862,0.8620689655172413,10,1.25,159.73333333332567,0.21127816233851957,1,0,1,3,2,17,5,3,25,0,0,0,0,0,6,11,2,0
difficulty-hard,20260712,1,0.12,0.45,0.2,0.18,3,30,9,2069,3256952573,1193552417,false,false,822.4999999999093,837.4999999999093,9,6,5,179,23,7,3,6,43,37,6,6,6,0,0.13953488372093023,0.8604651162790697,17,2.125,159.73333333332567,0.19420466058765143,1,0,1,5,3,26,7,3,37,0,0,0,0,0,5,7,2,0
difficulty-hard,20260712,1,0.12,0.45,0.2,0.18,3,30,9,2070,88875112,3798476052,false,false,812.7333333332515,827.7333333332515,9,6,5,179,22,6,2,13,52,45,7,13,7,0,0.1346153846153846,0.8653846153846154,20,2.5,159.73333333332567,0.19653842998934676,1,0,1,5,2,39,6,2,44,0,0,0,0,0,5,5,2,0
difficulty-hard,20260712,1,0.12,0.45,0.2,0.18,3,30,9,2071,2838655708,965996700,false,false,798.0666666665982,816.0666666665982,9,7,6,179,23,7,3,3,39,35,4,3,4,0,0.10256410256410256,0.8974358974358975,18,2.25,159.73333333332567,0.2001503633781715,1,0,1,5,3,29,7,3,35,0,0,0,0,0,4,4,2,0
difficulty-hard,20260712,1,0.12,0.45,0.2,0.18,3,30,9,2072,504097489,1511190671,false,false,740.0999999999842,755.0999999999842,9,6,5,179,26,8,3,4,40,38,2,4,2,0,0.05,0.95,21,2.625,159.73333333332567,0.21582669008691943,1,0,1,6,3,32,8,3,37,0,0,0,0,0,6,11,2,0
difficulty-hard,20260712,1,0.12,0.45,0.2,0.18,3,30,9,2073,542730609,3319973547,false,false,788.7666666666066,806.7666666666066,9,7,6,179,18,5,2,4,37,30,7,4,7,0,0.1891891891891892,0.8108108108108109,13,1.625,159.73333333332567,0.20251024806660758,1,0,1,3,2,26,5,2,30,0,0,0,0,0,6,6,2,0
difficulty-hard,20260712,1,0.12,0.45,0.2,0.18,3,30,9,2074,3131448293,1472224370,false,false,754.9999999999707,769.9999999999707,9,6,5,179,20,6,3,2,35,31,4,2,4,0,0.11428571428571428,0.8857142857142857,16,2,159.73333333332567,0.21156732891832036,1,0,1,5,3,24,6,3,31,0,0,0,0,0,6,14,2,0
difficulty-hard,20260712,1,0.12,0.45,0.2,0.18,3,30,9,2075,2438408818,4118780815,false,false,784.4666666666105,802.4666666666105,9,7,6,179,26,8,3,11,56,47,9,11,9,0,0.16071428571428573,0.8392857142857143,25,3.125,159.73333333332567,0.2036202940426665,1,0,1,8,3,41,8,3,47,0,0,0,0,0,6,5,2,0
difficulty-hard,20260712,1,0.12,0.45,0.2,0.18,3,30,9,2076,3508048409,1764408619,false,false,804.7666666665921,822.7666666665921,9,7,6,179,11,2,2,0,24,20,4,0,4,0,0.16666666666666666,0.8333333333333334,9,1.125,159.73333333332567,0.19848403263886902,1,0,1,2,2,15,2,2,20,0,0,0,0,0,6,14,1,0
difficulty-hard,20260712,1,0.12,0.45,0.2,0.18,3,30,9,2077,3514336570,75792372,false,false,735.3999999999885,753.3999999999885,9,7,6,179,13,4,3,0,27,20,7,0,7,0,0.25925925925925924,0.7407407407407407,8,1,159.73333333332567,0.2172060556613111,1,0,1,2,2,16,4,3,20,0,0,0,0,0,3,5,2,0
difficulty-hard,20260712,1,0.12,0.45,0.2,0.18,3,30,9,2078,3064481876,2519573618,false,false,834.6666666665649,849.6666666665649,9,6,5,179,18,5,3,1,33,27,6,1,6,0,0.18181818181818182,0.8181818181818182,12,1.5,159.73333333332567,0.19137380191694706,1,0,1,3,3,20,4,3,26,0,0,0,0,0,5,11,2,0
difficulty-hard,20260712,1,0.12,0.45,0.2,0.18,3,30,9,2079,1309321002,3154222224,false,false,736.2999999999877,751.2999999999877,9,6,5,179,21,6,3,7,38,36,2,7,2,0,0.05263157894736842,0.9473684210526315,16,2,159.73333333332567,0.2169405586490946,1,0,1,4,3,26,6,3,35,0,0,0,0,0,5,4,2,0
difficulty-hard,20260712,1,0.12,0.45,0.2,0.18,3,30,9,2080,1320473245,2677930679,false,false,762.2333333332974,780.2333333332974,9,7,6,179,19,5,2,4,38,32,6,4,6,0,0.15789473684210525,0.8421052631578947,17,2.125,159.73333333332567,0.20955962741067896,1,0,1,5,2,28,5,2,32,0,0,0,0,0,5,12,2,0
difficulty-hard,20260712,1,0.12,0.45,0.2,0.18,3,30,9,2081,29673420,2409502977,false,false,802.6333333332607,820.6333333332607,9,7,6,179,16,4,3,3,35,29,6,3,6,0,0.17142857142857143,0.8285714285714286,14,1.75,159.73333333332567,0.1990115868599279,1,0,1,4,3,24,4,3,29,0,0,0,0,0,6,8,2,0
difficulty-hard,20260712,1,0.12,0.45,0.2,0.18,3,30,9,2082,943855593,1831956810,false,false,764.0999999999624,782.0999999999624,9,7,6,179,22,6,3,4,40,36,4,4,4,0,0.1,0.9,16,2,159.73333333332567,0.20904768136805854,1,0,1,4,3,26,6,3,35,0,0,0,0,0,6,14,2,0
difficulty-hard,20260712,1,0.12,0.45,0.2,0.18,3,30,9,2083,2225781766,1791653808,false,false,735.6666666666549,750.6666666666549,9,6,5,179,21,6,3,5,36,34,2,5,2,0,0.05555555555555555,0.9444444444444444,13,1.625,159.73333333332567,0.21712732215676694,1,0,1,4,3,22,6,3,34,0,0,0,0,0,2,7,3,0
difficulty-hard,20260712,1,0.12,0.45,0.2,0.18,3,30,9,2084,1076433887,2898912481,false,false,805.7999999999245,823.7999999999245,9,7,6,179,12,3,3,0,23,21,2,0,2,0,0.08695652173913043,0.9130434782608695,12,1.5,159.73333333332567,0.19822950277158183,1,0,1,3,3,19,3,3,21,0,0,0,0,0,5,6,2,0
difficulty-hard,20260712,1,0.12,0.45,0.2,0.18,3,30,9,2085,1463621746,935513348,false,false,751.6333333333071,766.6333333333071,9,6,5,179,17,5,3,1,32,28,4,1,4,0,0.125,0.875,14,1.75,159.73333333332567,0.21251496740431672,1,0,1,4,3,22,5,3,27,0,0,0,0,0,5,5,1,0
difficulty-hard,20260712,1,0.12,0.45,0.2,0.18,3,30,9,2086,1663424032,2757393220,false,false,827.2666666665716,845.2666666665716,9,7,6,179,13,3,2,0,27,23,4,0,4,0,0.14814814814814814,0.8518518518518519,11,1.375,159.73333333332567,0.19308566363124832,1,0,1,3,2,17,3,2,22,0,0,0,0,0,6,8,2,0
difficulty-hard,20260712,1,0.12,0.45,0.2,0.18,3,30,9,2087,642057636,3721215512,false,false,814.7999999999163,829.7999999999163,9,6,5,179,24,8,3,3,43,37,6,3,6,0,0.13953488372093023,0.8604651162790697,19,2.375,159.73333333332567,0.19603992799870162,1,0,1,6,3,26,8,3,37,0,0,0,0,0,6,7,2,0
difficulty-hard,20260712,1,0.12,0.45,0.2,0.18,3,30,9,2088,3870657387,2881757030,false,false,810.0999999999206,828.0999999999206,9,7,6,179,24,7,3,11,53,45,8,11,8,0,0.1509433962264151,0.8490566037735849,23,2.875,159.73333333332567,0.1971773032136049,1,0,1,7,3,37,7,3,44,0,0,0,0,0,7,4,2,0
difficulty-hard,20260712,1,0.12,0.45,0.2,0.18,3,30,9,2089,3346658007,97952584,false,false,729.4999999999939,747.4999999999939,9,7,6,179,21,6,3,11,48,42,6,11,6,0,0.125,0.875,21,2.625,159.73333333332567,0.21896275988118852,1,0,1,6,3,40,6,3,41,0,0,0,0,0,9,5,2,0
difficulty-hard,20260712,1,0.12,0.45,0.2,0.18,3,30,9,2090,330051304,598245759,false,false,793.2333333332692,808.2333333332692,9,6,5,179,16,4,2,3,30,27,3,3,3,0,0.1,0.9,11,1.375,159.73333333332567,0.20136992057823078,1,0,1,2,2,22,4,2,27,0,0,0,0,0,3,5,2,0
difficulty-hard,20260712,1,0.12,0.45,0.2,0.18,3,30,9,2091,1808000344,1657648438,false,false,808.6999999999218,826.6999999999218,9,7,6,179,19,6,3,1,29,28,1,1,1,0,0.034482758620689655,0.9655172413793104,14,1.75,159.73333333332567,0.1975186513334254,1,0,1,4,3,23,6,3,28,0,0,0,0,0,6,10,2,0
difficulty-hard,20260712,1,0.12,0.45,0.2,0.18,3,30,9,2092,2893427103,3550467876,true,false,798.1666666665981,816.1666666665981,9,7,6,180,15,4,3,1,32,26,6,1,6,0,0.1875,0.8125,13,1.625,159.73333333332567,0.2001252871163158,1,1,0,4,3,21,4,3,25,4,3,25,135.966666666543,0.17034871580691754,5,13,2,0
difficulty-hard,20260712,1,0.12,0.45,0.2,0.18,3,30,9,2093,3710805973,1590252397,false,false,748.9333333333095,766.9333333333095,9,7,6,179,20,6,3,5,39,34,5,5,5,0,0.1282051282051282,0.8717948717948718,15,1.875,159.73333333332567,0.21328111091329546,1,0,1,4,3,25,6,3,33,0,0,0,0,0,6,11,2,0
difficulty-hard,20260712,1,0.12,0.45,0.2,0.18,3,30,9,2094,456234437,4092266522,false,false,798.3666666665979,816.3666666665979,9,7,6,179,23,7,3,2,40,35,5,2,5,0,0.125,0.875,19,2.375,159.73333333332567,0.20007515343827745,1,0,1,6,3,29,7,3,35,0,0,0,0,0,3,5,2,0
difficulty-hard,20260712,1,0.12,0.45,0.2,0.18,3,30,9,2095,1629032125,120342748,false,false,789.799999999939,807.799999999939,9,7,6,179,15,4,3,0,29,25,4,0,4,0,0.13793103448275862,0.8620689655172413,12,1.5,159.73333333332567,0.20224529416730566,1,0,1,4,3,20,4,3,25,0,0,0,0,0,3,5,1,0
difficulty-hard,20260712,1,0.12,0.45,0.2,0.18,3,30,9,2096,1266766779,39135601,false,false,804.4999999999256,822.4999999999256,9,7,6,179,15,4,3,3,31,28,3,3,3,0,0.0967741935483871,0.9032258064516129,15,1.875,159.73333333332567,0.19854982390719755,1,0,1,4,3,25,4,3,28,0,0,0,0,0,5,6,2,0
difficulty-hard,20260712,1,0.12,0.45,0.2,0.18,3,30,9,2097,4234065569,4198974975,false,false,763.8666666666293,778.8666666666293,9,6,5,179,17,5,2,0,37,27,10,0,10,0,0.2702702702702703,0.7297297297297297,14,1.75,159.73333333332567,0.20911153779019048,1,0,1,4,2,23,5,2,26,0,0,0,0,0,6,8,2,0
difficulty-hard,20260712,1,0.12,0.45,0.2,0.18,3,30,9,2098,4234263033,922835026,false,false,718.300000000004,733.300000000004,9,6,5,179,24,7,3,13,56,47,9,13,9,0,0.16071428571428573,0.8392857142857143,24,3,159.73333333332567,0.22237690844121505,1,0,1,7,3,42,7,3,45,0,0,0,0,0,7,7,2,0
difficulty-hard,20260712,1,0.12,0.45,0.2,0.18,3,30,9,2099,3964904990,1137859038,false,false,808.6666666665885,826.6666666665885,9,7,6,179,14,4,2,1,27,23,4,1,4,0,0.14814814814814814,0.8518518518518519,12,1.5,159.73333333332567,0.19752679307503024,1,0,1,3,2,20,4,2,23,0,0,0,0,0,6,8,1,0
difficulty-hard,20260712,1,0.12,0.45,0.2,0.18,3,30,9,2100,1622120474,2797977735,false,false,822.0666666665763,837.0666666665763,9,6,5,179,26,8,3,11,52,46,6,11,6,0,0.11538461538461539,0.8846153846153846,21,2.625,159.73333333332567,0.1943070310599423,1,0,1,6,3,33,8,3,46,0,0,0,0,0,6,10,2,0
difficulty-hard,20260712,1,0.12,0.45,0.2,0.18,3,30,9,2101,2551632369,3307647967,false,false,811.4333333332527,829.4333333332527,9,7,6,179,28,9,3,24,66,60,6,24,6,0,0.09090909090909091,0.9090909090909091,23,2.875,159.73333333332567,0.19685330485150748,1,0,1,7,3,41,8,3,58,0,0,0,0,0,7,8,3,0
difficulty-hard,20260712,1,0.12,0.45,0.2,0.18,3,30,9,2102,2998414448,2479273140,false,false,804.433333333259,822.433333333259,9,7,6,179,24,7,3,15,56,49,7,15,7,0,0.125,0.875,24,3,159.73333333332567,0.19856627853976766,1,0,1,7,3,45,7,3,49,0,0,0,0,0,6,11,2,0
difficulty-hard,20260712,1,0.12,0.45,0.2,0.18,3,30,9,2103,2859720443,2264743420,false,false,753.9999999999716,771.9999999999716,9,7,6,179,20,6,3,13,44,43,1,13,1,0,0.022727272727272728,0.9772727272727273,19,2.375,159.73333333332567,0.21184792219274762,1,0,1,6,3,36,6,3,42,0,0,0,0,0,7,6,1,0
difficulty-hard,20260712,1,0.12,0.45,0.2,0.18,3,30,9,2104,1733103611,411029153,false,false,807.9333333332559,825.9333333332559,9,7,6,179,16,4,3,1,36,26,10,1,10,0,0.2777777777777778,0.7222222222222222,10,1.25,159.73333333332567,0.19770608135985765,1,0,1,3,3,17,4,3,26,0,0,0,0,0,6,11,3,0
difficulty-hard,20260712,1,0.12,0.45,0.2,0.18,3,30,9,2105,888541293,3884401304,false,false,787.4333333332745,802.4333333332745,9,6,5,179,22,6,3,6,44,38,6,6,6,0,0.13636363636363635,0.8636363636363636,20,2.5,159.73333333332567,0.202853151589558,1,0,1,5,3,31,6,3,35,0,0,0,0,0,9,5,2,0
difficulty-hard,20260712,1,0.12,0.45,0.2,0.18,3,30,9,2106,3632787383,1556511987,false,false,826.3999999999057,844.3999999999057,9,7,6,179,15,4,3,0,32,25,7,0,7,0,0.21875,0.78125,12,1.5,159.73333333332567,0.19328815747016445,1,0,1,3,2,19,4,3,23,0,0,0,0,0,6,8,2,0
difficulty-hard,20260712,1,0.12,0.45,0.2,0.18,3,30,9,2107,1960230327,1908516676,false,false,786.6333333332752,801.6333333332752,9,6,5,179,25,7,3,17,55,51,4,17,4,0,0.07272727272727272,0.9272727272727272,21,2.625,159.73333333332567,0.20305945167168626,1,0,1,6,3,42,7,3,50,0,0,0,0,0,6,5,2,0
difficulty-hard,20260712,1,0.12,0.45,0.2,0.18,3,30,9,2108,363815624,4241040595,false,false,790.4333333332718,805.4333333332718,9,6,5,179,15,4,3,0,30,24,6,0,6,0,0.2,0.8,12,1.5,159.73333333332567,0.20208324547717046,1,0,1,3,3,19,4,3,24,0,0,0,0,0,4,5,2,0
difficulty-hard,20260712,1,0.12,0.45,0.2,0.18,3,30,9,2109,2886117615,3627081806,false,false,819.7666666665784,837.7666666665784,9,7,6,179,16,4,3,0,26,24,2,0,2,0,0.07692307692307693,0.9230769230769231,11,1.375,159.73333333332567,0.19485219371367,1,0,1,3,3,18,4,3,23,0,0,0,0,0,7,14,2,0
difficulty-hard,20260712,1,0.12,0.45,0.2,0.18,3,30,9,2110,2005598560,3753717153,false,false,808.1999999999223,826.1999999999223,9,7,6,179,26,8,3,18,59,54,5,18,5,0,0.0847457627118644,0.9152542372881356,24,3,159.73333333332567,0.19764084797493323,1,0,1,7,3,46,8,3,54,0,0,0,0,0,6,14,2,0
difficulty-hard,20260712,1,0.12,0.45,0.2,0.18,3,30,9,2111,2557538637,4061119325,false,false,795.4666666666005,813.4666666666005,9,7,6,179,21,6,3,3,38,33,5,3,5,0,0.13157894736842105,0.868421052631579,15,1.875,159.73333333332567,0.20080455916862927,1,0,1,4,3,27,6,3,33,0,0,0,0,0,3,5,2,0
difficulty-hard,20260712,1,0.12,0.45,0.2,0.18,3,30,9,2112,3141936573,731118145,false,false,767.0666666666264,782.0666666666264,9,6,5,179,23,7,3,6,44,38,6,6,6,0,0.13636363636363635,0.8636363636363636,18,2.25,159.73333333332567,0.2082391795584922,1,0,1,5,3,30,7,3,38,0,0,0,0,0,5,7,2,0
difficulty-hard,20260712,1,0.12,0.45,0.2,0.18,3,30,9,2113,1563997438,3173973779,false,false,780.6999999999473,795.6999999999473,9,6,5,179,24,7,3,10,49,44,5,10,5,0,0.10204081632653061,0.8979591836734694,21,2.625,159.73333333332567,0.20460270697237923,1,0,1,6,3,36,7,3,42,0,0,0,0,0,6,8,2,0
difficulty-hard,20260712,1,0.12,0.45,0.2,0.18,3,30,9,2114,1340996967,375837880,false,false,809.6333333332543,827.6333333332543,9,7,6,179,21,6,3,6,42,36,6,6,6,0,0.14285714285714285,0.8571428571428571,17,2.125,159.73333333332567,0.19729095475319025,1,0,1,5,3,30,6,3,35,0,0,0,0,0,6,8,2,0
difficulty-hard,20260712,1,0.12,0.45,0.2,0.18,3,30,9,2115,339269723,905315404,false,false,746.8333333333114,761.8333333333114,9,6,5,177,20,6,2,11,45,41,4,11,4,0,0.08888888888888889,0.9111111111111111,20,2.5,159.73333333332567,0.21388083017183265,1,0,1,6,2,38,6,2,41,0,0,0,0,0,11,5,2,0
difficulty-hard,20260712,1,0.12,0.45,0.2,0.18,3,30,9,2116,3157202117,125668372,false,false,802.7666666665939,820.7666666665939,9,7,6,179,14,4,2,2,32,24,8,2,8,0,0.25,0.75,10,1.25,159.73333333332567,0.19897853257485382,1,0,1,3,2,17,4,2,24,0,0,0,0,0,6,5,2,0
difficulty-hard,20260712,1,0.12,0.45,0.2,0.18,3,30,9,2117,561052248,1471155989,false,false,823.4666666665751,841.4666666665751,9,7,6,179,24,7,3,9,47,41,6,9,6,0,0.1276595744680851,0.8723404255319149,20,2.5,159.73333333332567,0.19397668393783613,1,0,1,6,3,31,6,3,39,0,0,0,0,0,8,6,2,0
difficulty-hard,20260712,1,0.12,0.45,0.2,0.18,3,30,9,2118,3872293327,1111967926,false,false,801.566666666595,816.566666666595,9,6,5,179,9,2,2,2,25,21,4,2,4,0,0.16,0.84,9,1.125,159.73333333332567,0.19927641701668394,1,0,1,2,2,18,2,2,21,0,0,0,0,0,5,11,1,0
difficulty-hard,20260712,1,0.12,0.45,0.2,0.18,3,30,9,2119,2345909574,522668961,false,false,807.6999999999227,825.6999999999227,9,7,6,179,21,6,3,4,39,34,5,4,5,0,0.1282051282051282,0.8717948717948718,16,2,159.73333333332567,0.19776319590608016,1,0,1,5,3,26,6,3,33,0,0,0,0,0,4,5,2,0
difficulty-hard,20260712,1,0.12,0.45,0.2,0.18,3,30,9,2120,2789255849,2558245183,false,false,813.0666666665845,831.0666666665845,9,7,6,179,22,6,3,11,51,42,9,11,9,0,0.17647058823529413,0.8235294117647058,17,2.125,159.73333333332567,0.19645785503444796,1,0,1,4,3,31,5,3,40,0,0,0,0,0,6,8,2,0
difficulty-hard,20260712,1,0.12,0.45,0.2,0.18,3,30,9,2121,4145236384,3483964509,false,false,804.8333333332587,819.8333333332587,9,6,5,179,18,5,3,2,31,28,3,2,3,0,0.0967741935483871,0.9032258064516129,13,1.625,159.73333333332567,0.19846759163388755,1,0,1,3,2,21,4,3,24,0,0,0,0,0,7,8,2,0
difficulty-hard,20260712,1,0.12,0.45,0.2,0.18,3,30,9,2122,3564641045,3554244168,false,false,782.7999999999454,800.7999999999454,9,7,6,179,29,8,3,13,59,52,7,13,7,0,0.11864406779661017,0.8813559322033898,26,3.25,159.73333333332567,0.20405382388009302,1,0,1,7,3,44,8,3,52,0,0,0,0,0,5,5,2,0
difficulty-hard,20260712,1,0.12,0.45,0.2,0.18,3,30,9,2123,1133446601,2230259196,false,false,766.1999999999605,784.1999999999605,9,7,6,179,22,6,3,13,48,45,3,13,3,0,0.0625,0.9375,17,2.125,159.73333333332567,0.20847472374488896,1,0,1,4,3,37,6,3,44,0,0,0,0,0,7,7,2,0
difficulty-hard,20260712,1,0.12,0.45,0.2,0.18,3,30,9,2124,3248533293,2912247949,false,false,770.6999999999564,788.6999999999564,9,7,6,179,17,5,3,0,30,25,5,0,5,0,0.16666666666666666,0.8333333333333334,13,1.625,159.73333333332567,0.20725747156265045,1,0,1,4,2,20,5,3,25,0,0,0,0,0,5,14,2,0
difficulty-hard,20260712,1,0.12,0.45,0.2,0.18,3,30,9,2125,3464728629,1460588567,false,false,822.9999999999088,840.9999999999088,9,7,6,179,13,3,2,0,28,22,6,0,6,0,0.21428571428571427,0.7857142857142857,12,1.5,159.73333333332567,0.19408667476712438,1,0,1,3,2,18,3,2,21,0,0,0,0,0,6,8,2,0
difficulty-hard,20260712,1,0.12,0.45,0.2,0.18,3,30,9,2126,572265198,3463933528,false,false,808.5999999999219,823.5999999999219,9,6,5,179,20,6,3,6,44,35,9,6,9,0,0.20454545454545456,0.7954545454545454,16,2,159.73333333332567,0.19754307857202708,1,0,1,5,3,28,6,3,33,0,0,0,0,0,6,6,2,0
difficulty-hard,20260712,1,0.12,0.45,0.2,0.18,3,30,9,2127,600852846,1369888517,false,false,767.6333333332925,785.6333333332925,9,7,6,179,22,6,3,10,45,41,4,10,4,0,0.08888888888888889,0.9111111111111111,18,2.25,159.73333333332567,0.20808545746667353,1,0,1,5,3,30,6,3,40,0,0,0,0,0,9,8,2,0
difficulty-hard,20260712,1,0.12,0.45,0.2,0.18,3,30,9,2128,1948052602,3235844933,false,false,743.2333333333147,758.2333333333147,9,6,5,179,14,4,3,0,26,22,4,0,4,0,0.15384615384615385,0.8461538461538461,8,1,159.73333333332567,0.21491680495133383,1,0,1,2,2,16,4,3,22,0,0,0,0,0,3,4,2,0
difficulty-hard,20260712,1,0.12,0.45,0.2,0.18,3,30,9,2129,2847923962,3343389619,false,false,791.4666666666042,806.4666666666042,9,6,5,179,16,4,2,5,37,31,6,5,6,0,0.16216216216216217,0.8378378378378378,13,1.625,159.73333333332567,0.2018194070080925,1,0,1,4,2,21,4,2,28,0,0,0,0,0,6,4,2,0
difficulty-hard,20260712,1,0.12,0.45,0.2,0.18,3,30,9,2130,157993229,3007378582,false,false,768.2999999999586,786.2999999999586,9,7,6,179,24,7,3,10,49,43,6,10,6,0,0.12244897959183673,0.8775510204081632,23,2.875,159.73333333332567,0.20790489826022945,1,0,1,7,3,40,7,3,43,0,0,0,0,0,8,7,2,0
difficulty-hard,20260712,1,0.12,0.45,0.2,0.18,3,30,9,2131,4192459605,2902091076,false,false,777.033333333284,795.033333333284,9,7,6,179,17,5,3,2,31,29,2,2,2,0,0.06451612903225806,0.9354838709677419,13,1.625,159.73333333332567,0.20556818669298077,1,0,1,3,2,24,5,3,29,0,0,0,0,0,3,5,2,0
difficulty-hard,20260712,1,0.12,0.45,0.2,0.18,3,30,9,2132,3634367615,1067847577,false,false,826.5999999999055,841.5999999999055,9,6,5,179,22,6,3,6,41,38,3,6,3,0,0.07317073170731707,0.926829268292683,18,2.25,159.73333333332567,0.1932413904347253,1,0,1,5,3,31,6,3,37,0,0,0,0,0,6,8,1,0
difficulty-hard,20260712,1,0.12,0.45,0.2,0.18,3,30,9,2133,2578505909,967295762,false,false,778.9333333332822,796.9333333332822,9,7,6,179,22,6,3,8,42,38,4,8,4,0,0.09523809523809523,0.9047619047619048,19,2.375,159.73333333332567,0.2050667579596065,1,0,1,5,3,33,6,3,38,0,0,0,0,0,7,10,3,0
difficulty-hard,20260712,1,0.12,0.45,0.2,0.18,3,30,9,2134,20639332,1522143128,false,false,789.033333333273,804.033333333273,9,6,5,179,23,7,3,11,49,43,6,11,6,0,0.12244897959183673,0.8775510204081632,19,2.375,159.73333333332567,0.20244180642981438,1,0,1,5,3,37,7,3,43,0,0,0,0,0,3,3,2,0
difficulty-hard,20260712,1,0.12,0.45,0.2,0.18,3,30,9,2135,95804372,3798761424,false,false,808.1333333332557,823.1333333332557,9,6,5,179,18,5,3,5,33,32,1,5,1,0,0.030303030303030304,0.9696969696969697,12,1.5,159.73333333332567,0.197657152285111,1,0,1,3,2,21,5,3,31,0,0,0,0,0,7,10,1,0
difficulty-hard,20260712,1,0.12,0.45,0.2,0.18,3,30,9,2136,3327110207,3575680048,false,false,752.3666666666397,770.3666666666397,9,7,6,179,24,7,3,10,49,44,5,10,5,0,0.10204081632653061,0.8979591836734694,20,2.5,159.73333333332567,0.21230782862965494,1,0,1,6,3,33,7,3,44,0,0,0,0,0,4,4,3,0
difficulty-hard,20260712,1,0.12,0.45,0.2,0.18,3,30,9,2137,2831740207,3066734434,false,false,810.6666666665867,825.6666666665867,9,6,5,179,13,3,3,0,22,20,2,0,2,0,0.09090909090909091,0.9090909090909091,12,1.5,159.73333333332567,0.1970394736842205,1,0,1,3,3,19,3,3,20,0,0,0,0,0,6,10,1,0
difficulty-hard,20260712,1,0.12,0.45,0.2,0.18,3,30,9,2138,2119554907,3223911483,true,false,792.6666666666031,810.6666666666031,9,7,6,180,22,7,3,3,41,34,7,3,7,0,0.17073170731707318,0.8292682926829268,19,2.375,159.73333333332567,0.2015138772077441,1,1,0,6,3,29,6,3,31,6,3,31,135.13333333321043,0.17047939444897553,6,14,3,0
difficulty-hard,20260712,1,0.12,0.45,0.2,0.18,3,30,9,2139,2790241505,1949488697,false,false,782.1666666666126,797.1666666666126,9,6,5,179,20,6,3,5,35,33,2,5,2,0,0.05714285714285714,0.9428571428571428,15,1.875,159.73333333332567,0.20421904964841683,1,0,1,4,2,25,6,3,33,0,0,0,0,0,5,6,2,0
difficulty-hard,20260712,1,0.12,0.45,0.2,0.18,3,30,9,2140,2891559488,3443548265,false,false,783.633333333278,801.633333333278,9,7,6,179,23,6,3,12,51,45,6,12,6,0,0.11764705882352941,0.8823529411764706,19,2.375,159.73333333332567,0.20383682844868387,1,0,1,5,3,32,6,3,44,0,0,0,0,0,6,5,2,0
difficulty-hard,20260712,1,0.12,0.45,0.2,0.18,3,30,9,2141,819421873,957753860,false,false,816.9999999999143,834.9999999999143,9,7,6,179,23,7,3,6,43,39,4,6,4,0,0.09302325581395349,0.9069767441860465,23,2.875,159.73333333332567,0.1955120359037239,1,0,1,7,3,32,7,3,39,0,0,0,0,0,6,10,2,0
difficulty-hard,20260712,1,0.12,0.45,0.2,0.18,3,30,9,2142,2323009037,2782765860,false,false,778.0666666666164,793.0666666666164,9,6,5,179,19,5,3,9,43,37,6,9,6,0,0.13953488372093023,0.8604651162790697,17,2.125,159.73333333332567,0.20529517607746037,1,0,1,4,3,33,5,3,37,0,0,0,0,0,6,11,2,0
difficulty-hard,20260712,1,0.12,0.45,0.2,0.18,3,30,9,2143,1590421762,2683361875,false,false,746.4999999999784,761.4999999999784,9,6,5,179,18,5,2,2,33,29,4,2,4,0,0.12121212121212122,0.8787878787878788,15,1.875,159.73333333332567,0.21397633400312163,1,0,1,4,2,23,5,2,28,0,0,0,0,0,6,10,2,0
difficulty-hard,20260712,1,0.12,0.45,0.2,0.18,3,30,9,2144,946956178,652041593,false,false,808.3333333332555,826.3333333332555,9,7,6,179,25,7,3,3,41,38,3,3,3,0,0.07317073170731707,0.926829268292683,18,2.25,159.73333333332567,0.19760824742268995,1,0,1,5,3,29,7,3,37,0,0,0,0,0,6,14,2,0
difficulty-hard,20260712,1,0.12,0.45,0.2,0.18,3,30,9,2145,2050428293,3856948571,false,false,766.4999999999602,784.4999999999602,9,7,6,179,16,5,3,2,30,26,4,2,4,0,0.13333333333333333,0.8666666666666667,14,1.75,159.73333333332567,0.20839312894107498,1,0,1,4,3,24,5,3,26,0,0,0,0,0,6,5,1,0
difficulty-hard,20260712,1,0.12,0.45,0.2,0.18,3,30,9,2146,4261176638,3593274647,false,false,769.7666666666239,784.7666666666239,9,6,5,179,22,6,3,4,43,36,7,4,7,0,0.16279069767441862,0.8372093023255814,19,2.375,159.73333333332567,0.2075087688910075,1,0,1,6,3,29,6,3,36,0,0,0,0,0,5,7,2,0
difficulty-hard,20260712,1,0.12,0.45,0.2,0.18,3,30,9,2147,3915353161,2436058269,false,false,768.8666666666247,786.8666666666247,9,7,6,179,24,7,3,10,49,43,6,10,6,0,0.12244897959183673,0.8775510204081632,20,2.5,159.73333333332567,0.20775166912338644,1,0,1,6,3,32,7,3,43,0,0,0,0,0,4,5,2,0
difficulty-hard,20260712,1,0.12,0.45,0.2,0.18,3,30,9,2148,3389495939,2936924011,false,false,784.4999999999438,799.4999999999438,9,6,5,179,23,7,3,6,40,37,3,6,3,0,0.075,0.925,20,2.5,159.73333333332567,0.20361164223497402,1,0,1,6,3,31,7,3,37,0,0,0,0,0,3,4,1,0
difficulty-hard,20260712,1,0.12,0.45,0.2,0.18,3,30,9,2149,1949963189,2451533682,false,false,806.5333333332571,821.5333333332571,9,6,5,179,18,5,3,1,31,29,2,1,2,0,0.06451612903225806,0.9354838709677419,17,2.125,159.73333333332567,0.19804926434122264,1,0,1,5,3,25,5,3,29,0,0,0,0,0,6,7,1,0
difficulty-hard,20260712,1,0.12,0.45,0.2,0.18,3,30,9,2150,786013643,4103134425,false,false,812.5333333332517,827.5333333332517,9,6,5,179,21,6,3,2,33,30,3,2,3,0,0.09090909090909091,0.9090909090909091,15,1.875,159.73333333332567,0.19658680669512027,1,0,1,4,3,24,6,3,30,0,0,0,0,0,5,11,2,0
difficulty-hard,20260712,1,0.12,0.45,0.2,0.18,3,30,9,2151,689203113,512460554,false,false,741.833333333316,759.833333333316,9,7,6,179,21,6,3,12,46,43,3,12,3,0,0.06521739130434782,0.9347826086956522,18,2.25,159.73333333332567,0.21532239946079004,1,0,1,5,3,36,6,3,41,0,0,0,0,0,5,6,2,0
difficulty-hard,20260712,1,0.12,0.45,0.2,0.18,3,30,9,2152,2949584134,3058270107,false,false,758.9666666666337,773.9666666666337,9,6,5,179,24,7,2,12,50,46,4,12,4,0,0.08,0.92,20,2.5,159.73333333332567,0.2104615925161394,1,0,1,6,2,32,7,2,44,0,0,0,0,0,6,4,2,0
difficulty-hard,20260712,1,0.12,0.45,0.2,0.18,3,30,9,2153,1163486067,723154654,false,false,756.8666666666356,774.8666666666356,9,7,6,179,23,6,3,12,49,45,4,12,4,0,0.08163265306122448,0.9183673469387755,22,2.75,159.73333333332567,0.21104553862415074,1,0,1,6,3,40,6,3,43,0,0,0,0,0,7,7,2,0
difficulty-hard,20260712,1,0.12,0.45,0.2,0.18,3,30,9,2154,2466045006,3751671028,false,false,757.1666666666354,775.1666666666354,9,7,6,179,18,5,3,0,28,26,2,0,2,0,0.07142857142857142,0.9285714285714286,14,1.75,159.73333333332567,0.2109619194364943,1,0,1,4,3,21,5,3,26,0,0,0,0,0,5,12,1,0
difficulty-hard,20260712,1,0.12,0.45,0.2,0.18,3,30,9,2155,2106603399,3430670983,false,false,769.5333333332908,784.5333333332908,9,6,5,179,24,7,3,3,43,37,6,3,6,0,0.13953488372093023,0.8604651162790697,20,2.5,159.73333333332567,0.20757168846920365,1,0,1,6,3,29,7,3,37,0,0,0,0,0,5,5,2,0
difficulty-hard,20260712,1,0.12,0.45,0.2,0.18,3,30,9,2156,3259513666,3812887602,false,false,780.999999999947,798.999999999947,9,7,6,179,21,6,3,6,45,37,8,6,8,0,0.17777777777777778,0.8222222222222222,19,2.375,159.73333333332567,0.2045241143832734,1,0,1,6,3,30,6,3,36,0,0,0,0,0,6,14,2,0
difficulty-hard,20260712,1,0.12,0.45,0.2,0.18,3,30,9,2157,929743779,1675120562,false,false,766.1333333332939,781.1333333332939,9,6,5,179,18,5,3,4,38,31,7,4,7,0,0.18421052631578946,0.8157894736842105,16,2,159.73333333332567,0.20849286460146263,1,0,1,5,3,29,5,3,31,0,0,0,0,0,5,8,2,0
difficulty-hard,20260712,1,0.12,0.45,0.2,0.18,3,30,9,2158,137404675,2953234225,false,false,785.8999999999426,803.8999999999426,9,7,6,179,20,5,3,5,35,34,1,5,1,0,0.02857142857142857,0.9714285714285714,14,1.75,159.73333333332567,0.20324892904101965,1,0,1,4,3,21,5,3,33,0,0,0,0,0,3,7,2,0
difficulty-hard,20260712,1,0.12,0.45,0.2,0.18,3,30,9,2159,1313664204,3061042099,false,false,785.3666666666097,800.3666666666097,9,6,5,179,17,5,3,0,30,25,5,0,5,0,0.16666666666666666,0.8333333333333334,15,1.875,159.73333333332567,0.20338695301558157,1,0,1,4,3,23,5,3,25,0,0,0,0,0,5,13,1,0
difficulty-hard,20260712,1,0.12,0.45,0.2,0.18,3,30,9,2160,2163201979,1798738584,false,false,787.933333333274,802.933333333274,9,6,5,179,20,6,3,0,36,29,7,0,7,0,0.19444444444444445,0.8055555555555556,16,2,159.73333333332567,0.20272442677045988,1,0,1,5,3,25,6,3,29,0,0,0,0,0,3,7,2,0
difficulty-hard,20260712,1,0.12,0.45,0.2,0.18,3,30,9,2161,3836369886,2904858519,false,false,771.433333333289,786.433333333289,9,6,5,179,18,5,3,4,41,31,10,4,10,0,0.24390243902439024,0.7560975609756098,16,2,159.73333333332567,0.20706045024413625,1,0,1,4,3,26,5,3,31,0,0,0,0,0,5,5,2,0
difficulty-hard,20260712,1,0.12,0.45,0.2,0.18,3,30,9,2162,1122802648,2776368710,false,false,782.6666666666122,797.6666666666122,9,6,5,179,21,6,3,7,45,38,7,7,7,0,0.15555555555555556,0.8444444444444444,21,2.625,159.73333333332567,0.20408858603066882,1,0,1,6,3,34,6,3,38,0,0,0,0,0,3,5,2,0
difficulty-hard,20260712,1,0.12,0.45,0.2,0.18,3,30,9,2163,1422201613,2727668168,false,false,784.3999999999439,802.3999999999439,9,7,6,179,23,7,3,5,46,36,10,5,10,0,0.21739130434782608,0.782608695652174,15,1.875,159.73333333332567,0.20363759986401975,1,0,1,4,3,27,6,3,34,0,0,0,0,0,8,7,2,0
difficulty-hard,20260712,1,0.12,0.45,0.2,0.18,3,30,9,2164,3106842267,4258909971,false,false,799.5999999999301,817.5999999999301,9,7,6,179,20,5,3,10,46,40,6,10,6,0,0.13043478260869565,0.8695652173913043,19,2.375,159.73333333332567,0.19976654994164536,1,0,1,5,3,35,5,3,39,0,0,0,0,0,3,4,2,0
difficulty-hard,20260712,1,0.12,0.45,0.2,0.18,3,30,9,2165,3908144564,1264519782,false,false,746.999999999978,764.999999999978,9,7,6,179,18,5,3,4,39,32,7,4,7,0,0.1794871794871795,0.8205128205128205,17,2.125,159.73333333332567,0.21383311021864845,1,0,1,5,3,28,5,3,32,0,0,0,0,0,6,11,2,0
difficulty-hard,20260712,1,0.12,0.45,0.2,0.18,3,30,9,2166,179398960,4206099280,false,false,797.933333333265,812.933333333265,9,6,5,179,24,7,3,8,45,42,3,8,3,0,0.06666666666666667,0.9333333333333333,21,2.625,159.73333333332567,0.20018380817111625,1,0,1,6,3,37,7,3,42,0,0,0,0,0,7,8,2,0
difficulty-hard,20260712,1,0.12,0.45,0.2,0.18,3,30,9,2167,3724557155,3617710698,false,false,799.1999999999305,817.1999999999305,9,7,6,179,22,6,3,12,53,44,9,12,9,0,0.16981132075471697,0.8301886792452831,19,2.375,159.73333333332567,0.19986653319987435,1,0,1,6,3,34,6,3,44,0,0,0,0,0,6,10,3,0
difficulty-hard,20260712,1,0.12,0.45,0.2,0.18,3,30,9,2168,1489381201,2283675427,false,false,807.9666666665892,825.9666666665892,9,7,6,179,18,5,3,5,38,33,5,5,5,0,0.13157894736842105,0.868421052631579,17,2.125,159.73333333332567,0.197697924831892,1,0,1,5,3,26,5,3,31,0,0,0,0,0,6,5,2,0
difficulty-hard,20260712,1,0.12,0.45,0.2,0.18,3,30,9,2169,3360845659,2602918329,false,false,760.7333333332988,775.7333333332988,9,6,5,179,19,5,3,5,37,34,3,5,3,0,0.08108108108108109,0.918918918918919,17,2.125,159.73333333332567,0.20997283323109228,1,0,1,4,3,30,5,3,34,0,0,0,0,0,6,11,2,0
difficulty-hard,20260712,1,0.12,0.45,0.2,0.18,3,30,9,2170,108383616,2530697710,false,false,744.69999999998,762.69999999998,9,7,6,179,26,8,3,14,54,50,4,14,4,0,0.07407407407407407,0.9259259259259259,23,2.875,159.73333333332567,0.21449353207107555,1,0,1,7,3,42,8,3,49,0,0,0,0,0,3,4,2,0
difficulty-hard,20260712,1,0.12,0.45,0.2,0.18,3,30,9,2171,719902299,3714532408,false,false,812.1999999999186,827.1999999999186,9,6,5,179,20,5,3,4,40,34,6,4,6,0,0.15,0.85,18,2.25,159.73333333332567,0.19666748748256793,1,0,1,5,3,26,5,3,32,0,0,0,0,0,6,13,2,0
difficulty-hard,20260712,1,0.12,0.45,0.2,0.18,3,30,9,2172,4193598250,3723782471,false,false,804.0333333332594,819.0333333332594,9,6,5,179,22,6,3,9,42,40,2,9,2,0,0.047619047619047616,0.9523809523809523,18,2.25,159.73333333332567,0.19866506363750305,1,0,1,5,3,30,6,3,38,0,0,0,0,0,9,5,2,0
difficulty-hard,20260712,1,0.12,0.45,0.2,0.18,3,30,9,2173,1242948103,125994331,false,false,821.9999999999097,836.9999999999097,9,6,5,179,22,7,3,21,58,51,7,21,7,0,0.1206896551724138,0.8793103448275862,18,2.25,159.73333333332567,0.19432278994323993,1,0,1,5,3,39,6,3,49,0,0,0,0,0,6,10,2,0
difficulty-hard,20260712,1,0.12,0.45,0.2,0.18,3,30,9,2174,26082106,4112855178,false,false,751.9999999999734,766.9999999999734,9,6,5,179,15,4,3,0,28,25,3,0,3,0,0.10714285714285714,0.8928571428571429,10,1.25,159.73333333332567,0.21241134751772783,1,0,1,3,3,17,4,3,23,0,0,0,0,0,8,7,1,0
difficulty-hard,20260712,1,0.12,0.45,0.2,0.18,3,30,9,2175,856960811,3427388132,false,false,791.0333333332712,806.0333333332712,9,6,5,179,21,6,3,7,42,37,5,7,5,0,0.11904761904761904,0.8809523809523809,16,2,159.73333333332567,0.20192996502465746,1,0,1,4,3,28,6,3,37,0,0,0,0,0,3,3,2,0
difficulty-hard,20260712,1,0.12,0.45,0.2,0.18,3,30,9,2176,3426546989,2821251002,false,false,779.9333333332813,797.9333333332813,9,7,6,179,22,6,3,11,46,43,3,11,3,0,0.06521739130434782,0.9347826086956522,22,2.75,159.73333333332567,0.20480382938713093,1,0,1,6,3,38,6,3,43,0,0,0,0,0,3,4,2,0
difficulty-hard,20260712,1,0.12,0.45,0.2,0.18,3,30,9,2177,569401455,262460169,false,false,803.2666666665934,821.2666666665934,9,7,6,179,23,6,3,13,50,46,4,13,4,0,0.08,0.92,21,2.625,159.73333333332567,0.19885467673666724,1,0,1,6,3,32,6,3,44,0,0,0,0,0,8,10,2,0
difficulty-hard,20260712,1,0.12,0.45,0.2,0.18,3,30,9,2178,3036737634,1594483000,false,false,802.1666666665944,820.1666666665944,9,7,6,179,22,6,2,7,40,39,1,7,1,0,0.025,0.975,18,2.25,159.73333333332567,0.19912736339082493,1,0,1,5,2,29,6,2,38,0,0,0,0,0,7,12,2,0
difficulty-hard,20260712,1,0.12,0.45,0.2,0.18,3,30,9,2179,42483717,1733355348,false,false,788.8999999999398,806.8999999999398,9,7,6,179,20,6,2,6,37,36,1,6,1,0,0.02702702702702703,0.972972972972973,15,1.875,159.73333333332567,0.20247602146449215,1,0,1,4,2,27,6,2,35,0,0,0,0,0,5,8,1,0
difficulty-hard,20260712,1,0.12,0.45,0.2,0.18,3,30,9,2180,98661686,1565424159,false,false,739.6666666666513,757.6666666666513,9,7,6,179,24,7,3,10,47,42,5,10,5,0,0.10638297872340426,0.8936170212765957,19,2.375,159.73333333332567,0.21595313204145425,1,0,1,5,3,37,6,3,41,0,0,0,0,0,5,5,2,0
difficulty-hard,20260712,1,0.12,0.45,0.2,0.18,3,30,9,2181,2067246372,2016747405,false,false,808.7666666665884,826.7666666665884,9,7,6,179,27,8,3,18,60,54,6,18,6,0,0.1,0.9,26,3.25,159.73333333332567,0.19750236986358793,1,0,1,8,3,47,8,3,52,0,0,0,0,0,7,8,3,0
difficulty-hard,20260712,1,0.12,0.45,0.2,0.18,3,30,9,2182,626824110,498967195,false,false,748.4666666666433,766.4666666666433,9,7,6,179,20,5,3,7,46,37,9,7,9,0,0.1956521739130435,0.8043478260869565,18,2.25,159.73333333332567,0.2134140910305478,1,0,1,5,3,31,5,3,36,0,0,0,0,0,5,10,3,0
difficulty-hard,20260712,1,0.12,0.45,0.2,0.18,3,30,9,2183,3285447346,295770840,true,false,782.1666666666126,800.1666666666126,9,7,6,180,17,5,3,0,29,26,3,0,3,0,0.10344827586206896,0.896551724137931,13,1.625,159.73333333332567,0.20421904964841683,1,1,0,4,3,21,4,3,24,4,3,25,129.2333333332158,0.16522480289779423,5,11,3,0
difficulty-hard,20260712,1,0.12,0.45,0.2,0.18,3,30,9,2184,1263040528,1709681725,false,false,806.6666666665903,824.6666666665903,9,7,6,179,13,3,1,0,25,20,5,0,5,0,0.2,0.8,7,0.875,159.73333333332567,0.19801652892562907,1,0,1,1,1,15,3,1,20,0,0,0,0,0,6,11,2,0
difficulty-hard,20260712,1,0.12,0.45,0.2,0.18,3,30,9,2185,3907884150,2009856576,false,false,787.2999999999413,805.2999999999413,9,7,6,179,20,6,3,1,34,30,4,1,4,0,0.11764705882352941,0.8823529411764706,16,2,159.73333333332567,0.2028875058215897,1,0,1,5,3,24,6,3,28,0,0,0,0,0,3,5,3,0
difficulty-hard,20260712,1,0.12,0.45,0.2,0.18,3,30,9,2186,1627024028,2760213647,false,false,818.06666666658,836.06666666658,9,7,6,179,17,4,2,4,36,31,5,4,5,0,0.1388888888888889,0.8611111111111112,15,1.875,159.73333333332567,0.19525711025997383,1,0,1,4,2,24,4,2,31,0,0,0,0,0,6,9,2,0
difficulty-hard,20260712,1,0.12,0.45,0.2,0.18,3,30,9,2187,2719842617,1667089576,false,false,797.2666666665989,815.2666666665989,9,7,6,179,22,6,3,12,50,44,6,12,6,0,0.12,0.88,22,2.75,159.73333333332567,0.2003511999331122,1,0,1,6,3,40,6,3,44,0,0,0,0,0,4,4,2,0
difficulty-hard,20260712,1,0.12,0.45,0.2,0.18,3,30,9,2188,1591185723,3156256189,false,false,714.000000000008,732.000000000008,9,7,6,179,25,7,3,15,55,50,5,15,5,0,0.09090909090909091,0.9090909090909091,22,2.75,159.73333333332567,0.2237161531279046,1,0,1,6,3,39,7,3,48,0,0,0,0,0,8,5,2,0
difficulty-hard,20260712,1,0.12,0.45,0.2,0.18,3,30,9,2189,646576355,1646446661,false,false,809.0333333332549,827.0333333332549,9,7,6,179,24,7,3,9,50,43,7,9,7,0,0.14,0.86,23,2.875,159.73333333332567,0.1974372708170341,1,0,1,7,3,35,7,3,43,0,0,0,0,0,4,7,2,0
difficulty-hard,20260712,1,0.12,0.45,0.2,0.18,3,30,9,2190,2942088000,3119853159,false,false,788.366666666607,806.366666666607,9,7,6,179,25,7,3,12,51,47,4,12,4,0,0.0784313725490196,0.9215686274509803,23,2.875,159.73333333332567,0.20261299733627047,1,0,1,7,3,41,7,3,46,0,0,0,0,0,6,8,2,0
difficulty-hard,20260712,1,0.12,0.45,0.2,0.18,3,30,9,2191,4108515711,4132359878,false,false,795.1999999999341,810.1999999999341,9,6,5,179,14,4,3,0,26,23,3,0,3,0,0.11538461538461539,0.8846153846153846,10,1.25,159.73333333332567,0.20087189805500366,1,0,1,3,3,18,4,3,23,0,0,0,0,0,6,11,1,0
difficulty-hard,20260712,1,0.12,0.45,0.2,0.18,3,30,9,2192,89370677,589459143,false,false,811.4333333332527,829.4333333332527,9,7,6,179,15,4,3,0,26,23,3,0,3,0,0.11538461538461539,0.8846153846153846,10,1.25,159.73333333332567,0.19685330485150748,1,0,1,2,2,18,4,3,23,0,0,0,0,0,5,10,2,0
difficulty-hard,20260712,1,0.12,0.45,0.2,0.18,3,30,9,2193,2203251038,3458133202,false,false,812.4999999999184,827.4999999999184,9,6,5,179,18,5,3,3,35,30,5,3,5,0,0.14285714285714285,0.8571428571428571,14,1.75,159.73333333332567,0.1965948717948821,1,0,1,4,3,22,5,3,28,0,0,0,0,0,6,8,2,0
difficulty-hard,20260712,1,0.12,0.45,0.2,0.18,3,30,9,2194,3745497936,2605232938,false,false,800.0666666665963,818.0666666665963,9,7,6,179,24,8,3,4,40,37,3,4,3,0,0.075,0.925,17,2.125,159.73333333332567,0.1996500291642443,1,0,1,5,3,27,8,3,37,0,0,0,0,0,3,5,3,0
difficulty-hard,20260712,1,0.12,0.45,0.2,0.18,3,30,9,2195,2273448484,1596155091,false,false,757.1999999999687,775.1999999999687,9,7,6,179,28,8,3,13,58,51,7,13,7,0,0.1206896551724138,0.8793103448275862,23,2.875,159.73333333332567,0.21095263250572147,1,0,1,7,3,39,8,3,48,0,0,0,0,0,8,8,3,0
difficulty-hard,20260712,1,0.12,0.45,0.2,0.18,3,30,9,2196,3947648799,1870871225,false,false,805.0999999999251,820.0999999999251,9,6,5,179,19,5,2,3,36,32,4,3,4,0,0.1111111111111111,0.8888888888888888,12,1.5,159.73333333332567,0.19840185484205755,1,0,1,3,2,21,5,2,32,0,0,0,0,0,7,11,2,0
difficulty-hard,20260712,1,0.12,0.45,0.2,0.18,3,30,9,2197,2986497021,2854427063,false,false,758.8999999999671,773.8999999999671,9,6,5,179,17,5,3,4,34,30,4,4,4,0,0.11764705882352941,0.8823529411764706,14,1.75,159.73333333332567,0.21048008081872788,1,0,1,4,3,23,5,3,30,0,0,0,0,0,6,11,2,0
difficulty-hard,20260712,1,0.12,0.45,0.2,0.18,3,30,9,2198,2899534119,3611893605,false,false,814.7999999999163,832.7999999999163,9,7,6,179,16,5,3,0,30,25,5,0,5,0,0.16666666666666666,0.8333333333333334,12,1.5,159.73333333332567,0.19603992799870162,1,0,1,3,3,20,5,3,24,0,0,0,0,0,6,8,2,0
difficulty-hard,20260712,1,0.12,0.45,0.2,0.18,3,30,9,2199,2799969123,454595138,false,false,735.5999999999883,753.5999999999883,9,7,6,179,17,5,3,0,29,27,2,0,2,0,0.06896551724137931,0.9310344827586207,14,1.75,159.73333333332567,0.21714700018125097,1,0,1,4,3,22,5,3,27,0,0,0,0,0,3,5,2,0
difficulty-hard,20260712,1,0.12,0.45,0.2,0.18,3,30,9,2200,1380290162,1421544296,false,false,805.3666666665915,820.3666666665915,9,6,5,179,16,5,3,0,32,26,6,0,6,0,0.1875,0.8125,11,1.375,159.73333333332567,0.19833616158272493,1,0,1,3,3,18,4,3,23,0,0,0,0,0,8,11,2,0
difficulty-hard,20260712,1,0.12,0.45,0.2,0.18,3,30,9,2201,3341422917,1717542376,false,false,761.2333333332983,776.2333333332983,9,6,5,179,14,4,3,2,26,24,2,2,2,0,0.07692307692307693,0.9230769230769231,10,1.25,159.73333333332567,0.209834917020624,1,0,1,2,2,21,4,3,23,0,0,0,0,0,6,13,1,0
difficulty-hard,20260712,1,0.12,0.45,0.2,0.18,3,30,9,2202,3490848939,98342381,false,false,800.5333333332626,815.5333333332626,9,6,5,179,18,5,3,3,33,29,4,3,4,0,0.12121212121212122,0.8787878787878788,12,1.5,159.73333333332567,0.19953364423718328,1,0,1,3,3,21,4,3,27,0,0,0,0,0,5,5,1,0
difficulty-hard,20260712,1,0.12,0.45,0.2,0.18,3,30,9,2203,976360527,1823281994,false,false,806.7999999999236,824.7999999999236,9,7,6,179,20,6,3,4,37,32,5,4,5,0,0.13513513513513514,0.8648648648648649,13,1.625,159.73333333332567,0.1979838043298721,1,0,1,3,3,25,6,3,30,0,0,0,0,0,7,8,2,0
difficulty-hard,20260712,1,0.12,0.45,0.2,0.18,3,30,9,2204,1286565870,1234460227,false,false,803.2999999999267,821.2999999999267,9,7,6,179,23,7,3,4,38,35,3,4,3,0,0.07894736842105263,0.9210526315789473,18,2.25,159.73333333332567,0.19884642516287843,1,0,1,5,2,28,7,3,35,0,0,0,0,0,8,8,2,0
difficulty-hard,20260712,1,0.12,0.45,0.2,0.18,3,30,9,2205,77862637,453542371,false,false,817.1666666665808,835.1666666665808,9,7,6,179,24,7,3,6,49,40,9,6,9,0,0.1836734693877551,0.8163265306122449,23,2.875,159.73333333332567,0.19547215990211192,1,0,1,7,3,33,7,3,40,0,0,0,0,0,5,11,2,0
difficulty-hard,20260712,1,0.12,0.45,0.2,0.18,3,30,9,2206,4210403214,741317617,false,false,807.733333333256,825.733333333256,9,7,6,179,13,4,2,0,29,20,9,0,9,0,0.3103448275862069,0.6896551724137931,7,0.875,159.73333333332567,0.19775503466491534,1,0,1,1,1,15,4,2,20,0,0,0,0,0,5,10,2,0
difficulty-hard,20260712,1,0.12,0.45,0.2,0.18,3,30,9,2207,1133405621,1634721492,false,false,816.2333333332483,831.2333333332483,9,6,5,179,23,7,3,10,45,42,3,10,3,0,0.06666666666666667,0.9333333333333333,17,2.125,159.73333333332567,0.19569567525626944,1,0,1,5,3,32,6,3,40,0,0,0,0,0,7,10,2,0
difficulty-hard,20260712,1,0.12,0.45,0.2,0.18,3,30,9,2208,3247766767,2394851164,false,false,822.5666666665759,840.5666666665759,9,7,6,179,20,5,2,12,48,42,6,12,6,0,0.125,0.875,19,2.375,159.73333333332567,0.19418892085749073,1,0,1,5,2,35,5,2,41,0,0,0,0,0,5,14,3,0
difficulty-hard,20260712,1,0.12,0.45,0.2,0.18,3,30,9,2209,1746261379,752164020,false,false,791.333333333271,806.333333333271,9,6,5,179,17,5,3,0,31,25,6,0,6,0,0.1935483870967742,0.8064516129032258,11,1.375,159.73333333332567,0.201853411962938,1,0,1,3,3,19,5,3,24,0,0,0,0,0,6,8,2,0
difficulty-hard,20260712,1,0.12,0.45,0.2,0.18,3,30,9,2210,1987701461,3661394405,false,false,788.3999999999403,803.3999999999403,9,6,5,179,23,7,3,4,44,37,7,4,7,0,0.1590909090909091,0.8409090909090909,17,2.125,159.73333333332567,0.20260443091493882,1,0,1,5,2,28,7,3,37,0,0,0,0,0,7,5,2,0
difficulty-hard,20260712,1,0.12,0.45,0.2,0.18,3,30,9,2211,787891571,129724333,false,false,736.4333333333209,754.4333333333209,9,7,6,179,15,4,3,0,28,23,5,0,5,0,0.17857142857142858,0.8214285714285714,12,1.5,159.73333333332567,0.21690128094871006,1,0,1,3,3,20,4,3,22,0,0,0,0,0,5,8,2,0
difficulty-hard,20260712,1,0.12,0.45,0.2,0.18,3,30,9,2212,949392966,1138451317,false,false,807.5999999999228,822.5999999999228,9,6,5,179,17,5,3,0,30,26,4,0,4,0,0.13333333333333333,0.8666666666666667,10,1.25,159.73333333332567,0.19778768367179414,1,0,1,2,1,19,5,3,25,0,0,0,0,0,4,4,1,0
difficulty-hard,20260712,1,0.12,0.45,0.2,0.18,3,30,9,2213,283355847,2508852839,false,false,815.4999999999156,830.4999999999156,9,6,5,179,18,5,3,8,37,35,2,8,2,0,0.05405405405405406,0.9459459459459459,14,1.75,159.73333333332567,0.19587165338239387,1,0,1,4,3,25,5,3,34,0,0,0,0,0,7,7,1,0
difficulty-hard,20260712,1,0.12,0.45,0.2,0.18,3,30,9,2214,2492016214,1785744466,false,false,736.4999999999875,751.4999999999875,9,6,5,179,17,5,3,1,34,26,8,1,8,0,0.23529411764705882,0.7647058823529411,15,1.875,159.73333333332567,0.21688164743153887,1,0,1,4,3,24,4,3,24,0,0,0,0,0,6,10,2,0
difficulty-hard,20260712,1,0.12,0.45,0.2,0.18,3,30,9,2215,3883991814,1292537639,false,false,775.833333333285,793.833333333285,9,7,6,179,23,7,3,9,43,41,2,9,2,0,0.046511627906976744,0.9534883720930233,18,2.25,159.73333333332567,0.20588614393125965,1,0,1,5,3,31,6,3,38,0,0,0,0,0,6,7,1,0
difficulty-hard,20260712,1,0.12,0.45,0.2,0.18,3,30,9,2216,1285146286,2694181501,false,false,812.3666666665852,830.3666666665852,9,7,6,179,18,5,2,14,44,42,2,14,2,0,0.045454545454545456,0.9545454545454546,16,2,159.73333333332567,0.19662713881253338,1,0,1,4,2,31,5,2,39,0,0,0,0,0,8,9,1,0
difficulty-hard,20260712,1,0.12,0.45,0.2,0.18,3,30,9,2217,1151903568,1057129058,false,false,792.2333333332701,810.2333333332701,9,7,6,179,20,6,3,2,36,32,4,2,4,0,0.1111111111111111,0.8888888888888888,18,2.25,159.73333333332567,0.20162410064375616,1,0,1,6,3,27,6,3,32,0,0,0,0,0,8,5,2,0
difficulty-hard,20260712,1,0.12,0.45,0.2,0.18,3,30,9,2218,255000466,95992864,false,false,800.6999999999291,818.6999999999291,9,7,6,179,18,5,3,2,35,28,7,2,7,0,0.2,0.8,10,1.25,159.73333333332567,0.19949211106948897,1,0,1,2,2,21,5,3,27,0,0,0,0,0,5,8,3,0
difficulty-hard,20260712,1,0.12,0.45,0.2,0.18,3,30,9,2219,3076071,2571907882,false,false,815.6666666665822,833.6666666665822,9,7,6,179,17,4,3,3,34,30,4,3,4,0,0.11764705882352941,0.8823529411764706,16,2,159.73333333332567,0.1958316305680534,1,0,1,4,3,25,4,3,28,0,0,0,0,0,7,10,3,0
difficulty-hard,20260712,1,0.12,0.45,0.2,0.18,3,30,9,2220,856051668,1781397719,false,false,802.5999999999274,817.5999999999274,9,6,5,179,17,5,3,4,37,30,7,4,7,0,0.1891891891891892,0.8108108108108109,14,1.75,159.73333333332567,0.19901985214719678,1,0,1,4,3,22,5,3,29,0,0,0,0,0,5,8,2,0
difficulty-hard,20260712,1,0.12,0.45,0.2,0.18,3,30,9,2221,1723564383,318131145,false,false,811.7666666665857,829.7666666665857,9,7,6,179,23,7,3,1,37,33,4,1,4,0,0.10810810810810811,0.8918918918918919,17,2.125,159.73333333332567,0.19677247156408853,1,0,1,5,3,26,6,3,30,0,0,0,0,0,5,5,2,0
difficulty-hard,20260712,1,0.12,0.45,0.2,0.18,3,30,9,2222,3007726819,2088392111,false,false,813.5999999999174,831.5999999999174,9,7,6,179,16,4,2,2,28,27,1,2,1,0,0.03571428571428571,0.9642857142857143,10,1.25,159.73333333332567,0.19632907243527764,1,0,1,2,2,18,4,2,27,0,0,0,0,0,6,10,1,0
difficulty-hard,20260712,1,0.12,0.45,0.2,0.18,3,30,9,2223,762117959,2495316337,false,false,818.2999999999131,836.2999999999131,9,7,6,179,22,6,3,6,46,38,8,6,8,0,0.17391304347826086,0.8260869565217391,18,2.25,159.73333333332567,0.19520143386697134,1,0,1,5,2,29,6,3,38,0,0,0,0,0,5,10,2,0
difficulty-hard,20260712,1,0.12,0.45,0.2,0.18,3,30,9,2224,2496062757,3645138588,false,false,792.8999999999362,810.8999999999362,9,7,6,179,22,6,3,6,43,37,6,6,6,0,0.13953488372093023,0.8604651162790697,17,2.125,159.73333333332567,0.2014545760289299,1,0,1,5,3,26,5,3,35,0,0,0,0,0,6,6,2,0
difficulty-hard,20260712,1,0.12,0.45,0.2,0.18,3,30,9,2225,2168401735,1447127531,false,false,808.5999999999219,826.5999999999219,9,7,6,179,21,6,2,16,49,47,2,16,2,0,0.04081632653061224,0.9591836734693877,19,2.375,159.73333333332567,0.19754307857202708,1,0,1,5,2,39,6,2,47,0,0,0,0,0,6,12,1,0
difficulty-hard,20260712,1,0.12,0.45,0.2,0.18,3,30,9,2226,2773084045,45142028,false,false,797.9999999999316,815.9999999999316,9,7,6,179,22,7,3,6,38,36,2,6,2,0,0.05263157894736842,0.9473684210526315,20,2.5,159.73333333332567,0.20016708437761827,1,0,1,6,3,32,6,3,34,0,0,0,0,0,6,8,2,0
difficulty-hard,20260712,1,0.12,0.45,0.2,0.18,3,30,9,2227,2573758714,1137452587,false,false,799.4333333332636,814.4333333332636,9,6,5,179,21,6,3,8,43,39,4,8,4,0,0.09302325581395349,0.9069767441860465,18,2.25,159.73333333332567,0.19980819747321804,1,0,1,5,3,29,6,3,39,0,0,0,0,0,3,4,2,0
difficulty-hard,20260712,1,0.12,0.45,0.2,0.18,3,30,9,2228,1404780959,1676799932,false,false,762.733333333297,780.733333333297,9,7,6,179,14,4,2,1,24,24,0,1,0,0,0,1,12,1.5,159.73333333332567,0.2094222532995367,1,0,1,3,2,21,4,2,23,0,0,0,0,0,3,5,1,0
difficulty-hard,20260712,1,0.12,0.45,0.2,0.18,3,30,9,2229,3847309207,2852476777,false,false,775.3333333332855,793.3333333332855,9,7,6,179,13,4,3,0,22,21,1,0,1,0,0.045454545454545456,0.9545454545454546,10,1.25,159.73333333332567,0.20601891659501573,1,0,1,3,2,16,4,3,21,0,0,0,0,0,5,8,1,0
difficulty-hard,20260712,1,0.12,0.45,0.2,0.18,3,30,9,2230,1972595494,2013514479,false,false,812.8333333332514,827.8333333332514,9,6,5,179,24,8,3,5,44,37,7,5,7,0,0.1590909090909091,0.8409090909090909,20,2.5,159.73333333332567,0.1965142505638816,1,0,1,6,3,32,7,3,36,0,0,0,0,0,6,11,2,0
difficulty-hard,20260712,1,0.12,0.45,0.2,0.18,3,30,9,2231,3375298705,2826238928,false,false,797.166666666599,815.166666666599,9,7,6,179,20,6,3,3,38,33,5,3,5,0,0.13157894736842105,0.868421052631579,14,1.75,159.73333333332567,0.20037633284550185,1,0,1,4,3,23,6,3,32,0,0,0,0,0,10,5,1,0
difficulty-hard,20260712,1,0.12,0.45,0.2,0.18,3,30,9,2232,2493925150,453955660,false,false,811.9666666665855,829.9666666665855,9,7,6,179,20,6,3,4,34,34,0,4,0,0,0,1,20,2.5,159.73333333332567,0.19672400344842764,1,0,1,6,3,30,6,3,34,0,0,0,0,0,5,14,1,0
difficulty-hard,20260712,1,0.12,0.45,0.2,0.18,3,30,9,2233,1918894608,1043985773,false,false,734.9666666666556,752.9666666666556,9,7,6,179,22,6,3,8,42,40,2,8,2,0,0.047619047619047616,0.9523809523809523,18,2.25,159.73333333332567,0.2173341194611929,1,0,1,5,3,29,6,3,40,0,0,0,0,0,5,5,2,0
difficulty-hard,20260712,1,0.12,0.45,0.2,0.18,3,30,9,2234,685864755,3034343912,false,false,757.9999999999679,775.9999999999679,9,7,6,179,20,6,3,4,43,33,10,4,10,0,0.23255813953488372,0.7674418604651163,12,1.5,159.73333333332567,0.21072999120492406,1,0,1,3,3,21,5,3,30,0,0,0,0,0,6,10,2,0
difficulty-hard,20260712,1,0.12,0.45,0.2,0.18,3,30,9,2235,2298885096,1898246007,false,false,785.7999999999427,803.7999999999427,9,7,6,179,24,7,3,10,49,43,6,10,6,0,0.12244897959183673,0.8775510204081632,21,2.625,159.73333333332567,0.20327479426487316,1,0,1,6,3,37,7,3,42,0,0,0,0,0,7,7,2,0
difficulty-hard,20260712,1,0.12,0.45,0.2,0.18,3,30,9,2236,2180771871,885292718,false,false,737.2999999999868,752.2999999999868,9,6,5,179,13,4,3,1,24,21,3,1,3,0,0.125,0.875,9,1.125,159.73333333332567,0.2166463221664567,1,0,1,2,2,18,4,3,21,0,0,0,0,0,6,10,1,0
difficulty-hard,20260712,1,0.12,0.45,0.2,0.18,3,30,9,2237,3834157460,1387833407,false,false,744.8999999999799,759.8999999999799,9,6,5,179,22,6,3,3,36,34,2,3,2,0,0.05555555555555555,0.9444444444444444,16,2,159.73333333332567,0.2144359421846288,1,0,1,4,3,26,6,3,34,0,0,0,0,0,6,8,2,0
difficulty-hard,20260712,1,0.12,0.45,0.2,0.18,3,30,9,2238,1920062697,3323254076,false,false,753.1999999999723,771.1999999999723,9,7,6,179,23,7,3,2,41,35,6,2,6,0,0.14634146341463414,0.8536585365853658,16,2,159.73333333332567,0.21207293326252197,1,0,1,5,3,24,7,3,34,0,0,0,0,0,7,8,2,0
difficulty-hard,20260712,1,0.12,0.45,0.2,0.18,3,30,9,2239,605641095,798574280,false,false,798.8333333332641,816.8333333332641,9,7,6,179,17,5,3,4,35,30,5,4,5,0,0.14285714285714285,0.8571428571428571,15,1.875,159.73333333332567,0.19995827248070874,1,0,1,4,3,23,5,3,29,0,0,0,0,0,7,5,2,0
difficulty-hard,20260712,1,0.12,0.45,0.2,0.18,3,30,9,2240,2914322216,1816605604,false,false,780.0333333332812,798.0333333332812,9,7,6,179,18,5,3,7,44,34,10,7,10,0,0.22727272727272727,0.7727272727272727,15,1.875,159.73333333332567,0.20477757360796933,1,0,1,4,3,27,4,3,32,0,0,0,0,0,8,7,2,0
difficulty-hard,20260712,1,0.12,0.45,0.2,0.18,3,30,9,2241,2368700498,2833135876,false,false,814.9666666665828,832.9666666665828,9,7,6,179,23,7,3,9,44,41,3,9,3,0,0.06818181818181818,0.9318181818181818,20,2.5,159.73333333332567,0.19599983639413732,1,0,1,6,3,34,6,3,39,0,0,0,0,0,5,11,2,0
difficulty-hard,20260712,1,0.12,0.45,0.2,0.18,3,30,9,2242,286200471,1513520063,false,false,773.2333333332874,791.2333333332874,9,7,6,179,22,6,3,8,41,40,1,8,1,0,0.024390243902439025,0.975609756097561,19,2.375,159.73333333332567,0.20657843686683858,1,0,1,5,3,33,6,3,39,0,0,0,0,0,9,6,1,0
difficulty-hard,20260712,1,0.12,0.45,0.2,0.18,3,30,9,2243,3405684843,28505355,false,false,793.6333333332689,811.6333333332689,9,7,6,179,18,6,3,0,26,25,1,0,1,0,0.038461538461538464,0.9615384615384616,12,1.5,159.73333333332567,0.20126842790542063,1,0,1,3,3,20,6,3,25,0,0,0,0,0,6,9,1,0
difficulty-hard,20260712,1,0.12,0.45,0.2,0.18,3,30,9,2244,1808218155,1884111721,false,false,806.4999999999238,824.4999999999238,9,7,6,179,17,5,3,1,33,27,6,1,6,0,0.18181818181818182,0.8181818181818182,13,1.625,159.73333333332567,0.19805744988634935,1,0,1,4,3,23,5,3,26,0,0,0,0,0,6,11,2,0
difficulty-hard,20260712,1,0.12,0.45,0.2,0.18,3,30,9,2245,2309325339,3718029639,false,false,817.0999999999142,835.0999999999142,9,7,6,179,19,5,3,6,36,35,1,6,1,0,0.027777777777777776,0.9722222222222222,18,2.25,159.73333333332567,0.19548810835068223,1,0,1,5,3,28,5,3,33,0,0,0,0,0,7,8,1,0
difficulty-hard,20260712,1,0.12,0.45,0.2,0.18,3,30,9,2246,2790006438,4289953302,true,false,800.1999999999296,818.1999999999296,9,7,6,180,18,5,3,4,34,32,2,4,2,0,0.058823529411764705,0.9411764705882353,15,1.875,159.73333333332567,0.19961676247605564,1,1,0,4,3,27,5,3,29,5,3,32,144.89999999986821,0.18107973006733438,6,11,1,0
difficulty-hard,20260712,1,0.12,0.45,0.2,0.18,3,30,9,2247,2123031547,59015085,false,false,805.4333333332581,823.4333333332581,9,7,6,179,27,8,3,9,51,45,6,9,6,0,0.11764705882352941,0.8823529411764706,22,2.75,159.73333333332567,0.19831974506477745,1,0,1,6,3,36,8,3,44,0,0,0,0,0,6,5,3,0
difficulty-hard,20260712,1,0.12,0.45,0.2,0.18,3,30,9,2248,3287359993,1917613446,false,false,821.3333333332437,836.3333333332437,9,6,5,179,29,9,3,14,57,52,5,14,5,0,0.08771929824561403,0.9122807017543859,24,3,159.73333333332567,0.19448051948053138,1,0,1,7,3,44,8,3,50,0,0,0,0,0,6,5,2,0
difficulty-hard,20260712,1,0.12,0.45,0.2,0.18,3,30,9,2249,3999773344,334379616,false,false,773.5666666666204,791.5666666666204,9,7,6,179,21,6,3,12,45,43,2,12,2,0,0.044444444444444446,0.9555555555555556,21,2.625,159.73333333332567,0.20648942129530126,1,0,1,6,3,34,6,3,38,0,0,0,0,0,7,9,2,0
difficulty-hard,20260712,1,0.12,0.45,0.2,0.18,3,30,9,2250,782822411,2520930729,false,false,757.2666666666353,775.2666666666353,9,7,6,179,12,3,2,0,22,18,4,0,4,0,0.18181818181818182,0.8181818181818182,8,1,159.73333333332567,0.21093406109692617,1,0,1,1,1,15,3,2,18,0,0,0,0,0,5,6,2,0
difficulty-hard,20260712,1,0.12,0.45,0.2,0.18,3,30,9,2251,4143932939,1605409358,false,false,818.3333333332464,836.3333333332464,9,7,6,179,24,7,3,8,48,42,6,8,6,0,0.125,0.875,18,2.25,159.73333333332567,0.19519348268840242,1,0,1,5,3,30,7,3,41,0,0,0,0,0,5,10,2,0
difficulty-hard,20260712,1,0.12,0.45,0.2,0.18,3,30,9,2252,2232050580,3338675466,false,false,740.1666666666508,755.1666666666508,9,6,5,179,17,5,2,2,31,28,3,2,3,0,0.0967741935483871,0.9032258064516129,15,1.875,159.73333333332567,0.21580725061922418,1,0,1,4,2,25,5,2,28,0,0,0,0,0,5,5,2,0
difficulty-hard,20260712,1,0.12,0.45,0.2,0.18,3,30,9,2253,2313933862,2138784883,true,false,776.7999999999508,794.7999999999508,9,7,6,180,19,5,3,1,34,30,4,1,4,0,0.11764705882352941,0.8823529411764706,14,1.75,159.73333333332567,0.20562993477514904,1,1,0,4,3,23,5,3,29,5,3,30,112.13333333323135,0.14435290078944188,6,8,2,0
difficulty-hard,20260712,1,0.12,0.45,0.2,0.18,3,30,9,2254,423287361,588602601,false,false,777.1666666666172,795.1666666666172,9,7,6,179,21,6,3,9,45,40,5,9,5,0,0.1111111111111111,0.8888888888888888,18,2.25,159.73333333332567,0.2055329187218561,1,0,1,5,3,31,6,3,40,0,0,0,0,0,4,5,3,0
difficulty-hard,20260712,1,0.12,0.45,0.2,0.18,3,30,9,2255,2147951166,1572069286,false,false,728.0333333333285,746.0333333333285,9,7,6,179,22,6,3,11,48,43,5,11,5,0,0.10416666666666667,0.8958333333333334,20,2.5,159.73333333332567,0.21940387344900883,1,0,1,6,3,34,6,3,43,0,0,0,0,0,3,4,2,0
difficulty-hard,20260712,1,0.12,0.45,0.2,0.18,3,30,9,2256,3984677179,539697361,false,false,758.6999999999673,773.6999999999673,9,6,5,179,19,5,3,3,36,32,4,3,4,0,0.1111111111111111,0.8888888888888888,15,1.875,159.73333333332567,0.2105355652212107,1,0,1,4,2,22,5,3,31,0,0,0,0,0,7,8,1,0
difficulty-hard,20260712,1,0.12,0.45,0.2,0.18,3,30,9,2257,690857827,510851659,false,false,777.4333333332836,792.4333333332836,9,6,5,179,20,5,3,7,43,36,7,7,7,0,0.16279069767441862,0.8372093023255814,17,2.125,159.73333333332567,0.2054624190713063,1,0,1,4,3,31,5,3,36,0,0,0,0,0,5,6,2,0
difficulty-hard,20260712,1,0.12,0.45,0.2,0.18,3,30,9,2258,1640083981,495665630,false,false,789.6666666666058,807.6666666666058,9,7,6,179,22,6,3,9,46,41,5,9,5,0,0.10869565217391304,0.8913043478260869,20,2.5,159.73333333332567,0.2022794428028763,1,0,1,6,3,33,6,3,41,0,0,0,0,0,4,5,2,0
difficulty-hard,20260712,1,0.12,0.45,0.2,0.18,3,30,9,2259,127989567,2066409048,false,false,790.9666666666046,808.9666666666046,9,7,6,179,20,6,3,1,35,29,6,1,6,0,0.17142857142857143,0.8285714285714286,15,1.875,159.73333333332567,0.2019469847022692,1,0,1,4,2,25,6,3,28,0,0,0,0,0,6,8,3,0
difficulty-hard,20260712,1,0.12,0.45,0.2,0.18,3,30,9,2260,507001253,4013639355,false,false,816.7999999999145,831.7999999999145,9,6,5,179,22,6,3,6,40,37,3,6,3,0,0.075,0.925,18,2.25,159.73333333332567,0.19555990858636435,1,0,1,5,3,30,5,3,35,0,0,0,0,0,5,14,2,0
difficulty-hard,20260712,1,0.12,0.45,0.2,0.18,3,30,9,2261,3473588553,1934679956,false,false,738.7333333333188,756.7333333333188,9,7,6,179,21,6,3,3,40,34,6,3,6,0,0.15,0.85,19,2.375,159.73333333332567,0.21622597238515767,1,0,1,6,3,29,6,3,33,0,0,0,0,0,6,5,2,0
difficulty-hard,20260712,1,0.12,0.45,0.2,0.18,3,30,9,2262,1630346514,4108548601,false,false,787.8666666666074,805.8666666666074,9,7,6,179,16,4,3,2,33,28,5,2,5,0,0.15151515151515152,0.8484848484848485,14,1.75,159.73333333332567,0.20274158063970768,1,0,1,4,3,22,4,3,28,0,0,0,0,0,3,5,2,0
difficulty-hard,20260712,1,0.12,0.45,0.2,0.18,3,30,9,2263,4120123403,1675013952,false,false,827.0999999999051,845.0999999999051,9,7,6,179,17,5,3,1,31,26,5,1,5,0,0.16129032258064516,0.8387096774193549,10,1.25,159.73333333332567,0.19312457179705478,1,0,1,3,2,18,4,3,25,0,0,0,0,0,5,4,2,0
difficulty-hard,20260712,1,0.12,0.45,0.2,0.18,3,30,9,2264,3335446216,1073641349,false,false,802.2999999999276,820.2999999999276,9,7,6,179,28,9,3,6,49,42,7,6,7,0,0.14285714285714285,0.8571428571428571,23,2.875,159.73333333332567,0.19909427063858914,1,0,1,7,3,35,8,3,41,0,0,0,0,0,5,7,2,0
difficulty-hard,20260712,1,0.12,0.45,0.2,0.18,3,30,9,2265,1522981858,2584412900,false,false,764.3333333332955,782.3333333332955,9,7,6,179,24,8,3,7,44,41,3,7,3,0,0.06818181818181818,0.9318181818181818,21,2.625,159.73333333332567,0.20898386393371163,1,0,1,7,3,32,8,3,40,0,0,0,0,0,6,10,2,0
difficulty-hard,20260712,1,0.12,0.45,0.2,0.18,3,30,9,2266,2736414740,570894580,false,false,784.8333333332769,799.8333333332769,9,6,5,179,28,9,3,7,49,45,4,7,4,0,0.08163265306122448,0.9183673469387755,20,2.5,159.73333333332567,0.20352516457847164,1,0,1,6,3,32,9,3,44,0,0,0,0,0,5,4,2,0
difficulty-hard,20260712,1,0.12,0.45,0.2,0.18,3,30,9,2267,2628907987,845474448,false,false,766.1333333332939,781.1333333332939,9,6,5,179,20,6,3,2,32,32,0,2,0,0,0,1,20,2.5,159.73333333332567,0.20849286460146263,1,0,1,6,3,28,6,3,32,0,0,0,0,0,6,10,1,0
difficulty-hard,20260712,1,0.12,0.45,0.2,0.18,3,30,9,2268,537210261,3357067451,false,false,785.0333333332767,800.0333333332767,9,6,5,179,21,6,3,6,39,37,2,6,2,0,0.05128205128205128,0.9487179487179487,18,2.25,159.73333333332567,0.20347331323511172,1,0,1,6,3,27,6,3,37,0,0,0,0,0,3,5,3,0
difficulty-hard,20260712,1,0.12,0.45,0.2,0.18,3,30,9,2269,1983327874,390623026,false,false,756.9333333333022,774.9333333333022,9,7,6,179,18,5,3,1,30,28,2,1,2,0,0.06666666666666667,0.9333333333333333,15,1.875,159.73333333332567,0.21102695085432302,1,0,1,5,3,21,5,3,27,0,0,0,0,0,3,3,1,0
difficulty-hard,20260712,1,0.12,0.45,0.2,0.18,3,30,9,2270,3086806668,1235764177,false,false,806.1333333332575,821.1333333332575,9,6,5,179,23,7,3,4,40,36,4,4,4,0,0.1,0.9,18,2.25,159.73333333332567,0.19814753556071044,1,0,1,5,3,29,7,3,35,0,0,0,0,0,5,5,2,0
difficulty-hard,20260712,1,0.12,0.45,0.2,0.18,3,30,9,2271,2068928284,37923734,false,false,778.133333333283,796.133333333283,9,7,6,179,23,7,3,3,39,34,5,3,5,0,0.1282051282051282,0.8717948717948718,20,2.5,159.73333333332567,0.20527758738862578,1,0,1,6,3,31,7,3,34,0,0,0,0,0,3,4,2,0
difficulty-hard,20260712,1,0.12,0.45,0.2,0.18,3,30,9,2272,3425193234,114004857,false,false,735.8333333333214,753.8333333333214,9,7,6,179,26,8,3,7,50,42,8,7,8,0,0.16,0.84,21,2.625,159.73333333332567,0.21707814269534983,1,0,1,6,3,33,7,3,38,0,0,0,0,0,6,11,3,0
difficulty-hard,20260712,1,0.12,0.45,0.2,0.18,3,30,9,2273,1524395095,517967885,false,false,791.6333333332707,809.6333333332707,9,7,6,179,16,4,3,2,33,28,5,2,5,0,0.15151515151515152,0.8484848484848485,15,1.875,159.73333333332567,0.2017769169228241,1,0,1,4,3,25,4,3,28,0,0,0,0,0,5,5,2,0
difficulty-hard,20260712,1,0.12,0.45,0.2,0.18,3,30,9,2274,703625495,788678903,false,false,803.3999999999266,821.3999999999266,9,7,6,179,22,6,3,5,41,37,4,5,4,0,0.0975609756097561,0.9024390243902439,20,2.5,159.73333333332567,0.1988216745498385,1,0,1,6,3,30,6,3,36,0,0,0,0,0,6,8,2,0
difficulty-hard,20260712,1,0.12,0.45,0.2,0.18,3,30,9,2275,3995234506,800012446,false,false,815.9666666665819,833.9666666665819,9,7,6,179,20,5,3,8,44,38,6,8,6,0,0.13636363636363635,0.8636363636363636,16,2,159.73333333332567,0.19575963070387958,1,0,1,4,3,30,5,3,36,0,0,0,0,0,6,7,2,0
difficulty-hard,20260712,1,0.12,0.45,0.2,0.18,3,30,9,2276,1693252357,871136928,false,false,799.5666666665968,817.5666666665968,9,7,6,179,18,6,3,1,28,27,1,1,1,0,0.03571428571428571,0.9642857142857143,12,1.5,159.73333333332567,0.19977487805895647,1,0,1,3,3,22,6,3,27,0,0,0,0,0,6,10,1,0
difficulty-hard,20260712,1,0.12,0.45,0.2,0.18,3,30,9,2277,1224327404,2159658843,false,false,822.133333333243,840.133333333243,9,7,6,179,14,4,3,0,23,22,1,0,1,0,0.043478260869565216,0.9565217391304348,12,1.5,159.73333333332567,0.19429127473241556,1,0,1,3,2,21,4,3,22,0,0,0,0,0,5,7,1,0
difficulty-hard,20260712,1,0.12,0.45,0.2,0.18,3,30,9,2278,3709197462,2702817538,false,false,808.5999999999219,823.5999999999219,9,6,5,179,14,4,2,0,22,21,1,0,1,0,0.045454545454545456,0.9545454545454546,9,1.125,159.73333333332567,0.19754307857202708,1,0,1,2,1,17,4,2,21,0,0,0,0,0,6,7,1,0
difficulty-hard,20260712,1,0.12,0.45,0.2,0.18,3,30,9,2279,2219040988,535684474,false,false,814.2999999999167,832.2999999999167,9,7,6,179,21,6,3,3,37,33,4,3,4,0,0.10810810810810811,0.8918918918918919,15,1.875,159.73333333332567,0.19616030128127473,1,0,1,4,3,26,6,3,32,0,0,0,0,0,5,6,2,0
difficulty-hard,20260712,1,0.12,0.45,0.2,0.18,3,30,9,2280,3229550339,1582644560,false,false,785.4333333332763,803.4333333332763,9,7,6,179,18,6,3,0,32,27,5,0,5,0,0.15625,0.84375,13,1.625,159.73333333332567,0.2033696897678614,1,0,1,4,3,19,6,3,26,0,0,0,0,0,5,5,2,0
difficulty-hard,20260712,1,0.12,0.45,0.2,0.18,3,30,9,2281,332334475,1813517725,false,false,761.9333333332977,779.9333333332977,9,7,6,179,18,5,3,2,31,28,3,2,3,0,0.0967741935483871,0.9032258064516129,13,1.625,159.73333333332567,0.209642138419809,1,0,1,3,3,23,5,3,28,0,0,0,0,0,6,13,1,0
difficulty-hard,20260712,1,0.12,0.45,0.2,0.18,3,30,9,2282,754611750,1209243662,false,false,795.8666666666002,813.8666666666002,9,7,6,179,24,7,3,13,53,47,6,13,6,0,0.11320754716981132,0.8867924528301887,19,2.375,159.73333333332567,0.20070363544983125,1,0,1,5,3,34,7,3,45,0,0,0,0,0,8,5,2,0
difficulty-hard,20260712,1,0.12,0.45,0.2,0.18,3,30,9,2283,1227526887,2990332944,false,false,806.5666666665904,821.5666666665904,9,6,5,179,15,4,3,0,28,24,4,0,4,0,0.14285714285714285,0.8571428571428571,13,1.625,159.73333333332567,0.19804107947267113,1,0,1,4,3,21,4,3,24,0,0,0,0,0,7,10,2,0
difficulty-hard,20260712,1,0.12,0.45,0.2,0.18,3,30,9,2284,710265690,2363248135,false,false,798.9666666665973,816.9666666665973,9,7,6,179,14,4,2,0,24,21,3,0,3,0,0.125,0.875,12,1.5,159.73333333332567,0.19992490299971571,1,0,1,3,2,19,4,2,20,0,0,0,0,0,3,5,2,0
difficulty-hard,20260712,1,0.12,0.45,0.2,0.18,3,30,9,2285,1583339468,1321319301,false,false,755.8666666666365,770.8666666666365,9,6,5,179,24,7,2,6,44,40,4,6,4,0,0.09090909090909091,0.9090909090909091,20,2.5,159.73333333332567,0.21132474863291414,1,0,1,6,2,33,7,2,39,0,0,0,0,0,4,4,2,0
difficulty-hard,20260712,1,0.12,0.45,0.2,0.18,3,30,9,2286,3034197232,4047720857,false,false,758.2666666666344,773.2666666666344,9,6,5,179,11,3,2,0,21,17,4,0,4,0,0.19047619047619047,0.8095238095238095,6,0.75,159.73333333332567,0.21065588183576467,1,0,1,1,1,11,3,2,17,0,0,0,0,0,4,5,2,0
difficulty-hard,20260712,1,0.12,0.45,0.2,0.18,3,30,9,2287,656888840,1518115104,false,false,760.2666666666325,775.2666666666325,9,6,5,179,20,6,3,1,35,31,4,1,4,0,0.11428571428571428,0.8857142857142857,17,2.125,159.73333333332567,0.21010171869519403,1,0,1,5,3,26,6,3,31,0,0,0,0,0,5,11,2,0
difficulty-hard,20260712,1,0.12,0.45,0.2,0.18,3,30,9,2288,3850729807,3095676841,false,false,798.4333333332645,816.4333333332645,9,7,6,179,18,5,3,0,26,26,0,0,0,0,0,1,10,1.25,159.73333333332567,0.20005844779360343,1,0,1,2,2,19,5,3,26,0,0,0,0,0,6,7,1,0
difficulty-hard,20260712,1,0.12,0.45,0.2,0.18,3,30,9,2289,2308337334,106267478,false,false,803.2999999999267,818.2999999999267,9,6,5,179,21,6,3,8,42,39,3,8,3,0,0.07142857142857142,0.9285714285714286,18,2.25,159.73333333332567,0.19884642516287843,1,0,1,5,3,27,6,3,35,0,0,0,0,0,9,5,1,0
difficulty-hard,20260712,1,0.12,0.45,0.2,0.18,3,30,9,2290,4277024891,2973920461,true,false,792.9999999999361,810.9999999999361,9,7,6,180,16,4,3,1,29,27,2,1,2,0,0.06896551724137931,0.9310344827586207,14,1.75,159.73333333332567,0.20142917192098178,1,1,0,4,3,22,4,3,27,4,3,27,141.3666666665381,0.1782681799073764,6,13,2,0
difficulty-hard,20260712,1,0.12,0.45,0.2,0.18,3,30,9,2291,1608938461,494915165,false,false,746.7666666666448,761.7666666666448,9,6,5,179,19,6,3,3,35,31,4,3,4,0,0.11428571428571428,0.8857142857142857,14,1.75,159.73333333332567,0.21389992411730172,1,0,1,4,3,23,6,3,31,0,0,0,0,0,6,10,2,0
difficulty-hard,20260712,1,0.12,0.45,0.2,0.18,3,30,9,2292,3356046508,3528634733,false,false,741.2666666666498,756.2666666666498,9,6,5,179,13,4,3,0,24,21,3,0,3,0,0.125,0.875,13,1.625,159.73333333332567,0.2154870042269934,1,0,1,4,3,20,4,3,21,0,0,0,0,0,3,5,1,0
difficulty-hard,20260712,1,0.12,0.45,0.2,0.18,3,30,9,2293,2466710217,3379455512,false,false,753.2333333333056,771.2333333333056,9,7,6,179,18,5,3,1,35,29,6,1,6,0,0.17142857142857143,0.8285714285714286,16,2,159.73333333332567,0.21206354825861604,1,0,1,5,3,23,5,3,29,0,0,0,0,0,4,3,2,0
difficulty-hard,20260712,1,0.12,0.45,0.2,0.18,3,30,9,2294,4212921455,3792649513,false,false,799.033333333264,814.033333333264,9,6,5,179,22,6,3,12,49,44,5,12,5,0,0.10204081632653061,0.8979591836734694,19,2.375,159.73333333332567,0.1999082224354506,1,0,1,5,3,32,6,3,42,0,0,0,0,0,5,5,3,0
difficulty-hard,20260712,1,0.12,0.45,0.2,0.18,3,30,9,2295,3385675698,2266514797,false,false,823.9333333332413,838.9333333332413,9,6,5,179,18,5,3,5,35,32,3,5,3,0,0.08571428571428572,0.9142857142857143,12,1.5,159.73333333332567,0.19386681770371006,1,0,1,3,3,23,5,3,31,0,0,0,0,0,6,11,3,0
difficulty-hard,20260712,1,0.12,0.45,0.2,0.18,3,30,9,2296,2875030215,2902839816,false,false,812.3999999999185,827.3999999999185,9,6,5,179,15,4,3,0,27,24,3,0,3,0,0.1111111111111111,0.8888888888888888,9,1.125,159.73333333332567,0.19661907106516704,1,0,1,2,2,15,4,3,23,0,0,0,0,0,6,8,1,0
difficulty-hard,20260712,1,0.12,0.45,0.2,0.18,3,30,9,2297,3575961988,1782102851,false,false,753.4333333333054,771.4333333333054,9,7,6,179,17,5,2,3,33,30,3,3,3,0,0.09090909090909091,0.9090909090909091,10,1.25,159.73333333332567,0.21200725567402326,1,0,1,2,1,19,5,2,29,0,0,0,0,0,6,5,2,0
difficulty-hard,20260712,1,0.12,0.45,0.2,0.18,3,30,9,2298,3981834964,214474218,false,false,749.0333333333094,767.0333333333094,9,7,6,179,20,5,2,8,39,38,1,8,1,0,0.02564102564102564,0.9743589743589743,18,2.25,159.73333333332567,0.2132526367317842,1,0,1,5,2,31,5,2,38,0,0,0,0,0,7,10,2,0
difficulty-hard,20260712,1,0.12,0.45,0.2,0.18,3,30,9,2299,3031334227,2217076712,false,false,750.8666666666411,768.8666666666411,9,7,6,179,18,5,3,4,34,32,2,4,2,0,0.058823529411764705,0.9411764705882353,14,1.75,159.73333333332567,0.2127319541862707,1,0,1,4,2,23,5,3,31,0,0,0,0,0,7,6,2,0
difficulty-hard,20260712,1,0.12,0.45,0.2,0.18,3,30,9,2300,1675415375,2990332959,false,false,782.866666666612,797.866666666612,9,6,5,179,21,6,2,4,41,35,6,4,6,0,0.14634146341463414,0.8536585365853658,20,2.5,159.73333333332567,0.2040364472451718,1,0,1,6,2,32,6,2,35,0,0,0,0,0,5,5,2,0
difficulty-hard,20260712,1,0.12,0.45,0.2,0.18,3,30,9,2301,1845538975,890096866,false,false,784.633333333277,802.633333333277,9,7,6,178,20,6,2,5,38,35,3,5,3,0,0.07894736842105263,0.9210526315789473,18,2.25,159.73333333332567,0.20357704235524507,1,0,1,5,2,30,6,2,33,0,0,0,0,0,10,6,2,0
difficulty-hard,20260712,1,0.12,0.45,0.2,0.18,3,30,9,2302,945368597,1730954495,false,false,751.8666666666402,769.8666666666402,9,7,6,179,15,4,3,0,31,24,7,0,7,0,0.22580645161290322,0.7741935483870968,15,1.875,159.73333333332567,0.21244901578293754,1,0,1,4,3,23,4,3,23,0,0,0,0,0,5,8,2,0
difficulty-hard,20260712,1,0.12,0.45,0.2,0.18,3,30,9,2303,2184745684,2233531719,false,false,783.5999999999447,801.5999999999447,9,7,6,179,16,5,3,0,31,24,7,0,7,0,0.22580645161290322,0.7741935483870968,14,1.75,159.73333333332567,0.20384549940446267,1,0,1,4,3,21,5,3,24,0,0,0,0,0,5,8,1,0
difficulty-hard,20260712,1,0.12,0.45,0.2,0.18,3,30,9,2304,3037371137,3077776993,false,false,820.3666666665779,835.3666666665779,9,6,5,179,21,6,3,13,51,44,7,13,7,0,0.13725490196078433,0.8627450980392157,21,2.625,159.73333333332567,0.19470968266223596,1,0,1,6,3,38,6,3,42,0,0,0,0,0,7,8,2,0
difficulty-hard,20260712,1,0.12,0.45,0.2,0.18,3,30,9,2305,839660457,809907421,true,false,808.4666666665887,826.4666666665887,9,7,6,180,20,6,3,2,35,31,4,2,4,0,0.11428571428571428,0.8857142857142857,14,1.75,159.73333333332567,0.19757565762349436,1,1,0,4,3,21,5,3,30,5,3,30,144.39999999986867,0.17860971386148586,5,11,2,0
difficulty-hard,20260712,1,0.12,0.45,0.2,0.18,3,30,9,2306,1540087504,2957450925,false,false,825.0666666665736,843.0666666665736,9,7,6,179,19,6,2,9,44,38,6,9,6,0,0.13636363636363635,0.8636363636363636,15,1.875,159.73333333332567,0.19360051712994145,1,0,1,4,2,25,6,2,35,0,0,0,0,0,8,10,2,0
difficulty-hard,20260712,1,0.12,0.45,0.2,0.18,3,30,9,2307,3297254908,3213047664,false,false,804.6666666665922,819.6666666665922,9,6,5,179,22,7,3,9,45,41,4,9,4,0,0.08888888888888889,0.9111111111111111,20,2.5,159.73333333332567,0.1985086992543585,1,0,1,6,3,32,7,3,39,0,0,0,0,0,6,8,2,0
difficulty-hard,20260712,1,0.12,0.45,0.2,0.18,3,30,9,2308,2215122545,1961924526,false,false,799.6333333332634,817.6333333332634,9,7,6,179,18,5,3,3,36,31,5,3,5,0,0.1388888888888889,0.8611111111111112,15,1.875,159.73333333332567,0.19975822251866227,1,0,1,4,3,24,5,3,29,0,0,0,0,0,5,8,2,0
difficulty-hard,20260712,1,0.12,0.45,0.2,0.18,3,30,9,2309,1631555211,1554642804,true,false,780.0666666666145,798.0666666666145,9,7,6,180,20,6,3,2,36,31,5,2,5,0,0.1388888888888889,0.8611111111111112,15,1.875,159.73333333332567,0.20476882317751005,1,1,0,4,3,23,6,3,30,6,3,30,108.3333333332348,0.13887701905808314,6,8,3,0
difficulty-hard,20260712,1,0.12,0.45,0.2,0.18,3,30,9,2310,1141368688,1499082869,false,false,774.9333333332859,792.9333333332859,9,7,6,179,21,6,3,6,42,37,5,6,5,0,0.11904761904761904,0.8809523809523809,20,2.5,159.73333333332567,0.2061252580867199,1,0,1,6,3,30,6,3,36,0,0,0,0,0,6,13,2,0
difficulty-hard,20260712,1,0.12,0.45,0.2,0.18,3,30,9,2311,4108646172,851351872,false,false,740.9999999999834,758.9999999999834,9,7,6,179,21,6,3,8,47,39,8,8,8,0,0.1702127659574468,0.8297872340425532,21,2.625,159.73333333332567,0.21556455240665215,1,0,1,6,3,32,6,3,39,0,0,0,0,0,3,3,2,0
difficulty-hard,20260712,1,0.12,0.45,0.2,0.18,3,30,9,2312,3366652421,515954210,false,false,730.9999999999925,748.9999999999925,9,7,6,179,24,7,3,13,51,47,4,13,4,0,0.0784313725490196,0.9215686274509803,23,2.875,159.73333333332567,0.21851345189237661,1,0,1,7,3,35,7,3,47,0,0,0,0,0,3,5,2,0
difficulty-hard,20260712,1,0.12,0.45,0.2,0.18,3,30,9,2313,2415432728,3352018184,false,false,741.6999999999828,759.6999999999828,9,7,6,179,11,3,3,0,22,20,2,0,2,0,0.09090909090909091,0.9090909090909091,8,1,159.73333333332567,0.21536110736595576,1,0,1,2,2,15,3,3,19,0,0,0,0,0,3,5,1,0
difficulty-hard,20260712,1,0.12,0.45,0.2,0.18,3,30,9,2314,2663915473,2875036567,false,false,806.4999999999238,821.4999999999238,9,6,5,179,22,7,3,3,41,35,6,3,6,0,0.14634146341463414,0.8536585365853658,22,2.75,159.73333333332567,0.19805744988634935,1,0,1,7,3,31,7,3,35,0,0,0,0,0,6,6,2,0
difficulty-hard,20260712,1,0.12,0.45,0.2,0.18,3,30,9,2315,707736957,3639400833,false,false,780.7666666666139,798.7666666666139,9,7,6,179,21,6,3,6,41,35,6,6,6,0,0.14634146341463414,0.8536585365853658,15,1.875,159.73333333332567,0.2045852367331296,1,0,1,4,3,25,5,3,32,0,0,0,0,0,7,10,2,0
difficulty-hard,20260712,1,0.12,0.45,0.2,0.18,3,30,9,2316,111556336,192426273,false,false,786.3999999999421,804.3999999999421,9,7,6,179,24,7,3,11,46,43,3,11,3,0,0.06521739130434782,0.9347826086956522,19,2.375,159.73333333332567,0.2031197015937658,1,0,1,5,3,33,6,3,41,0,0,0,0,0,5,5,2,0
difficulty-hard,20260712,1,0.12,0.45,0.2,0.18,3,30,9,2317,849837268,241569602,false,false,813.7666666665839,828.7666666665839,9,6,5,179,18,5,3,1,35,29,6,1,6,0,0.17142857142857143,0.8285714285714286,13,1.625,159.73333333332567,0.19628886249130617,1,0,1,4,3,21,5,3,28,0,0,0,0,0,6,8,2,0
difficulty-hard,20260712,1,0.12,0.45,0.2,0.18,3,30,9,2318,4123025793,3405180496,false,false,802.333333333261,817.333333333261,9,6,5,179,25,7,3,7,45,41,4,7,4,0,0.08888888888888889,0.9111111111111111,19,2.375,159.73333333332567,0.19908599916909858,1,0,1,5,3,33,7,3,40,0,0,0,0,0,4,5,2,0
difficulty-hard,20260712,1,0.12,0.45,0.2,0.18,3,30,9,2319,1872879785,2453966623,false,false,810.3333333332537,828.3333333332537,9,7,6,179,22,6,3,9,47,41,6,9,6,0,0.1276595744680851,0.8723404255319149,16,2,159.73333333332567,0.19712052653230117,1,0,1,4,3,31,6,3,40,0,0,0,0,0,7,7,2,0
difficulty-hard,20260712,1,0.12,0.45,0.2,0.18,3,30,9,2320,390473149,1482056190,false,false,765.6999999999609,780.6999999999609,9,6,5,179,22,7,3,17,56,49,7,17,7,0,0.125,0.875,20,2.5,159.73333333332567,0.20861085716773387,1,0,1,6,3,40,7,3,47,0,0,0,0,0,7,8,2,0
difficulty-hard,20260712,1,0.12,0.45,0.2,0.18,3,30,9,2321,2473601568,259133457,false,false,773.733333333287,791.733333333287,9,7,6,179,11,2,2,0,24,19,5,0,5,0,0.20833333333333334,0.7916666666666666,10,1.25,159.73333333332567,0.2064449422712415,1,0,1,2,2,17,2,2,19,0,0,0,0,0,4,5,2,0
difficulty-hard,20260712,1,0.12,0.45,0.2,0.18,3,30,9,2322,2536314919,146145460,false,false,736.7333333333206,751.7333333333206,9,6,5,179,22,6,2,11,46,42,4,11,4,0,0.08695652173913043,0.9130434782608695,19,2.375,159.73333333332567,0.2168129581033324,1,0,1,5,2,31,6,2,41,0,0,0,0,0,5,5,2,0
difficulty-hard,20260712,1,0.12,0.45,0.2,0.18,3,30,9,2323,3364315117,1904352183,false,false,782.099999999946,800.099999999946,9,7,6,179,18,5,3,3,37,31,6,3,6,0,0.16216216216216217,0.8378378378378378,16,2,159.73333333332567,0.20423645740101867,1,0,1,4,2,26,5,3,31,0,0,0,0,0,5,9,2,0
difficulty-hard,20260712,1,0.12,0.45,0.2,0.18,3,30,9,2324,4254877397,2265773069,false,false,786.4333333332754,804.4333333332754,9,7,6,179,10,2,1,0,24,19,5,0,5,0,0.20833333333333334,0.7916666666666666,8,1,159.73333333332567,0.2031110922731371,1,0,1,1,1,16,2,1,19,0,0,0,0,0,6,9,1,0
difficulty-hard,20260712,1,0.12,0.45,0.2,0.18,3,30,9,2325,552266449,3446524298,false,false,818.4333333332463,836.4333333332463,9,7,6,179,26,8,3,17,59,53,6,17,6,0,0.1016949152542373,0.8983050847457628,22,2.75,159.73333333332567,0.19516963303874393,1,0,1,7,3,39,7,3,50,0,0,0,0,0,7,8,2,0
difficulty-hard,20260712,1,0.12,0.45,0.2,0.18,3,30,9,2326,3917355728,2303427409,false,false,779.0333333332821,797.0333333332821,9,7,6,179,27,8,3,7,51,43,8,7,8,0,0.1568627450980392,0.8431372549019608,24,3,159.73333333332567,0.2050404347268018,1,0,1,7,3,37,8,3,43,0,0,0,0,0,3,4,2,0
difficulty-hard,20260712,1,0.12,0.45,0.2,0.18,3,30,9,2327,1919157075,2708542169,false,false,808.2666666665889,826.2666666665889,9,7,6,179,17,5,3,0,28,26,2,0,2,0,0.07142857142857142,0.9285714285714286,11,1.375,159.73333333332567,0.19762454635434804,1,0,1,3,2,19,5,3,25,0,0,0,0,0,5,6,1,0
difficulty-hard,20260712,1,0.12,0.45,0.2,0.18,3,30,9,2328,2465107347,2887765623,false,false,786.4666666666087,801.4666666666087,9,6,5,179,20,6,2,5,43,35,8,5,8,0,0.18604651162790697,0.813953488372093,18,2.25,159.73333333332567,0.20310248368229733,1,0,1,5,2,27,6,2,33,0,0,0,0,0,6,8,2,0
difficulty-hard,20260712,1,0.12,0.45,0.2,0.18,3,30,9,2329,3363709823,1945803323,false,false,783.9999999999443,798.9999999999443,9,6,5,179,23,7,3,6,46,37,9,6,9,0,0.1956521739130435,0.8043478260869565,20,2.5,159.73333333332567,0.20374149659864416,1,0,1,6,3,31,6,3,36,0,0,0,0,0,7,5,2,0
difficulty-hard,20260712,1,0.12,0.45,0.2,0.18,3,30,9,2330,3887971854,620170390,false,false,792.3999999999367,810.3999999999367,9,7,6,179,13,4,3,0,24,21,3,0,3,0,0.125,0.875,13,1.625,159.73333333332567,0.20158169274777693,1,0,1,4,3,20,4,3,21,0,0,0,0,0,5,11,2,0
difficulty-hard,20260712,1,0.12,0.45,0.2,0.18,3,30,9,2331,1887975168,3260534546,false,false,802.233333333261,820.233333333261,9,7,6,179,14,3,2,1,26,24,2,1,2,0,0.07692307692307693,0.9230769230769231,12,1.5,159.73333333332567,0.19911081563968097,1,0,1,3,2,20,3,2,24,0,0,0,0,0,3,5,1,0
difficulty-hard,20260712,1,0.12,0.45,0.2,0.18,3,30,9,2332,3420646693,4112801102,false,false,799.69999999993,817.69999999993,9,7,6,179,13,3,2,0,26,22,4,0,4,0,0.15384615384615385,0.8461538461538461,9,1.125,159.73333333332567,0.1997415697553328,1,0,1,2,2,17,3,2,21,0,0,0,0,0,6,11,1,0
difficulty-hard,20260712,1,0.12,0.45,0.2,0.18,3,30,9,2333,1836979210,2528323920,false,false,804.7333333332588,819.7333333332588,9,6,5,179,11,3,3,0,26,19,7,0,7,0,0.2692307692307692,0.7307692307692307,8,1,159.73333333332567,0.19849225416287855,1,0,1,2,2,14,3,3,19,0,0,0,0,0,6,8,2,0
difficulty-hard,20260712,1,0.12,0.45,0.2,0.18,3,30,9,2334,3116980917,2622703087,false,false,795.6666666666003,813.6666666666003,9,7,6,179,23,7,3,4,43,36,7,4,7,0,0.16279069767441862,0.8372093023255814,20,2.5,159.73333333332567,0.20075408462505948,1,0,1,6,3,31,7,3,36,0,0,0,0,0,4,5,2,0
difficulty-hard,20260712,1,0.12,0.45,0.2,0.18,3,30,9,2335,1175644101,3015189911,false,false,749.4333333333091,767.4333333333091,9,7,6,179,23,7,3,10,43,40,3,10,3,0,0.06976744186046512,0.9302325581395349,17,2.125,159.73333333332567,0.21313881599430348,1,0,1,5,3,28,6,3,39,0,0,0,0,0,6,8,3,0
difficulty-hard,20260712,1,0.12,0.45,0.2,0.18,3,30,9,2336,1133332922,4240820480,false,false,773.9666666666201,791.9666666666201,9,7,6,179,26,8,3,15,54,50,4,15,4,0,0.07407407407407407,0.9259259259259259,20,2.5,159.73333333332567,0.2063827038201498,1,0,1,6,3,36,7,3,43,0,0,0,0,0,9,5,4,0
difficulty-hard,20260712,1,0.12,0.45,0.2,0.18,3,30,9,2337,1819455648,382151163,false,false,731.7333333333252,749.7333333333252,9,7,6,179,21,6,3,4,42,35,7,4,7,0,0.16666666666666666,0.8333333333333334,18,2.25,159.73333333332567,0.21829446064139138,1,0,1,5,3,28,6,3,34,0,0,0,0,0,7,5,2,0
difficulty-hard,20260712,1,0.12,0.45,0.2,0.18,3,30,9,2338,2898595559,1476672442,false,false,809.5333333332544,827.5333333332544,9,7,6,179,19,5,2,11,49,40,9,11,9,0,0.1836734693877551,0.8163265306122449,16,2,159.73333333332567,0.19731532570206034,1,0,1,4,2,35,5,2,39,0,0,0,0,0,9,6,2,0
difficulty-hard,20260712,1,0.12,0.45,0.2,0.18,3,30,9,2339,1898411055,3029212994,false,false,810.9666666665864,825.9666666665864,9,6,5,179,10,3,2,0,24,17,7,0,7,0,0.2916666666666667,0.7083333333333334,6,0.75,159.73333333332567,0.1969665830901494,1,0,1,1,1,13,2,1,16,0,0,0,0,0,6,6,2,0
difficulty-hard,20260712,1,0.12,0.45,0.2,0.18,3,30,9,2340,345579009,3387715623,false,false,810.0666666665873,828.0666666665873,9,7,6,179,24,7,3,9,45,42,3,9,3,0,0.06666666666666667,0.9333333333333333,23,2.875,159.73333333332567,0.1971854168381302,1,0,1,7,3,34,7,3,42,0,0,0,0,0,4,5,2,0
difficulty-hard,20260712,1,0.12,0.45,0.2,0.18,3,30,9,2341,2034315018,1246161691,false,false,731.4666666666587,749.4666666666587,9,7,6,179,25,7,3,10,49,44,5,10,5,0,0.10204081632653061,0.8979591836734694,18,2.25,159.73333333332567,0.21837404301858468,1,0,1,5,3,32,7,3,43,0,0,0,0,0,3,4,2,0
difficulty-hard,20260712,1,0.12,0.45,0.2,0.18,3,30,9,2342,2389723764,2077573091,false,false,799.9333333332631,814.9333333332631,9,6,5,179,20,6,3,3,38,31,7,3,7,0,0.18421052631578946,0.8157894736842105,15,1.875,159.73333333332567,0.19968330694225314,1,0,1,4,3,25,6,3,31,0,0,0,0,0,6,5,2,0
difficulty-hard,20260712,1,0.12,0.45,0.2,0.18,3,30,9,2343,4287492221,3049853502,false,false,777.8333333332832,795.8333333332832,9,7,6,179,17,5,3,0,27,25,2,0,2,0,0.07407407407407407,0.9259259259259259,10,1.25,159.73333333332567,0.20535676023141541,1,0,1,3,3,18,4,3,23,0,0,0,0,0,6,10,2,0
difficulty-hard,20260712,1,0.12,0.45,0.2,0.18,3,30,9,2344,150598101,1938696984,false,false,803.0999999999269,821.0999999999269,9,7,6,179,12,3,2,0,23,20,3,0,3,0,0.13043478260869565,0.8695652173913043,7,0.875,159.73333333332567,0.19889594488026424,1,0,1,1,1,14,3,2,19,0,0,0,0,0,6,12,2,0
difficulty-hard,20260712,1,0.12,0.45,0.2,0.18,3,30,9,2345,4266081720,1263459206,false,false,797.3666666665988,815.3666666665988,9,7,6,179,20,6,3,8,44,38,6,8,6,0,0.13636363636363635,0.8636363636363636,17,2.125,159.73333333332567,0.20032607332470123,1,0,1,5,3,30,5,3,34,0,0,0,0,0,6,5,2,0
difficulty-hard,20260712,1,0.12,0.45,0.2,0.18,3,30,9,2346,3070345825,144205301,false,false,809.6666666665876,824.6666666665876,9,6,5,179,16,5,3,0,29,25,4,0,4,0,0.13793103448275862,0.8620689655172413,12,1.5,159.73333333332567,0.19728283244134368,1,0,1,3,2,20,5,3,24,0,0,0,0,0,5,14,2,0
difficulty-hard,20260712,1,0.12,0.45,0.2,0.18,3,30,9,2347,3119384094,383821382,false,false,786.0666666666091,804.0666666666091,9,7,6,179,19,5,3,2,34,30,4,2,4,0,0.11764705882352941,0.8823529411764706,16,2,159.73333333332567,0.20320583495887207,1,0,1,4,3,25,5,3,30,0,0,0,0,0,3,5,2,0
difficulty-hard,20260712,1,0.12,0.45,0.2,0.18,3,30,9,2348,3020212197,4097075520,false,false,807.4333333332563,822.4333333332563,9,6,5,179,26,8,3,10,54,45,9,10,9,0,0.16666666666666666,0.8333333333333334,23,2.875,159.73333333332567,0.19782851009372196,1,0,1,7,3,37,8,3,44,0,0,0,0,0,6,10,2,0
difficulty-hard,20260712,1,0.12,0.45,0.2,0.18,3,30,9,2349,1819794174,3273310221,false,false,794.0333333332685,812.0333333332685,9,7,6,179,15,4,3,3,31,28,3,3,3,0,0.0967741935483871,0.9032258064516129,13,1.625,159.73333333332567,0.2011670374879376,1,0,1,4,3,19,4,3,27,0,0,0,0,0,3,5,2,0
difficulty-hard,20260712,1,0.12,0.45,0.2,0.18,3,30,9,2350,2155076588,3707916323,false,false,798.9999999999307,813.9999999999307,9,6,5,179,15,4,2,2,30,26,4,2,4,0,0.13333333333333333,0.8666666666666667,10,1.25,159.73333333332567,0.19991656236963648,1,0,1,2,2,18,4,2,26,0,0,0,0,0,3,5,1,0
difficulty-hard,20260712,1,0.12,0.45,0.2,0.18,3,30,9,2351,2290421003,211308527,false,false,747.6333333333107,765.6333333333107,9,7,6,179,22,7,3,4,37,34,3,4,3,0,0.08108108108108109,0.918918918918919,19,2.375,159.73333333332567,0.21365196843372042,1,0,1,6,3,27,6,3,33,0,0,0,0,0,5,6,2,0
difficulty-hard,20260712,1,0.12,0.45,0.2,0.18,3,30,9,2352,317603453,2330635243,false,false,740.7999999999836,755.7999999999836,9,6,5,179,17,5,3,1,29,27,2,1,2,0,0.06896551724137931,0.9310344827586207,12,1.5,159.73333333332567,0.21562275017998003,1,0,1,3,3,21,5,3,26,0,0,0,0,0,3,5,1,0
difficulty-hard,20260712,1,0.12,0.45,0.2,0.18,3,30,9,2353,4086565008,1108502329,false,false,773.1999999999541,788.1999999999541,9,6,5,179,27,8,3,13,57,49,8,13,8,0,0.14035087719298245,0.8596491228070176,21,2.625,159.73333333332567,0.20658734264528603,1,0,1,6,3,32,8,3,48,0,0,0,0,0,6,14,3,0
difficulty-hard,20260712,1,0.12,0.45,0.2,0.18,3,30,9,2354,3799922110,2179368975,false,false,802.7333333332606,817.7333333332606,9,6,5,179,16,5,3,1,28,26,2,1,2,0,0.07142857142857142,0.9285714285714286,14,1.75,159.73333333332567,0.19898679511669315,1,0,1,4,3,23,5,3,26,0,0,0,0,0,6,8,1,0
difficulty-hard,20260712,1,0.12,0.45,0.2,0.18,3,30,9,2355,4215056794,2146028667,false,false,788.6666666666067,806.6666666666067,9,7,6,179,21,6,3,3,40,34,6,3,6,0,0.15,0.85,17,2.125,159.73333333332567,0.20253592561285438,1,0,1,5,3,26,6,3,30,0,0,0,0,0,6,5,2,0
difficulty-hard,20260712,1,0.12,0.45,0.2,0.18,3,30,9,2356,2030467430,3999497787,false,false,760.0333333332994,778.0333333332994,9,7,6,179,22,7,3,4,42,36,6,4,6,0,0.14285714285714285,0.8571428571428571,19,2.375,159.73333333332567,0.21016622077978966,1,0,1,6,3,28,7,3,34,0,0,0,0,0,6,10,2,0
difficulty-hard,20260712,1,0.12,0.45,0.2,0.18,3,30,9,2357,808212263,3568557592,false,false,800.2999999999295,818.2999999999295,9,7,6,179,20,6,3,4,39,34,5,4,5,0,0.1282051282051282,0.8717948717948718,16,2,159.73333333332567,0.19959181973427434,1,0,1,5,2,23,6,3,29,0,0,0,0,0,11,6,2,0
difficulty-hard,20260712,1,0.12,0.45,0.2,0.18,3,30,9,2358,2070303940,1131234519,false,false,756.6666666666358,774.6666666666358,9,7,6,179,27,8,3,18,62,55,7,18,7,0,0.11290322580645161,0.8870967741935484,26,3.25,159.73333333332567,0.21110132158590156,1,0,1,8,3,49,8,3,55,0,0,0,0,0,6,13,3,0
difficulty-hard,20260712,1,0.12,0.45,0.2,0.18,3,30,9,2359,2599376985,1288706973,false,false,817.6999999999136,835.6999999999136,9,7,6,179,21,7,3,3,39,33,6,3,6,0,0.15384615384615385,0.8461538461538461,15,1.875,159.73333333332567,0.1953446659329125,1,0,1,4,3,26,7,3,32,0,0,0,0,0,6,11,2,0
difficulty-hard,20260712,1,0.12,0.45,0.2,0.18,3,30,9,2360,2333843428,38993743,false,false,794.0333333332685,809.0333333332685,9,6,5,179,22,6,3,7,44,38,6,7,6,0,0.13636363636363635,0.8636363636363636,18,2.25,159.73333333332567,0.2011670374879376,1,0,1,5,3,27,6,3,38,0,0,0,0,0,7,5,2,0
difficulty-hard,20260712,1,0.12,0.45,0.2,0.18,3,30,9,2361,2618401905,1387180517,false,false,759.5333333332999,774.5333333332999,9,6,5,179,18,5,3,1,34,29,5,1,5,0,0.14705882352941177,0.8529411764705882,15,1.875,159.73333333332567,0.21030457298341004,1,0,1,4,3,24,5,3,29,0,0,0,0,0,5,8,2,0
difficulty-hard,20260712,1,0.12,0.45,0.2,0.18,3,30,9,2362,2391656880,537134083,false,false,834.0999999998987,852.0999999998987,9,7,6,179,20,6,3,2,35,32,3,2,3,0,0.08571428571428572,0.9142857142857143,18,2.25,159.73333333332567,0.19150381648884435,1,0,1,5,3,29,6,3,32,0,0,0,0,0,6,8,2,0
difficulty-hard,20260712,1,0.12,0.45,0.2,0.18,3,30,9,2363,2888200290,505772187,false,false,763.7333333332961,781.7333333332961,9,7,6,179,19,6,3,2,33,29,4,2,4,0,0.12121212121212122,0.8787878787878788,13,1.625,159.73333333332567,0.20914804469273762,1,0,1,3,2,22,5,3,28,0,0,0,0,0,6,11,2,0
difficulty-hard,20260712,1,0.12,0.45,0.2,0.18,3,30,9,2364,3890005373,2897124015,false,false,751.5333333333072,766.5333333333072,9,6,5,179,25,6,3,14,53,48,5,14,5,0,0.09433962264150944,0.9056603773584906,23,2.875,159.73333333332567,0.21254324492149104,1,0,1,6,3,42,6,3,46,0,0,0,0,0,6,11,2,0
difficulty-hard,20260712,1,0.12,0.45,0.2,0.18,3,30,9,2365,3112951042,411141155,true,false,810.2333333332538,828.2333333332538,9,7,6,180,24,7,3,4,45,38,7,4,7,0,0.15555555555555556,0.8444444444444444,20,2.5,159.73333333332567,0.19714485539146093,1,1,0,6,3,31,7,3,37,7,3,37,141.23333333320488,0.17431192660536318,6,11,2,0
difficulty-hard,20260712,1,0.12,0.45,0.2,0.18,3,30,9,2366,2540651679,2270174902,false,false,748.3999999999767,763.3999999999767,9,6,5,179,24,8,3,6,42,40,2,6,2,0,0.047619047619047616,0.9523809523809523,20,2.5,159.73333333332567,0.21343310172812754,1,0,1,6,3,34,8,3,38,0,0,0,0,0,5,4,2,0
difficulty-hard,20260712,1,0.12,0.45,0.2,0.18,3,30,9,2367,3559696313,2162406238,false,false,799.1999999999305,814.1999999999305,9,6,5,179,21,6,3,5,38,36,2,5,2,0,0.05263157894736842,0.9473684210526315,18,2.25,159.73333333332567,0.19986653319987435,1,0,1,5,3,29,6,3,36,0,0,0,0,0,3,4,2,0
difficulty-hard,20260712,1,0.12,0.45,0.2,0.18,3,30,9,2368,504827642,2760609543,false,false,803.4666666665933,821.4666666665933,9,7,6,179,17,5,2,4,33,29,4,4,4,0,0.12121212121212122,0.8787878787878788,13,1.625,159.73333333332567,0.19880517756389846,1,0,1,4,2,21,4,2,28,0,0,0,0,0,5,5,2,0
difficulty-hard,20260712,1,0.12,0.45,0.2,0.18,3,30,9,2369,4019439866,270927545,false,false,799.033333333264,817.033333333264,9,7,6,179,12,3,2,0,22,19,3,0,3,0,0.13636363636363635,0.8636363636363636,8,1,159.73333333332567,0.1999082224354506,1,0,1,2,2,13,3,2,19,0,0,0,0,0,6,6,2,0
difficulty-hard,20260712,1,0.12,0.45,0.2,0.18,3,30,9,2370,1504901045,3493329262,false,false,747.5333333333108,762.5333333333108,9,6,5,179,22,6,3,9,46,41,5,9,5,0,0.10869565217391304,0.8913043478260869,21,2.625,159.73333333332567,0.21368054936234349,1,0,1,6,3,33,6,3,39,0,0,0,0,0,6,11,3,0
difficulty-hard,20260712,1,0.12,0.45,0.2,0.18,3,30,9,2371,1121681778,1288986073,false,false,816.1666666665817,834.1666666665817,9,7,6,179,19,5,3,8,44,37,7,8,7,0,0.1590909090909091,0.8409090909090909,17,2.125,159.73333333332567,0.1957116602001335,1,0,1,5,3,27,5,3,36,0,0,0,0,0,7,14,2,0
difficulty-hard,20260712,1,0.12,0.45,0.2,0.18,3,30,9,2372,600236298,1830827250,false,false,808.833333333255,823.833333333255,9,6,5,179,19,5,3,1,35,30,5,1,5,0,0.14285714285714285,0.8571428571428571,15,1.875,159.73333333332567,0.19748609107769355,1,0,1,5,3,23,5,3,29,0,0,0,0,0,7,5,2,0
difficulty-hard,20260712,1,0.12,0.45,0.2,0.18,3,30,9,2373,2145177234,3287728622,false,false,774.2666666666198,789.2666666666198,9,6,5,179,27,8,3,10,54,46,8,10,8,0,0.14814814814814814,0.8518518518518519,23,2.875,159.73333333332567,0.20630273807473998,1,0,1,7,3,37,7,3,44,0,0,0,0,0,7,14,2,0
difficulty-hard,20260712,1,0.12,0.45,0.2,0.18,3,30,9,2374,1928340309,233603033,false,false,801.8666666665947,819.8666666665947,9,7,6,179,18,5,3,0,31,28,3,0,3,0,0.0967741935483871,0.9032258064516129,15,1.875,159.73333333332567,0.19920186232125875,1,0,1,4,3,23,5,3,28,0,0,0,0,0,3,4,1,0
difficulty-hard,20260712,1,0.12,0.45,0.2,0.18,3,30,9,2375,2321223607,1271623010,false,false,809.599999999921,827.599999999921,9,7,6,179,17,5,3,1,32,28,4,1,4,0,0.125,0.875,16,2,159.73333333332567,0.19729907773387012,1,0,1,5,3,25,5,3,28,0,0,0,0,0,7,11,1,0
difficulty-hard,20260712,1,0.12,0.45,0.2,0.18,3,30,9,2376,3732502805,1958453356,false,false,822.466666666576,837.466666666576,9,6,5,179,21,6,3,3,41,34,7,3,7,0,0.17073170731707318,0.8292682926829268,18,2.25,159.73333333332567,0.19421253140959305,1,0,1,5,3,28,6,3,33,0,0,0,0,0,5,7,3,0
difficulty-hard,20260712,1,0.12,0.45,0.2,0.18,3,30,9,2377,209634586,3871535593,false,false,784.1999999999441,799.1999999999441,9,6,5,179,15,4,3,4,31,29,2,4,2,0,0.06451612903225806,0.9354838709677419,15,1.875,159.73333333332567,0.20368953498257722,1,0,1,4,3,27,4,3,29,0,0,0,0,0,3,5,1,0
difficulty-hard,20260712,1,0.12,0.45,0.2,0.18,3,30,9,2378,1510802123,803672123,false,false,787.6999999999409,805.6999999999409,9,7,6,179,28,9,3,7,47,43,4,7,4,0,0.0851063829787234,0.9148936170212766,20,2.5,159.73333333332567,0.2027844780161707,1,0,1,6,3,34,8,3,42,0,0,0,0,0,3,5,2,0
difficulty-hard,20260712,1,0.12,0.45,0.2,0.18,3,30,9,2379,2218259735,427929475,false,false,786.2666666666089,804.2666666666089,9,7,6,179,22,7,3,2,36,31,5,2,5,0,0.1388888888888889,0.8611111111111112,15,1.875,159.73333333332567,0.2031541461760269,1,0,1,4,3,25,7,3,31,0,0,0,0,0,4,4,2,0
difficulty-hard,20260712,1,0.12,0.45,0.2,0.18,3,30,9,2380,2351427337,3494934321,false,false,801.1999999999287,816.1999999999287,9,6,5,179,12,3,3,3,28,25,3,3,3,0,0.10714285714285714,0.8928571428571429,11,1.375,159.73333333332567,0.19936761524380917,1,0,1,3,3,17,3,3,25,0,0,0,0,0,6,10,2,0
difficulty-hard,20260712,1,0.12,0.45,0.2,0.18,3,30,9,2381,3457748275,896472523,false,false,749.2333333333092,764.2333333333092,9,6,5,179,15,4,2,0,28,24,4,0,4,0,0.14285714285714285,0.8571428571428571,10,1.25,159.73333333332567,0.2131957111714163,1,0,1,2,2,19,4,2,23,0,0,0,0,0,6,8,2,0
difficulty-hard,20260712,1,0.12,0.45,0.2,0.18,3,30,9,2382,1472441424,3289731850,false,false,813.8999999999171,831.8999999999171,9,7,6,179,19,6,3,0,31,27,4,0,4,0,0.12903225806451613,0.8709677419354839,16,2,159.73333333332567,0.19625670639309736,1,0,1,5,3,23,6,3,27,0,0,0,0,0,7,8,2,0
difficulty-hard,20260712,1,0.12,0.45,0.2,0.18,3,30,9,2383,10371439,3562103931,false,false,753.1333333333057,771.1333333333057,9,7,6,179,23,7,3,9,47,40,7,9,7,0,0.14893617021276595,0.851063829787234,20,2.5,159.73333333332567,0.21209170576258946,1,0,1,6,3,34,6,3,37,0,0,0,0,0,11,5,2,0
difficulty-hard,20260712,1,0.12,0.45,0.2,0.18,3,30,9,2384,1268779590,1062597140,false,false,780.1666666666144,798.1666666666144,9,7,6,179,25,7,3,11,52,46,6,11,6,0,0.11538461538461539,0.8846153846153846,24,3,159.73333333332567,0.20474257637257384,1,0,1,7,3,39,7,3,44,0,0,0,0,0,5,10,3,0
difficulty-hard,20260712,1,0.12,0.45,0.2,0.18,3,30,9,2385,3583003116,923441809,false,false,793.3666666666024,811.3666666666024,9,7,6,179,11,3,2,0,23,17,6,0,6,0,0.2608695652173913,0.7391304347826086,7,0.875,159.73333333332567,0.20133607831604378,1,0,1,1,1,14,3,2,17,0,0,0,0,0,6,8,2,0
difficulty-hard,20260712,1,0.12,0.45,0.2,0.18,3,30,9,2386,2865384294,47618480,false,false,734.4333333333227,752.4333333333227,9,7,6,179,18,5,3,1,31,29,2,1,2,0,0.06451612903225806,0.9354838709677419,16,2,159.73333333332567,0.21749194390232104,1,0,1,5,3,25,5,3,29,0,0,0,0,0,6,10,1,0
difficulty-hard,20260712,1,0.12,0.45,0.2,0.18,3,30,9,2387,532693018,2173547026,false,false,743.9999999999807,761.9999999999807,9,7,6,179,24,7,3,7,43,39,4,7,4,0,0.09302325581395349,0.9069767441860465,18,2.25,159.73333333332567,0.2146953405017874,1,0,1,5,3,31,6,3,38,0,0,0,0,0,6,8,2,0
difficulty-hard,20260712,1,0.12,0.45,0.2,0.18,3,30,9,2388,30918588,141234253,false,false,787.6999999999409,805.6999999999409,9,7,6,179,15,4,3,2,32,25,7,2,7,0,0.21875,0.78125,12,1.5,159.73333333332567,0.2027844780161707,1,0,1,3,3,22,4,3,25,0,0,0,0,0,3,5,2,0
difficulty-hard,20260712,1,0.12,0.45,0.2,0.18,3,30,9,2389,1384821148,3455051639,false,false,773.3333333332873,791.3333333332873,9,7,6,179,21,7,3,4,36,34,2,4,2,0,0.05555555555555555,0.9444444444444444,14,1.75,159.73333333332567,0.2065517241379334,1,0,1,4,2,25,7,3,33,0,0,0,0,0,7,5,2,0
difficulty-hard,20260712,1,0.12,0.45,0.2,0.18,3,30,9,2390,2429112563,2859572126,false,false,781.8333333332796,796.8333333332796,9,6,5,179,16,4,3,5,32,30,2,5,2,0,0.0625,0.9375,14,1.75,159.73333333332567,0.2043061180984907,1,0,1,4,3,27,4,3,29,0,0,0,0,0,2,5,2,0
difficulty-hard,20260712,1,0.12,0.45,0.2,0.18,3,30,9,2391,67140452,4239663690,false,false,809.5333333332544,827.5333333332544,9,7,6,179,23,7,3,13,46,44,2,13,2,0,0.043478260869565216,0.9565217391304348,16,2,159.73333333332567,0.19731532570206034,1,0,1,5,3,28,7,3,44,0,0,0,0,0,6,10,2,0
difficulty-hard,20260712,1,0.12,0.45,0.2,0.18,3,30,9,2392,3523912050,33293859,false,false,800.8333333332623,818.8333333332623,9,7,6,179,27,8,3,11,52,46,6,11,6,0,0.11538461538461539,0.8846153846153846,23,2.875,159.73333333332567,0.19945889698231822,1,0,1,7,3,36,8,3,46,0,0,0,0,0,6,5,3,0
difficulty-hard,20260712,1,0.12,0.45,0.2,0.18,3,30,9,2393,3941778780,637651149,false,false,746.7999999999781,761.7999999999781,9,6,5,179,17,5,2,1,33,28,5,1,5,0,0.15151515151515152,0.8484848484848485,16,2,159.73333333332567,0.21389037671843913,1,0,1,5,2,25,5,2,27,0,0,0,0,0,7,5,2,0
difficulty-hard,20260712,1,0.12,0.45,0.2,0.18,3,30,9,2394,1411593298,4285125051,false,false,816.4999999999147,834.4999999999147,9,7,6,179,21,6,3,12,44,43,1,12,1,0,0.022727272727272728,0.9772727272727273,20,2.5,159.73333333332567,0.19563176158400777,1,0,1,6,3,35,6,3,42,0,0,0,0,0,8,10,1,0
difficulty-hard,20260712,1,0.12,0.45,0.2,0.18,3,30,9,2395,3541407129,2229902593,false,false,746.8666666666447,761.8666666666447,9,6,5,179,27,8,3,16,59,53,6,16,6,0,0.1016949152542373,0.8983050847457628,24,3,159.73333333332567,0.21387128447736817,1,0,1,7,3,40,8,3,52,0,0,0,0,0,4,5,3,0
difficulty-hard,20260712,1,0.12,0.45,0.2,0.18,3,30,9,2396,1780569555,3410940605,true,false,761.7666666666312,779.7666666666312,9,7,6,180,19,6,3,5,38,34,4,5,4,0,0.10526315789473684,0.8947368421052632,14,1.75,159.73333333332567,0.20968800595107834,1,1,0,3,3,27,5,3,32,5,3,32,101.43333333324108,0.13315538441331004,5,11,2,0
difficulty-hard,20260712,1,0.12,0.45,0.2,0.18,3,30,9,2397,3719637430,2249856301,false,false,746.9666666666446,764.9666666666446,9,7,6,179,23,7,3,7,43,40,3,7,3,0,0.06976744186046512,0.9302325581395349,20,2.5,159.73333333332567,0.21384265250568574,1,0,1,6,3,31,7,3,40,0,0,0,0,0,4,4,2,0
difficulty-hard,20260712,1,0.12,0.45,0.2,0.18,3,30,9,2398,1774346189,4233075339,false,false,744.9999999999798,762.9999999999798,9,7,6,179,16,5,3,3,34,27,7,3,7,0,0.20588235294117646,0.7941176470588235,13,1.625,159.73333333332567,0.21440715883668457,1,0,1,4,3,21,5,3,27,0,0,0,0,0,7,8,3,0
difficulty-hard,20260712,1,0.12,0.45,0.2,0.18,3,30,9,2399,4069497630,3077228086,false,false,735.0666666666555,753.0666666666555,9,7,6,179,22,7,3,2,35,31,4,2,4,0,0.11428571428571428,0.8857142857142857,17,2.125,159.73333333332567,0.21730455287501557,1,0,1,5,3,26,7,3,31,0,0,0,0,0,6,6,2,0
difficulty-hard,20260712,1,0.12,0.45,0.2,0.18,3,30,9,2400,469967649,2704642969,false,false,810.69999999992,825.69999999992,9,6,5,179,20,6,1,19,51,47,4,19,4,0,0.0784313725490196,0.9215686274509803,15,1.875,159.73333333332567,0.19703137206530336,1,0,1,4,1,36,5,1,44,0,0,0,0,0,7,10,3,0
difficulty-hard,20260712,1,0.12,0.45,0.2,0.18,3,30,9,2401,3141074115,3375341906,false,false,785.833333333276,800.833333333276,9,6,5,179,23,7,3,19,55,52,3,19,3,0,0.05454545454545454,0.9454545454545454,20,2.5,159.73333333332567,0.2032661717921578,1,0,1,6,3,41,7,3,52,0,0,0,0,0,5,5,2,0
difficulty-hard,20260712,1,0.12,0.45,0.2,0.18,3,30,9,2402,4221126715,3455925408,false,false,756.7666666666357,774.7666666666357,9,7,6,179,16,4,3,3,33,29,4,3,4,0,0.12121212121212122,0.8787878787878788,16,2,159.73333333332567,0.21107342641941446,1,0,1,4,3,26,4,3,29,0,0,0,0,0,8,12,2,0
difficulty-hard,20260712,1,0.12,0.45,0.2,0.18,3,30,9,2403,1051803465,3302949298,false,false,810.7999999999199,828.7999999999199,9,7,6,179,17,4,2,16,49,43,6,16,6,0,0.12244897959183673,0.8775510204081632,15,1.875,159.73333333332567,0.19700707120540387,1,0,1,4,2,32,4,2,43,0,0,0,0,0,7,9,2,0
difficulty-hard,20260712,1,0.12,0.45,0.2,0.18,3,30,9,2404,3138825369,85766934,false,false,807.9666666665892,825.9666666665892,9,7,6,179,16,4,2,3,31,27,4,3,4,0,0.12903225806451613,0.8709677419354839,12,1.5,159.73333333332567,0.197697924831892,1,0,1,3,2,19,4,2,27,0,0,0,0,0,6,7,2,0
difficulty-hard,20260712,1,0.12,0.45,0.2,0.18,3,30,9,2405,585799114,2682390779,false,false,726.8666666666629,744.8666666666629,9,7,6,179,24,7,3,2,43,36,7,2,7,0,0.16279069767441862,0.8372093023255814,21,2.625,159.73333333332567,0.21975603045032538,1,0,1,6,3,31,7,3,34,0,0,0,0,0,5,5,2,0
difficulty-hard,20260712,1,0.12,0.45,0.2,0.18,3,30,9,2406,1775226621,2093382041,false,false,796.833333333266,814.833333333266,9,7,6,179,22,6,3,9,50,40,10,9,10,0,0.2,0.8,19,2.375,159.73333333332567,0.2004601547793422,1,0,1,5,3,34,6,3,39,0,0,0,0,0,7,8,2,0
difficulty-hard,20260712,1,0.12,0.45,0.2,0.18,3,30,9,2407,2003392663,1270742799,false,false,756.6333333333025,774.6333333333025,9,7,6,179,20,6,3,9,41,39,2,9,2,0,0.04878048780487805,0.9512195121951219,19,2.375,159.73333333332567,0.2111106216132854,1,0,1,6,3,36,6,3,39,0,0,0,0,0,5,10,2,0
difficulty-hard,20260712,1,0.12,0.45,0.2,0.18,3,30,9,2408,1721249173,438628739,false,false,829.5999999999028,844.5999999999028,9,6,5,179,16,5,3,0,26,23,3,0,3,0,0.11538461538461539,0.8846153846153846,11,1.375,159.73333333332567,0.19254259080682784,1,0,1,3,2,18,4,3,22,0,0,0,0,0,6,11,2,0
difficulty-hard,20260712,1,0.12,0.45,0.2,0.18,3,30,9,2409,3750351047,4125081176,false,false,749.099999999976,764.099999999976,9,6,5,179,14,4,2,0,26,21,5,0,5,0,0.19230769230769232,0.8076923076923077,12,1.5,159.73333333332567,0.21323365816757547,1,0,1,3,2,19,4,2,21,0,0,0,0,0,5,11,2,0
difficulty-hard,20260712,1,0.12,0.45,0.2,0.18,3,30,9,2410,278405934,348353616,false,false,790.3333333332719,808.3333333332719,9,7,6,179,23,7,3,4,43,37,6,4,6,0,0.13953488372093023,0.8604651162790697,18,2.25,159.73333333332567,0.20210881484606255,1,0,1,5,3,30,7,3,36,0,0,0,0,0,3,4,2,0
difficulty-hard,20260712,1,0.12,0.45,0.2,0.18,3,30,9,2411,3036039854,830763872,false,false,746.2999999999786,764.2999999999786,9,7,6,179,14,4,2,0,23,21,2,0,2,0,0.08695652173913043,0.9130434782608695,11,1.375,159.73333333332567,0.21403367725221795,1,0,1,3,2,18,4,2,21,0,0,0,0,0,5,8,1,0
difficulty-hard,20260712,1,0.12,0.45,0.2,0.18,3,30,9,2412,2659265057,376518653,false,false,728.7666666666612,746.7666666666612,9,7,6,179,18,5,2,8,38,36,2,8,2,0,0.05263157894736842,0.9473684210526315,17,2.125,159.73333333332567,0.21918309472624098,1,0,1,5,2,27,5,2,36,0,0,0,0,0,4,6,1,0
difficulty-hard,20260712,1,0.12,0.45,0.2,0.18,3,30,9,2413,2604885285,1099513912,false,false,791.7666666666039,809.7666666666039,9,7,6,179,28,9,3,12,56,49,7,12,7,0,0.125,0.875,25,3.125,159.73333333332567,0.20174293773418728,1,0,1,8,3,37,8,3,47,0,0,0,0,0,7,5,3,0
difficulty-hard,20260712,1,0.12,0.45,0.2,0.18,3,30,9,2414,3301768502,1087776622,false,false,822.5666666665759,840.5666666665759,9,7,6,179,21,6,3,2,35,32,3,2,3,0,0.08571428571428572,0.9142857142857143,18,2.25,159.73333333332567,0.19418892085749073,1,0,1,6,3,26,6,3,31,0,0,0,0,0,5,13,2,0
difficulty-hard,20260712,1,0.12,0.45,0.2,0.18,3,30,9,2415,1882495509,337633809,false,false,801.5999999999283,816.5999999999283,9,6,5,179,18,5,3,2,37,30,7,2,7,0,0.1891891891891892,0.8108108108108109,16,2,159.73333333332567,0.19926813040586322,1,0,1,4,3,25,5,3,30,0,0,0,0,0,5,5,2,0
difficulty-hard,20260712,1,0.12,0.45,0.2,0.18,3,30,9,2416,66361557,546983807,true,false,833.5999999998992,851.5999999998992,9,7,6,180,21,7,3,3,35,32,3,3,3,0,0.08571428571428572,0.9142857142857143,15,1.875,159.73333333332567,0.19161868202176702,1,1,0,4,3,24,5,3,26,6,3,31,182.4666666665007,0.2188899552141588,5,13,2,0
difficulty-hard,20260712,1,0.12,0.45,0.2,0.18,3,30,9,2417,565353784,1234220841,false,false,795.633333333267,813.633333333267,9,7,6,179,17,5,3,1,29,26,3,1,3,0,0.10344827586206896,0.896551724137931,15,1.875,159.73333333332567,0.20076249528678075,1,0,1,4,3,24,5,3,26,0,0,0,0,0,3,5,2,0
difficulty-hard,20260712,1,0.12,0.45,0.2,0.18,3,30,9,2418,1701655958,270364275,false,false,809.3999999999212,824.3999999999212,9,6,5,179,23,7,3,6,40,39,1,6,1,0,0.025,0.975,22,2.75,159.73333333332567,0.19734782966807662,1,0,1,7,3,32,7,3,38,0,0,0,0,0,7,8,2,0
difficulty-hard,20260712,1,0.12,0.45,0.2,0.18,3,30,9,2419,2267009450,667031632,false,false,782.6666666666122,800.6666666666122,9,7,6,179,19,5,3,1,35,30,5,1,5,0,0.14285714285714285,0.8571428571428571,15,1.875,159.73333333332567,0.20408858603066882,1,0,1,4,3,24,5,3,30,0,0,0,0,0,6,8,1,0
difficulty-hard,20260712,1,0.12,0.45,0.2,0.18,3,30,9,2420,967312102,2116824764,false,false,753.0999999999724,771.0999999999724,9,7,6,179,22,6,3,14,54,46,8,14,8,0,0.14814814814814814,0.8518518518518519,22,2.75,159.73333333332567,0.2121010932589716,1,0,1,6,3,40,6,3,44,0,0,0,0,0,6,6,2,0
difficulty-hard,20260712,1,0.12,0.45,0.2,0.18,3,30,9,2421,3999721237,1225436140,false,false,749.3333333333092,767.3333333333092,9,7,6,179,22,6,3,17,54,49,5,17,5,0,0.09259259259259259,0.9074074074074074,21,2.625,159.73333333332567,0.21316725978647352,1,0,1,6,3,43,6,3,47,0,0,0,0,0,5,4,3,0
difficulty-hard,20260712,1,0.12,0.45,0.2,0.18,3,30,9,2422,3563898536,3656715277,false,false,789.6999999999391,804.6999999999391,9,6,5,179,23,7,3,9,48,41,7,9,7,0,0.14583333333333334,0.8541666666666666,20,2.5,159.73333333332567,0.20227090456292007,1,0,1,6,3,33,7,3,41,0,0,0,0,0,3,5,2,0
difficulty-hard,20260712,1,0.12,0.45,0.2,0.18,3,30,9,2423,335152022,413218047,false,false,813.9666666665837,831.9666666665837,9,7,6,179,13,3,2,0,24,21,3,0,3,0,0.125,0.875,9,1.125,159.73333333332567,0.19624063229453534,1,0,1,2,1,16,3,2,21,0,0,0,0,0,6,11,2,0
difficulty-hard,20260712,1,0.12,0.45,0.2,0.18,3,30,9,2424,3582881344,4248523254,false,false,800.8666666665956,815.8666666665956,9,6,5,179,23,6,2,17,56,50,6,17,6,0,0.10714285714285714,0.8928571428571429,20,2.5,159.73333333332567,0.19945059518855388,1,0,1,6,2,37,6,2,45,0,0,0,0,0,6,8,2,0
difficulty-hard,20260712,1,0.12,0.45,0.2,0.18,3,30,9,2425,3511770312,1127804173,false,false,814.2333333332501,832.2333333332501,9,7,6,179,23,7,3,10,47,43,4,10,4,0,0.0851063829787234,0.9148936170212766,20,2.5,159.73333333332567,0.19617636222214188,1,0,1,6,3,32,7,3,43,0,0,0,0,0,6,8,2,0
difficulty-hard,20260712,1,0.12,0.45,0.2,0.18,3,30,9,2426,813307651,3239614907,false,false,788.5999999999401,803.5999999999401,9,6,5,179,19,5,3,2,31,30,1,2,1,0,0.03225806451612903,0.967741935483871,15,1.875,159.73333333332567,0.2025530475948996,1,0,1,4,3,24,5,3,30,0,0,0,0,0,3,5,1,0
difficulty-hard,20260712,1,0.12,0.45,0.2,0.18,3,30,9,2427,3272413945,4141049023,false,false,732.1999999999914,750.1999999999914,9,7,6,179,21,7,3,1,41,32,9,1,9,0,0.21951219512195122,0.7804878048780488,15,1.875,159.73333333332567,0.21815533096603051,1,0,1,4,2,23,7,3,32,0,0,0,0,0,3,5,2,0
difficulty-hard,20260712,1,0.12,0.45,0.2,0.18,3,30,9,2428,1025773335,668923566,false,false,748.3666666666434,763.3666666666434,9,6,5,179,26,8,3,10,53,46,7,10,7,0,0.1320754716981132,0.8679245283018868,24,3,159.73333333332567,0.21344260834706336,1,0,1,7,3,37,8,3,45,0,0,0,0,0,4,5,2,0
difficulty-hard,20260712,1,0.12,0.45,0.2,0.18,3,30,9,2429,3468898785,1942276515,false,false,808.8666666665883,823.8666666665883,9,6,5,179,15,4,3,2,31,26,5,2,5,0,0.16129032258064516,0.8387096774193549,14,1.75,159.73333333332567,0.19747795269101764,1,0,1,4,3,23,4,3,26,0,0,0,0,0,7,8,2,0
difficulty-hard,20260712,1,0.12,0.45,0.2,0.18,3,30,9,2430,1047022669,2289235772,false,false,747.333333333311,765.333333333311,9,7,6,179,14,4,3,1,32,25,7,1,7,0,0.21875,0.78125,10,1.25,159.73333333332567,0.21373773416591943,1,0,1,3,2,17,4,3,25,0,0,0,0,0,5,5,2,0
difficulty-hard,20260712,1,0.12,0.45,0.2,0.18,3,30,9,2431,425994904,357342750,false,false,813.5333333332508,831.5333333332508,9,7,6,179,21,6,3,5,42,35,7,5,7,0,0.16666666666666666,0.8333333333333334,18,2.25,159.73333333332567,0.19634516102598773,1,0,1,5,3,26,6,3,34,0,0,0,0,0,7,8,2,0
difficulty-hard,20260712,1,0.12,0.45,0.2,0.18,3,30,9,2432,945259621,2001362368,false,false,780.7333333332806,798.7333333332806,9,7,6,179,20,6,3,8,45,37,8,8,8,0,0.17777777777777778,0.8222222222222222,18,2.25,159.73333333332567,0.20459397147980932,1,0,1,6,3,27,6,3,35,0,0,0,0,0,6,8,2,0
difficulty-hard,20260712,1,0.12,0.45,0.2,0.18,3,30,9,2433,166212782,985777059,false,false,769.5333333332908,787.5333333332908,9,7,6,179,24,7,2,8,46,41,5,8,5,0,0.10869565217391304,0.8913043478260869,19,2.375,159.73333333332567,0.20757168846920365,1,0,1,6,2,29,7,2,40,0,0,0,0,0,6,8,2,0
difficulty-hard,20260712,1,0.12,0.45,0.2,0.18,3,30,9,2434,2171988040,2936793034,false,false,799.7999999999299,817.7999999999299,9,7,6,179,20,6,3,0,34,29,5,0,5,0,0.14705882352941177,0.8529411764705882,15,1.875,159.73333333332567,0.1997165958156285,1,0,1,5,3,22,6,3,29,0,0,0,0,0,3,6,2,0
difficulty-hard,20260712,1,0.12,0.45,0.2,0.18,3,30,9,2435,142446457,4247514717,false,false,774.06666666662,792.06666666662,9,7,6,179,16,5,3,0,28,24,4,0,4,0,0.14285714285714285,0.8571428571428571,12,1.5,159.73333333332567,0.20635604168461197,1,0,1,3,2,20,5,3,24,0,0,0,0,0,5,8,1,0
difficulty-hard,20260712,1,0.12,0.45,0.2,0.18,3,30,9,2436,2525698608,1650485560,false,false,782.1333333332793,797.1333333332793,9,6,5,179,15,4,3,2,29,26,3,2,3,0,0.10344827586206896,0.896551724137931,11,1.375,159.73333333332567,0.20422775315377178,1,0,1,3,2,20,4,3,24,0,0,0,0,0,6,11,2,0
difficulty-hard,20260712,1,0.12,0.45,0.2,0.18,3,30,9,2437,3338376528,3176745315,false,false,758.5333333333008,776.5333333333008,9,7,6,179,19,5,3,2,37,29,8,2,8,0,0.21621621621621623,0.7837837837837838,14,1.75,159.73333333332567,0.21058182457373772,1,0,1,3,2,25,5,3,29,0,0,0,0,0,5,4,2,0
difficulty-hard,20260712,1,0.12,0.45,0.2,0.18,3,30,9,2438,1076258951,1587916739,false,false,773.4666666666205,791.4666666666205,9,7,6,179,19,6,3,0,31,26,5,0,5,0,0.16129032258064516,0.8387096774193549,14,1.75,159.73333333332567,0.20651611791070745,1,0,1,4,3,22,6,3,26,0,0,0,0,0,6,14,2,0
difficulty-hard,20260712,1,0.12,0.45,0.2,0.18,3,30,9,2439,2225608953,567488578,false,false,746.5333333333117,764.5333333333117,9,7,6,179,23,7,3,6,43,39,4,6,4,0,0.09302325581395349,0.9069767441860465,21,2.625,159.73333333332567,0.21396677978209988,1,0,1,6,3,35,7,3,39,0,0,0,0,0,7,6,2,0
difficulty-hard,20260712,1,0.12,0.45,0.2,0.18,3,30,9,2440,1039426125,3877371360,false,false,809.599999999921,824.599999999921,9,6,5,179,17,5,3,0,29,26,3,0,3,0,0.10344827586206896,0.896551724137931,12,1.5,159.73333333332567,0.19729907773387012,1,0,1,3,2,21,5,3,26,0,0,0,0,0,6,10,2,0
difficulty-hard,20260712,1,0.12,0.45,0.2,0.18,3,30,9,2441,267037887,1551024498,true,false,803.2333333332601,821.2333333332601,9,7,6,180,12,4,3,0,29,21,8,0,8,0,0.27586206896551724,0.7241379310344828,12,1.5,159.73333333332567,0.1988629289953192,1,1,0,4,3,19,4,3,20,4,3,20,140.59999999987213,0.17504253641517817,6,11,2,0
difficulty-hard,20260712,1,0.12,0.45,0.2,0.18,3,30,9,2442,3736263109,1152406732,false,false,796.5666666665995,814.5666666665995,9,7,6,179,24,7,3,11,53,45,8,11,8,0,0.1509433962264151,0.8490566037735849,22,2.75,159.73333333332567,0.2005272628363466,1,0,1,7,3,38,7,3,44,0,0,0,0,0,4,5,2,0
difficulty-hard,20260712,1,0.12,0.45,0.2,0.18,3,30,9,2443,330511504,1000982184,false,false,806.3333333332573,824.3333333332573,9,7,6,179,15,4,2,1,33,26,7,1,7,0,0.21212121212121213,0.7878787878787878,14,1.75,159.73333333332567,0.19809838776354782,1,0,1,4,2,21,4,2,26,0,0,0,0,0,6,10,2,0
difficulty-hard,20260712,1,0.12,0.45,0.2,0.18,3,30,9,2444,3935744221,755274748,false,false,793.1666666666026,811.1666666666026,9,7,6,179,22,6,3,6,46,37,9,6,9,0,0.1956521739130435,0.8043478260869565,19,2.375,159.73333333332567,0.201386845976052,1,0,1,6,3,31,6,3,37,0,0,0,0,0,6,11,2,0
difficulty-hard,20260712,1,0.12,0.45,0.2,0.18,3,30,9,2445,2927293560,1600838103,false,false,801.2999999999286,819.2999999999286,9,7,6,179,16,5,3,2,29,26,3,2,3,0,0.10344827586206896,0.896551724137931,12,1.5,159.73333333332567,0.19934273472275044,1,0,1,3,3,20,5,3,25,0,0,0,0,0,6,10,1,0
difficulty-hard,20260712,1,0.12,0.45,0.2,0.18,3,30,9,2446,1199370575,1781420636,false,false,814.766666666583,829.766666666583,9,6,5,179,20,6,3,3,39,31,8,3,8,0,0.20512820512820512,0.7948717948717948,16,2,159.73333333332567,0.19604794828786412,1,0,1,4,3,24,6,3,31,0,0,0,0,0,6,7,2,0
difficulty-hard,20260712,1,0.12,0.45,0.2,0.18,3,30,9,2447,4093350229,4272749573,false,false,756.8999999999689,774.8999999999689,9,7,6,179,17,5,3,1,31,28,3,1,3,0,0.0967741935483871,0.9032258064516129,16,2,159.73333333332567,0.21103624432994084,1,0,1,5,3,23,5,3,27,0,0,0,0,0,5,6,2,0
difficulty-hard,20260712,1,0.12,0.45,0.2,0.18,3,30,9,2448,3155552546,1655322329,false,false,762.5333333332972,777.5333333332972,9,6,5,179,22,6,3,8,48,40,8,8,8,0,0.16666666666666666,0.8333333333333334,19,2.375,159.73333333332567,0.20947718132540644,1,0,1,5,3,33,6,3,38,0,0,0,0,0,6,11,2,0
difficulty-hard,20260712,1,0.12,0.45,0.2,0.18,3,30,9,2449,3682796744,103541075,false,false,737.0666666666536,755.0666666666536,9,7,6,179,20,6,3,2,32,30,2,2,2,0,0.0625,0.9375,17,2.125,159.73333333332567,0.21671490593342324,1,0,1,5,3,26,6,3,30,0,0,0,0,0,6,11,2,0
difficulty-hard,20260712,1,0.12,0.45,0.2,0.18,3,30,9,2450,2583877567,332810957,false,false,808.3333333332555,823.3333333332555,9,6,5,179,31,9,3,16,61,56,5,16,5,0,0.08196721311475409,0.9180327868852459,26,3.25,159.73333333332567,0.19760824742268995,1,0,1,8,3,42,9,3,56,0,0,0,0,0,4,7,2,0
difficulty-hard,20260712,1,0.12,0.45,0.2,0.18,3,30,9,2451,145781751,3349317435,false,false,760.3666666666325,778.3666666666325,9,7,6,179,28,9,3,3,41,39,2,3,2,0,0.04878048780487805,0.9512195121951219,18,2.25,159.73333333332567,0.21007408706325834,1,0,1,5,3,27,8,3,38,0,0,0,0,0,3,5,3,0
difficulty-hard,20260712,1,0.12,0.45,0.2,0.18,3,30,9,2452,1895175068,849948306,true,false,764.5999999999619,782.5999999999619,9,7,6,180,19,6,3,4,36,32,4,4,4,0,0.1111111111111111,0.8888888888888888,17,2.125,159.73333333332567,0.20891097741738637,1,1,0,5,3,27,5,3,31,5,3,31,101.46666666657438,0.1327055541022488,5,11,2,0
difficulty-hard,20260712,1,0.12,0.45,0.2,0.18,3,30,9,2453,1754388817,1490551323,false,false,795.0666666666009,813.0666666666009,9,7,6,179,21,6,3,9,44,39,5,9,5,0,0.11363636363636363,0.8863636363636364,18,2.25,159.73333333332567,0.20090558443737072,1,0,1,5,3,32,6,3,39,0,0,0,0,0,3,5,3,0
difficulty-hard,20260712,1,0.12,0.45,0.2,0.18,3,30,9,2454,21030318,374499561,false,false,780.9666666666137,798.9666666666137,9,7,6,179,20,6,3,3,38,33,5,3,5,0,0.13157894736842105,0.868421052631579,14,1.75,159.73333333332567,0.20453284391139592,1,0,1,4,3,23,6,3,32,0,0,0,0,0,6,7,2,0
difficulty-hard,20260712,1,0.12,0.45,0.2,0.18,3,30,9,2455,2374253499,251620846,false,false,803.6999999999264,821.6999999999264,9,7,6,179,19,6,3,2,34,29,5,2,5,0,0.14705882352941177,0.8529411764705882,13,1.625,159.73333333332567,0.1987474596657214,1,0,1,3,3,23,6,3,29,0,0,0,0,0,7,5,2,0
difficulty-hard,20260712,1,0.12,0.45,0.2,0.18,3,30,9,2456,2859278564,964716408,false,false,742.1999999999823,757.1999999999823,9,6,5,179,19,5,3,2,35,30,5,2,5,0,0.14285714285714285,0.8571428571428571,15,1.875,159.73333333332567,0.21521602443186402,1,0,1,5,3,24,5,3,30,0,0,0,0,0,3,5,2,0
difficulty-hard,20260712,1,0.12,0.45,0.2,0.18,3,30,9,2457,30629468,4189746373,false,false,742.4666666666487,760.4666666666487,9,7,6,179,22,7,3,8,46,40,6,8,6,0,0.13043478260869565,0.8695652173913043,19,2.375,159.73333333332567,0.21513872676662862,1,0,1,6,3,31,7,3,38,0,0,0,0,0,6,5,2,0
difficulty-hard,20260712,1,0.12,0.45,0.2,0.18,3,30,9,2458,3721073564,277507269,false,false,799.033333333264,817.033333333264,9,7,6,179,20,6,2,6,39,36,3,6,3,0,0.07692307692307693,0.9230769230769231,17,2.125,159.73333333332567,0.1999082224354506,1,0,1,5,2,29,6,2,33,0,0,0,0,0,5,5,2,0
difficulty-hard,20260712,1,0.12,0.45,0.2,0.18,3,30,9,2459,875700906,1834965579,false,false,806.3333333332573,821.3333333332573,9,6,5,175,22,6,2,8,44,40,4,8,4,0,0.09090909090909091,0.9090909090909091,21,2.625,159.73333333332567,0.19809838776354782,1,0,1,6,2,38,6,2,39,0,0,0,0,0,11,5,2,0
difficulty-hard,20260712,1,0.12,0.45,0.2,0.18,3,30,9,2460,390924168,3209818631,false,false,808.933333333255,826.933333333255,9,7,6,179,21,6,3,11,45,42,3,11,3,0,0.06666666666666667,0.9333333333333333,19,2.375,159.73333333332567,0.19746167792979374,1,0,1,5,3,38,6,3,41,0,0,0,0,0,5,5,2,0
difficulty-hard,20260712,1,0.12,0.45,0.2,0.18,3,30,9,2461,32195757,2625837072,false,false,745.6333333333125,763.6333333333125,9,7,6,177,22,7,2,2,38,32,6,2,6,0,0.15789473684210525,0.8421052631578947,16,2,159.73333333332567,0.21422504358710287,1,0,1,4,2,25,6,2,31,0,0,0,0,0,12,5,2,0
difficulty-hard,20260712,1,0.12,0.45,0.2,0.18,3,30,9,2462,662314577,1716507970,false,false,800.0666666665963,815.0666666665963,9,6,5,179,13,3,3,0,24,22,2,0,2,0,0.08333333333333333,0.9166666666666666,10,1.25,159.73333333332567,0.1996500291642443,1,0,1,3,3,17,3,3,22,0,0,0,0,0,7,7,1,0
difficulty-hard,20260712,1,0.12,0.45,0.2,0.18,3,30,9,2463,279508189,3788787161,false,false,776.3333333332846,791.3333333332846,9,6,5,179,18,5,3,1,29,27,2,1,2,0,0.06896551724137931,0.9310344827586207,14,1.75,159.73333333332567,0.2057535422928326,1,0,1,3,2,24,5,3,27,0,0,0,0,0,6,8,1,0
difficulty-hard,20260712,1,0.12,0.45,0.2,0.18,3,30,9,2464,3610281289,4096089926,false,false,745.7666666666457,763.7666666666457,9,7,6,179,14,4,2,0,26,22,4,0,4,0,0.15384615384615385,0.8461538461538461,11,1.375,159.73333333332567,0.21418674294908616,1,0,1,3,2,17,3,2,20,0,0,0,0,0,3,5,2,0
difficulty-hard,20260712,1,0.12,0.45,0.2,0.18,3,30,9,2465,1928422013,4193160925,false,false,790.3333333332719,805.3333333332719,9,6,5,179,21,6,2,8,44,37,7,8,7,0,0.1590909090909091,0.8409090909090909,17,2.125,159.73333333332567,0.20210881484606255,1,0,1,5,2,27,6,2,37,0,0,0,0,0,3,4,3,0
difficulty-hard,20260712,1,0.12,0.45,0.2,0.18,3,30,9,2466,2182817165,2414337898,false,false,759.0666666666336,777.0666666666336,9,7,6,179,19,6,2,1,32,28,4,1,4,0,0.125,0.875,15,1.875,159.73333333332567,0.21043386615141307,1,0,1,4,2,23,6,2,28,0,0,0,0,0,5,11,2,0
difficulty-hard,20260712,1,0.12,0.45,0.2,0.18,3,30,9,2467,3987260958,84377011,false,false,800.1666666665963,815.1666666665963,9,6,5,179,12,3,3,0,22,20,2,0,2,0,0.09090909090909091,0.9090909090909091,8,1,159.73333333332567,0.19962507810873534,1,0,1,2,2,15,3,3,20,0,0,0,0,0,6,11,1,0
difficulty-hard,20260712,1,0.12,0.45,0.2,0.18,3,30,9,2468,3657416023,3485834394,false,false,803.1666666665935,821.1666666665935,9,7,6,179,17,5,3,0,33,25,8,0,8,0,0.24242424242424243,0.7575757575757576,12,1.5,159.73333333332567,0.19887943556755372,1,0,1,3,2,18,5,3,25,0,0,0,0,0,6,8,2,0
difficulty-hard,20260712,1,0.12,0.45,0.2,0.18,3,30,9,2469,896336851,2428383605,false,false,768.3999999999585,783.3999999999585,9,6,5,179,18,5,3,0,28,27,1,0,1,0,0.03571428571428571,0.9642857142857143,15,1.875,159.73333333332567,0.20787784140204882,1,0,1,4,3,23,5,3,27,0,0,0,0,0,6,6,1,0
difficulty-hard,20260712,1,0.12,0.45,0.2,0.18,3,30,9,2470,2780808373,2370665885,false,false,736.9333333333204,751.9333333333204,9,6,5,179,14,4,3,0,26,23,3,0,3,0,0.11538461538461539,0.8846153846153846,9,1.125,159.73333333332567,0.21675411615704063,1,0,1,2,2,18,4,3,23,0,0,0,0,0,6,10,2,0
difficulty-hard,20260712,1,0.12,0.45,0.2,0.18,3,30,9,2471,221783777,711617301,false,false,807.6999999999227,822.6999999999227,9,6,5,179,20,6,3,4,36,32,4,4,4,0,0.1111111111111111,0.8888888888888888,17,2.125,159.73333333332567,0.19776319590608016,1,0,1,5,3,27,5,3,31,0,0,0,0,0,5,10,2,0
difficulty-hard,20260712,1,0.12,0.45,0.2,0.18,3,30,9,2472,1081186840,2730001637,false,false,742.3999999999821,760.3999999999821,9,7,6,179,26,8,3,9,50,45,5,9,5,0,0.1,0.9,22,2.75,159.73333333332567,0.21515804597700636,1,0,1,7,3,34,8,3,45,0,0,0,0,0,5,5,3,0
difficulty-hard,20260712,1,0.12,0.45,0.2,0.18,3,30,9,2473,386284963,2543175807,false,false,793.7333333332688,811.7333333332688,9,7,6,179,16,4,3,2,31,27,4,2,4,0,0.12903225806451613,0.8709677419354839,13,1.625,159.73333333332567,0.20124307072065178,1,0,1,4,3,23,4,3,27,0,0,0,0,0,6,6,3,0
difficulty-hard,20260712,1,0.12,0.45,0.2,0.18,3,30,9,2474,952555680,1881639412,false,false,746.0999999999788,764.0999999999788,9,7,6,179,18,5,3,2,40,30,10,2,10,0,0.25,0.75,14,1.75,159.73333333332567,0.21409105124424369,1,0,1,4,3,23,5,3,29,0,0,0,0,0,7,8,2,0
difficulty-hard,20260712,1,0.12,0.45,0.2,0.18,3,30,9,2475,1990372312,4029635771,false,false,809.0666666665882,824.0666666665882,9,6,5,179,23,7,3,2,36,34,2,2,2,0,0.05555555555555555,0.9444444444444444,19,2.375,159.73333333332567,0.19742913645353638,1,0,1,6,2,27,7,3,32,0,0,0,0,0,6,7,1,0
difficulty-hard,20260712,1,0.12,0.45,0.2,0.18,3,30,9,2476,2068089271,1753636525,false,false,787.1999999999414,805.1999999999414,9,7,6,179,20,5,2,7,45,37,8,7,8,0,0.17777777777777778,0.8222222222222222,19,2.375,159.73333333332567,0.20291327913279672,1,0,1,5,2,31,5,2,36,0,0,0,0,0,6,5,2,0
difficulty-hard,20260712,1,0.12,0.45,0.2,0.18,3,30,9,2477,749734602,4248838923,false,false,746.6333333333116,764.6333333333116,9,7,6,179,20,6,3,3,41,32,9,3,9,0,0.21951219512195122,0.7804878048780488,12,1.5,159.73333333332567,0.21393812223759587,1,0,1,3,2,21,6,3,30,0,0,0,0,0,7,6,2,0
difficulty-hard,20260712,1,0.12,0.45,0.2,0.18,3,30,9,2478,2223013441,3527112178,false,false,799.9666666665964,817.9666666665964,9,7,6,179,12,3,2,0,24,20,4,0,4,0,0.16666666666666666,0.8333333333333334,11,1.375,159.73333333332567,0.19967498645777704,1,0,1,3,2,19,3,2,20,0,0,0,0,0,7,8,2,0
difficulty-hard,20260712,1,0.12,0.45,0.2,0.18,3,30,9,2479,2551409010,301425818,false,false,808.6333333332552,826.6333333332552,9,7,6,179,21,6,3,18,57,49,8,18,8,0,0.14035087719298245,0.8596491228070176,20,2.5,159.73333333332567,0.1975349354878698,1,0,1,6,3,42,6,3,46,0,0,0,0,0,6,8,2,0
difficulty-hard,20260712,1,0.12,0.45,0.2,0.18,3,30,9,2480,1265527698,1305377740,false,false,748.6666666666431,766.6666666666431,9,7,6,179,19,6,3,7,44,36,8,7,8,0,0.18181818181818182,0.8181818181818182,17,2.125,159.73333333332567,0.21335707925200004,1,0,1,5,3,27,6,3,35,0,0,0,0,0,5,5,2,0
difficulty-hard,20260712,1,0.12,0.45,0.2,0.18,3,30,9,2481,98355268,467118485,false,false,736.6999999999873,754.6999999999873,9,7,6,179,17,5,3,5,38,29,9,5,9,0,0.23684210526315788,0.7631578947368421,13,1.625,159.73333333332567,0.21682276820052726,1,0,1,3,3,22,5,3,29,0,0,0,0,0,3,5,3,0
difficulty-hard,20260712,1,0.12,0.45,0.2,0.18,3,30,9,2482,3155717458,2332302820,false,false,769.3999999999576,787.3999999999576,9,7,6,179,12,3,2,0,26,22,4,0,4,0,0.15384615384615385,0.8461538461538461,9,1.125,159.73333333332567,0.20760765964821223,1,0,1,2,2,17,3,2,21,0,0,0,0,0,8,9,2,0
difficulty-hard,20260712,1,0.12,0.45,0.2,0.18,3,30,9,2483,681566507,528767052,false,false,808.2333333332556,826.2333333332556,9,7,6,179,21,6,2,3,36,34,2,3,2,0,0.05555555555555555,0.9444444444444444,16,2,159.73333333332567,0.19763269682848317,1,0,1,4,2,28,6,2,34,0,0,0,0,0,6,10,3,0
difficulty-hard,20260712,1,0.12,0.45,0.2,0.18,3,30,9,2484,3974530504,625238190,false,false,801.4333333332618,819.4333333332618,9,7,6,179,27,8,3,10,52,47,5,10,5,0,0.09615384615384616,0.9038461538461539,24,3,159.73333333332567,0.19930957035312558,1,0,1,8,3,38,8,3,46,0,0,0,0,0,5,11,2,0
difficulty-hard,20260712,1,0.12,0.45,0.2,0.18,3,30,9,2485,4147268286,976135222,false,false,788.6666666666067,806.6666666666067,9,7,6,179,15,4,3,0,26,23,3,0,3,0,0.11538461538461539,0.8846153846153846,10,1.25,159.73333333332567,0.20253592561285438,1,0,1,2,2,19,3,3,21,0,0,0,0,0,6,11,2,0
difficulty-hard,20260712,1,0.12,0.45,0.2,0.18,3,30,9,2486,510326457,1901382406,false,false,755.5666666666368,773.5666666666368,9,7,6,179,25,8,3,11,50,45,5,11,5,0,0.1,0.9,21,2.625,159.73333333332567,0.21140865575506065,1,0,1,6,2,35,7,2,43,0,0,0,0,0,5,5,2,0
difficulty-hard,20260712,1,0.12,0.45,0.2,0.18,3,30,9,2487,1735479014,2612440372,false,false,799.033333333264,814.033333333264,9,6,5,179,24,7,3,8,49,41,8,8,8,0,0.16326530612244897,0.8367346938775511,21,2.625,159.73333333332567,0.1999082224354506,1,0,1,7,3,33,7,3,41,0,0,0,0,0,7,10,2,0
difficulty-hard,20260712,1,0.12,0.45,0.2,0.18,3,30,9,2488,916882114,2631954835,false,false,802.7999999999272,820.7999999999272,9,7,6,179,18,5,3,1,30,29,1,1,1,0,0.03333333333333333,0.9666666666666667,15,1.875,159.73333333332567,0.19897027071915815,1,0,1,4,2,24,5,3,29,0,0,0,0,0,5,10,2,0
difficulty-hard,20260712,1,0.12,0.45,0.2,0.18,3,30,9,2489,2892532539,3320747365,false,false,731.1999999999923,749.1999999999923,9,7,6,179,17,5,3,1,30,27,3,1,3,0,0.1,0.9,14,1.75,159.73333333332567,0.21845368344273436,1,0,1,4,3,21,5,3,25,0,0,0,0,0,8,7,2,0
difficulty-hard,20260712,1,0.12,0.45,0.2,0.18,3,30,9,2490,327680376,178648864,false,false,802.1666666665944,820.1666666665944,9,7,6,179,29,8,3,22,66,60,6,22,6,0,0.09090909090909091,0.9090909090909091,25,3.125,159.73333333332567,0.19912736339082493,1,0,1,7,3,49,8,3,59,0,0,0,0,0,8,10,2,0
difficulty-hard,20260712,1,0.12,0.45,0.2,0.18,3,30,9,2491,1308584195,1246862562,false,false,757.4666666666351,775.4666666666351,9,7,6,179,22,7,3,3,38,33,5,3,5,0,0.13157894736842105,0.868421052631579,18,2.25,159.73333333332567,0.21087836648477248,1,0,1,5,3,27,6,3,31,0,0,0,0,0,6,7,2,0
difficulty-hard,20260712,1,0.12,0.45,0.2,0.18,3,30,9,2492,3220011254,2466262811,false,false,765.6333333332943,780.6333333332943,9,6,5,179,19,6,3,0,34,28,6,0,6,0,0.17647058823529413,0.8235294117647058,12,1.5,159.73333333332567,0.20862902172493422,1,0,1,3,3,20,6,3,27,0,0,0,0,0,7,11,2,0
difficulty-hard,20260712,1,0.12,0.45,0.2,0.18,3,30,9,2493,3475837978,2847235824,false,false,739.1666666666517,754.1666666666517,9,6,5,179,20,6,3,5,44,35,9,5,9,0,0.20454545454545456,0.7954545454545454,20,2.5,159.73333333332567,0.21609921082299288,1,0,1,6,3,32,6,3,33,0,0,0,0,0,7,8,2,0
difficulty-hard,20260712,1,0.12,0.45,0.2,0.18,3,30,9,2494,661228626,890330189,false,false,798.4333333332645,813.4333333332645,9,6,5,179,17,5,3,5,40,31,9,5,9,0,0.225,0.775,14,1.75,159.73333333332567,0.20005844779360343,1,0,1,4,3,23,5,3,31,0,0,0,0,0,3,3,3,0
difficulty-hard,20260712,1,0.12,0.45,0.2,0.18,3,30,9,2495,2710725784,3659180003,false,false,795.4999999999338,813.4999999999338,9,7,6,179,16,5,3,0,31,26,5,0,5,0,0.16129032258064516,0.8387096774193549,13,1.625,159.73333333332567,0.20079614498219855,1,0,1,4,3,18,5,3,25,0,0,0,0,0,3,6,2,0
difficulty-hard,20260712,1,0.12,0.45,0.2,0.18,3,30,9,2496,2613763704,656449871,false,false,731.9666666666583,746.9666666666583,9,6,5,179,11,3,3,0,25,19,6,0,6,0,0.24,0.76,10,1.25,159.73333333332567,0.21822487362811718,1,0,1,3,3,18,3,3,19,0,0,0,0,0,3,5,2,0
difficulty-hard,20260712,1,0.12,0.45,0.2,0.18,3,30,9,2497,1571194644,4076327323,false,false,806.6666666665903,821.6666666665903,9,6,5,179,19,6,3,2,34,29,5,2,5,0,0.14705882352941177,0.8529411764705882,14,1.75,159.73333333332567,0.19801652892562907,1,0,1,4,3,23,6,3,29,0,0,0,0,0,5,14,2,0
difficulty-hard,20260712,1,0.12,0.45,0.2,0.18,3,30,9,2498,2768046349,915836509,false,false,796.399999999933,814.399999999933,9,7,6,179,9,2,2,0,19,16,3,0,3,0,0.15789473684210525,0.8421052631578947,8,1,159.73333333332567,0.20056922819354484,1,0,1,2,2,14,2,2,16,0,0,0,0,0,6,10,1,0
difficulty-hard,20260712,1,0.12,0.45,0.2,0.18,3,30,9,2499,3360153192,2160059237,false,false,753.6999999999719,768.6999999999719,9,6,5,179,17,5,2,2,34,29,5,2,5,0,0.14705882352941177,0.8529411764705882,14,1.75,159.73333333332567,0.21193224536729685,1,0,1,4,1,24,5,2,29,0,0,0,0,0,6,11,2,0
difficulty-hard,20260712,1,0.12,0.45,0.2,0.18,3,30,9,2500,1270335331,2855624573,false,false,790.4666666666051,805.4666666666051,9,6,5,179,22,7,3,2,38,34,4,2,4,0,0.10526315789473684,0.8947368421052632,16,2,159.73333333332567,0.20207472379185898,1,0,1,5,3,25,7,3,32,0,0,0,0,0,5,5,2,0
difficulty-hard,20260712,1,0.12,0.45,0.2,0.18,3,30,9,2501,2420958683,3432604826,false,false,767.2666666666262,785.2666666666262,9,7,6,179,13,4,3,0,25,20,5,0,5,0,0.2,0.8,9,1.125,159.73333333332567,0.20818489877487284,1,0,1,3,3,15,4,3,19,0,0,0,0,0,3,5,2,0
difficulty-hard,20260712,1,0.12,0.45,0.2,0.18,3,30,9,2502,3700429688,2215787753,false,false,773.5333333332871,788.5333333332871,9,6,5,179,24,7,3,11,49,45,4,11,4,0,0.08163265306122448,0.9183673469387755,22,2.75,159.73333333332567,0.20649831940015756,1,0,1,6,3,37,7,3,43,0,0,0,0,0,5,5,2,0
difficulty-hard,20260712,1,0.12,0.45,0.2,0.18,3,30,9,2503,4059307661,2658639161,false,false,778.8999999999489,796.8999999999489,9,7,6,179,20,6,3,7,38,37,1,7,1,0,0.02631578947368421,0.9736842105263158,17,2.125,159.73333333332567,0.20507553387255892,1,0,1,5,3,30,6,3,36,0,0,0,0,0,7,8,1,0
difficulty-hard,20260712,1,0.12,0.45,0.2,0.18,3,30,9,2504,1201958805,4077409055,false,false,749.866666666642,767.866666666642,9,7,6,179,14,4,3,2,30,24,6,2,6,0,0.2,0.8,12,1.5,159.73333333332567,0.21301564722617033,1,0,1,3,3,23,4,3,24,0,0,0,0,0,3,7,2,0
difficulty-hard,20260712,1,0.12,0.45,0.2,0.18,3,30,9,2505,2280941461,2251160730,false,false,822.799999999909,840.799999999909,9,7,6,179,27,8,3,19,60,55,5,19,5,0,0.08333333333333333,0.9166666666666666,23,2.875,159.73333333332567,0.19413385188787474,1,0,1,7,3,44,8,3,54,0,0,0,0,0,6,6,2,0
difficulty-hard,20260712,1,0.12,0.45,0.2,0.18,3,30,9,2506,2177825421,3250094118,false,false,734.5333333333226,749.5333333333226,9,6,5,179,18,5,3,6,43,34,9,6,9,0,0.20930232558139536,0.7906976744186046,15,1.875,159.73333333332567,0.21746233436194592,1,0,1,4,3,28,5,3,33,0,0,0,0,0,6,10,3,0
difficulty-hard,20260712,1,0.12,0.45,0.2,0.18,3,30,9,2507,1023142951,1593842691,false,false,784.3333333332773,802.3333333332773,9,7,6,179,20,5,2,10,43,39,4,10,4,0,0.09302325581395349,0.9069767441860465,15,1.875,159.73333333332567,0.2036549086272891,1,0,1,4,2,24,5,2,39,0,0,0,0,0,7,11,3,0
difficulty-hard,20260712,1,0.12,0.45,0.2,0.18,3,30,9,2508,1113443278,2674344937,false,false,739.1666666666517,757.1666666666517,9,7,6,179,13,4,3,0,26,22,4,0,4,0,0.15384615384615385,0.8461538461538461,10,1.25,159.73333333332567,0.21609921082299288,1,0,1,3,2,16,4,3,22,0,0,0,0,0,3,5,2,0
difficulty-hard,20260712,1,0.12,0.45,0.2,0.18,3,30,9,2509,1170398327,3480926767,false,false,814.9999999999161,832.9999999999161,9,7,6,179,23,7,3,11,51,42,9,11,9,0,0.17647058823529413,0.8235294117647058,19,2.375,159.73333333332567,0.19599182004091056,1,0,1,6,3,35,6,3,41,0,0,0,0,0,5,5,3,0
difficulty-hard,20260712,1,0.12,0.45,0.2,0.18,3,30,9,2510,302376861,1932719815,false,false,779.0333333332821,794.0333333332821,9,6,5,179,17,5,3,2,32,29,3,2,3,0,0.09375,0.90625,17,2.125,159.73333333332567,0.2050404347268018,1,0,1,5,3,25,5,3,28,0,0,0,0,0,5,8,1,0
difficulty-hard,20260712,1,0.12,0.45,0.2,0.18,3,30,9,2511,4204179030,2512473561,false,false,810.033333333254,825.033333333254,9,6,5,179,23,7,3,11,48,44,4,11,4,0,0.08333333333333333,0.9166666666666666,17,2.125,159.73333333332567,0.19719353113041602,1,0,1,5,3,29,7,3,44,0,0,0,0,0,5,5,3,0
difficulty-hard,20260712,1,0.12,0.45,0.2,0.18,3,30,9,2512,2276036417,3378194526,false,false,807.6666666665894,822.6666666665894,9,6,5,179,24,7,3,6,44,38,6,6,6,0,0.13636363636363635,0.8636363636363636,17,2.125,159.73333333332567,0.19777135782089264,1,0,1,4,3,28,7,3,37,0,0,0,0,0,5,5,2,0
difficulty-hard,20260712,1,0.12,0.45,0.2,0.18,3,30,9,2513,478965805,763820333,false,false,796.5999999999328,814.5999999999328,9,7,6,179,9,2,2,0,22,17,5,0,5,0,0.22727272727272727,0.7727272727272727,8,1,159.73333333332567,0.2005188718721305,1,0,1,2,2,13,2,2,17,0,0,0,0,0,3,5,2,0
difficulty-hard,20260712,1,0.12,0.45,0.2,0.18,3,30,9,2514,1912082842,2079362172,false,false,768.3666666666252,786.3666666666252,9,7,6,179,20,6,3,4,39,32,7,4,7,0,0.1794871794871795,0.8205128205128205,14,1.75,159.73333333332567,0.20788685957225408,1,0,1,4,3,24,6,3,32,0,0,0,0,0,6,7,2,0
difficulty-hard,20260712,1,0.12,0.45,0.2,0.18,3,30,9,2515,1886242013,2084772951,false,false,761.1333333332984,776.1333333332984,9,6,5,179,8,1,1,0,19,16,3,0,3,0,0.15789473684210525,0.8421052631578947,8,1,159.73333333332567,0.2098624857668385,1,0,1,1,1,16,1,1,16,0,0,0,0,0,6,11,1,0
difficulty-hard,20260712,1,0.12,0.45,0.2,0.18,3,30,9,2516,759636684,853762351,false,false,813.3999999999176,831.3999999999176,9,7,6,179,23,7,3,7,42,38,4,7,4,0,0.09523809523809523,0.9047619047619048,19,2.375,159.73333333332567,0.19637734611918106,1,0,1,5,3,30,7,3,38,0,0,0,0,0,8,10,2,0
difficulty-hard,20260712,1,0.12,0.45,0.2,0.18,3,30,9,2517,651442987,3109971408,false,false,800.133333333263,818.133333333263,9,7,6,179,22,7,2,6,45,38,7,6,7,0,0.15555555555555556,0.8444444444444444,17,2.125,159.73333333332567,0.19963339443426895,1,0,1,5,2,29,7,2,38,0,0,0,0,0,6,5,3,0
difficulty-hard,20260712,1,0.12,0.45,0.2,0.18,3,30,9,2518,1524651300,527658699,false,false,799.5999999999301,817.5999999999301,9,7,6,179,18,5,3,4,37,30,7,4,7,0,0.1891891891891892,0.8108108108108109,15,1.875,159.73333333332567,0.19976654994164536,1,0,1,4,3,25,4,3,29,0,0,0,0,0,5,6,1,0
difficulty-hard,20260712,1,0.12,0.45,0.2,0.18,3,30,9,2519,2522465019,626960571,true,false,796.6333333332661,814.6333333332661,9,7,6,180,14,4,3,0,24,23,1,0,1,0,0.041666666666666664,0.9583333333333334,11,1.375,159.73333333332567,0.2005104816101165,1,1,0,3,2,17,4,3,21,4,3,22,141.3333333332048,0.17741328089026742,6,12,1,0
difficulty-hard,20260712,1,0.12,0.45,0.2,0.18,3,30,9,2520,1452445198,2463100805,true,false,795.6666666666003,813.6666666666003,9,7,6,180,17,4,3,1,35,28,7,1,7,0,0.2,0.8,12,1.5,159.73333333332567,0.20075408462505948,1,1,0,3,2,21,4,3,26,4,3,27,135.8333333332098,0.17071638039365872,6,8,1,0
difficulty-hard,20260712,1,0.12,0.45,0.2,0.18,3,30,9,2521,1742435724,2000976437,false,false,812.5333333332517,827.5333333332517,9,6,5,179,28,8,3,14,56,52,4,14,4,0,0.07142857142857142,0.9285714285714286,23,2.875,159.73333333332567,0.19658680669512027,1,0,1,7,3,37,8,3,50,0,0,0,0,0,4,5,3,0
difficulty-hard,20260712,1,0.12,0.45,0.2,0.18,3,30,9,2522,2133503713,924747407,false,false,799.4333333332636,817.4333333332636,9,7,6,179,25,7,3,11,56,45,11,11,11,0,0.19642857142857142,0.8035714285714286,22,2.75,159.73333333332567,0.19980819747321804,1,0,1,6,3,37,7,3,44,0,0,0,0,0,3,5,4,0
difficulty-hard,20260712,1,0.12,0.45,0.2,0.18,3,30,9,2523,319925308,3201444662,false,false,733.1666666666572,751.1666666666572,9,7,6,179,21,6,3,5,44,36,8,5,8,0,0.18181818181818182,0.8181818181818182,18,2.25,159.73333333332567,0.21786769720390234,1,0,1,5,3,28,6,3,33,0,0,0,0,0,5,5,3,0
difficulty-hard,20260712,1,0.12,0.45,0.2,0.18,3,30,9,2524,3968887411,1051560786,true,false,806.4666666665905,824.4666666665905,9,7,6,180,18,5,3,2,31,30,1,2,1,0,0.03225806451612903,0.967741935483871,13,1.625,159.73333333332567,0.19806563610813518,1,1,0,4,3,21,4,3,26,5,3,29,149.59999999986394,0.1855005373231521,5,11,2,0
difficulty-hard,20260712,1,0.12,0.45,0.2,0.18,3,30,9,2525,2390431454,1512760482,true,false,792.1999999999368,810.1999999999368,9,7,6,180,14,4,3,0,26,21,5,0,5,0,0.19230769230769232,0.8076923076923077,11,1.375,159.73333333332567,0.2016325843642242,1,1,0,3,3,17,3,3,19,4,3,20,134.43333333321107,0.16969620466198154,6,11,1,0
difficulty-hard,20260712,1,0.12,0.45,0.2,0.18,3,30,9,2526,3736030702,2515942099,false,false,768.6999999999582,783.6999999999582,9,6,5,179,14,4,3,1,29,25,4,1,4,0,0.13793103448275862,0.8620689655172413,14,1.75,159.73333333332567,0.20779671306534975,1,0,1,4,3,21,4,3,25,0,0,0,0,0,3,5,1,0
difficulty-hard,20260712,1,0.12,0.45,0.2,0.18,3,30,9,2527,1795123252,1509450195,false,false,756.0666666666364,774.0666666666364,9,7,6,179,24,7,3,18,61,51,10,18,10,0,0.16393442622950818,0.8360655737704918,21,2.625,159.73333333332567,0.2112688475443066,1,0,1,6,3,41,6,3,48,0,0,0,0,0,6,5,3,0
difficulty-hard,20260712,1,0.12,0.45,0.2,0.18,3,30,9,2528,777968606,1966289302,false,false,799.9999999999297,817.9999999999297,9,7,6,179,22,6,3,8,45,39,6,8,6,0,0.13333333333333333,0.8666666666666667,17,2.125,159.73333333332567,0.19966666666667462,1,0,1,5,3,29,6,3,39,0,0,0,0,0,5,4,2,0
difficulty-hard,20260712,1,0.12,0.45,0.2,0.18,3,30,9,2529,1985904974,1796395709,false,false,780.3666666666143,798.3666666666143,9,7,6,179,23,7,3,2,37,34,3,2,3,0,0.08108108108108109,0.918918918918919,19,2.375,159.73333333332567,0.2046901029430649,1,0,1,6,3,27,6,3,32,0,0,0,0,0,6,11,2,0
difficulty-hard,20260712,1,0.12,0.45,0.2,0.18,3,30,9,2530,603466638,420002774,false,false,826.7666666665721,841.7666666665721,9,6,5,179,24,7,3,13,52,47,5,13,5,0,0.09615384615384616,0.9038461538461539,23,2.875,159.73333333332567,0.19320243518930447,1,0,1,7,3,39,7,3,43,0,0,0,0,0,8,6,2,0
difficulty-hard,20260712,1,0.12,0.45,0.2,0.18,3,30,9,2531,746961670,1686073931,false,false,785.833333333276,803.833333333276,9,7,6,179,24,7,3,7,47,41,6,7,6,0,0.1276595744680851,0.8723404255319149,23,2.875,159.73333333332567,0.2032661717921578,1,0,1,7,3,34,7,3,38,0,0,0,0,0,8,5,2,0
difficulty-hard,20260712,1,0.12,0.45,0.2,0.18,3,30,9,2532,2934152290,3967588600,false,false,754.2333333333047,772.2333333333047,9,7,6,179,24,8,3,1,38,34,4,1,4,0,0.10526315789473684,0.8947368421052632,16,2,159.73333333332567,0.21178238387766615,1,0,1,5,3,23,7,3,32,0,0,0,0,0,6,5,1,0
difficulty-hard,20260712,1,0.12,0.45,0.2,0.18,3,30,9,2533,1469029702,301354528,true,false,806.1333333332575,824.1333333332575,9,7,6,180,19,5,3,3,37,32,5,3,5,0,0.13513513513513514,0.8648648648648649,16,2,159.73333333332567,0.19814753556071044,1,1,0,5,3,26,5,3,30,5,3,32,131.86666666654673,0.16357922593436877,5,11,2,0
difficulty-hard,20260712,1,0.12,0.45,0.2,0.18,3,30,9,2534,1025546148,3588545281,false,false,788.2999999999404,803.2999999999404,9,6,5,179,21,6,3,7,44,37,7,7,7,0,0.1590909090909091,0.8409090909090909,16,2,159.73333333332567,0.20263013235232494,1,0,1,4,3,25,6,3,37,0,0,0,0,0,3,5,3,0
difficulty-hard,20260712,1,0.12,0.45,0.2,0.18,3,30,9,2535,146836929,3961849435,false,false,803.1333333332602,821.1333333332602,9,7,6,179,15,5,3,0,30,23,7,0,7,0,0.23333333333333334,0.7666666666666667,12,1.5,159.73333333332567,0.1988876898813068,1,0,1,4,3,19,4,3,21,0,0,0,0,0,6,14,2,0
difficulty-hard,20260712,1,0.12,0.45,0.2,0.18,3,30,9,2536,2055634159,829095171,false,false,784.6999999999437,802.6999999999437,9,7,6,179,20,6,3,5,35,34,1,5,1,0,0.02857142857142857,0.9714285714285714,17,2.125,159.73333333332567,0.2035597468246937,1,0,1,5,3,29,6,3,34,0,0,0,0,0,3,5,1,0
difficulty-hard,20260712,1,0.12,0.45,0.2,0.18,3,30,9,2537,4013308865,579532314,false,false,807.4666666665896,822.4666666665896,9,6,5,179,18,5,3,2,37,30,7,2,7,0,0.1891891891891892,0.8108108108108109,12,1.5,159.73333333332567,0.19782034346103977,1,0,1,3,2,22,5,3,29,0,0,0,0,0,6,9,2,0
difficulty-hard,20260712,1,0.12,0.45,0.2,0.18,3,30,9,2538,2150576856,2975748291,false,false,759.9999999999661,774.9999999999661,9,6,5,179,24,7,3,10,52,44,8,10,8,0,0.15384615384615385,0.8461538461538461,21,2.625,159.73333333332567,0.21017543859649052,1,0,1,6,3,36,7,3,44,0,0,0,0,0,6,8,2,0
difficulty-hard,20260712,1,0.12,0.45,0.2,0.18,3,30,9,2539,3783335076,1836229128,true,false,788.69999999994,806.69999999994,9,7,6,180,11,3,3,0,21,18,3,0,3,0,0.14285714285714285,0.8571428571428571,8,1,159.73333333332567,0.20252736570728772,1,1,0,2,2,14,3,3,17,3,3,17,145.19999999986794,0.18410041840988842,6,11,2,0
difficulty-hard,20260712,1,0.12,0.45,0.2,0.18,3,30,9,2540,2856001514,3796902761,false,false,750.7999999999745,768.7999999999745,9,7,6,179,15,5,3,0,29,23,6,0,6,0,0.20689655172413793,0.7931034482758621,11,1.375,159.73333333332567,0.2127508435446605,1,0,1,3,3,18,5,3,23,0,0,0,0,0,5,8,2,0
difficulty-hard,20260712,1,0.12,0.45,0.2,0.18,3,30,9,2541,287611788,1691726326,false,false,784.4999999999438,802.4999999999438,9,7,6,179,25,7,3,12,50,47,3,12,3,0,0.06,0.94,21,2.625,159.73333333332567,0.20361164223497402,1,0,1,6,3,37,7,3,45,0,0,0,0,0,4,5,1,0
difficulty-hard,20260712,1,0.12,0.45,0.2,0.18,3,30,9,2542,237107035,3528570752,false,false,799.4666666665969,817.4666666665969,9,7,6,179,23,7,3,7,45,39,6,7,6,0,0.13333333333333333,0.8666666666666667,21,2.625,159.73333333332567,0.19979986657772633,1,0,1,6,3,37,7,3,39,0,0,0,0,0,5,5,2,0
difficulty-hard,20260712,1,0.12,0.45,0.2,0.18,3,30,9,2543,1014164204,2001602703,false,false,773.9999999999534,791.9999999999534,9,7,6,179,29,9,3,12,54,51,3,12,3,0,0.05555555555555555,0.9444444444444444,27,3.375,159.73333333332567,0.2063738156761438,1,0,1,8,3,43,9,3,50,0,0,0,0,0,7,5,2,0
difficulty-hard,20260712,1,0.12,0.45,0.2,0.18,3,30,9,2544,1811339596,2453441120,false,false,738.2999999999859,756.2999999999859,9,7,6,179,14,4,3,0,22,22,0,0,0,0,0,1,11,1.375,159.73333333332567,0.21635288274865058,1,0,1,3,2,17,4,3,20,0,0,0,0,0,4,8,1,0
difficulty-hard,20260712,1,0.12,0.45,0.2,0.18,3,30,9,2545,721888904,873259845,true,false,797.4333333332654,815.4333333332654,9,7,6,180,20,6,3,1,33,30,3,1,3,0,0.09090909090909091,0.9090909090909091,14,1.75,159.73333333332567,0.20030932575346647,1,1,0,4,2,22,5,3,28,5,3,29,143.6999999998693,0.18020315177847454,6,11,2,0
difficulty-hard,20260712,1,0.12,0.45,0.2,0.18,3,30,9,2546,3589114738,700223175,false,false,732.6333333333243,747.6333333333243,9,6,5,179,17,5,3,0,31,27,4,0,4,0,0.12903225806451613,0.8709677419354839,15,1.875,159.73333333332567,0.21802629782973879,1,0,1,5,3,22,5,3,27,0,0,0,0,0,2,5,2,0
difficulty-hard,20260712,1,0.12,0.45,0.2,0.18,3,30,9,2547,2111209049,1828673106,false,false,750.8999999999744,768.8999999999744,9,7,6,179,14,4,3,0,27,22,5,0,5,0,0.18518518518518517,0.8148148148148148,11,1.375,159.73333333332567,0.212722510764857,1,0,1,3,2,18,4,3,22,0,0,0,0,0,3,5,1,0
difficulty-hard,20260712,1,0.12,0.45,0.2,0.18,3,30,9,2548,2912584603,2511695205,false,false,810.8999999999198,828.8999999999198,9,7,6,179,13,3,3,0,25,21,4,0,4,0,0.16,0.84,12,1.5,159.73333333332567,0.19698277633905717,1,0,1,3,3,19,3,3,21,0,0,0,0,0,6,11,1,0
difficulty-hard,20260712,1,0.12,0.45,0.2,0.18,3,30,9,2549,1397559986,3809567994,false,false,800.2999999999295,815.2999999999295,9,6,5,179,20,6,3,13,47,43,4,13,4,0,0.0851063829787234,0.9148936170212766,18,2.25,159.73333333332567,0.19959181973427434,1,0,1,5,3,33,6,3,43,0,0,0,0,0,2,5,2,0
difficulty-hard,20260712,1,0.12,0.45,0.2,0.18,3,30,9,2550,3740294535,1567593727,true,false,833.9666666665655,851.9666666665655,9,7,6,180,22,7,3,7,40,38,2,7,2,0,0.05,0.95,15,1.875,159.73333333332567,0.19153443383030302,1,1,0,4,3,25,6,3,36,7,3,37,175.93333333317332,0.21095967065013949,7,14,2,0
difficulty-hard,20260712,1,0.12,0.45,0.2,0.18,3,30,9,2551,1228675154,127303379,false,false,803.7333333332597,818.7333333332597,9,6,5,179,15,4,3,0,31,25,6,0,6,0,0.1935483870967742,0.8064516129032258,14,1.75,159.73333333332567,0.19873921698740085,1,0,1,4,3,22,4,3,25,0,0,0,0,0,10,5,2,0
difficulty-hard,20260712,1,0.12,0.45,0.2,0.18,3,30,9,2552,2295847309,3275569646,false,false,812.6999999999182,830.6999999999182,9,7,6,179,22,7,3,2,40,34,6,2,6,0,0.15,0.85,18,2.25,159.73333333332567,0.19654649112014488,1,0,1,5,3,28,7,3,33,0,0,0,0,0,5,10,2,0
difficulty-hard,20260712,1,0.12,0.45,0.2,0.18,3,30,9,2553,1465560113,1740372024,false,false,779.0666666666154,797.0666666666154,9,7,6,179,19,6,3,0,33,28,5,0,5,0,0.15151515151515152,0.8484848484848485,18,2.25,159.73333333332567,0.20503166181756313,1,0,1,6,3,25,6,3,27,0,0,0,0,0,6,11,2,0
difficulty-hard,20260712,1,0.12,0.45,0.2,0.18,3,30,9,2554,2085096546,4073133946,false,false,819.1999999999123,837.1999999999123,9,7,6,179,24,7,3,9,44,43,1,9,1,0,0.022727272727272728,0.9772727272727273,24,3,159.73333333332567,0.1949869791666782,1,0,1,7,3,36,7,3,42,0,0,0,0,0,5,5,2,0
difficulty-hard,20260712,1,0.12,0.45,0.2,0.18,3,30,9,2555,3892939221,2189505863,false,false,802.5999999999274,820.5999999999274,9,7,6,179,18,5,3,6,38,34,4,6,4,0,0.10526315789473684,0.8947368421052632,17,2.125,159.73333333332567,0.19901985214719678,1,0,1,5,3,26,5,3,33,0,0,0,0,0,6,10,2,0
difficulty-hard,20260712,1,0.12,0.45,0.2,0.18,3,30,9,2556,3278125022,356524513,false,false,762.6666666666304,780.6666666666304,9,7,6,179,15,4,3,4,35,29,6,4,6,0,0.17142857142857143,0.8285714285714286,15,1.875,159.73333333332567,0.20944055944055937,1,0,1,4,3,24,4,3,29,0,0,0,0,0,3,5,2,0
difficulty-hard,20260712,1,0.12,0.45,0.2,0.18,3,30,9,2557,683367723,256360729,false,false,802.0666666665945,820.0666666665945,9,7,6,179,18,5,3,0,40,28,12,0,12,0,0.3,0.7,17,2.125,159.73333333332567,0.19915219017538863,1,0,1,5,3,24,5,3,28,0,0,0,0,0,5,8,2,0
difficulty-hard,20260712,1,0.12,0.45,0.2,0.18,3,30,9,2558,3617482935,1974495183,false,false,817.3666666665806,835.3666666665806,9,7,6,179,18,5,3,4,36,31,5,4,5,0,0.1388888888888889,0.8611111111111112,10,1.25,159.73333333332567,0.1954243301659914,1,0,1,2,2,21,5,3,30,0,0,0,0,0,5,11,2,0
difficulty-hard,20260712,1,0.12,0.45,0.2,0.18,3,30,9,2559,614209330,1927492299,false,false,817.5999999999137,835.5999999999137,9,7,6,179,20,6,3,4,35,32,3,4,3,0,0.08571428571428572,0.9142857142857143,16,2,159.73333333332567,0.19536855838226827,1,0,1,5,3,25,5,3,31,0,0,0,0,0,5,7,1,0
difficulty-hard,20260712,1,0.12,0.45,0.2,0.18,3,30,9,2560,3405636920,1481317083,false,false,750.299999999975,768.299999999975,9,7,6,179,22,7,3,7,51,39,12,7,12,0,0.23529411764705882,0.7647058823529411,20,2.5,159.73333333332567,0.2128926207294829,1,0,1,6,3,31,7,3,38,0,0,0,0,0,5,5,3,0
difficulty-hard,20260712,1,0.12,0.45,0.2,0.18,3,30,9,2561,3889146217,882747165,false,false,770.2999999999568,785.2999999999568,9,6,5,179,18,5,3,5,40,33,7,5,7,0,0.175,0.825,17,2.125,159.73333333332567,0.2073650958501034,1,0,1,5,3,25,5,3,33,0,0,0,0,0,6,8,2,0
difficulty-hard,20260712,1,0.12,0.45,0.2,0.18,3,30,9,2562,1146997939,3789206250,false,false,792.4999999999366,810.4999999999366,9,7,6,179,12,3,2,0,23,18,5,0,5,0,0.21739130434782608,0.782608695652174,9,1.125,159.73333333332567,0.2015562565720359,1,0,1,2,2,16,3,2,18,0,0,0,0,0,5,9,2,0
difficulty-hard,20260712,1,0.12,0.45,0.2,0.18,3,30,9,2563,3382142585,3551895201,false,false,784.0666666666109,802.0666666666109,9,7,6,179,16,4,3,0,30,24,6,0,6,0,0.2,0.8,11,1.375,159.73333333332567,0.2037241731145358,1,0,1,3,3,18,4,3,22,0,0,0,0,0,5,10,2,0
difficulty-hard,20260712,1,0.12,0.45,0.2,0.18,3,30,9,2564,4131177655,2210857882,false,false,743.599999999981,761.599999999981,9,7,6,179,22,6,3,7,47,39,8,7,8,0,0.1702127659574468,0.8297872340425532,21,2.625,159.73333333332567,0.21481083019544076,1,0,1,6,3,34,6,3,36,0,0,0,0,0,8,7,2,0
difficulty-hard,20260712,1,0.12,0.45,0.2,0.18,3,30,9,2565,3331064026,1746807915,false,false,742.1999999999823,760.1999999999823,9,7,6,179,21,6,3,6,41,35,6,6,6,0,0.14634146341463414,0.8536585365853658,17,2.125,159.73333333332567,0.21521602443186402,1,0,1,5,3,27,6,3,35,0,0,0,0,0,3,5,2,0
difficulty-hard,20260712,1,0.12,0.45,0.2,0.18,3,30,9,2566,2655437912,1670207731,false,false,755.5999999999701,770.5999999999701,9,6,5,179,20,6,3,16,50,45,5,16,5,0,0.1,0.9,18,2.25,159.73333333332567,0.21139932945120699,1,0,1,5,3,29,6,3,45,0,0,0,0,0,3,4,2,0
difficulty-hard,20260712,1,0.12,0.45,0.2,0.18,3,30,9,2567,1092622521,3544849773,false,false,755.0999999999706,770.0999999999706,9,6,5,179,21,6,3,8,45,39,6,8,6,0,0.13333333333333333,0.8666666666666667,18,2.25,159.73333333332567,0.21153931046660296,1,0,1,5,3,31,6,3,39,0,0,0,0,0,5,5,2,0
difficulty-hard,20260712,1,0.12,0.45,0.2,0.18,3,30,9,2568,1810543532,1257181018,false,false,784.9999999999434,802.9999999999434,9,7,6,179,15,4,2,2,31,26,5,2,5,0,0.16129032258064516,0.8387096774193549,11,1.375,159.73333333332567,0.2034819532908754,1,0,1,3,2,19,4,2,26,0,0,0,0,0,3,5,2,0
difficulty-hard,20260712,1,0.12,0.45,0.2,0.18,3,30,9,2569,964064906,3968392741,false,false,795.733333333267,810.733333333267,9,6,5,179,22,7,3,10,45,41,4,10,4,0,0.08888888888888889,0.9111111111111111,19,2.375,159.73333333332567,0.20073726541555673,1,0,1,6,3,31,6,3,39,0,0,0,0,0,6,11,2,0
difficulty-hard,20260712,1,0.12,0.45,0.2,0.18,3,30,9,2570,1241014342,755559800,false,false,802.8666666665938,820.8666666665938,9,7,6,179,18,6,3,0,33,26,7,0,7,0,0.21212121212121213,0.7878787878787878,14,1.75,159.73333333332567,0.1989537490658559,1,0,1,4,3,21,5,3,25,0,0,0,0,0,5,5,2,0
difficulty-hard,20260712,1,0.12,0.45,0.2,0.18,3,30,9,2571,3154841696,3630886631,false,false,793.3333333332691,811.3333333332691,9,7,6,179,19,6,3,2,35,29,6,2,6,0,0.17142857142857143,0.8285714285714286,16,2,159.73333333332567,0.2013445378151327,1,0,1,5,3,26,6,3,29,0,0,0,0,0,5,5,2,0
difficulty-hard,20260712,1,0.12,0.45,0.2,0.18,3,30,9,2572,542793544,1232606573,false,false,766.3999999999603,781.3999999999603,9,6,5,179,24,7,3,7,43,41,2,7,2,0,0.046511627906976744,0.9534883720930233,23,2.875,159.73333333332567,0.20842032011134387,1,0,1,7,3,37,7,3,41,0,0,0,0,0,6,8,2,0
difficulty-hard,20260712,1,0.12,0.45,0.2,0.18,3,30,9,2573,515003004,3458609451,false,false,771.6999999999555,786.6999999999555,9,6,5,179,25,8,3,11,49,44,5,11,5,0,0.10204081632653061,0.8979591836734694,19,2.375,159.73333333332567,0.20698889896764922,1,0,1,5,3,33,7,3,41,0,0,0,0,0,8,6,2,0
difficulty-hard,20260712,1,0.12,0.45,0.2,0.18,3,30,9,2574,3938146241,3164471894,false,false,798.6666666665976,816.6666666665976,9,7,6,179,10,2,2,0,22,19,3,0,3,0,0.13636363636363635,0.8636363636363636,9,1.125,159.73333333332567,0.2000000000000077,1,0,1,2,2,16,2,2,19,0,0,0,0,0,3,5,2,0
difficulty-hard,20260712,1,0.12,0.45,0.2,0.18,3,30,9,2575,3859000842,1409608147,false,false,811.6333333332525,829.6333333332525,9,7,6,179,24,7,3,12,48,45,3,12,3,0,0.0625,0.9375,22,2.75,159.73333333332567,0.19680479691158764,1,0,1,6,3,39,7,3,44,0,0,0,0,0,7,8,2,0
difficulty-hard,20260712,1,0.12,0.45,0.2,0.18,3,30,9,2576,752282308,3163660704,false,false,737.3333333333201,755.3333333333201,9,7,6,179,17,5,3,3,35,29,6,3,6,0,0.17142857142857143,0.8285714285714286,16,2,159.73333333332567,0.2166365280289266,1,0,1,5,3,25,5,3,28,0,0,0,0,0,6,10,2,0
difficulty-hard,20260712,1,0.12,0.45,0.2,0.18,3,30,9,2577,3480698058,1547542659,false,false,796.8666666665993,814.8666666665993,9,7,6,179,23,7,3,7,43,40,3,7,3,0,0.06976744186046512,0.9302325581395349,21,2.625,159.73333333332567,0.2004517694302759,1,0,1,6,3,33,7,3,39,0,0,0,0,0,5,4,2,0
difficulty-hard,20260712,1,0.12,0.45,0.2,0.18,3,30,9,2578,3142101864,2076506258,true,false,803.7999999999263,821.7999999999263,9,7,6,180,21,6,3,4,41,35,6,4,6,0,0.14634146341463414,0.8536585365853658,18,2.25,159.73333333332567,0.19872273368168739,1,1,0,5,3,29,6,3,33,6,3,34,146.8666666665331,0.18271543501685314,6,8,2,0
difficulty-hard,20260712,1,0.12,0.45,0.2,0.18,3,30,9,2579,1013105328,3256655554,false,false,783.2333333332783,798.2333333332783,9,6,5,179,24,7,3,12,51,44,7,12,7,0,0.13725490196078433,0.8627450980392157,20,2.5,159.73333333332567,0.20394092862919125,1,0,1,6,3,35,6,3,43,0,0,0,0,0,7,5,2,0
difficulty-hard,20260712,1,0.12,0.45,0.2,0.18,3,30,9,2580,2833093181,2608222593,false,false,766.033333333294,781.033333333294,9,6,5,179,23,7,3,6,42,39,3,6,3,0,0.07142857142857142,0.9285714285714286,22,2.75,159.73333333332567,0.2085200818067106,1,0,1,7,3,35,7,3,38,0,0,0,0,0,5,8,2,0
difficulty-hard,20260712,1,0.12,0.45,0.2,0.18,3,30,9,2581,3947590133,3145575318,true,false,805.1666666665917,823.1666666665917,9,7,6,180,22,7,3,11,46,43,3,11,3,0,0.06521739130434782,0.9347826086956522,16,2,159.73333333332567,0.19838542744774235,1,1,0,5,3,31,7,3,42,7,3,42,148.1666666665319,0.18401987166203151,5,11,3,0
difficulty-hard,20260712,1,0.12,0.45,0.2,0.18,3,30,9,2582,3672107227,2978285008,false,false,756.8333333333023,774.8333333333023,9,7,6,179,15,4,2,0,29,25,4,0,4,0,0.13793103448275862,0.8620689655172413,15,1.875,159.73333333332567,0.21105483373706085,1,0,1,4,2,22,4,2,24,0,0,0,0,0,6,11,2,0
difficulty-hard,20260712,1,0.12,0.45,0.2,0.18,3,30,9,2583,373365212,3803114913,false,false,730.8999999999926,748.8999999999926,9,7,6,179,14,4,3,0,27,23,4,0,4,0,0.14814814814814814,0.8518518518518519,12,1.5,159.73333333332567,0.2185433483832635,1,0,1,3,3,20,4,3,23,0,0,0,0,0,3,5,1,0
difficulty-hard,20260712,1,0.12,0.45,0.2,0.18,3,30,9,2584,2013252514,2468562529,false,false,805.8333333332578,823.8333333332578,9,7,6,179,11,3,2,0,24,19,5,0,5,0,0.20833333333333334,0.7916666666666666,4,0.5,159.73333333332567,0.19822130299897495,1,0,1,0,0,12,3,2,15,0,0,0,0,0,6,9,2,0
difficulty-hard,20260712,1,0.12,0.45,0.2,0.18,3,30,9,2585,3870364319,3357852511,false,false,825.8999999999062,843.8999999999062,9,7,6,179,19,6,3,1,29,27,2,1,2,0,0.06896551724137931,0.9310344827586207,15,1.875,159.73333333332567,0.19340517415346145,1,0,1,4,3,25,6,3,27,0,0,0,0,0,6,10,2,0
difficulty-hard,20260712,1,0.12,0.45,0.2,0.18,3,30,9,2586,2064108184,3229319737,false,false,771.1999999999559,786.1999999999559,9,6,5,179,14,4,3,0,24,23,1,0,1,0,0.041666666666666664,0.9583333333333334,14,1.75,159.73333333332567,0.20712309820193828,1,0,1,4,3,21,4,3,23,0,0,0,0,0,2,5,1,0
difficulty-hard,20260712,1,0.12,0.45,0.2,0.18,3,30,9,2587,1866907721,2919177787,false,false,813.8999999999171,831.8999999999171,9,7,6,179,25,7,3,6,45,41,4,6,4,0,0.08888888888888889,0.9111111111111111,18,2.25,159.73333333332567,0.19625670639309736,1,0,1,5,3,27,7,3,41,0,0,0,0,0,7,8,2,0
difficulty-hard,20260712,1,0.12,0.45,0.2,0.18,3,30,9,2588,2576698719,3670580753,false,false,796.9666666665992,811.9666666665992,9,6,5,179,22,6,3,7,47,38,9,7,9,0,0.19148936170212766,0.8085106382978723,17,2.125,159.73333333332567,0.20042661759170924,1,0,1,5,3,28,6,3,38,0,0,0,0,0,5,4,3,0
difficulty-hard,20260712,1,0.12,0.45,0.2,0.18,3,30,9,2589,635820793,3556424176,false,false,764.2333333332956,779.2333333332956,9,6,5,179,27,8,3,7,48,44,4,7,4,0,0.08333333333333333,0.9166666666666666,22,2.75,159.73333333332567,0.20901120949099344,1,0,1,7,3,34,8,3,43,0,0,0,0,0,5,5,4,0
difficulty-hard,20260712,1,0.12,0.45,0.2,0.18,3,30,9,2590,2538051427,873460794,false,false,816.0666666665818,834.0666666665818,9,7,6,179,29,9,3,5,46,44,2,5,2,0,0.043478260869565216,0.9565217391304348,23,2.875,159.73333333332567,0.19573564251287756,1,0,1,7,3,34,9,3,42,0,0,0,0,0,7,10,2,0
difficulty-hard,20260712,1,0.12,0.45,0.2,0.18,3,30,9,2591,3103253333,461398330,false,false,813.6999999999173,831.6999999999173,9,7,6,179,13,3,2,2,30,25,5,2,5,0,0.16666666666666666,0.8333333333333334,11,1.375,159.73333333332567,0.19630494449224764,1,0,1,2,2,19,3,2,24,0,0,0,0,0,5,8,2,0
difficulty-hard,20260712,1,0.12,0.45,0.2,0.18,3,30,9,2592,2374469875,3743281720,false,false,800.9999999999288,818.9999999999288,9,7,6,179,16,5,3,0,28,25,3,0,3,0,0.10714285714285714,0.8928571428571429,15,1.875,159.73333333332567,0.19941739492302105,1,0,1,5,3,22,5,3,24,0,0,0,0,0,3,7,2,0
difficulty-hard,20260712,1,0.12,0.45,0.2,0.18,3,30,9,2593,1122612467,2703292198,false,false,721.6666666666677,739.6666666666677,9,7,6,179,27,8,3,16,60,53,7,16,7,0,0.11666666666666667,0.8833333333333333,24,3,159.73333333332567,0.2213394919168482,1,0,1,7,3,41,8,3,52,0,0,0,0,0,3,4,2,0
difficulty-hard,20260712,1,0.12,0.45,0.2,0.18,3,30,9,2594,136442895,4253547826,false,false,762.5999999999638,780.5999999999638,9,7,6,179,27,8,3,14,51,51,0,14,0,0,0,1,22,2.75,159.73333333332567,0.20945886878223613,1,0,1,6,3,42,8,3,51,0,0,0,0,0,5,5,1,0
difficulty-hard,20260712,1,0.12,0.45,0.2,0.18,3,30,9,2595,1647983553,4084536736,false,false,800.6999999999291,815.6999999999291,9,6,5,179,23,7,3,9,44,41,3,9,3,0,0.06818181818181818,0.9318181818181818,17,2.125,159.73333333332567,0.19949211106948897,1,0,1,5,3,32,7,3,39,0,0,0,0,0,7,7,3,0
difficulty-hard,20260712,1,0.12,0.45,0.2,0.18,3,30,9,2596,2396023031,1565367782,false,false,800.3666666665961,818.3666666665961,9,7,6,179,17,5,3,0,31,26,5,0,5,0,0.16129032258064516,0.8387096774193549,11,1.375,159.73333333332567,0.1995751947024361,1,0,1,3,3,19,5,3,26,0,0,0,0,0,6,6,2,0
difficulty-hard,20260712,1,0.12,0.45,0.2,0.18,3,30,9,2597,3953357032,3472505141,true,false,768.899999999958,786.899999999958,9,7,6,180,15,5,3,0,30,24,6,0,6,0,0.2,0.8,11,1.375,159.73333333332567,0.20774266267828637,1,1,0,3,3,19,4,3,23,4,3,23,106.89999999990278,0.13902978280648798,5,11,1,0
difficulty-hard,20260712,1,0.12,0.45,0.2,0.18,3,30,9,2598,165088147,1663668297,false,false,790.0666666666054,805.0666666666054,9,6,5,179,14,4,3,0,23,20,3,0,3,0,0.13043478260869565,0.8695652173913043,9,1.125,159.73333333332567,0.20217703147414318,1,0,1,2,2,15,4,3,20,0,0,0,0,0,6,8,1,0
difficulty-hard,20260712,1,0.12,0.45,0.2,0.18,3,30,9,2599,601177311,51988696,false,false,790.233333333272,808.233333333272,9,7,6,179,24,7,3,12,48,45,3,12,3,0,0.0625,0.9375,22,2.75,159.73333333332567,0.2021343906863012,1,0,1,7,3,36,7,3,44,0,0,0,0,0,5,8,2,0
difficulty-hard,20260712,1,0.12,0.45,0.2,0.18,3,30,9,2600,1437926941,1038785077,false,false,741.2666666666498,756.2666666666498,9,6,5,179,17,5,3,0,33,25,8,0,8,0,0.24242424242424243,0.7575757575757576,15,1.875,159.73333333332567,0.2154870042269934,1,0,1,4,3,23,5,3,25,0,0,0,0,0,5,8,2,0
difficulty-hard,20260712,1,0.12,0.45,0.2,0.18,3,30,9,2601,1964502815,4052954905,false,false,778.6333333332825,796.6333333332825,9,7,6,179,16,4,2,4,34,30,4,4,4,0,0.11764705882352941,0.8823529411764706,15,1.875,159.73333333332567,0.2051457682263831,1,0,1,4,2,23,4,2,30,0,0,0,0,0,7,10,2,0
difficulty-hard,20260712,1,0.12,0.45,0.2,0.18,3,30,9,2602,2959597271,3200338261,false,false,789.7333333332724,807.7333333332724,9,7,6,179,10,2,2,0,21,18,3,0,3,0,0.14285714285714285,0.8571428571428571,10,1.25,159.73333333332567,0.20226236704373374,1,0,1,2,2,17,2,2,18,0,0,0,0,0,5,13,1,0
difficulty-hard,20260712,1,0.12,0.45,0.2,0.18,3,30,9,2603,924953590,3270593447,false,false,797.5999999999319,815.5999999999319,9,7,6,179,19,6,3,1,33,30,3,1,3,0,0.09090909090909091,0.9090909090909091,15,1.875,159.73333333332567,0.2002674690738958,1,0,1,4,2,23,6,3,29,0,0,0,0,0,3,5,2,0
difficulty-hard,20260712,1,0.12,0.45,0.2,0.18,3,30,9,2604,3409085759,2516926210,false,false,808.933333333255,826.933333333255,9,7,6,179,19,6,3,0,27,27,0,0,0,0,0,1,14,1.75,159.73333333332567,0.19746167792979374,1,0,1,4,3,23,5,3,26,0,0,0,0,0,5,6,1,0
difficulty-hard,20260712,1,0.12,0.45,0.2,0.18,3,30,9,2605,1790746515,2260967388,false,false,736.9666666666537,754.9666666666537,9,7,6,179,12,3,3,0,22,20,2,0,2,0,0.09090909090909091,0.9090909090909091,11,1.375,159.73333333332567,0.21674431227101426,1,0,1,3,3,19,3,3,20,0,0,0,0,0,3,5,2,0
difficulty-hard,20260712,1,0.12,0.45,0.2,0.18,3,30,9,2606,2441426585,2092532447,false,false,778.9666666666155,793.9666666666155,9,6,5,179,22,6,3,12,51,44,7,12,7,0,0.13725490196078433,0.8627450980392157,19,2.375,159.73333333332567,0.2050579827977271,1,0,1,5,3,36,6,3,42,0,0,0,0,0,5,5,2,0
difficulty-hard,20260712,1,0.12,0.45,0.2,0.18,3,30,9,2607,934153384,3875011684,false,false,748.766666666643,766.766666666643,9,7,6,179,24,7,3,4,44,38,6,4,6,0,0.13636363636363635,0.8636363636363636,21,2.625,159.73333333332567,0.21332858478386332,1,0,1,6,3,33,7,3,38,0,0,0,0,0,4,5,2,0
difficulty-hard,20260712,1,0.12,0.45,0.2,0.18,3,30,9,2608,3120954150,755821321,false,false,818.2333333332465,836.2333333332465,9,7,6,179,24,7,3,11,52,45,7,11,7,0,0.1346153846153846,0.8653846153846154,21,2.625,159.73333333332567,0.19521733816760822,1,0,1,6,3,36,7,3,45,0,0,0,0,0,4,5,2,0
difficulty-hard,20260712,1,0.12,0.45,0.2,0.18,3,30,9,2609,4078318549,4170444504,false,false,784.7999999999436,802.7999999999436,9,7,6,179,16,4,3,3,32,29,3,3,3,0,0.09375,0.90625,12,1.5,159.73333333332567,0.20353380903840107,1,0,1,4,3,21,4,3,28,0,0,0,0,0,6,13,1,0
difficulty-hard,20260712,1,0.12,0.45,0.2,0.18,3,30,9,2610,2530504688,430504190,false,false,757.9333333333013,772.9333333333013,9,6,5,179,23,7,3,10,45,41,4,10,4,0,0.08888888888888889,0.9111111111111111,18,2.25,159.73333333332567,0.21074852669539856,1,0,1,5,3,30,6,3,38,0,0,0,0,0,6,9,2,0
difficulty-hard,20260712,1,0.12,0.45,0.2,0.18,3,30,9,2611,2644079501,771767224,true,false,789.6999999999391,807.6999999999391,9,7,6,180,15,5,3,0,25,24,1,0,1,0,0.04,0.96,11,1.375,159.73333333332567,0.20227090456292007,1,1,0,3,3,19,4,3,23,4,3,23,134.8999999998773,0.17082436368226886,6,13,2,0
difficulty-hard,20260712,1,0.12,0.45,0.2,0.18,3,30,9,2612,268154068,634512411,false,false,808.5666666665886,823.5666666665886,9,6,5,179,19,5,3,1,39,30,9,1,9,0,0.23076923076923078,0.7692307692307693,13,1.625,159.73333333332567,0.19755122232758515,1,0,1,4,3,20,5,3,29,0,0,0,0,0,5,11,2,0
difficulty-hard,20260712,1,0.12,0.45,0.2,0.18,3,30,9,2613,431082292,1060651887,false,false,762.3666666666306,777.3666666666306,9,6,5,179,17,5,3,4,39,30,9,4,9,0,0.23076923076923078,0.7692307692307693,12,1.5,159.73333333332567,0.20952297669537828,1,0,1,4,3,21,5,3,29,0,0,0,0,0,5,4,2,0
difficulty-hard,20260712,1,0.12,0.45,0.2,0.18,3,30,9,2614,2343133753,1271926334,false,false,793.2333333332692,808.2333333332692,9,6,5,179,27,8,3,10,54,47,7,10,7,0,0.12962962962962962,0.8703703703703703,20,2.5,159.73333333332567,0.20136992057823078,1,0,1,6,3,32,8,3,47,0,0,0,0,0,3,5,3,0
difficulty-hard,20260712,1,0.12,0.45,0.2,0.18,3,30,9,2615,3203871767,2372744654,false,false,799.7666666665966,814.7666666665966,9,6,5,179,22,7,3,6,43,38,5,6,5,0,0.11627906976744186,0.8837209302325582,20,2.5,159.73333333332567,0.19972491976827367,1,0,1,6,3,33,7,3,38,0,0,0,0,0,7,8,2,0
difficulty-hard,20260712,1,0.12,0.45,0.2,0.18,3,30,9,2616,2011638318,306367677,false,false,839.2333333332274,857.2333333332274,9,7,6,179,23,7,3,8,46,40,6,8,6,0,0.13043478260869565,0.8695652173913043,21,2.625,159.73333333332567,0.19033244628035012,1,0,1,6,3,32,7,3,40,0,0,0,0,0,6,13,2,0
difficulty-hard,20260712,1,0.12,0.45,0.2,0.18,3,30,9,2617,3080884106,1994054931,false,false,781.9666666666128,799.9666666666128,9,7,6,179,21,7,3,1,35,31,4,1,4,0,0.11428571428571428,0.8857142857142857,16,2,159.73333333332567,0.20427128181082316,1,0,1,5,3,23,7,3,30,0,0,0,0,0,3,5,3,0
difficulty-hard,20260712,1,0.12,0.45,0.2,0.18,3,30,9,2618,4077933799,3199139982,false,false,746.7999999999781,764.7999999999781,9,7,6,179,21,6,3,6,44,37,7,6,7,0,0.1590909090909091,0.8409090909090909,19,2.375,159.73333333332567,0.21389037671843913,1,0,1,5,3,30,6,3,35,0,0,0,0,0,7,8,3,0
difficulty-hard,20260712,1,0.12,0.45,0.2,0.18,3,30,9,2619,182988757,1000439307,false,false,748.5666666666432,766.5666666666432,9,7,6,179,15,4,2,1,27,24,3,1,3,0,0.1111111111111111,0.8888888888888888,13,1.625,159.73333333332567,0.21338558133321106,1,0,1,3,2,20,4,2,24,0,0,0,0,0,6,10,2,0
difficulty-hard,20260712,1,0.12,0.45,0.2,0.18,3,30,9,2620,232638007,260734779,false,false,814.5999999999165,832.5999999999165,9,7,6,179,16,5,3,0,29,26,3,0,3,0,0.10344827586206896,0.896551724137931,13,1.625,159.73333333332567,0.19608805957935435,1,0,1,4,3,21,5,3,25,0,0,0,0,0,6,10,2,0
difficulty-hard,20260712,1,0.12,0.45,0.2,0.18,3,30,9,2621,2444651848,1888268554,false,false,799.5666666665968,817.5666666665968,9,7,6,179,21,6,3,5,41,34,7,5,7,0,0.17073170731707318,0.8292682926829268,16,2,159.73333333332567,0.19977487805895647,1,0,1,4,3,29,5,3,33,0,0,0,0,0,6,7,2,0
difficulty-hard,20260712,1,0.12,0.45,0.2,0.18,3,30,9,2622,2954153933,434183877,false,false,793.2333333332692,811.2333333332692,9,7,6,179,15,5,3,0,25,21,4,0,4,0,0.16,0.84,12,1.5,159.73333333332567,0.20136992057823078,1,0,1,4,3,18,5,3,21,0,0,0,0,0,3,7,2,0
difficulty-hard,20260712,1,0.12,0.45,0.2,0.18,3,30,9,2623,1855999675,2720692596,false,false,812.1666666665853,830.1666666665853,9,7,6,179,18,6,3,2,36,30,6,2,6,0,0.16666666666666666,0.8333333333333334,14,1.75,159.73333333332567,0.19667555920378618,1,0,1,4,3,23,6,3,29,0,0,0,0,0,6,13,2,0
difficulty-hard,20260712,1,0.12,0.45,0.2,0.18,3,30,9,2624,3947031486,4283637828,false,false,745.0999999999797,763.0999999999797,9,7,6,179,16,4,3,0,26,25,1,0,1,0,0.038461538461538464,0.9615384615384616,13,1.625,159.73333333332567,0.2143783832147766,1,0,1,4,3,20,4,3,25,0,0,0,0,0,6,11,1,0
difficulty-hard,20260712,1,0.12,0.45,0.2,0.18,3,30,9,2625,3080090364,1702007681,false,false,775.2333333332856,793.2333333332856,9,7,6,179,18,5,2,3,35,31,4,3,4,0,0.11428571428571428,0.8857142857142857,16,2,159.73333333332567,0.20604549167992714,1,0,1,4,2,28,5,2,31,0,0,0,0,0,7,11,1,0
difficulty-hard,20260712,1,0.12,0.45,0.2,0.18,3,30,9,2626,1595901776,4216464204,false,false,751.9333333333068,769.9333333333068,9,7,6,179,14,4,3,0,23,23,0,0,0,0,0,1,10,1.25,159.73333333332567,0.21243017998049205,1,0,1,3,3,16,4,3,21,0,0,0,0,0,6,12,1,0
difficulty-hard,20260712,1,0.12,0.45,0.2,0.18,3,30,9,2627,3410374698,29104184,false,false,793.099999999936,811.099999999936,9,7,6,179,22,6,3,6,40,36,4,6,4,0,0.1,0.9,16,2,159.73333333332567,0.2014037742193148,1,0,1,4,3,26,6,3,36,0,0,0,0,0,6,11,2,0
difficulty-hard,20260712,1,0.12,0.45,0.2,0.18,3,30,9,2628,1887054874,983620770,false,false,787.8999999999407,805.8999999999407,9,7,6,179,20,6,3,2,34,31,3,2,3,0,0.08823529411764706,0.9117647058823529,15,1.875,159.73333333332567,0.20273300334222324,1,0,1,4,3,25,6,3,31,0,0,0,0,0,3,7,2,0
difficulty-hard,20260712,1,0.12,0.45,0.2,0.18,3,30,9,2629,2702435487,650651212,false,false,784.4666666666105,802.4666666666105,9,7,6,179,15,4,3,0,27,24,3,0,3,0,0.1111111111111111,0.8888888888888888,12,1.5,159.73333333332567,0.2036202940426665,1,0,1,3,3,20,4,3,23,0,0,0,0,0,6,10,2,0
difficulty-hard,20260712,1,0.12,0.45,0.2,0.18,3,30,9,2630,325115324,4112210715,false,false,726.43333333333,744.43333333333,9,7,6,179,25,7,2,19,63,53,10,19,10,0,0.15873015873015872,0.8412698412698413,23,2.875,159.73333333332567,0.2198871197173309,1,0,1,7,2,47,7,2,52,0,0,0,0,0,5,5,3,0
difficulty-hard,20260712,1,0.12,0.45,0.2,0.18,3,30,9,2631,554518256,933578425,false,false,746.9333333333113,764.9333333333113,9,7,6,179,17,5,3,5,41,32,9,5,9,0,0.21951219512195122,0.7804878048780488,15,1.875,159.73333333332567,0.21385219564440874,1,0,1,4,3,23,5,3,31,0,0,0,0,0,6,8,2,0
difficulty-hard,20260712,1,0.12,0.45,0.2,0.18,3,30,9,2632,4192458309,2458673631,false,false,829.6333333332361,847.6333333332361,9,7,6,179,23,6,3,11,46,44,2,11,2,0,0.043478260869565216,0.9565217391304348,19,2.375,159.73333333332567,0.19253485475512602,1,0,1,5,3,31,6,3,40,0,0,0,0,0,7,8,2,0
difficulty-hard,20260712,1,0.12,0.45,0.2,0.18,3,30,9,2633,3117919580,2366390154,false,false,797.5333333332653,815.5333333332653,9,7,6,179,17,5,3,0,33,25,8,0,8,0,0.24242424242424243,0.7575757575757576,11,1.375,159.73333333332567,0.20028420964641724,1,0,1,3,3,19,4,3,24,0,0,0,0,0,6,11,2,0
difficulty-hard,20260712,1,0.12,0.45,0.2,0.18,3,30,9,2634,228731077,1456032090,false,false,820.6999999999109,838.6999999999109,9,7,6,179,23,7,3,1,40,32,8,1,8,0,0.2,0.8,16,2,159.73333333332567,0.1946305998944109,1,0,1,5,3,23,7,3,31,0,0,0,0,0,5,5,2,0
difficulty-hard,20260712,1,0.12,0.45,0.2,0.18,3,30,9,2635,3984032855,3701134543,false,false,802.2999999999276,817.2999999999276,9,6,5,179,16,4,3,8,42,34,8,8,8,0,0.19047619047619047,0.8095238095238095,16,2,159.73333333332567,0.19909427063858914,1,0,1,4,3,29,4,3,33,0,0,0,0,0,5,8,2,0
difficulty-hard,20260712,1,0.12,0.45,0.2,0.18,3,30,9,2636,1872327048,1728896475,false,false,778.3666666666161,796.3666666666161,9,7,6,179,15,5,3,0,28,23,5,0,5,0,0.17857142857142858,0.8214285714285714,13,1.625,159.73333333332567,0.2052160507044701,1,0,1,4,3,20,5,3,23,0,0,0,0,0,5,8,3,0
difficulty-hard,20260712,1,0.12,0.45,0.2,0.18,3,30,9,2637,4266130951,2670480612,false,false,804.533333333259,822.533333333259,9,7,6,179,26,8,3,10,50,46,4,10,4,0,0.08,0.92,24,3,159.73333333332567,0.1985415976135322,1,0,1,7,3,38,8,3,44,0,0,0,0,0,6,11,2,0
difficulty-hard,20260712,1,0.12,0.45,0.2,0.18,3,30,9,2638,2197031490,1839462232,false,false,781.2333333332801,796.2333333332801,9,6,5,179,25,7,3,7,50,42,8,7,8,0,0.16,0.84,19,2.375,159.73333333332567,0.20446302854461307,1,0,1,5,3,34,7,3,42,0,0,0,0,0,7,5,2,0
difficulty-hard,20260712,1,0.12,0.45,0.2,0.18,3,30,9,2639,4089025443,311428071,false,false,787.3999999999412,805.3999999999412,9,7,6,179,15,4,3,1,28,25,3,1,3,0,0.10714285714285714,0.8928571428571429,11,1.375,159.73333333332567,0.20286173905681687,1,0,1,3,3,19,4,3,25,0,0,0,0,0,6,11,1,0
difficulty-hard,20260712,1,0.12,0.45,0.2,0.18,3,30,9,2640,4112572727,1763623706,false,false,810.7999999999199,828.7999999999199,9,7,6,179,16,4,3,1,28,27,1,1,1,0,0.03571428571428571,0.9642857142857143,15,1.875,159.73333333332567,0.19700707120540387,1,0,1,4,3,24,4,3,27,0,0,0,0,0,6,13,2,0
difficulty-hard,20260712,1,0.12,0.45,0.2,0.18,3,30,9,2641,3170647571,599827950,false,false,732.1333333333248,747.1333333333248,9,6,5,179,14,4,2,1,27,24,3,1,3,0,0.1111111111111111,0.8888888888888888,13,1.625,159.73333333332567,0.21817519577489647,1,0,1,4,2,22,4,2,24,0,0,0,0,0,3,7,1,0
difficulty-hard,20260712,1,0.12,0.45,0.2,0.18,3,30,9,2642,4189562314,837127910,false,false,797.833333333265,812.833333333265,9,6,5,179,22,6,3,7,42,39,3,7,3,0,0.07142857142857142,0.9285714285714286,21,2.625,159.73333333332567,0.2002088991017414,1,0,1,6,3,33,6,3,38,0,0,0,0,0,6,4,2,0
difficulty-hard,20260712,1,0.12,0.45,0.2,0.18,3,30,9,2643,1738709220,3263790536,true,false,809.6666666665876,827.6666666665876,9,7,6,180,18,5,3,9,46,37,9,9,9,0,0.1956521739130435,0.8043478260869565,14,1.75,159.73333333332567,0.19728283244134368,1,1,0,4,3,22,5,3,33,5,3,33,138.73333333320716,0.17134623301756366,6,12,2,0
difficulty-hard,20260712,1,0.12,0.45,0.2,0.18,3,30,9,2644,1505775085,3122827153,false,false,796.5333333332662,811.5333333332662,9,6,5,179,22,7,3,5,41,37,4,5,4,0,0.0975609756097561,0.9024390243902439,19,2.375,159.73333333332567,0.20053565450285293,1,0,1,6,3,28,7,3,37,0,0,0,0,0,6,5,1,0
difficulty-hard,20260712,1,0.12,0.45,0.2,0.18,3,30,9,2645,3979362318,3341510157,false,false,779.9333333332813,794.9333333332813,9,6,5,179,28,8,3,15,58,52,6,15,6,0,0.10344827586206896,0.896551724137931,23,2.875,159.73333333332567,0.20480382938713093,1,0,1,7,3,36,8,3,52,0,0,0,0,0,4,5,4,0
difficulty-hard,20260712,1,0.12,0.45,0.2,0.18,3,30,9,2646,880680033,3127141907,false,false,808.4666666665887,826.4666666665887,9,7,6,179,18,5,3,12,49,39,10,12,10,0,0.20408163265306123,0.7959183673469388,15,1.875,159.73333333332567,0.19757565762349436,1,0,1,4,3,29,4,3,37,0,0,0,0,0,6,9,2,0
difficulty-hard,20260712,1,0.12,0.45,0.2,0.18,3,30,9,2647,3303689988,4099118480,false,false,777.4999999999502,792.4999999999502,9,6,5,179,21,6,3,11,49,42,7,11,7,0,0.14285714285714285,0.8571428571428571,18,2.25,159.73333333332567,0.20544480171490148,1,0,1,5,3,32,6,3,40,0,0,0,0,0,8,5,2,0
difficulty-hard,20260712,1,0.12,0.45,0.2,0.18,3,30,9,2648,3861835826,1843779689,false,false,737.5999999999865,755.5999999999865,9,7,6,179,20,6,3,6,41,34,7,6,7,0,0.17073170731707318,0.8292682926829268,15,1.875,159.73333333332567,0.2165582067968121,1,0,1,4,3,24,5,3,33,0,0,0,0,0,6,5,2,0
difficulty-hard,20260712,1,0.12,0.45,0.2,0.18,3,30,9,2649,1741223264,1586513397,true,false,835.7333333332306,853.7333333332306,9,7,6,180,23,7,3,9,45,42,3,9,3,0,0.06666666666666667,0.9333333333333333,20,2.5,159.73333333332567,0.19112954690492817,1,1,0,6,3,32,7,3,41,7,3,42,175.16666666650735,0.20959636247590407,6,10,3,0
difficulty-hard,20260712,1,0.12,0.45,0.2,0.18,3,30,9,2650,135034168,597791154,false,false,805.7666666665912,823.7666666665912,9,7,6,179,16,5,3,2,33,27,6,2,6,0,0.18181818181818182,0.8181818181818182,13,1.625,159.73333333332567,0.1982377032226128,1,0,1,4,3,22,5,3,26,0,0,0,0,0,6,10,2,0
difficulty-hard,20260712,1,0.12,0.45,0.2,0.18,3,30,9,2651,1525916360,1348116277,false,false,784.1666666666108,799.1666666666108,9,6,5,179,26,7,3,7,46,43,3,7,3,0,0.06521739130434782,0.9347826086956522,20,2.5,159.73333333332567,0.20369819341126935,1,0,1,5,3,32,7,3,42,0,0,0,0,0,3,4,2,0
difficulty-hard,20260712,1,0.12,0.45,0.2,0.18,3,30,9,2652,1939298593,1789069471,false,false,748.5333333333099,763.5333333333099,9,6,5,179,21,6,3,3,41,33,8,3,8,0,0.1951219512195122,0.8048780487804879,16,2,159.73333333332567,0.2133950837192697,1,0,1,5,3,26,6,3,33,0,0,0,0,0,5,7,3,0
difficulty-hard,20260712,1,0.12,0.45,0.2,0.18,3,30,9,2653,3442122504,361008566,false,false,822.7666666665757,840.7666666665757,9,7,6,179,19,6,3,0,33,27,6,0,6,0,0.18181818181818182,0.8181818181818182,12,1.5,159.73333333332567,0.1941417169712069,1,0,1,3,2,21,6,3,27,0,0,0,0,0,7,6,2,0
difficulty-hard,20260712,1,0.12,0.45,0.2,0.18,3,30,9,2654,1694764886,572855732,false,false,818.6333333332461,833.6333333332461,9,6,5,179,17,5,2,3,32,30,2,3,2,0,0.0625,0.9375,14,1.75,159.73333333332567,0.19512195121952364,1,0,1,4,2,24,5,2,29,0,0,0,0,0,5,5,2,0
difficulty-hard,20260712,1,0.12,0.45,0.2,0.18,3,30,9,2655,1560061753,2254347893,false,false,798.1333333332648,813.1333333332648,9,6,5,179,17,5,3,0,30,25,5,0,5,0,0.16666666666666666,0.8333333333333334,14,1.75,159.73333333332567,0.20013364517207574,1,0,1,4,3,22,5,3,25,0,0,0,0,0,6,11,2,0
difficulty-hard,20260712,1,0.12,0.45,0.2,0.18,3,30,9,2656,3795507768,345653849,false,false,796.2666666665998,814.2666666665998,9,7,6,179,23,7,3,10,48,43,5,10,5,0,0.10416666666666667,0.8958333333333334,16,2,159.73333333332567,0.20060281312793757,1,0,1,4,3,29,7,3,42,0,0,0,0,0,7,11,3,0
difficulty-hard,20260712,1,0.12,0.45,0.2,0.18,3,30,9,2657,2049165146,1320636980,false,false,735.1999999999887,753.1999999999887,9,7,6,179,14,4,2,0,23,22,1,0,1,0,0.043478260869565216,0.9565217391304348,10,1.25,159.73333333332567,0.21726514327166505,1,0,1,2,2,19,4,2,22,0,0,0,0,0,5,11,1,0
difficulty-hard,20260712,1,0.12,0.45,0.2,0.18,3,30,9,2658,534044182,338303864,false,false,772.633333333288,790.633333333288,9,7,6,179,21,6,3,9,42,40,2,9,2,0,0.047619047619047616,0.9523809523809523,18,2.25,159.73333333332567,0.2067388584494608,1,0,1,5,2,30,6,3,39,0,0,0,0,0,6,12,2,0
difficulty-hard,20260712,1,0.12,0.45,0.2,0.18,3,30,9,2659,3877542647,1018869612,false,false,800.8666666665956,818.8666666665956,9,7,6,179,12,3,3,0,28,21,7,0,7,0,0.25,0.75,12,1.5,159.73333333332567,0.19945059518855388,1,0,1,3,3,18,3,3,21,0,0,0,0,0,6,8,3,0
difficulty-hard,20260712,1,0.12,0.45,0.2,0.18,3,30,9,2660,4153352849,4129838134,false,false,805.0999999999251,820.0999999999251,9,6,5,179,25,8,3,7,46,41,5,7,5,0,0.10869565217391304,0.8913043478260869,23,2.875,159.73333333332567,0.19840185484205755,1,0,1,7,3,37,8,3,40,0,0,0,0,0,5,5,2,0
difficulty-hard,20260712,1,0.12,0.45,0.2,0.18,3,30,9,2661,2060733925,3072290549,false,false,745.899999999979,763.899999999979,9,7,6,179,17,5,3,2,31,29,2,2,2,0,0.06451612903225806,0.9354838709677419,15,1.875,159.73333333332567,0.2141484560039284,1,0,1,4,3,24,5,3,29,0,0,0,0,0,6,14,2,0
difficulty-hard,20260712,1,0.12,0.45,0.2,0.18,3,30,9,2662,3326939572,4270470601,false,false,748.4666666666433,763.4666666666433,9,6,5,179,21,6,2,15,49,46,3,15,3,0,0.061224489795918366,0.9387755102040817,19,2.375,159.73333333332567,0.2134140910305478,1,0,1,5,2,37,6,2,44,0,0,0,0,0,9,5,2,0
difficulty-hard,20260712,1,0.12,0.45,0.2,0.18,3,30,9,2663,17139197,2322447204,false,false,787.5666666666077,805.5666666666077,9,7,6,179,24,7,3,10,48,44,4,10,4,0,0.08333333333333333,0.9166666666666666,21,2.625,159.73333333332567,0.2028188089897206,1,0,1,6,3,35,7,3,42,0,0,0,0,0,2,7,2,0
difficulty-hard,20260712,1,0.12,0.45,0.2,0.18,3,30,9,2664,2179131089,2402273517,false,false,743.7333333333142,761.7333333333142,9,7,6,179,19,5,3,2,36,30,6,2,6,0,0.16666666666666666,0.8333333333333334,14,1.75,159.73333333332567,0.21477231982789052,1,0,1,4,3,24,5,3,30,0,0,0,0,0,5,8,2,0
difficulty-hard,20260712,1,0.12,0.45,0.2,0.18,3,30,9,2665,2314308382,1549224610,false,false,820.3999999999112,838.3999999999112,9,7,6,179,24,7,3,10,49,43,6,10,6,0,0.12244897959183673,0.8775510204081632,23,2.875,159.73333333332567,0.1947017714935921,1,0,1,7,3,38,7,3,43,0,0,0,0,0,6,10,2,0
difficulty-hard,20260712,1,0.12,0.45,0.2,0.18,3,30,9,2666,4120515464,3578989575,false,false,741.9333333333159,759.9333333333159,9,7,6,179,18,5,2,5,34,31,3,5,3,0,0.08823529411764706,0.9117647058823529,13,1.625,159.73333333332567,0.21529337766195897,1,0,1,3,2,23,4,2,30,0,0,0,0,0,6,4,2,0
difficulty-hard,20260712,1,0.12,0.45,0.2,0.18,3,30,9,2667,1499501907,1415680566,false,false,813.233333333251,828.233333333251,9,6,5,179,18,5,3,3,34,30,4,3,4,0,0.11764705882352941,0.8823529411764706,12,1.5,159.73333333332567,0.1964175923269359,1,0,1,3,3,23,5,3,30,0,0,0,0,0,5,5,2,0
difficulty-hard,20260712,1,0.12,0.45,0.2,0.18,3,30,9,2668,3355567197,1805847074,false,false,748.2666666666435,766.2666666666435,9,7,6,179,13,4,3,0,24,21,3,0,3,0,0.125,0.875,12,1.5,159.73333333332567,0.2134711332858125,1,0,1,4,3,18,4,3,21,0,0,0,0,0,5,10,2,0
difficulty-hard,20260712,1,0.12,0.45,0.2,0.18,3,30,9,2669,2235266365,3477861376,false,false,786.7333333332751,804.7333333332751,9,7,6,179,21,6,3,10,46,41,5,10,5,0,0.10869565217391304,0.8913043478260869,20,2.5,159.73333333332567,0.2030336412168513,1,0,1,6,3,30,6,3,41,0,0,0,0,0,3,4,2,0
difficulty-hard,20260712,1,0.12,0.45,0.2,0.18,3,30,9,2670,1507557710,1442264445,false,false,778.1999999999496,796.1999999999496,9,7,6,179,21,6,3,7,42,37,5,7,5,0,0.11904761904761904,0.8809523809523809,18,2.25,159.73333333332567,0.20526000171335906,1,0,1,5,3,31,6,3,37,0,0,0,0,0,5,11,2,0
difficulty-hard,20260712,1,0.12,0.45,0.2,0.18,3,30,9,2671,1990515326,1828211957,false,false,737.5666666666532,752.5666666666532,9,6,5,179,12,3,3,0,25,20,5,0,5,0,0.2,0.8,9,1.125,159.73333333332567,0.21656799385365652,1,0,1,2,2,15,3,3,20,0,0,0,0,0,4,5,2,0
difficulty-hard,20260712,1,0.12,0.45,0.2,0.18,3,30,9,2672,3828316250,1144137425,false,false,790.6333333332716,805.6333333332716,9,6,5,179,19,5,3,1,35,28,7,1,7,0,0.2,0.8,13,1.625,159.73333333332567,0.20203212614360405,1,0,1,3,3,22,5,3,28,0,0,0,0,0,5,5,2,0
difficulty-hard,20260712,1,0.12,0.45,0.2,0.18,3,30,9,2673,3170919371,3364110781,false,false,809.9999999999206,827.9999999999206,9,7,6,179,21,6,3,9,48,38,10,9,10,0,0.20833333333333334,0.7916666666666666,18,2.25,159.73333333332567,0.19720164609054483,1,0,1,5,3,30,5,3,37,0,0,0,0,0,6,6,3,0
difficulty-hard,20260712,1,0.12,0.45,0.2,0.18,3,30,9,2674,3758362486,1560503398,false,false,790.3333333332719,808.3333333332719,9,7,6,179,25,7,3,9,50,43,7,9,7,0,0.14,0.86,23,2.875,159.73333333332567,0.20210881484606255,1,0,1,7,3,39,7,3,43,0,0,0,0,0,5,5,2,0
difficulty-hard,20260712,1,0.12,0.45,0.2,0.18,3,30,9,2675,3194454765,2381987417,false,false,754.5333333333044,769.5333333333044,9,6,5,179,23,7,3,8,46,41,5,8,5,0,0.10869565217391304,0.8913043478260869,20,2.5,159.73333333332567,0.21169817989043796,1,0,1,6,3,33,7,3,39,0,0,0,0,0,6,5,2,0
difficulty-hard,20260712,1,0.12,0.45,0.2,0.18,3,30,9,2676,3955012075,2418270128,false,false,791.7999999999372,809.7999999999372,9,7,6,179,25,8,3,5,47,40,7,5,7,0,0.14893617021276595,0.851063829787234,20,2.5,159.73333333332567,0.20173444472510527,1,0,1,6,3,31,7,3,37,0,0,0,0,0,5,5,2,0
difficulty-hard,20260712,1,0.12,0.45,0.2,0.18,3,30,9,2677,3536866435,2973253047,false,false,804.4999999999256,819.4999999999256,9,6,5,179,23,7,3,4,42,35,7,4,7,0,0.16666666666666666,0.8333333333333334,20,2.5,159.73333333332567,0.19854982390719755,1,0,1,6,3,31,7,3,35,0,0,0,0,0,3,3,2,0
difficulty-hard,20260712,1,0.12,0.45,0.2,0.18,3,30,9,2678,3168558955,4096801261,false,false,757.8333333333014,775.8333333333014,9,7,6,179,18,5,2,7,44,35,9,7,9,0,0.20454545454545456,0.7954545454545454,14,1.75,159.73333333332567,0.21077633604574322,1,0,1,4,2,25,5,2,31,0,0,0,0,0,7,6,2,0
difficulty-hard,20260712,1,0.12,0.45,0.2,0.18,3,30,9,2679,3654787054,1072403878,false,false,780.7666666666139,795.7666666666139,9,6,5,179,15,4,3,2,32,27,5,2,5,0,0.15625,0.84375,13,1.625,159.73333333332567,0.2045852367331296,1,0,1,3,3,22,4,3,27,0,0,0,0,0,3,5,2,0
difficulty-hard,20260712,1,0.12,0.45,0.2,0.18,3,30,9,2680,2865576057,1731498178,false,false,809.933333333254,824.933333333254,9,6,5,179,23,7,3,6,43,38,5,6,5,0,0.11627906976744186,0.8837209302325582,17,2.125,159.73333333332567,0.19721787801466126,1,0,1,5,3,29,7,3,38,0,0,0,0,0,5,9,2,0
difficulty-hard,20260712,1,0.12,0.45,0.2,0.18,3,30,9,2681,97507920,2294293652,false,false,801.3666666665952,816.3666666665952,9,6,5,179,20,6,3,1,34,31,3,1,3,0,0.08823529411764706,0.9117647058823529,14,1.75,159.73333333332567,0.1993261511584459,1,0,1,4,2,23,6,3,30,0,0,0,0,0,7,11,2,0
difficulty-hard,20260712,1,0.12,0.45,0.2,0.18,3,30,9,2682,1477064272,1256716968,false,false,775.499999999952,790.499999999952,9,6,5,179,19,5,3,7,40,36,4,7,4,0,0.1,0.9,14,1.75,159.73333333332567,0.20597464001719606,1,0,1,4,3,25,5,3,36,0,0,0,0,0,4,5,2,0
difficulty-hard,20260712,1,0.12,0.45,0.2,0.18,3,30,9,2683,503781053,407585602,false,false,782.866666666612,797.866666666612,9,6,5,179,29,9,3,8,50,45,5,8,5,0,0.1,0.9,21,2.625,159.73333333332567,0.2040364472451718,1,0,1,6,3,32,9,3,45,0,0,0,0,0,6,10,3,0
difficulty-hard,20260712,1,0.12,0.45,0.2,0.18,3,30,9,2684,3550736458,1095694361,false,false,746.2999999999786,764.2999999999786,9,7,6,179,17,5,3,0,30,26,4,0,4,0,0.13333333333333333,0.8666666666666667,14,1.75,159.73333333332567,0.21403367725221795,1,0,1,4,3,22,5,3,25,0,0,0,0,0,5,11,2,0
difficulty-hard,20260712,1,0.12,0.45,0.2,0.18,3,30,9,2685,2637477292,3435331163,false,false,793.4999999999357,808.4999999999357,9,6,5,179,27,8,3,16,56,51,5,16,5,0,0.08928571428571429,0.9107142857142857,23,2.875,159.73333333332567,0.2013022474270178,1,0,1,7,3,41,7,3,50,0,0,0,0,0,6,5,2,0
difficulty-hard,20260712,1,0.12,0.45,0.2,0.18,3,30,9,2686,2984422766,2735837797,false,false,777.9999999999498,795.9999999999498,9,7,6,179,21,6,3,8,44,39,5,8,5,0,0.11363636363636363,0.8863636363636364,20,2.5,159.73333333332567,0.20531276778063753,1,0,1,6,3,31,6,3,37,0,0,0,0,0,5,11,2,0
difficulty-hard,20260712,1,0.12,0.45,0.2,0.18,3,30,9,2687,1997896190,4186399420,false,false,810.366666666587,825.366666666587,9,6,5,179,17,5,2,3,34,30,4,3,4,0,0.11764705882352941,0.8823529411764706,13,1.625,159.73333333332567,0.19711241824689407,1,0,1,3,1,24,5,2,28,0,0,0,0,0,7,11,3,0
difficulty-hard,20260712,1,0.12,0.45,0.2,0.18,3,30,9,2688,776548645,2627313019,false,false,765.9333333332941,783.9333333332941,9,7,6,179,21,6,3,5,36,35,1,5,1,0,0.027777777777777776,0.9722222222222222,17,2.125,159.73333333332567,0.20854730611889702,1,0,1,5,3,27,6,3,35,0,0,0,0,0,3,5,1,0
difficulty-hard,20260712,1,0.12,0.45,0.2,0.18,3,30,9,2689,759506606,1899301641,false,false,736.1999999999878,754.1999999999878,9,7,6,179,22,6,3,8,40,38,2,8,2,0,0.05,0.95,19,2.375,159.73333333332567,0.216970026260973,1,0,1,5,3,34,6,3,38,0,0,0,0,0,5,10,2,0
difficulty-hard,20260712,1,0.12,0.45,0.2,0.18,3,30,9,2690,619111035,472115770,false,false,784.6999999999437,802.6999999999437,9,7,6,179,14,4,3,0,24,22,2,0,2,0,0.08333333333333333,0.9166666666666666,12,1.5,159.73333333332567,0.2035597468246937,1,0,1,3,3,19,4,3,22,0,0,0,0,0,3,7,1,0
difficulty-hard,20260712,1,0.12,0.45,0.2,0.18,3,30,9,2691,2981116530,313917162,false,false,747.9333333333104,765.9333333333104,9,7,6,179,13,3,3,0,24,22,2,0,2,0,0.08333333333333333,0.9166666666666666,13,1.625,159.73333333332567,0.2135662715036954,1,0,1,3,3,21,3,3,22,0,0,0,0,0,5,13,1,0
difficulty-hard,20260712,1,0.12,0.45,0.2,0.18,3,30,9,2692,3933295441,128532903,false,false,804.5999999999256,822.5999999999256,9,7,6,179,25,7,3,5,45,40,5,5,5,0,0.1111111111111111,0.8888888888888888,21,2.625,159.73333333332567,0.1985251470710172,1,0,1,6,3,32,7,3,40,0,0,0,0,0,5,7,3,0
difficulty-hard,20260712,1,0.12,0.45,0.2,0.18,3,30,9,2693,819877158,2639229008,false,false,852.2999999998822,870.2999999998822,9,7,6,179,18,5,3,2,37,30,7,2,7,0,0.1891891891891892,0.8108108108108109,14,1.75,159.73333333332567,0.18741444718215153,1,0,1,4,3,21,5,3,29,0,0,0,0,0,6,9,2,0
difficulty-hard,20260712,1,0.12,0.45,0.2,0.18,3,30,9,2694,1385146110,4053690305,false,false,805.966666666591,823.966666666591,9,7,6,179,19,5,2,1,32,30,2,1,2,0,0.0625,0.9375,15,1.875,159.73333333332567,0.19818851069110469,1,0,1,4,2,24,5,2,30,0,0,0,0,0,7,10,1,0
difficulty-hard,20260712,1,0.12,0.45,0.2,0.18,3,30,9,2695,1030873501,40876964,false,false,753.6333333333052,771.6333333333052,9,7,6,179,19,6,3,1,32,29,3,1,3,0,0.09375,0.90625,14,1.75,159.73333333332567,0.2119509929674001,1,0,1,4,3,22,5,3,26,0,0,0,0,0,6,11,2,0
difficulty-hard,20260712,1,0.12,0.45,0.2,0.18,3,30,9,2696,731343659,3203683584,false,false,788.0666666666073,803.0666666666073,9,6,5,179,18,5,3,1,32,28,4,1,4,0,0.125,0.875,13,1.625,159.73333333332567,0.20269012773877554,1,0,1,3,3,22,5,3,28,0,0,0,0,0,3,7,2,0
difficulty-hard,20260712,1,0.12,0.45,0.2,0.18,3,30,9,2697,2417665246,3739751712,false,false,772.0999999999551,790.0999999999551,9,7,6,179,23,6,3,10,47,43,4,10,4,0,0.0851063829787234,0.9148936170212766,20,2.5,159.73333333332567,0.20688166472391525,1,0,1,6,3,31,6,3,42,0,0,0,0,0,5,5,2,0
difficulty-hard,20260712,1,0.12,0.45,0.2,0.18,3,30,9,2698,3490238019,2073020932,true,false,778.9666666666155,796.9666666666155,9,7,6,180,18,5,3,1,34,29,5,1,5,0,0.14705882352941177,0.8529411764705882,15,1.875,159.73333333332567,0.2050579827977271,1,1,0,4,3,24,5,3,29,5,3,29,108.89999999990096,0.1398005905257924,5,12,3,0
difficulty-hard,20260712,1,0.12,0.45,0.2,0.18,3,30,9,2699,4032836474,382787401,true,false,806.3999999999239,824.3999999999239,9,7,6,180,15,4,3,1,30,26,4,1,4,0,0.13333333333333333,0.8666666666666667,10,1.25,159.73333333332567,0.19808201058201977,1,1,0,2,2,20,4,3,26,4,3,26,146.36666666653355,0.18150628306863512,6,11,2,0
difficulty-hard,20260712,1,0.12,0.45,0.2,0.18,3,30,9,2700,4229137568,3254405636,false,false,795.5999999999337,810.5999999999337,9,6,5,179,20,6,3,4,42,34,8,4,8,0,0.19047619047619047,0.8095238095238095,16,2,159.73333333332567,0.2007709066532667,1,0,1,5,3,25,6,3,33,0,0,0,0,0,7,5,2,0
difficulty-hard,20260712,1,0.12,0.45,0.2,0.18,3,30,9,2701,731996228,611070885,false,false,730.7333333333261,748.7333333333261,9,7,6,179,21,6,3,7,47,38,9,7,9,0,0.19148936170212766,0.8085106382978723,21,2.625,159.73333333332567,0.2185931940516293,1,0,1,6,3,34,6,3,37,0,0,0,0,0,9,5,2,0
difficulty-hard,20260712,1,0.12,0.45,0.2,0.18,3,30,9,2702,478920631,4117145433,false,false,818.4666666665796,836.4666666665796,9,7,6,179,20,6,3,1,37,31,6,1,6,0,0.16216216216216217,0.8378378378378378,20,2.5,159.73333333332567,0.19516168445061008,1,0,1,6,3,30,6,3,31,0,0,0,0,0,7,10,3,0
difficulty-hard,20260712,1,0.12,0.45,0.2,0.18,3,30,9,2703,3638029367,2526834487,false,false,785.833333333276,803.833333333276,9,7,6,179,19,6,3,1,31,30,1,1,1,0,0.03225806451612903,0.967741935483871,14,1.75,159.73333333332567,0.2032661717921578,1,0,1,4,3,24,6,3,30,0,0,0,0,0,3,5,1,0
difficulty-hard,20260712,1,0.12,0.45,0.2,0.18,3,30,9,2704,2077682144,3822975164,false,false,750.1666666666417,765.1666666666417,9,6,5,179,18,6,3,1,28,27,1,1,1,0,0.03571428571428571,0.9642857142857143,14,1.75,159.73333333332567,0.21293045989779735,1,0,1,4,3,22,6,3,27,0,0,0,0,0,5,8,2,0
difficulty-hard,20260712,1,0.12,0.45,0.2,0.18,3,30,9,2705,736050776,2221497021,false,false,790.1999999999387,805.1999999999387,9,6,5,179,18,5,3,3,35,31,4,3,4,0,0.11428571428571428,0.8857142857142857,16,2,159.73333333332567,0.2021429174048824,1,0,1,5,3,25,5,3,31,0,0,0,0,0,5,7,2,0
difficulty-hard,20260712,1,0.12,0.45,0.2,0.18,3,30,9,2706,3629930511,865622738,false,false,770.7999999999563,788.7999999999563,9,7,6,179,21,6,3,5,42,35,7,5,7,0,0.16666666666666666,0.8333333333333334,17,2.125,159.73333333332567,0.20723058294412913,1,0,1,5,3,26,6,3,35,0,0,0,0,0,6,5,2,0
difficulty-hard,20260712,1,0.12,0.45,0.2,0.18,3,30,9,2707,2243268079,1677609133,false,false,794.4333333332681,812.4333333332681,9,7,6,179,18,5,3,9,42,37,5,9,5,0,0.11904761904761904,0.8809523809523809,17,2.125,159.73333333332567,0.20106574917132394,1,0,1,5,3,27,5,3,36,0,0,0,0,0,6,5,2,0
difficulty-hard,20260712,1,0.12,0.45,0.2,0.18,3,30,9,2708,595390150,3403213128,false,false,794.2999999999349,809.2999999999349,9,6,5,179,16,4,2,4,36,30,6,4,6,0,0.16666666666666666,0.8333333333333334,15,1.875,159.73333333332567,0.2010995006085091,1,0,1,4,2,24,4,2,30,0,0,0,0,0,3,5,2,0
difficulty-hard,20260712,1,0.12,0.45,0.2,0.18,3,30,9,2709,4120230020,3400587948,false,false,809.0666666665882,827.0666666665882,9,7,6,179,26,8,3,12,51,48,3,12,3,0,0.058823529411764705,0.9411764705882353,23,2.875,159.73333333332567,0.19742913645353638,1,0,1,7,3,42,8,3,48,0,0,0,0,0,6,10,2,0
difficulty-hard,20260712,1,0.12,0.45,0.2,0.18,3,30,9,2710,3328624344,4253020131,true,false,794.8666666666011,812.8666666666011,9,7,6,180,15,4,3,0,28,25,3,0,3,0,0.10714285714285714,0.8928571428571429,12,1.5,159.73333333332567,0.2009561352008792,1,1,0,3,2,20,4,3,24,4,3,24,135.46666666654346,0.17042690597989765,6,12,2,0
difficulty-hard,20260712,1,0.12,0.45,0.2,0.18,3,30,9,2711,1905785713,4081063918,false,false,783.2333333332783,801.2333333332783,9,7,6,179,25,7,3,12,50,47,3,12,3,0,0.06,0.94,22,2.75,159.73333333332567,0.20394092862919125,1,0,1,6,3,38,7,3,47,0,0,0,0,0,5,7,1,0
difficulty-hard,20260712,1,0.12,0.45,0.2,0.18,3,30,9,2712,1038134393,2418141948,false,false,804.7999999999254,822.7999999999254,9,7,6,179,20,5,3,9,42,39,3,9,3,0,0.07142857142857142,0.9285714285714286,17,2.125,159.73333333332567,0.1984758117959002,1,0,1,5,3,26,5,3,34,0,0,0,0,0,7,8,2,0
difficulty-hard,20260712,1,0.12,0.45,0.2,0.18,3,30,9,2713,3427376121,31905144,false,false,788.366666666607,806.366666666607,9,7,6,179,13,3,2,1,26,24,2,1,2,0,0.07692307692307693,0.9230769230769231,13,1.625,159.73333333332567,0.20261299733627047,1,0,1,3,2,20,3,2,23,0,0,0,0,0,6,10,1,0
difficulty-hard,20260712,1,0.12,0.45,0.2,0.18,3,30,9,2714,2178112394,1018157060,false,false,805.3333333332582,823.3333333332582,9,7,6,179,18,6,3,6,33,31,2,6,2,0,0.06060606060606061,0.9393939393939394,12,1.5,159.73333333332567,0.19834437086093615,1,0,1,4,3,20,6,3,31,0,0,0,0,0,5,6,2,0
difficulty-hard,20260712,1,0.12,0.45,0.2,0.18,3,30,9,2715,27950962,2929809291,false,false,811.6333333332525,829.6333333332525,9,7,6,179,27,8,3,11,52,47,5,11,5,0,0.09615384615384616,0.9038461538461539,26,3.25,159.73333333332567,0.19680479691158764,1,0,1,8,3,42,8,3,47,0,0,0,0,0,7,8,2,0
difficulty-hard,20260712,1,0.12,0.45,0.2,0.18,3,30,9,2716,1585556688,950210573,false,false,806.9666666665901,824.9666666665901,9,7,6,179,19,5,2,5,38,34,4,5,4,0,0.10526315789473684,0.8947368421052632,16,2,159.73333333332567,0.19794291379240056,1,0,1,4,2,25,5,2,33,0,0,0,0,0,3,5,2,0
difficulty-hard,20260712,1,0.12,0.45,0.2,0.18,3,30,9,2717,2974683213,897093263,false,false,731.2666666666589,746.2666666666589,9,6,5,179,15,4,2,4,33,27,6,4,6,0,0.18181818181818182,0.8181818181818182,13,1.625,159.73333333332567,0.21843376789132196,1,0,1,3,2,24,4,2,27,0,0,0,0,0,3,5,2,0
difficulty-hard,20260712,1,0.12,0.45,0.2,0.18,3,30,9,2718,218639418,1713384870,false,false,735.1333333333221,753.1333333333221,9,7,6,179,20,6,3,4,39,34,5,4,5,0,0.1282051282051282,0.8717948717948718,18,2.25,159.73333333332567,0.21728484628638087,1,0,1,5,3,30,6,3,33,0,0,0,0,0,8,7,2,0
difficulty-hard,20260712,1,0.12,0.45,0.2,0.18,3,30,9,2719,2266882547,79733647,false,false,796.1999999999332,814.1999999999332,9,7,6,179,20,6,3,12,49,42,7,12,7,0,0.14285714285714285,0.8571428571428571,20,2.5,159.73333333332567,0.20061960981328697,1,0,1,6,3,36,6,3,42,0,0,0,0,0,7,10,2,0
difficulty-hard,20260712,1,0.12,0.45,0.2,0.18,3,30,9,2720,2611829698,3309980468,false,false,727.5666666666623,745.5666666666623,9,7,6,179,13,4,3,0,26,21,5,0,5,0,0.19230769230769232,0.8076923076923077,10,1.25,159.73333333332567,0.2195446007238649,1,0,1,3,3,18,4,3,21,0,0,0,0,0,3,5,2,0
difficulty-hard,20260712,1,0.12,0.45,0.2,0.18,3,30,9,2721,4032327976,684998715,false,false,807.9333333332559,825.9333333332559,9,7,6,179,18,5,3,7,41,35,6,7,6,0,0.14634146341463414,0.8536585365853658,16,2,159.73333333332567,0.19770608135985765,1,0,1,4,3,29,5,3,35,0,0,0,0,0,6,11,3,0
difficulty-hard,20260712,1,0.12,0.45,0.2,0.18,3,30,9,2722,2008124854,1377389211,false,false,812.9666666665846,830.9666666665846,9,7,6,179,14,4,3,1,30,25,5,1,5,0,0.16666666666666666,0.8333333333333334,13,1.625,159.73333333332567,0.19648202058306014,1,0,1,4,3,20,4,3,24,0,0,0,0,0,6,11,2,0
difficulty-hard,20260712,1,0.12,0.45,0.2,0.18,3,30,9,2723,402259106,3606034732,false,false,754.5666666666377,769.5666666666377,9,6,5,179,15,4,3,0,27,24,3,0,3,0,0.1111111111111111,0.8888888888888888,10,1.25,159.73333333332567,0.21168882802491293,1,0,1,3,3,18,4,3,22,0,0,0,0,0,9,5,2,0
difficulty-hard,20260712,1,0.12,0.45,0.2,0.18,3,30,9,2724,4152001918,3406653624,false,false,807.5999999999228,825.5999999999228,9,7,6,179,24,6,3,9,48,42,6,9,6,0,0.125,0.875,20,2.5,159.73333333332567,0.19778768367179414,1,0,1,5,3,34,6,3,42,0,0,0,0,0,6,8,2,0
difficulty-hard,20260712,1,0.12,0.45,0.2,0.18,3,30,9,2725,1021529761,2758013664,false,false,800.4333333332627,815.4333333332627,9,6,5,179,19,6,3,0,32,29,3,0,3,0,0.09375,0.90625,18,2.25,159.73333333332567,0.1995585724399364,1,0,1,6,3,26,6,3,27,0,0,0,0,0,9,5,1,0
difficulty-hard,20260712,1,0.12,0.45,0.2,0.18,3,30,9,2726,2351894541,4158615681,false,false,780.6999999999473,798.6999999999473,9,7,6,179,21,6,3,11,44,41,3,11,3,0,0.06818181818181818,0.9318181818181818,19,2.375,159.73333333332567,0.20460270697237923,1,0,1,6,3,35,6,3,40,0,0,0,0,0,3,4,2,0
difficulty-hard,20260712,1,0.12,0.45,0.2,0.18,3,30,9,2727,3369428327,3035996740,false,false,743.9333333333141,761.9333333333141,9,7,6,179,23,7,3,11,53,44,9,11,9,0,0.16981132075471697,0.8301886792452831,20,2.5,159.73333333332567,0.21471458015950776,1,0,1,6,3,34,7,3,44,0,0,0,0,0,5,5,3,0
difficulty-hard,20260712,1,0.12,0.45,0.2,0.18,3,30,9,2728,2483151655,4158156914,false,false,733.4333333333236,751.4333333333236,9,7,6,179,20,6,3,2,36,31,5,2,5,0,0.1388888888888889,0.8611111111111112,14,1.75,159.73333333332567,0.21778848338862128,1,0,1,4,3,22,6,3,30,0,0,0,0,0,8,5,1,0
difficulty-hard,20260712,1,0.12,0.45,0.2,0.18,3,30,9,2729,2519812881,696319948,true,false,784.3666666666106,802.3666666666106,9,7,6,180,16,4,3,2,32,28,4,2,4,0,0.125,0.875,14,1.75,159.73333333332567,0.20364625387786803,1,1,0,3,3,24,4,3,27,4,3,27,121.5333333332228,0.1549445412433362,6,11,2,0
difficulty-hard,20260712,1,0.12,0.45,0.2,0.18,3,30,9,2730,2415799580,629167769,false,false,824.0333333332412,842.0333333332412,9,7,6,179,20,6,3,1,33,30,3,1,3,0,0.09090909090909091,0.9090909090909091,12,1.5,159.73333333332567,0.19384329112901202,1,0,1,3,2,22,6,3,28,0,0,0,0,0,6,11,2,0
difficulty-hard,20260712,1,0.12,0.45,0.2,0.18,3,30,9,2731,3665706483,595085739,false,false,803.4999999999266,818.4999999999266,9,6,5,179,17,4,3,5,34,32,2,5,2,0,0.058823529411764705,0.9411764705882353,16,2,159.73333333332567,0.1987969300974988,1,0,1,4,3,27,4,3,32,0,0,0,0,0,6,8,2,0
difficulty-hard,20260712,1,0.12,0.45,0.2,0.18,3,30,9,2732,1513230912,2048884746,false,false,730.0999999999933,745.0999999999933,9,6,5,179,23,7,3,6,42,39,3,6,3,0,0.07142857142857142,0.9285714285714286,17,2.125,159.73333333332567,0.21878281513947012,1,0,1,5,2,29,7,3,39,0,0,0,0,0,3,4,2,0
difficulty-hard,20260712,1,0.12,0.45,0.2,0.18,3,30,9,2733,1757532089,4051343672,false,false,794.0333333332685,812.0333333332685,9,7,6,179,24,7,3,5,42,39,3,5,3,0,0.07142857142857142,0.9285714285714286,19,2.375,159.73333333332567,0.2011670374879376,1,0,1,6,3,28,7,3,38,0,0,0,0,0,7,11,2,0
difficulty-hard,20260712,1,0.12,0.45,0.2,0.18,3,30,9,2734,2413887565,3808898650,false,false,759.6999999999664,777.6999999999664,9,7,6,179,30,9,3,18,66,57,9,18,9,0,0.13636363636363635,0.8636363636363636,26,3.25,159.73333333332567,0.21025843534728542,1,0,1,7,3,47,8,3,54,0,0,0,0,0,6,7,2,0
difficulty-hard,20260712,1,0.12,0.45,0.2,0.18,3,30,9,2735,2615265509,2189159483,false,false,770.8999999999562,788.8999999999562,9,7,6,179,24,7,3,8,51,42,9,8,9,0,0.17647058823529413,0.8235294117647058,18,2.25,159.73333333332567,0.2072037013015109,1,0,1,5,3,30,7,3,41,0,0,0,0,0,3,4,2,0
difficulty-hard,20260712,1,0.12,0.45,0.2,0.18,3,30,9,2736,4065187052,3959203400,false,false,749.199999999976,767.199999999976,9,7,6,179,16,5,2,0,33,24,9,0,9,0,0.2727272727272727,0.7272727272727273,14,1.75,159.73333333332567,0.21320519665420556,1,0,1,4,2,22,4,2,23,0,0,0,0,0,6,10,2,0
difficulty-hard,20260712,1,0.12,0.45,0.2,0.18,3,30,9,2737,4171860146,3185019868,false,false,742.3333333333155,760.3333333333155,9,7,6,179,24,8,3,2,39,34,5,2,5,0,0.1282051282051282,0.8717948717948718,15,1.875,159.73333333332567,0.21517736865738146,1,0,1,4,3,24,7,3,33,0,0,0,0,0,6,11,2,0
difficulty-hard,20260712,1,0.12,0.45,0.2,0.18,3,30,9,2738,3105633456,2365497894,false,false,822.0999999999096,837.0999999999096,9,6,5,179,17,5,3,0,33,27,6,0,6,0,0.18181818181818182,0.8181818181818182,14,1.75,159.73333333332567,0.19429915257674643,1,0,1,4,3,22,5,3,27,0,0,0,0,0,6,13,2,0
difficulty-hard,20260712,1,0.12,0.45,0.2,0.18,3,30,9,2739,1935259506,1180806665,false,false,816.1666666665817,831.1666666665817,9,6,5,179,17,5,3,1,30,26,4,1,4,0,0.13333333333333333,0.8666666666666667,13,1.625,159.73333333332567,0.1957116602001335,1,0,1,4,3,21,4,3,24,0,0,0,0,0,7,8,1,0
difficulty-hard,20260712,1,0.12,0.45,0.2,0.18,3,30,9,2740,2816064664,1301632649,false,false,787.1999999999414,802.1999999999414,9,6,5,179,17,5,3,1,31,28,3,1,3,0,0.0967741935483871,0.9032258064516129,14,1.75,159.73333333332567,0.20291327913279672,1,0,1,4,3,22,5,3,28,0,0,0,0,0,4,5,1,0
difficulty-hard,20260712,1,0.12,0.45,0.2,0.18,3,30,9,2741,3451110826,171900221,false,false,768.5333333332917,783.5333333332917,9,6,5,179,19,5,3,6,39,35,4,6,4,0,0.10256410256410256,0.8974358974358975,18,2.25,159.73333333332567,0.2078417765440679,1,0,1,5,3,29,5,3,35,0,0,0,0,0,3,4,2,0
difficulty-hard,20260712,1,0.12,0.45,0.2,0.18,3,30,9,2742,1251278813,929585260,false,false,817.0999999999142,835.0999999999142,9,7,6,179,12,3,2,0,27,21,6,0,6,0,0.2222222222222222,0.7777777777777778,8,1,159.73333333332567,0.19548810835068223,1,0,1,2,2,14,3,2,20,0,0,0,0,0,6,7,3,0
difficulty-hard,20260712,1,0.12,0.45,0.2,0.18,3,30,9,2743,1987959558,962942371,false,false,791.5333333332708,806.5333333332708,9,6,5,179,17,4,3,3,30,30,0,3,0,0,0,1,15,1.875,159.73333333332567,0.20180240882675604,1,0,1,4,3,25,4,3,28,0,0,0,0,0,6,14,1,0
difficulty-hard,20260712,1,0.12,0.45,0.2,0.18,3,30,9,2744,690343446,3976966206,false,false,837.2333333332292,855.2333333332292,9,7,6,179,23,7,3,10,49,43,6,10,6,0,0.12244897959183673,0.8775510204081632,18,2.25,159.73333333332567,0.19078711629575054,1,0,1,5,3,31,6,3,40,0,0,0,0,0,6,12,2,0
difficulty-hard,20260712,1,0.12,0.45,0.2,0.18,3,30,9,2745,3768873433,2755959845,false,false,792.9666666666028,807.9666666666028,9,6,5,179,21,6,3,1,34,31,3,1,3,0,0.08823529411764706,0.9117647058823529,17,2.125,159.73333333332567,0.20143763924503577,1,0,1,5,3,26,6,3,31,0,0,0,0,0,2,5,2,0
difficulty-hard,20260712,1,0.12,0.45,0.2,0.18,3,30,9,2746,3168750359,2625441328,false,false,756.9333333333022,774.9333333333022,9,7,6,179,21,6,3,11,43,40,3,11,3,0,0.06976744186046512,0.9302325581395349,18,2.25,159.73333333332567,0.21102695085432302,1,0,1,5,3,28,6,3,40,0,0,0,0,0,5,13,2,0
difficulty-hard,20260712,1,0.12,0.45,0.2,0.18,3,30,9,2747,499049041,474173955,false,false,764.0333333332958,782.0333333332958,9,7,6,179,21,6,3,6,40,37,3,6,3,0,0.075,0.925,16,2,159.73333333332567,0.20906592208018873,1,0,1,5,3,27,6,3,35,0,0,0,0,0,6,9,1,0
difficulty-hard,20260712,1,0.12,0.45,0.2,0.18,3,30,9,2748,3657169409,3540409547,false,false,821.0666666665772,836.0666666665772,9,6,5,179,23,7,3,3,44,36,8,3,8,0,0.18181818181818182,0.8181818181818182,18,2.25,159.73333333332567,0.19454368301397743,1,0,1,5,3,26,7,3,36,0,0,0,0,0,6,11,2,0
difficulty-hard,20260712,1,0.12,0.45,0.2,0.18,3,30,9,2749,1774409043,4025016279,false,false,754.5666666666377,772.5666666666377,9,7,6,179,20,6,3,3,36,31,5,3,5,0,0.1388888888888889,0.8611111111111112,15,1.875,159.73333333332567,0.21168882802491293,1,0,1,4,3,24,5,3,30,0,0,0,0,0,6,8,3,0
difficulty-hard,20260712,1,0.12,0.45,0.2,0.18,3,30,9,2750,1653307781,3816018033,false,false,788.7333333332733,806.7333333332733,9,7,6,179,20,6,3,4,38,32,6,4,6,0,0.15789473684210525,0.8421052631578947,17,2.125,159.73333333332567,0.20251880652523602,1,0,1,5,3,27,5,3,31,0,0,0,0,0,8,5,2,0
difficulty-hard,20260712,1,0.12,0.45,0.2,0.18,3,30,9,2751,2690925620,1485190967,false,false,809.9999999999206,827.9999999999206,9,7,6,179,20,6,3,3,35,31,4,3,4,0,0.11428571428571428,0.8857142857142857,15,1.875,159.73333333332567,0.19720164609054483,1,0,1,4,3,22,6,3,30,0,0,0,0,0,6,10,2,0
difficulty-hard,20260712,1,0.12,0.45,0.2,0.18,3,30,9,2752,554942620,2888270141,false,false,791.5666666666041,809.5666666666041,9,7,6,179,16,4,2,0,29,26,3,0,3,0,0.10344827586206896,0.896551724137931,14,1.75,159.73333333332567,0.20179391080979278,1,0,1,4,2,20,4,2,26,0,0,0,0,0,5,5,2,0
difficulty-hard,20260712,1,0.12,0.45,0.2,0.18,3,30,9,2753,1236361254,2079776391,false,false,803.0333333332603,818.0333333332603,9,6,5,179,23,6,2,11,51,42,9,11,9,0,0.17647058823529413,0.8235294117647058,19,2.375,159.73333333332567,0.1989124569341333,1,0,1,5,2,34,6,2,42,0,0,0,0,0,5,5,2,0
difficulty-hard,20260712,1,0.12,0.45,0.2,0.18,3,30,9,2754,369564673,3988096793,false,false,752.1333333333066,770.1333333333066,9,7,6,179,16,4,3,7,36,33,3,7,3,0,0.08333333333333333,0.9166666666666666,15,1.875,159.73333333332567,0.21237369260769104,1,0,1,4,3,25,4,3,30,0,0,0,0,0,5,11,2,0
difficulty-hard,20260712,1,0.12,0.45,0.2,0.18,3,30,9,2755,4103033821,2728508923,false,false,796.3666666665997,814.3666666665997,9,7,6,179,28,9,3,11,53,49,4,11,4,0,0.07547169811320754,0.9245283018867925,23,2.875,159.73333333332567,0.20057762337282548,1,0,1,7,3,39,9,3,48,0,0,0,0,0,5,5,2,0
difficulty-hard,20260712,1,0.12,0.45,0.2,0.18,3,30,9,2756,2422490878,4036646795,false,false,776.6333333332843,794.6333333332843,9,7,6,179,20,6,3,7,39,35,4,7,4,0,0.10256410256410256,0.8974358974358975,17,2.125,159.73333333332567,0.2056740632645209,1,0,1,5,3,30,5,3,34,0,0,0,0,0,7,5,2,0
difficulty-hard,20260712,1,0.12,0.45,0.2,0.18,3,30,9,2757,1779530372,152000803,false,false,831.7666666665675,849.7666666665675,9,7,6,179,15,4,3,0,28,25,3,0,3,0,0.10714285714285714,0.8928571428571429,13,1.625,159.73333333332567,0.19204103714985538,1,0,1,4,3,21,4,3,25,0,0,0,0,0,6,13,1,0
difficulty-hard,20260712,1,0.12,0.45,0.2,0.18,3,30,9,2758,3876985154,2236159759,false,false,815.9333333332486,830.9333333332486,9,6,5,179,17,5,3,1,31,28,3,1,3,0,0.0967741935483871,0.9032258064516129,15,1.875,159.73333333332567,0.1957676280742,1,0,1,4,2,22,5,3,27,0,0,0,0,0,6,11,2,0
difficulty-hard,20260712,1,0.12,0.45,0.2,0.18,3,30,9,2759,2810159094,194203532,true,false,764.2333333332956,782.2333333332956,9,7,6,180,16,5,3,0,30,25,5,0,5,0,0.16666666666666666,0.8333333333333334,11,1.375,159.73333333332567,0.20901120949099344,1,1,0,3,3,19,4,3,22,4,3,24,108.16666666656829,0.1415361800496013,5,10,2,0
difficulty-hard,20260712,1,0.12,0.45,0.2,0.18,3,30,9,2760,970494186,1622227577,false,false,746.1999999999787,761.1999999999787,9,6,5,179,24,6,3,23,64,57,7,23,7,0,0.109375,0.890625,24,3,159.73333333332567,0.21406236040381968,1,0,1,6,3,46,6,3,55,0,0,0,0,0,6,8,2,0
difficulty-hard,20260712,1,0.12,0.45,0.2,0.18,3,30,9,2761,3411775858,1500541115,false,false,743.7999999999809,761.7999999999809,9,7,6,179,18,5,3,3,35,31,4,3,4,0,0.11428571428571428,0.8857142857142857,10,1.25,159.73333333332567,0.21475306982163186,1,0,1,2,1,22,5,3,30,0,0,0,0,0,5,13,2,0
difficulty-hard,20260712,1,0.12,0.45,0.2,0.18,3,30,9,2762,1076763953,1264326672,false,false,747.8666666666438,762.8666666666438,9,6,5,179,23,6,3,14,53,47,6,14,6,0,0.11320754716981132,0.8867924528301887,22,2.75,159.73333333332567,0.2135853093242965,1,0,1,6,3,38,6,3,47,0,0,0,0,0,4,7,2,0
difficulty-hard,20260712,1,0.12,0.45,0.2,0.18,3,30,9,2763,3428672564,2455769995,false,false,816.7666666665812,831.7666666665812,9,6,5,179,22,7,3,9,46,41,5,9,5,0,0.10869565217391304,0.8913043478260869,19,2.375,159.73333333332567,0.19556788964617688,1,0,1,6,3,32,7,3,40,0,0,0,0,0,6,9,2,0
difficulty-hard,20260712,1,0.12,0.45,0.2,0.18,3,30,9,2764,3960223387,2474799960,false,false,822.466666666576,840.466666666576,9,7,6,179,21,6,3,2,35,32,3,2,3,0,0.08571428571428572,0.9142857142857143,18,2.25,159.73333333332567,0.19421253140959305,1,0,1,5,3,28,6,3,32,0,0,0,0,0,7,8,2,0
difficulty-hard,20260712,1,0.12,0.45,0.2,0.18,3,30,9,2765,879748375,595190413,false,false,776.3333333332846,794.3333333332846,9,7,6,179,25,7,3,21,59,55,4,21,4,0,0.06779661016949153,0.9322033898305084,22,2.75,159.73333333332567,0.2057535422928326,1,0,1,6,3,46,7,3,54,0,0,0,0,0,6,6,2,0
difficulty-hard,20260712,1,0.12,0.45,0.2,0.18,3,30,9,2766,2745056265,1131386889,false,false,803.8333333332596,818.8333333332596,9,6,5,179,21,6,3,12,49,43,6,12,6,0,0.12244897959183673,0.8775510204081632,18,2.25,159.73333333332567,0.1987144930541244,1,0,1,5,3,31,6,3,40,0,0,0,0,0,3,4,4,0
difficulty-hard,20260712,1,0.12,0.45,0.2,0.18,3,30,9,2767,243552388,3081985215,false,false,751.5999999999738,769.5999999999738,9,7,6,179,18,5,3,4,40,32,8,4,8,0,0.2,0.8,18,2.25,159.73333333332567,0.21252439240730608,1,0,1,5,3,30,5,3,32,0,0,0,0,0,6,11,2,0
difficulty-hard,20260712,1,0.12,0.45,0.2,0.18,3,30,9,2768,854771971,3437981784,false,false,837.7999999998954,855.7999999998954,9,7,6,179,16,4,2,1,31,26,5,1,5,0,0.16129032258064516,0.8387096774193549,11,1.375,159.73333333332567,0.19065807273018098,1,0,1,3,1,19,4,2,25,0,0,0,0,0,7,11,3,0
difficulty-hard,20260712,1,0.12,0.45,0.2,0.18,3,30,9,2769,1413795930,1714884151,false,false,805.3333333332582,823.3333333332582,9,7,6,179,18,5,3,3,36,30,6,3,6,0,0.16666666666666666,0.8333333333333334,13,1.625,159.73333333332567,0.19834437086093615,1,0,1,3,3,22,5,3,30,0,0,0,0,0,5,8,2,0
difficulty-hard,20260712,1,0.12,0.45,0.2,0.18,3,30,9,2770,2989653358,2370655850,false,false,801.6999999999282,819.6999999999282,9,7,6,179,13,3,2,1,26,24,2,1,2,0,0.07692307692307693,0.9230769230769231,13,1.625,159.73333333332567,0.19924327470792064,1,0,1,3,2,23,3,2,24,0,0,0,0,0,6,11,2,0
difficulty-hard,20260712,1,0.12,0.45,0.2,0.18,3,30,9,2771,1128003727,534853344,false,false,741.1333333333166,759.1333333333166,9,7,6,179,20,6,3,8,41,38,3,8,3,0,0.07317073170731707,0.926829268292683,17,2.125,159.73333333332567,0.2155257713411837,1,0,1,5,3,29,6,3,36,0,0,0,0,0,9,6,2,0
difficulty-hard,20260712,1,0.12,0.45,0.2,0.18,3,30,9,2772,2085168637,3629041915,false,false,805.4666666665914,820.4666666665914,9,6,5,179,25,8,3,10,52,45,7,10,7,0,0.1346153846153846,0.8653846153846154,23,2.875,159.73333333332567,0.19831153782487246,1,0,1,7,3,39,8,3,42,0,0,0,0,0,7,8,2,0
difficulty-hard,20260712,1,0.12,0.45,0.2,0.18,3,30,9,2773,1967252721,212495151,false,false,816.8333333332478,834.8333333332478,9,7,6,179,16,4,3,0,29,26,3,0,3,0,0.10344827586206896,0.896551724137931,14,1.75,159.73333333332567,0.195551928177934,1,0,1,4,3,22,4,3,25,0,0,0,0,0,5,8,2,0
difficulty-hard,20260712,1,0.12,0.45,0.2,0.18,3,30,9,2774,1518657738,1161734509,false,false,794.1333333332684,809.1333333332684,9,6,5,179,19,5,3,4,37,33,4,4,4,0,0.10810810810810811,0.8918918918918919,17,2.125,159.73333333332567,0.20114170584285435,1,0,1,5,3,26,5,3,32,0,0,0,0,0,5,5,2,0
difficulty-hard,20260712,1,0.12,0.45,0.2,0.18,3,30,9,2775,3523801145,1148544868,false,false,784.733333333277,802.733333333277,9,7,6,179,23,6,3,8,48,41,7,8,7,0,0.14583333333333334,0.8541666666666666,20,2.5,159.73333333332567,0.2035511001614185,1,0,1,5,3,36,6,3,41,0,0,0,0,0,7,8,2,0
difficulty-hard,20260712,1,0.12,0.45,0.2,0.18,3,30,9,2776,3852508258,2947049677,false,false,766.2333333332938,784.2333333332938,9,7,6,179,24,7,3,6,47,39,8,6,8,0,0.1702127659574468,0.8297872340425532,18,2.25,159.73333333332567,0.20846565450037055,1,0,1,5,2,31,7,3,39,0,0,0,0,0,3,6,3,0
difficulty-hard,20260712,1,0.12,0.45,0.2,0.18,3,30,9,2777,3802670486,1145112356,false,false,751.4999999999739,769.4999999999739,9,7,6,179,23,6,3,7,44,40,4,7,4,0,0.09090909090909091,0.9090909090909091,21,2.625,159.73333333332567,0.21255267243290915,1,0,1,6,3,32,6,3,40,0,0,0,0,0,6,9,2,0
difficulty-hard,20260712,1,0.12,0.45,0.2,0.18,3,30,9,2778,1171839706,1542375395,true,false,789.3333333332728,807.3333333332728,9,7,6,180,16,5,3,3,33,29,4,3,4,0,0.12121212121212122,0.8787878787878788,16,2,159.73333333332567,0.20236486486487068,1,1,0,5,3,27,5,3,29,5,3,29,134.6666666665442,0.17060810810796603,5,10,2,0
difficulty-hard,20260712,1,0.12,0.45,0.2,0.18,3,30,9,2779,1652292704,4267470327,false,false,760.2333333332992,778.2333333332992,9,7,6,179,21,6,3,5,42,36,6,5,6,0,0.14285714285714285,0.8571428571428571,18,2.25,159.73333333332567,0.21011093085456153,1,0,1,5,3,26,6,3,34,0,0,0,0,0,6,11,2,0
difficulty-hard,20260712,1,0.12,0.45,0.2,0.18,3,30,9,2780,1340362265,1305710756,false,false,744.69999999998,762.69999999998,9,7,6,179,22,6,3,4,37,35,2,4,2,0,0.05405405405405406,0.9459459459459459,19,2.375,159.73333333332567,0.21449353207107555,1,0,1,5,3,31,6,3,34,0,0,0,0,0,5,5,2,0
difficulty-hard,20260712,1,0.12,0.45,0.2,0.18,3,30,9,2781,3798678443,917028908,false,false,809.7666666665875,827.7666666665875,9,7,6,179,24,7,3,10,46,43,3,10,3,0,0.06521739130434782,0.9347826086956522,19,2.375,159.73333333332567,0.19725846951797796,1,0,1,5,3,33,7,3,42,0,0,0,0,0,6,5,2,0
difficulty-hard,20260712,1,0.12,0.45,0.2,0.18,3,30,9,2782,2583842723,3365799862,false,false,763.7666666666294,781.7666666666294,9,7,6,179,21,6,2,11,41,40,1,11,1,0,0.024390243902439025,0.975609756097561,18,2.25,159.73333333332567,0.20913891677213828,1,0,1,5,2,30,6,2,40,0,0,0,0,0,6,9,1,0
difficulty-hard,20260712,1,0.12,0.45,0.2,0.18,3,30,9,2783,2345303789,3833483613,false,false,800.8333333332623,815.8333333332623,9,6,5,179,15,4,3,2,29,27,2,2,2,0,0.06896551724137931,0.9310344827586207,13,1.625,159.73333333332567,0.19945889698231822,1,0,1,3,3,23,4,3,26,0,0,0,0,0,8,5,2,0
difficulty-hard,20260712,1,0.12,0.45,0.2,0.18,3,30,9,2784,1184868556,1665796607,false,false,793.1333333332693,808.1333333332693,9,6,5,179,13,4,3,0,21,21,0,0,0,0,0,1,11,1.375,159.73333333332567,0.20139530974195835,1,0,1,3,3,18,3,3,20,0,0,0,0,0,6,9,1,0
difficulty-hard,20260712,1,0.12,0.45,0.2,0.18,3,30,9,2785,44969970,1634259932,false,false,809.4666666665878,824.4666666665878,9,6,5,179,26,8,3,11,50,46,4,11,4,0,0.08,0.92,22,2.75,159.73333333332567,0.19733157634657542,1,0,1,6,3,37,8,3,45,0,0,0,0,0,4,5,2,0
difficulty-hard,20260712,1,0.12,0.45,0.2,0.18,3,30,9,2786,3547184103,3464909742,false,false,748.5999999999765,766.5999999999765,9,7,6,179,19,5,3,8,38,37,1,8,1,0,0.02631578947368421,0.9736842105263158,19,2.375,159.73333333332567,0.21337607979338857,1,0,1,5,3,33,5,3,37,0,0,0,0,0,6,5,1,0
difficulty-hard,20260712,1,0.12,0.45,0.2,0.18,3,30,9,2787,1699901364,1554363000,false,false,815.6333333332489,830.6333333332489,9,6,5,179,26,8,3,8,48,43,5,8,5,0,0.10416666666666667,0.8958333333333334,25,3.125,159.73333333332567,0.1958396338223984,1,0,1,8,3,37,8,3,42,0,0,0,0,0,6,8,2,0
difficulty-hard,20260712,1,0.12,0.45,0.2,0.18,3,30,9,2788,724134885,3739252547,false,false,825.5999999999065,843.5999999999065,9,7,6,179,23,7,3,8,48,41,7,8,7,0,0.14583333333333334,0.8541666666666666,18,2.25,159.73333333332567,0.1934754521963951,1,0,1,5,3,28,6,3,36,0,0,0,0,0,7,12,2,0
difficulty-hard,20260712,1,0.12,0.45,0.2,0.18,3,30,9,2789,3767892949,1819564763,false,false,761.0666666666318,776.0666666666318,9,6,5,179,15,4,3,0,24,23,1,0,1,0,0.041666666666666664,0.9583333333333334,11,1.375,159.73333333332567,0.20988086895585098,1,0,1,3,2,18,4,3,22,0,0,0,0,0,5,11,1,0
difficulty-hard,20260712,1,0.12,0.45,0.2,0.18,3,30,9,2790,1121229109,3953930399,false,false,805.633333333258,823.633333333258,9,7,6,179,16,4,2,3,36,28,8,3,8,0,0.2222222222222222,0.7777777777777778,12,1.5,159.73333333332567,0.19827051181266162,1,0,1,3,2,20,4,2,27,0,0,0,0,0,5,11,2,0
difficulty-hard,20260712,1,0.12,0.45,0.2,0.18,3,30,9,2791,3275200854,501334478,false,false,808.4666666665887,823.4666666665887,9,6,5,179,20,6,3,6,39,35,4,6,4,0,0.10256410256410256,0.8974358974358975,18,2.25,159.73333333332567,0.19757565762349436,1,0,1,6,3,31,6,3,35,0,0,0,0,0,5,5,2,0
difficulty-hard,20260712,1,0.12,0.45,0.2,0.18,3,30,9,2792,3985475808,3027163139,false,false,795.9666666666001,810.9666666666001,9,6,5,179,17,5,3,0,24,24,0,0,0,0,0,1,14,1.75,159.73333333332567,0.20067842036936936,1,0,1,4,3,21,5,3,24,0,0,0,0,0,5,6,1,0
difficulty-hard,20260712,1,0.12,0.45,0.2,0.18,3,30,9,2793,834398132,810778026,false,false,765.4666666666278,783.4666666666278,9,7,6,179,16,5,3,0,29,26,3,0,3,0,0.10344827586206896,0.896551724137931,16,2,159.73333333332567,0.20867444696046045,1,0,1,5,3,23,5,3,25,0,0,0,0,0,6,14,2,0
difficulty-hard,20260712,1,0.12,0.45,0.2,0.18,3,30,9,2794,367822341,2519514097,false,false,792.1666666666035,807.1666666666035,9,6,5,179,21,6,3,8,40,37,3,8,3,0,0.075,0.925,19,2.375,159.73333333332567,0.2016410687986599,1,0,1,5,3,31,5,3,36,0,0,0,0,0,8,5,2,0
difficulty-hard,20260712,1,0.12,0.45,0.2,0.18,3,30,9,2795,1110090291,215945819,false,false,801.6999999999282,816.6999999999282,9,6,5,179,14,4,3,3,33,27,6,3,6,0,0.18181818181818182,0.8181818181818182,14,1.75,159.73333333332567,0.19924327470792064,1,0,1,4,3,23,4,3,25,0,0,0,0,0,9,5,2,0
difficulty-hard,20260712,1,0.12,0.45,0.2,0.18,3,30,9,2796,1559314464,2853402427,false,false,821.8999999999098,839.8999999999098,9,7,6,179,24,7,3,14,49,48,1,14,1,0,0.02040816326530612,0.9795918367346939,21,2.625,159.73333333332567,0.19434643306161722,1,0,1,6,3,38,7,3,48,0,0,0,0,0,8,8,2,0
difficulty-hard,20260712,1,0.12,0.45,0.2,0.18,3,30,9,2797,4038694622,3066763551,false,false,747.4999999999775,765.4999999999775,9,7,6,179,17,5,3,0,30,27,3,0,3,0,0.1,0.9,16,2,159.73333333332567,0.21369007803790033,1,0,1,5,3,23,5,3,27,0,0,0,0,0,6,8,1,0
difficulty-hard,20260712,1,0.12,0.45,0.2,0.18,3,30,9,2798,3039183538,3630886907,false,false,823.4999999999084,838.4999999999084,9,6,5,179,28,8,3,10,51,47,4,10,4,0,0.0784313725490196,0.9215686274509803,26,3.25,159.73333333332567,0.19396883222021064,1,0,1,8,3,38,8,3,46,0,0,0,0,0,7,6,2,0
difficulty-hard,20260712,1,0.12,0.45,0.2,0.18,3,30,9,2799,710959395,586836307,false,false,744.5999999999801,762.5999999999801,9,7,6,179,15,4,3,2,32,27,5,2,5,0,0.15625,0.84375,11,1.375,159.73333333332567,0.21452233861580705,1,0,1,3,2,18,4,3,25,0,0,0,0,0,5,5,2,0
difficulty-hard,20260712,1,0.12,0.45,0.2,0.18,3,30,9,2800,3643587639,3074647789,false,false,804.7999999999254,822.7999999999254,9,7,6,179,25,8,3,8,47,43,4,8,4,0,0.0851063829787234,0.9148936170212766,22,2.75,159.73333333332567,0.1984758117959002,1,0,1,7,3,35,8,3,41,0,0,0,0,0,7,5,1,0
difficulty-hard,20260712,1,0.12,0.45,0.2,0.18,3,30,9,2801,3693170207,2053155519,false,false,792.1666666666035,807.1666666666035,9,6,5,179,18,5,2,1,33,29,4,1,4,0,0.12121212121212122,0.8787878787878788,16,2,159.73333333332567,0.2016410687986599,1,0,1,5,2,22,5,2,29,0,0,0,0,0,3,5,2,0
difficulty-hard,20260712,1,0.12,0.45,0.2,0.18,3,30,9,2802,2755298439,3765478029,false,false,800.9666666665955,818.9666666665955,9,7,6,179,12,4,3,0,21,19,2,0,2,0,0.09523809523809523,0.9047619047619048,6,0.75,159.73333333332567,0.1994256939531481,1,0,1,1,1,14,4,3,18,0,0,0,0,0,6,8,1,0
difficulty-hard,20260712,1,0.12,0.45,0.2,0.18,3,30,9,2803,1782352687,1772577135,false,false,814.2999999999167,832.2999999999167,9,7,6,179,16,4,3,0,27,25,2,0,2,0,0.07407407407407407,0.9259259259259259,13,1.625,159.73333333332567,0.19616030128127473,1,0,1,4,3,19,4,3,25,0,0,0,0,0,5,8,1,0
difficulty-hard,20260712,1,0.12,0.45,0.2,0.18,3,30,9,2804,2827730532,3926220501,false,false,802.3666666665943,820.3666666665943,9,7,6,179,20,6,3,3,35,32,3,3,3,0,0.08571428571428572,0.9142857142857143,18,2.25,159.73333333332567,0.19907772838686397,1,0,1,5,3,29,6,3,32,0,0,0,0,0,5,11,2,0
difficulty-hard,20260712,1,0.12,0.45,0.2,0.18,3,30,9,2805,3018921930,1801119133,false,false,830.9333333332349,848.9333333332349,9,7,6,179,21,6,3,1,41,31,10,1,10,0,0.24390243902439024,0.7560975609756098,17,2.125,159.73333333332567,0.19223363286265796,1,0,1,5,3,26,6,3,30,0,0,0,0,0,6,14,3,0
difficulty-hard,20260712,1,0.12,0.45,0.2,0.18,3,30,9,2806,3846078887,16917134,false,false,750.9333333333077,768.9333333333077,9,7,6,179,25,8,3,2,42,35,7,2,7,0,0.16666666666666666,0.8333333333333334,18,2.25,159.73333333332567,0.21271306818181523,1,0,1,5,3,28,7,3,33,0,0,0,0,0,6,11,2,0
difficulty-hard,20260712,1,0.12,0.45,0.2,0.18,3,30,9,2807,3551815627,2910197135,false,false,815.7666666665821,833.7666666665821,9,7,6,179,20,6,3,11,47,41,6,11,6,0,0.1276595744680851,0.8723404255319149,20,2.5,159.73333333332567,0.19580762472930444,1,0,1,6,3,31,6,3,40,0,0,0,0,0,7,6,2,0
difficulty-hard,20260712,1,0.12,0.45,0.2,0.18,3,30,9,2808,3297852539,696749625,false,false,835.4333333332308,853.4333333332308,9,7,6,179,27,8,3,16,57,53,4,16,4,0,0.07017543859649122,0.9298245614035088,21,2.625,159.73333333332567,0.19119818058494029,1,0,1,6,2,42,8,3,52,0,0,0,0,0,7,8,2,0
difficulty-hard,20260712,1,0.12,0.45,0.2,0.18,3,30,9,2809,3602105999,3297149265,false,false,796.5666666665995,814.5666666665995,9,7,6,179,18,5,3,0,31,28,3,0,3,0,0.0967741935483871,0.9032258064516129,14,1.75,159.73333333332567,0.2005272628363466,1,0,1,4,3,22,5,3,28,0,0,0,0,0,3,4,2,0
difficulty-hard,20260712,1,0.12,0.45,0.2,0.18,3,30,9,2810,2277153910,3225827144,false,false,791.999999999937,809.999999999937,9,7,6,179,23,6,3,11,47,44,3,11,3,0,0.06382978723404255,0.9361702127659575,22,2.75,159.73333333332567,0.20168350168350804,1,0,1,6,3,39,6,3,44,0,0,0,0,0,4,5,2,0
difficulty-hard,20260712,1,0.12,0.45,0.2,0.18,3,30,9,2811,1039590506,1542853378,true,false,814.5999999999165,832.5999999999165,9,7,6,180,16,5,3,1,30,27,3,1,3,0,0.1,0.9,14,1.75,159.73333333332567,0.19608805957935435,1,1,0,4,3,22,5,3,27,5,3,27,152.3333333331948,0.18700384646846355,5,11,2,0
difficulty-hard,20260712,1,0.12,0.45,0.2,0.18,3,30,9,2812,4178283018,862995625,false,false,801.3333333332619,819.3333333332619,9,7,6,179,17,5,3,2,31,27,4,2,4,0,0.12903225806451613,0.8709677419354839,12,1.5,159.73333333332567,0.1993344425956821,1,0,1,3,3,21,4,3,25,0,0,0,0,0,7,5,2,0
difficulty-hard,20260712,1,0.12,0.45,0.2,0.18,3,30,9,2813,901533536,2273612137,false,false,810.033333333254,828.033333333254,9,7,6,179,28,9,3,7,48,42,6,7,6,0,0.125,0.875,24,3,159.73333333332567,0.19719353113041602,1,0,1,7,3,36,8,3,41,0,0,0,0,0,8,8,2,0
difficulty-hard,20260712,1,0.12,0.45,0.2,0.18,3,30,9,2814,3679871750,3463471839,false,false,760.4666666666324,775.4666666666324,9,6,5,179,21,6,3,5,44,34,10,5,10,0,0.22727272727272727,0.7727272727272727,17,2.125,159.73333333332567,0.21004646269834254,1,0,1,5,3,26,5,3,32,0,0,0,0,0,5,6,2,0
difficulty-hard,20260712,1,0.12,0.45,0.2,0.18,3,30,9,2815,2830749403,2244155972,false,false,819.499999999912,837.499999999912,9,7,6,179,20,6,3,4,38,32,6,4,6,0,0.15789473684210525,0.8421052631578947,14,1.75,159.73333333332567,0.19491559894245616,1,0,1,3,3,24,5,3,30,0,0,0,0,0,8,11,2,0
difficulty-hard,20260712,1,0.12,0.45,0.2,0.18,3,30,9,2816,4044898969,2461704456,false,false,754.6333333333043,772.6333333333043,9,7,6,179,18,5,3,1,35,29,6,1,6,0,0.17142857142857143,0.8285714285714286,14,1.75,159.73333333332567,0.21167012677238192,1,0,1,4,3,22,5,3,29,0,0,0,0,0,6,7,2,0
difficulty-hard,20260712,1,0.12,0.45,0.2,0.18,3,30,9,2817,3524958828,310564025,false,false,827.0666666665718,845.0666666665718,9,7,6,179,20,6,3,4,41,34,7,4,7,0,0.17073170731707318,0.8292682926829268,17,2.125,159.73333333332567,0.19313235531195871,1,0,1,5,3,26,6,3,32,0,0,0,0,0,6,9,3,0
difficulty-hard,20260712,1,0.12,0.45,0.2,0.18,3,30,9,2818,1000266474,2229543015,false,false,775.499999999952,793.499999999952,9,7,6,179,20,6,3,3,39,32,7,3,7,0,0.1794871794871795,0.8205128205128205,17,2.125,159.73333333332567,0.20597464001719606,1,0,1,5,3,27,6,3,31,0,0,0,0,0,8,8,2,0
difficulty-hard,20260712,1,0.12,0.45,0.2,0.18,3,30,9,2819,3248645987,2981917625,false,false,786.5666666666086,804.5666666666086,9,7,6,179,24,7,3,11,50,45,5,11,5,0,0.1,0.9,23,2.875,159.73333333332567,0.20307666228758417,1,0,1,7,3,38,7,3,44,0,0,0,0,0,3,4,2,0
difficulty-hard,20260712,1,0.12,0.45,0.2,0.18,3,30,9,2820,2563762725,81179506,false,false,792.1999999999368,810.1999999999368,9,7,6,179,20,6,3,8,45,38,7,8,7,0,0.15555555555555556,0.8444444444444444,17,2.125,159.73333333332567,0.2016325843642242,1,0,1,5,3,30,6,3,37,0,0,0,0,0,9,6,2,0
difficulty-hard,20260712,1,0.12,0.45,0.2,0.18,3,30,9,2821,2489665356,2547652943,false,false,776.8666666666174,794.8666666666174,9,7,6,179,15,4,2,0,23,22,1,0,1,0,0.043478260869565216,0.9565217391304348,8,1,159.73333333332567,0.20561228868102951,1,0,1,2,2,13,3,2,21,0,0,0,0,0,3,5,2,0
difficulty-hard,20260712,1,0.12,0.45,0.2,0.18,3,30,9,2822,3788986561,3435092656,false,false,783.3666666666115,798.3666666666115,9,6,5,179,24,7,3,9,51,43,8,9,8,0,0.1568627450980392,0.8431372549019608,21,2.625,159.73333333332567,0.20390621675673834,1,0,1,6,3,32,7,3,43,0,0,0,0,0,5,7,2,0
difficulty-hard,20260712,1,0.12,0.45,0.2,0.18,3,30,9,2823,154687350,1346200063,false,false,743.5333333333144,761.5333333333144,9,7,6,179,22,6,3,6,43,38,5,6,5,0,0.11627906976744186,0.8837209302325582,20,2.5,159.73333333332567,0.21483009055858926,1,0,1,6,3,30,6,3,37,0,0,0,0,0,7,10,2,0
difficulty-hard,20260712,1,0.12,0.45,0.2,0.18,3,30,9,2824,2833792355,2946586517,false,false,777.4333333332836,792.4333333332836,9,6,5,179,19,5,1,20,50,49,1,20,1,0,0.02,0.98,19,2.375,159.73333333332567,0.2054624190713063,1,0,1,5,1,38,5,1,47,0,0,0,0,0,6,10,3,0
difficulty-hard,20260712,1,0.12,0.45,0.2,0.18,3,30,9,2825,436860347,2364961185,false,false,806.9333333332568,824.9333333332568,9,7,6,179,24,7,3,12,55,46,9,12,9,0,0.16363636363636364,0.8363636363636363,21,2.625,159.73333333332567,0.19795109054858828,1,0,1,7,3,34,7,3,44,0,0,0,0,0,7,13,3,0
difficulty-hard,20260712,1,0.12,0.45,0.2,0.18,3,30,9,2826,2829791073,4061761491,false,false,789.799999999939,807.799999999939,9,7,6,179,23,7,3,12,48,44,4,12,4,0,0.08333333333333333,0.9166666666666666,18,2.25,159.73333333332567,0.20224529416730566,1,0,1,5,3,33,7,3,43,0,0,0,0,0,6,10,2,0
difficulty-hard,20260712,1,0.12,0.45,0.2,0.18,3,30,9,2827,1201725204,98733120,false,false,796.8999999999326,814.8999999999326,9,7,6,179,19,5,3,3,37,32,5,3,5,0,0.13513513513513514,0.8648648648648649,15,1.875,159.73333333332567,0.20044338478270698,1,0,1,4,3,23,5,3,29,0,0,0,0,0,3,4,2,0
difficulty-hard,20260712,1,0.12,0.45,0.2,0.18,3,30,9,2828,2220897329,3679040796,false,false,727.6333333333289,745.6333333333289,9,7,6,179,29,9,3,18,62,57,5,18,5,0,0.08064516129032258,0.9193548387096774,27,3.375,159.73333333332567,0.21952448577579364,1,0,1,8,3,46,9,3,57,0,0,0,0,0,3,3,2,0
difficulty-hard,20260712,1,0.12,0.45,0.2,0.18,3,30,9,2829,687100164,90192094,true,false,787.1333333332748,805.1333333332748,9,7,6,180,14,4,3,2,30,26,4,2,4,0,0.13333333333333333,0.8666666666666667,14,1.75,159.73333333332567,0.202930464978408,1,1,0,4,3,23,4,3,25,4,3,25,129.66666666654874,0.1647327856355023,5,10,2,0
difficulty-hard,20260712,1,0.12,0.45,0.2,0.18,3,30,9,2830,407257528,3606174261,false,false,825.1666666665735,843.1666666665735,9,7,6,179,26,8,3,14,55,48,7,14,7,0,0.12727272727272726,0.8727272727272727,18,2.25,159.73333333332567,0.19357705514038825,1,0,1,5,3,36,7,3,47,0,0,0,0,0,7,8,2,0
difficulty-hard,20260712,1,0.12,0.45,0.2,0.18,3,30,9,2831,3842317487,1186816624,false,false,787.1666666666081,805.1666666666081,9,7,6,179,23,7,3,5,41,37,4,5,4,0,0.0975609756097561,0.9024390243902439,20,2.5,159.73333333332567,0.20292187169172674,1,0,1,6,3,29,7,3,36,0,0,0,0,0,3,5,2,0
difficulty-hard,20260712,1,0.12,0.45,0.2,0.18,3,30,9,2832,800969809,1162435889,false,false,759.2333333333002,777.2333333333002,9,7,6,179,22,7,2,7,42,39,3,7,3,0,0.07142857142857142,0.9285714285714286,18,2.25,159.73333333332567,0.21038767177415724,1,0,1,5,2,30,7,2,37,0,0,0,0,0,9,5,1,0
difficulty-hard,20260712,1,0.12,0.45,0.2,0.18,3,30,9,2833,909194270,2857288479,false,false,742.8333333333151,760.8333333333151,9,7,6,178,21,6,3,5,41,35,6,5,6,0,0.14634146341463414,0.8536585365853658,19,2.375,159.73333333332567,0.2150325330940044,1,0,1,5,3,29,5,3,32,0,0,0,0,0,10,5,2,0
difficulty-hard,20260712,1,0.12,0.45,0.2,0.18,3,30,9,2834,14005604,3365002335,false,false,741.1666666666499,759.1666666666499,9,7,6,179,27,8,3,7,46,44,2,7,2,0,0.043478260869565216,0.9565217391304348,23,2.875,159.73333333332567,0.2155160782549979,1,0,1,7,3,37,8,3,43,0,0,0,0,0,5,14,3,0
difficulty-hard,20260712,1,0.12,0.45,0.2,0.18,3,30,9,2835,189735902,3594922616,true,false,755.7666666666366,773.7666666666366,9,7,6,180,12,4,2,1,24,21,3,1,3,0,0.125,0.875,6,0.75,159.73333333332567,0.2113527102721281,1,1,0,1,1,14,3,2,20,3,2,20,108.46666666656802,0.14351872270970625,5,9,2,0
difficulty-hard,20260712,1,0.12,0.45,0.2,0.18,3,30,9,2836,3281506882,1738642697,false,false,813.4333333332509,831.4333333332509,9,7,6,179,16,4,3,5,31,30,1,5,1,0,0.03225806451612903,0.967741935483871,15,1.875,159.73333333332567,0.19636929885670845,1,0,1,4,3,29,4,3,29,0,0,0,0,0,5,14,2,0
difficulty-hard,20260712,1,0.12,0.45,0.2,0.18,3,30,9,2837,3695481226,2725791192,false,false,743.7999999999809,761.7999999999809,9,7,6,179,20,6,3,8,44,38,6,8,6,0,0.13636363636363635,0.8636363636363636,15,1.875,159.73333333332567,0.21475306982163186,1,0,1,4,3,29,6,3,37,0,0,0,0,0,7,6,2,0
difficulty-hard,20260712,1,0.12,0.45,0.2,0.18,3,30,9,2838,3826339365,2363767256,false,false,795.1333333332675,813.1333333332675,9,7,6,179,23,7,3,5,42,37,5,5,5,0,0.11904761904761904,0.8809523809523809,15,1.875,159.73333333332567,0.2008887398339971,1,0,1,4,3,23,7,3,35,0,0,0,0,0,5,8,2,0
difficulty-hard,20260712,1,0.12,0.45,0.2,0.18,3,30,9,2839,577714514,932557684,false,false,811.033333333253,829.033333333253,9,7,6,179,24,7,3,10,44,44,0,10,0,0,0,1,22,2.75,159.73333333332567,0.1969503925034008,1,0,1,6,3,39,7,3,44,0,0,0,0,0,6,8,1,0
difficulty-hard,20260712,1,0.12,0.45,0.2,0.18,3,30,9,2840,2924646717,2790875212,false,false,755.0999999999706,770.0999999999706,9,6,5,177,21,6,3,3,39,34,5,3,5,0,0.1282051282051282,0.8717948717948718,17,2.125,159.73333333332567,0.21153931046660296,1,0,1,5,2,26,6,3,32,0,0,0,0,0,11,5,2,0
difficulty-hard,20260712,1,0.12,0.45,0.2,0.18,3,30,9,2841,1902721859,1279035668,false,false,790.1666666666054,808.1666666666054,9,7,6,179,21,6,2,7,40,37,3,7,3,0,0.075,0.925,18,2.25,159.73333333332567,0.20215144484286615,1,0,1,5,2,30,6,2,36,0,0,0,0,0,7,8,2,0
difficulty-hard,20260712,1,0.12,0.45,0.2,0.18,3,30,9,2842,2483875248,1364258107,false,false,728.5333333333281,746.5333333333281,9,7,6,179,23,7,3,4,43,37,6,4,6,0,0.13953488372093023,0.8604651162790697,22,2.75,159.73333333332567,0.21925329428988857,1,0,1,7,3,33,7,3,37,0,0,0,0,0,9,5,2,0
difficulty-hard,20260712,1,0.12,0.45,0.2,0.18,3,30,9,2843,122202428,2404153426,false,false,730.399999999993,748.399999999993,9,7,6,179,24,7,3,3,42,37,5,3,5,0,0.11904761904761904,0.8809523809523809,16,2,159.73333333332567,0.21869295363270427,1,0,1,5,3,25,7,3,37,0,0,0,0,0,3,5,2,0
difficulty-hard,20260712,1,0.12,0.45,0.2,0.18,3,30,9,2844,4083504959,1198427605,false,false,798.7333333332642,816.7333333332642,9,7,6,179,12,3,3,1,27,22,5,1,5,0,0.18518518518518517,0.8148148148148148,8,1,159.73333333332567,0.1999833069026035,1,0,1,2,2,16,3,3,22,0,0,0,0,0,5,5,2,0
difficulty-hard,20260712,1,0.12,0.45,0.2,0.18,3,30,9,2845,3230576950,3542278644,false,false,794.7666666666012,812.7666666666012,9,7,6,179,12,3,2,0,23,21,2,0,2,0,0.08695652173913043,0.9130434782608695,12,1.5,159.73333333332567,0.20098142012331355,1,0,1,3,2,20,3,2,21,0,0,0,0,0,6,8,2,0
difficulty-hard,20260712,1,0.12,0.45,0.2,0.18,3,30,9,2846,3052422526,1467079402,false,false,801.4999999999284,816.4999999999284,9,6,5,179,19,6,3,2,37,31,6,2,6,0,0.16216216216216217,0.8378378378378378,12,1.5,159.73333333332567,0.199292992306101,1,0,1,3,3,21,5,3,28,0,0,0,0,0,6,7,2,0
difficulty-hard,20260712,1,0.12,0.45,0.2,0.18,3,30,9,2847,2869850910,1506917609,false,false,757.9666666666346,775.9666666666346,9,7,6,179,18,5,3,4,31,30,1,4,1,0,0.03225806451612903,0.967741935483871,13,1.625,159.73333333332567,0.21073925854259082,1,0,1,3,2,23,4,2,29,0,0,0,0,0,6,10,2,0
difficulty-hard,20260712,1,0.12,0.45,0.2,0.18,3,30,9,2848,3895012506,3029949638,false,false,772.3999999999548,787.3999999999548,9,6,5,179,14,4,3,0,25,22,3,0,3,0,0.12,0.88,11,1.375,159.73333333332567,0.20680131192819137,1,0,1,3,3,19,4,3,22,0,0,0,0,0,7,14,1,0
difficulty-hard,20260712,1,0.12,0.45,0.2,0.18,3,30,9,2849,2829386306,3139268090,false,false,806.6666666665903,824.6666666665903,9,7,6,179,11,3,3,0,24,20,4,0,4,0,0.16666666666666666,0.8333333333333334,11,1.375,159.73333333332567,0.19801652892562907,1,0,1,3,3,19,3,3,20,0,0,0,0,0,5,12,2,0
difficulty-hard,20260712,1,0.12,0.45,0.2,0.18,3,30,9,2850,1882902161,3635716634,false,false,809.6999999999209,824.6999999999209,9,6,5,179,25,7,3,6,45,41,4,6,4,0,0.08888888888888889,0.9111111111111111,24,3,159.73333333332567,0.19727471079824785,1,0,1,7,3,37,7,3,40,0,0,0,0,0,7,14,3,0
difficulty-hard,20260712,1,0.12,0.45,0.2,0.18,3,30,9,2851,1151430065,3005304205,false,false,749.6666666666422,767.6666666666422,9,7,6,179,9,2,2,0,17,15,2,0,2,0,0.11764705882352941,0.8823529411764706,8,1,159.73333333332567,0.21307247665628842,1,0,1,2,2,13,2,2,15,0,0,0,0,0,4,4,1,0
difficulty-hard,20260712,1,0.12,0.45,0.2,0.18,3,30,9,2852,2906687835,763092424,false,false,787.3999999999412,805.3999999999412,9,7,6,179,17,5,3,0,32,27,5,0,5,0,0.15625,0.84375,15,1.875,159.73333333332567,0.20286173905681687,1,0,1,4,3,23,5,3,27,0,0,0,0,0,3,7,2,0
difficulty-hard,20260712,1,0.12,0.45,0.2,0.18,3,30,9,2853,1110811358,1226677148,false,false,816.9333333332477,831.9333333332477,9,6,5,179,18,5,3,2,34,28,6,2,6,0,0.17647058823529413,0.8235294117647058,11,1.375,159.73333333332567,0.19552799086013845,1,0,1,3,3,20,4,3,26,0,0,0,0,0,5,11,1,0
difficulty-hard,20260712,1,0.12,0.45,0.2,0.18,3,30,9,2854,1985651222,1751427452,false,false,820.5333333332444,838.5333333332444,9,7,6,179,12,3,2,0,25,20,5,0,5,0,0.2,0.8,8,1,159.73333333332567,0.1946701332466806,1,0,1,2,2,13,3,2,19,0,0,0,0,0,5,5,2,0
difficulty-hard,20260712,1,0.12,0.45,0.2,0.18,3,30,9,2855,3379405947,1892294719,false,false,809.5333333332544,827.5333333332544,9,7,6,179,17,5,3,2,36,29,7,2,7,0,0.19444444444444445,0.8055555555555556,17,2.125,159.73333333332567,0.19731532570206034,1,0,1,5,3,24,5,3,27,0,0,0,0,0,7,8,3,0
difficulty-hard,20260712,1,0.12,0.45,0.2,0.18,3,30,9,2856,1319267054,4116020686,false,false,797.2999999999322,812.2999999999322,9,6,5,179,13,4,3,0,23,21,2,0,2,0,0.08695652173913043,0.9130434782608695,7,0.875,159.73333333332567,0.20034282369665027,1,0,1,2,2,14,3,2,20,0,0,0,0,0,5,4,1,0
difficulty-hard,20260712,1,0.12,0.45,0.2,0.18,3,30,9,2857,4130229939,3431137844,false,false,803.0666666665936,821.0666666665936,9,7,6,179,23,7,3,5,40,37,3,5,3,0,0.075,0.925,18,2.25,159.73333333332567,0.1989042005645113,1,0,1,5,3,30,6,3,35,0,0,0,0,0,9,5,2,0
difficulty-hard,20260712,1,0.12,0.45,0.2,0.18,3,30,9,2858,4176248271,392051216,false,false,728.633333333328,743.633333333328,9,6,5,179,22,6,3,7,42,38,4,7,4,0,0.09523809523809523,0.9047619047619048,18,2.25,159.73333333332567,0.2192232032572307,1,0,1,5,3,30,6,3,37,0,0,0,0,0,9,5,2,0
difficulty-hard,20260712,1,0.12,0.45,0.2,0.18,3,30,9,2859,2911255710,3042445206,false,false,781.0333333332803,799.0333333332803,9,7,6,179,24,7,3,7,43,41,2,7,2,0,0.046511627906976744,0.9534883720930233,23,2.875,159.73333333332567,0.2045153856002772,1,0,1,7,3,33,7,3,41,0,0,0,0,0,5,9,2,0
difficulty-hard,20260712,1,0.12,0.45,0.2,0.18,3,30,9,2860,696631532,2073635051,false,false,743.599999999981,758.599999999981,9,6,5,179,18,5,3,5,36,33,3,5,3,0,0.08333333333333333,0.9166666666666666,17,2.125,159.73333333332567,0.21481083019544076,1,0,1,5,3,28,5,3,32,0,0,0,0,0,8,5,2,0
difficulty-hard,20260712,1,0.12,0.45,0.2,0.18,3,30,9,2861,589667950,2327482080,false,false,794.1666666666017,812.1666666666017,9,7,6,179,21,6,3,1,34,32,2,1,2,0,0.058823529411764705,0.9411764705882353,17,2.125,159.73333333332567,0.20113326337881057,1,0,1,5,3,27,6,3,32,0,0,0,0,0,3,7,2,0
difficulty-hard,20260712,1,0.12,0.45,0.2,0.18,3,30,9,2862,3473755299,3898488991,false,false,803.2333333332601,821.2333333332601,9,7,6,179,22,6,3,10,44,42,2,10,2,0,0.045454545454545456,0.9545454545454546,22,2.75,159.73333333332567,0.1988629289953192,1,0,1,6,3,37,6,3,42,0,0,0,0,0,6,13,2,0
difficulty-hard,20260712,1,0.12,0.45,0.2,0.18,3,30,9,2863,3093371003,2961852507,false,false,820.3333333332446,838.3333333332446,9,7,6,179,18,5,3,2,32,30,2,2,2,0,0.0625,0.9375,15,1.875,159.73333333332567,0.19471759447380288,1,0,1,4,2,26,5,3,30,0,0,0,0,0,6,13,1,0
difficulty-hard,20260712,1,0.12,0.45,0.2,0.18,3,30,9,2864,2431957365,2520319645,false,false,750.0999999999751,765.0999999999751,9,6,5,179,22,6,3,9,47,40,7,9,7,0,0.14893617021276595,0.851063829787234,18,2.25,159.73333333332567,0.21294938452650441,1,0,1,5,3,32,6,3,40,0,0,0,0,0,5,11,2,0
difficulty-hard,20260712,1,0.12,0.45,0.2,0.18,3,30,9,2865,1822340507,2164034421,true,false,758.7333333333006,776.7333333333006,9,7,6,180,19,6,3,7,42,35,7,7,7,0,0.16666666666666666,0.8333333333333334,15,1.875,159.73333333332567,0.21052631578947267,1,1,0,4,3,25,5,3,32,5,3,34,102.03333333324053,0.13447851682617293,5,11,2,0
difficulty-hard,20260712,1,0.12,0.45,0.2,0.18,3,30,9,2866,657891451,389149425,false,false,818.6333333332461,833.6333333332461,9,6,5,179,21,7,3,6,39,35,4,6,4,0,0.10256410256410256,0.8974358974358975,16,2,159.73333333332567,0.19512195121952364,1,0,1,5,3,26,6,3,34,0,0,0,0,0,6,10,2,0
difficulty-hard,20260712,1,0.12,0.45,0.2,0.18,3,30,9,2867,1809825107,2339455668,false,false,769.1999999999578,787.1999999999578,9,7,6,179,21,6,2,4,42,35,7,4,7,0,0.16666666666666666,0.8333333333333334,18,2.25,159.73333333332567,0.20766163979892674,1,0,1,5,2,29,6,2,33,0,0,0,0,0,6,10,2,0
difficulty-hard,20260712,1,0.12,0.45,0.2,0.18,3,30,9,2868,298403759,869605480,false,false,807.1333333332566,822.1333333332566,9,6,5,179,24,7,3,9,51,43,8,9,8,0,0.1568627450980392,0.8431372549019608,19,2.375,159.73333333332567,0.1979020401420759,1,0,1,6,3,28,7,3,42,0,0,0,0,0,5,5,2,0
difficulty-hard,20260712,1,0.12,0.45,0.2,0.18,3,30,9,2869,1631881006,1851426816,false,false,799.366666666597,817.366666666597,9,7,6,179,22,7,3,5,35,34,1,5,1,0,0.02857142857142857,0.9714285714285714,17,2.125,159.73333333332567,0.19982486134857547,1,0,1,5,3,26,5,3,31,0,0,0,0,0,6,14,2,0
difficulty-hard,20260712,1,0.12,0.45,0.2,0.18,3,30,9,2870,2984557073,317588060,false,false,829.9666666665692,844.9666666665692,9,6,5,179,18,5,3,3,31,30,1,3,1,0,0.03225806451612903,0.967741935483871,14,1.75,159.73333333332567,0.19245752841480915,1,0,1,4,3,22,4,3,27,0,0,0,0,0,5,6,1,0
difficulty-hard,20260712,1,0.12,0.45,0.2,0.18,3,30,9,2871,527467762,2468280500,false,false,748.2666666666435,766.2666666666435,9,7,6,179,24,7,2,11,46,44,2,11,2,0,0.043478260869565216,0.9565217391304348,22,2.75,159.73333333332567,0.2134711332858125,1,0,1,6,2,38,7,2,43,0,0,0,0,0,4,4,2,0
difficulty-hard,20260712,1,0.12,0.45,0.2,0.18,3,30,9,2872,3523641356,770754645,true,false,800.133333333263,818.133333333263,9,7,6,180,20,6,3,3,34,32,2,3,2,0,0.058823529411764705,0.9411764705882353,15,1.875,159.73333333332567,0.19963339443426895,1,1,0,4,3,26,5,3,30,6,3,31,143.89999999986912,0.17984502582888073,6,11,1,0
difficulty-hard,20260712,1,0.12,0.45,0.2,0.18,3,30,9,2873,2286009268,3252731659,false,false,810.0999999999206,828.0999999999206,9,7,6,179,13,4,3,0,25,22,3,0,3,0,0.12,0.88,11,1.375,159.73333333332567,0.1971773032136049,1,0,1,3,2,18,3,2,20,0,0,0,0,0,6,14,2,0
difficulty-hard,20260712,1,0.12,0.45,0.2,0.18,3,30,9,2874,1740713976,3695986928,false,false,811.6333333332525,829.6333333332525,9,7,6,179,16,4,3,0,28,25,3,0,3,0,0.10714285714285714,0.8928571428571429,15,1.875,159.73333333332567,0.19680479691158764,1,0,1,4,3,23,4,3,25,0,0,0,0,0,5,9,1,0
difficulty-hard,20260712,1,0.12,0.45,0.2,0.18,3,30,9,2875,3477666317,3865566625,false,false,820.0333333332449,838.0333333332449,9,7,6,179,23,7,3,2,39,35,4,2,4,0,0.10256410256410256,0.8974358974358975,19,2.375,159.73333333332567,0.19478882972238068,1,0,1,5,3,29,7,3,35,0,0,0,0,0,5,8,2,0
difficulty-hard,20260712,1,0.12,0.45,0.2,0.18,3,30,9,2876,2412462498,3343301741,false,false,793.6666666666022,811.6666666666022,9,7,6,179,23,7,3,7,40,38,2,7,2,0,0.05,0.95,18,2.25,159.73333333332567,0.2012599748005107,1,0,1,5,3,29,7,3,38,0,0,0,0,0,3,6,2,0
difficulty-hard,20260712,1,0.12,0.45,0.2,0.18,3,30,9,2877,2437687237,1652114165,false,false,790.0666666666054,808.0666666666054,9,7,6,179,20,5,3,5,39,35,4,5,4,0,0.10256410256410256,0.8974358974358975,19,2.375,159.73333333332567,0.20217703147414318,1,0,1,5,3,31,5,3,34,0,0,0,0,0,8,5,2,0
difficulty-hard,20260712,1,0.12,0.45,0.2,0.18,3,30,9,2878,1287743151,2225897739,false,false,759.766666666633,777.766666666633,9,7,6,179,19,5,2,7,43,35,8,7,8,0,0.18604651162790697,0.813953488372093,16,2,159.73333333332567,0.21023998596060117,1,0,1,4,2,29,5,2,35,0,0,0,0,0,6,8,2,0
difficulty-hard,20260712,1,0.12,0.45,0.2,0.18,3,30,9,2879,1290434984,975751822,false,false,807.06666666659,822.06666666659,9,6,5,179,25,8,3,3,41,37,4,3,4,0,0.0975609756097561,0.9024390243902439,20,2.5,159.73333333332567,0.19791838757641772,1,0,1,6,3,30,8,3,36,0,0,0,0,0,7,7,2,0
difficulty-hard,20260712,1,0.12,0.45,0.2,0.18,3,30,9,2880,997454812,59321519,false,false,783.8333333332778,801.8333333332778,9,7,6,179,23,7,3,6,45,39,6,6,6,0,0.13333333333333333,0.8666666666666667,22,2.75,159.73333333332567,0.20378481820115288,1,0,1,7,3,35,7,3,39,0,0,0,0,0,4,4,2,0
difficulty-hard,20260712,1,0.12,0.45,0.2,0.18,3,30,9,2881,1915740602,645739931,false,false,809.7333333332542,827.7333333332542,9,7,6,179,22,6,3,7,41,38,3,7,3,0,0.07317073170731707,0.926829268292683,20,2.5,159.73333333332567,0.19726658982382012,1,0,1,6,3,32,6,3,38,0,0,0,0,0,5,5,2,0
difficulty-hard,20260712,1,0.12,0.45,0.2,0.18,3,30,9,2882,3156209603,853562573,false,false,799.0666666665973,817.0666666665973,9,7,6,179,17,5,2,1,34,28,6,1,6,0,0.17647058823529413,0.8235294117647058,12,1.5,159.73333333332567,0.19989988319707103,1,0,1,3,1,22,5,2,28,0,0,0,0,0,7,6,2,0
difficulty-hard,20260712,1,0.12,0.45,0.2,0.18,3,30,9,2883,258032266,2412546151,false,false,805.9333333332577,820.9333333332577,9,6,5,179,17,5,3,1,26,25,1,1,1,0,0.038461538461538464,0.9615384615384616,11,1.375,159.73333333332567,0.198196707750857,1,0,1,3,3,19,3,3,21,0,0,0,0,0,6,6,1,0
difficulty-hard,20260712,1,0.12,0.45,0.2,0.18,3,30,9,2884,3207124358,3407924899,false,false,787.3333333332746,805.3333333332746,9,7,6,179,21,6,3,6,41,37,4,6,4,0,0.0975609756097561,0.9024390243902439,20,2.5,159.73333333332567,0.20287891617274037,1,0,1,6,3,32,6,3,36,0,0,0,0,0,6,6,2,0
difficulty-hard,20260712,1,0.12,0.45,0.2,0.18,3,30,9,2885,2509925599,2093945767,false,false,746.999999999978,764.999999999978,9,7,6,179,17,5,3,0,28,25,3,0,3,0,0.10714285714285714,0.8928571428571429,11,1.375,159.73333333332567,0.21383311021864845,1,0,1,3,2,17,5,3,25,0,0,0,0,0,3,5,1,0
difficulty-hard,20260712,1,0.12,0.45,0.2,0.18,3,30,9,2886,3822820971,869396442,false,false,782.9333333332786,800.9333333332786,9,7,6,179,24,7,2,10,48,44,4,10,4,0,0.08333333333333333,0.9166666666666666,22,2.75,159.73333333332567,0.20401907356948676,1,0,1,7,2,35,7,2,43,0,0,0,0,0,5,8,2,0
difficulty-hard,20260712,1,0.12,0.45,0.2,0.18,3,30,9,2887,2789137795,3768925455,false,false,773.3999999999539,788.3999999999539,9,6,5,179,18,5,3,4,36,32,4,4,4,0,0.1111111111111111,0.8888888888888888,13,1.625,159.73333333332567,0.20653391948970157,1,0,1,3,3,22,5,3,32,0,0,0,0,0,2,7,2,0
difficulty-hard,20260712,1,0.12,0.45,0.2,0.18,3,30,9,2888,1621675041,2053223118,false,false,730.8666666666593,748.8666666666593,9,7,6,179,22,7,3,13,47,45,2,13,2,0,0.0425531914893617,0.9574468085106383,18,2.25,159.73333333332567,0.2185533156982495,1,0,1,5,3,39,7,3,44,0,0,0,0,0,4,5,2,0
difficulty-hard,20260712,1,0.12,0.45,0.2,0.18,3,30,9,2889,3369168718,3809145534,false,false,844.9333333332222,859.9333333332222,9,6,5,179,21,6,3,7,42,38,4,7,4,0,0.09523809523809523,0.9047619047619048,18,2.25,159.73333333332567,0.18904844563675244,1,0,1,5,3,32,6,3,36,0,0,0,0,0,6,8,1,0
difficulty-hard,20260712,1,0.12,0.45,0.2,0.18,3,30,9,2890,3006302003,692260405,false,false,777.8999999999498,792.8999999999498,9,6,5,179,14,4,3,0,27,21,6,0,6,0,0.2222222222222222,0.7777777777777778,8,1,159.73333333332567,0.20533916098899083,1,0,1,2,2,12,4,3,20,0,0,0,0,0,6,8,2,0
difficulty-hard,20260712,1,0.12,0.45,0.2,0.18,3,30,9,2891,182096629,4150434482,false,false,785.1666666666099,803.1666666666099,9,7,6,179,22,6,3,9,49,40,9,9,9,0,0.1836734693877551,0.8163265306122449,19,2.375,159.73333333332567,0.20343876034812639,1,0,1,5,3,35,6,3,40,0,0,0,0,0,5,4,2,0
difficulty-hard,20260712,1,0.12,0.45,0.2,0.18,3,30,9,2892,3944954293,3899526389,false,false,759.8999999999662,777.8999999999662,9,7,6,179,15,4,3,1,27,25,2,1,2,0,0.07407407407407407,0.9259259259259259,12,1.5,159.73333333332567,0.210203096898714,1,0,1,3,3,22,4,3,25,0,0,0,0,0,5,8,2,0
difficulty-hard,20260712,1,0.12,0.45,0.2,0.18,3,30,9,2893,3646666244,3764483646,true,false,802.0333333332612,820.0333333332612,9,7,6,180,16,4,3,0,30,26,4,0,4,0,0.13333333333333333,0.8666666666666667,16,2,159.73333333332567,0.19916046714601227,1,1,0,4,3,24,4,3,26,4,3,26,140.73333333320534,0.1754706786915149,6,10,2,0
difficulty-hard,20260712,1,0.12,0.45,0.2,0.18,3,30,9,2894,3120423574,3596252543,false,false,783.9333333332777,801.9333333332777,9,7,6,179,23,7,3,6,45,39,6,6,6,0,0.13333333333333333,0.8666666666666667,19,2.375,159.73333333332567,0.20375882302917384,1,0,1,6,3,28,7,3,39,0,0,0,0,0,5,5,2,0
difficulty-hard,20260712,1,0.12,0.45,0.2,0.18,3,30,9,2895,3936629208,3911333272,false,false,758.8666666666338,776.8666666666338,9,7,6,178,14,3,2,3,29,27,2,3,2,0,0.06896551724137931,0.9310344827586207,11,1.375,159.73333333332567,0.21048932618817437,1,0,1,3,2,20,3,2,25,0,0,0,0,0,11,5,1,0
difficulty-hard,20260712,1,0.12,0.45,0.2,0.18,3,30,9,2896,1195845113,2235326802,false,false,788.3999999999403,806.3999999999403,9,7,6,179,22,6,3,6,44,38,6,6,6,0,0.13636363636363635,0.8636363636363636,21,2.625,159.73333333332567,0.20260443091493882,1,0,1,6,3,33,6,3,38,0,0,0,0,0,3,4,2,0
difficulty-hard,20260712,1,0.12,0.45,0.2,0.18,3,30,9,2897,3354332450,3637677658,false,false,750.8333333333078,768.8333333333078,9,7,6,179,19,5,2,6,39,35,4,6,4,0,0.10256410256410256,0.8974358974358975,14,1.75,159.73333333332567,0.21274139844616796,1,0,1,3,2,23,5,2,34,0,0,0,0,0,7,11,2,0
difficulty-hard,20260712,1,0.12,0.45,0.2,0.18,3,30,9,2898,2224913804,3762847621,true,false,791.9333333332704,809.9333333332704,9,7,6,180,15,4,3,3,33,28,5,3,5,0,0.15151515151515152,0.8484848484848485,14,1.75,159.73333333332567,0.20170047983837658,1,1,0,4,3,22,4,3,23,4,3,26,135.36666666654355,0.1709318966241531,6,11,2,0
difficulty-hard,20260712,1,0.12,0.45,0.2,0.18,3,30,9,2899,3183188134,1720595075,false,false,777.5333333332835,795.5333333332835,9,7,6,179,25,8,3,8,46,43,3,8,3,0,0.06521739130434782,0.9347826086956522,20,2.5,159.73333333332567,0.20543599416959948,1,0,1,6,3,36,8,3,40,0,0,0,0,0,6,8,2,0
difficulty-hard,20260712,1,0.12,0.45,0.2,0.18,3,30,9,2900,302079356,1932228383,false,false,751.733333333307,769.733333333307,9,7,6,179,19,5,3,9,46,37,9,9,9,0,0.1956521739130435,0.8043478260869565,17,2.125,159.73333333332567,0.2124866974104265,1,0,1,4,3,31,5,3,37,0,0,0,0,0,4,4,2,0
difficulty-hard,20260712,1,0.12,0.45,0.2,0.18,3,30,9,2901,1557109451,2002940321,false,false,817.2333333332474,832.2333333332474,9,6,5,179,20,6,2,8,40,37,3,8,3,0,0.075,0.925,17,2.125,159.73333333332567,0.19545621405556446,1,0,1,5,2,25,5,2,33,0,0,0,0,0,5,8,1,0
difficulty-hard,20260712,1,0.12,0.45,0.2,0.18,3,30,9,2902,3618213521,2193892106,false,false,798.4333333332645,816.4333333332645,9,7,6,179,23,7,3,11,49,43,6,11,6,0,0.12244897959183673,0.8775510204081632,19,2.375,159.73333333332567,0.20005844779360343,1,0,1,6,3,36,7,3,43,0,0,0,0,0,3,4,2,0
difficulty-hard,20260712,1,0.12,0.45,0.2,0.18,3,30,9,2903,3349089228,1858423235,false,false,747.9666666666437,762.9666666666437,9,6,5,179,15,4,3,0,29,24,5,0,5,0,0.1724137931034483,0.8275862068965517,13,1.625,159.73333333332567,0.21355675386603312,1,0,1,4,3,18,4,3,23,0,0,0,0,0,5,14,2,0
difficulty-hard,20260712,1,0.12,0.45,0.2,0.18,3,30,9,2904,2801129120,1481455743,false,false,814.33333333325,829.33333333325,9,6,5,179,24,7,3,10,49,43,6,10,6,0,0.12244897959183673,0.8775510204081632,19,2.375,159.73333333332567,0.1961522717969816,1,0,1,5,3,37,7,3,43,0,0,0,0,0,5,10,2,0
difficulty-hard,20260712,1,0.12,0.45,0.2,0.18,3,30,9,2905,2071913685,2248849363,false,false,813.1333333332511,831.1333333332511,9,7,6,179,12,3,2,2,32,24,8,2,8,0,0.25,0.75,9,1.125,159.73333333332567,0.19644174797082292,1,0,1,2,2,16,3,2,24,0,0,0,0,0,7,11,3,0
difficulty-hard,20260712,1,0.12,0.45,0.2,0.18,3,30,9,2906,3075200930,2054958143,false,false,732.1333333333248,747.1333333333248,9,6,5,179,16,4,2,1,32,25,7,1,7,0,0.21875,0.78125,11,1.375,159.73333333332567,0.21817519577489647,1,0,1,2,2,21,4,2,25,0,0,0,0,0,3,5,2,0
difficulty-hard,20260712,1,0.12,0.45,0.2,0.18,3,30,9,2907,1085273474,3482901544,false,false,796.833333333266,814.833333333266,9,7,6,179,27,8,3,19,62,56,6,19,6,0,0.0967741935483871,0.9032258064516129,24,3,159.73333333332567,0.2004601547793422,1,0,1,7,3,42,8,3,55,0,0,0,0,0,5,8,2,0
difficulty-hard,20260712,1,0.12,0.45,0.2,0.18,3,30,9,2908,87463318,3566652637,false,false,814.6333333332498,829.6333333332498,9,6,5,179,28,8,3,12,54,50,4,12,4,0,0.07407407407407407,0.9259259259259259,26,3.25,159.73333333332567,0.19608003600803067,1,0,1,8,3,39,8,3,49,0,0,0,0,0,5,6,2,0
difficulty-hard,20260712,1,0.12,0.45,0.2,0.18,3,30,9,2909,3314706888,2821053697,false,false,750.633333333308,765.633333333308,9,6,5,179,17,5,3,1,34,27,7,1,7,0,0.20588235294117646,0.7941176470588235,9,1.125,159.73333333332567,0.21279808161996236,1,0,1,2,2,16,3,3,23,0,0,0,0,0,6,10,2,0
difficulty-hard,20260712,1,0.12,0.45,0.2,0.18,3,30,9,2910,1884862660,874646374,false,false,787.0666666666082,805.0666666666082,9,7,6,179,23,7,3,8,49,41,8,8,8,0,0.16326530612244897,0.8367346938775511,22,2.75,159.73333333332567,0.20294765373539414,1,0,1,7,3,34,7,3,39,0,0,0,0,0,7,5,2,0
difficulty-hard,20260712,1,0.12,0.45,0.2,0.18,3,30,9,2911,2762640524,899109050,false,false,758.7999999999672,776.7999999999672,9,7,6,179,22,7,3,2,38,33,5,2,5,0,0.13157894736842105,0.868421052631579,19,2.375,159.73333333332567,0.21050781936390692,1,0,1,6,3,27,7,3,33,0,0,0,0,0,5,5,2,0
difficulty-hard,20260712,1,0.12,0.45,0.2,0.18,3,30,9,2912,57313263,3460049814,false,false,789.6333333332725,807.6333333332725,9,7,6,179,23,7,3,10,49,43,6,10,6,0,0.12244897959183673,0.8775510204081632,23,2.875,159.73333333332567,0.20228798176369367,1,0,1,7,3,39,7,3,41,0,0,0,0,0,6,11,2,0
difficulty-hard,20260712,1,0.12,0.45,0.2,0.18,3,30,9,2913,1281887477,2112368893,true,false,786.1333333332757,804.1333333332757,9,7,6,180,18,5,3,3,33,31,2,3,2,0,0.06060606060606061,0.9393939393939394,15,1.875,159.73333333332567,0.20318860244233894,1,1,0,4,3,26,5,3,30,5,3,30,134.7666666665441,0.17142978290352015,5,11,2,0
difficulty-hard,20260712,1,0.12,0.45,0.2,0.18,3,30,9,2914,1538869928,2700324224,false,false,810.6666666665867,828.6666666665867,9,7,6,179,18,5,2,1,30,29,1,1,1,0,0.03333333333333333,0.9666666666666667,12,1.5,159.73333333332567,0.1970394736842205,1,0,1,3,2,20,5,2,26,0,0,0,0,0,6,8,1,0
difficulty-hard,20260712,1,0.12,0.45,0.2,0.18,3,30,9,2915,3192632067,2251178819,false,false,806.5666666665904,824.5666666665904,9,7,6,179,15,4,3,0,28,24,4,0,4,0,0.14285714285714285,0.8571428571428571,11,1.375,159.73333333332567,0.19804107947267113,1,0,1,3,2,18,4,3,24,0,0,0,0,0,5,5,2,0
difficulty-hard,20260712,1,0.12,0.45,0.2,0.18,3,30,9,2916,3695144890,2455104937,false,false,801.9666666665946,816.9666666665946,9,6,5,179,23,7,3,12,50,45,5,12,5,0,0.1,0.9,18,2.25,159.73333333332567,0.19917702315142777,1,0,1,5,3,36,7,3,45,0,0,0,0,0,3,3,2,0
difficulty-hard,20260712,1,0.12,0.45,0.2,0.18,3,30,9,2917,2541602909,1100459451,false,false,792.6333333332698,810.6333333332698,9,7,6,179,11,3,2,0,22,17,5,0,5,0,0.22727272727272727,0.7727272727272727,6,0.75,159.73333333332567,0.20152235165482799,1,0,1,1,1,14,3,2,16,0,0,0,0,0,5,3,2,0
difficulty-hard,20260712,1,0.12,0.45,0.2,0.18,3,30,9,2918,2142383134,3912702032,false,false,775.0999999999524,793.0999999999524,9,7,6,179,18,5,2,0,35,28,7,0,7,0,0.2,0.8,17,2.125,159.73333333332567,0.20608093579323375,1,0,1,5,2,25,5,2,27,0,0,0,0,0,5,5,2,0
difficulty-hard,20260712,1,0.12,0.45,0.2,0.18,3,30,9,2919,1133019840,2479567485,false,false,758.8666666666338,776.8666666666338,9,7,6,179,18,5,2,1,31,29,2,1,2,0,0.06451612903225806,0.9354838709677419,15,1.875,159.73333333332567,0.21048932618817437,1,0,1,4,2,24,5,2,29,0,0,0,0,0,6,9,2,0
difficulty-hard,20260712,1,0.12,0.45,0.2,0.18,3,30,9,2920,89411442,897506349,false,false,797.8999999999317,815.8999999999317,9,7,6,179,17,5,3,3,33,29,4,3,4,0,0.12121212121212122,0.8787878787878788,15,1.875,159.73333333332567,0.2001921711158533,1,0,1,5,3,22,5,3,29,0,0,0,0,0,5,11,2,0
difficulty-hard,20260712,1,0.12,0.45,0.2,0.18,3,30,9,2921,3451180619,3287796414,false,false,821.4999999999102,836.4999999999102,9,6,5,179,21,6,3,9,45,40,5,9,5,0,0.1111111111111111,0.8888888888888888,20,2.5,159.73333333332567,0.19444106309597461,1,0,1,6,3,32,6,3,38,0,0,0,0,0,5,5,2,0
difficulty-hard,20260712,1,0.12,0.45,0.2,0.18,3,30,9,2922,1375237165,2771182826,false,false,793.4999999999357,808.4999999999357,9,6,5,179,21,6,3,11,50,41,9,11,9,0,0.18,0.82,15,1.875,159.73333333332567,0.2013022474270178,1,0,1,4,3,33,6,3,40,0,0,0,0,0,5,7,2,0
difficulty-hard,20260712,1,0.12,0.45,0.2,0.18,3,30,9,2923,3426108824,1409277392,true,false,779.1666666666154,797.1666666666154,9,7,6,180,13,4,3,0,24,21,3,0,3,0,0.125,0.875,9,1.125,159.73333333332567,0.20500534759358655,1,1,0,2,2,16,3,3,20,3,3,20,120.96666666655665,0.15525133689826476,6,8,1,0
difficulty-hard,20260712,1,0.12,0.45,0.2,0.18,3,30,9,2924,635461793,2573715919,false,false,812.0666666665854,830.0666666665854,9,7,6,179,24,7,3,9,51,42,9,9,9,0,0.17647058823529413,0.8235294117647058,23,2.875,159.73333333332567,0.1966997783433318,1,0,1,7,3,36,7,3,41,0,0,0,0,0,7,11,2,0
difficulty-hard,20260712,1,0.12,0.45,0.2,0.18,3,30,9,2925,4165253356,431813991,false,false,775.4333333332854,793.4333333332854,9,7,6,179,20,6,3,2,34,32,2,2,2,0,0.058823529411764705,0.9411764705882353,16,2,159.73333333332567,0.20599234836435826,1,0,1,5,3,25,6,3,32,0,0,0,0,0,3,5,4,0
difficulty-hard,20260712,1,0.12,0.45,0.2,0.18,3,30,9,2926,3819207459,2078455527,false,false,759.766666666633,774.766666666633,9,6,5,179,19,5,3,1,34,30,4,1,4,0,0.11764705882352941,0.8823529411764706,13,1.625,159.73333333332567,0.21023998596060117,1,0,1,3,3,23,5,3,30,0,0,0,0,0,6,11,2,0
difficulty-hard,20260712,1,0.12,0.45,0.2,0.18,3,30,9,2927,3995407772,3376999030,false,false,757.5999999999683,775.5999999999683,9,7,6,179,14,4,2,1,29,25,4,1,4,0,0.13793103448275862,0.8620689655172413,14,1.75,159.73333333332567,0.21084125307990015,1,0,1,4,2,21,4,2,25,0,0,0,0,0,6,8,1,0
difficulty-hard,20260712,1,0.12,0.45,0.2,0.18,3,30,9,2928,3662983899,3358277804,false,false,776.0666666666182,791.0666666666182,9,6,5,179,14,4,3,0,24,21,3,0,3,0,0.125,0.875,10,1.25,159.73333333332567,0.20582424190361953,1,0,1,2,2,17,3,3,20,0,0,0,0,0,6,11,2,0
difficulty-hard,20260712,1,0.12,0.45,0.2,0.18,3,30,9,2929,3460050420,1866351328,false,false,762.2666666666307,780.2666666666307,9,7,6,179,14,4,2,0,25,22,3,0,3,0,0.12,0.88,11,1.375,159.73333333332567,0.20955046352982318,1,0,1,3,2,17,4,2,22,0,0,0,0,0,5,10,2,0
difficulty-hard,20260712,1,0.12,0.45,0.2,0.18,3,30,9,2930,839932867,415904115,false,false,769.7999999999572,787.7999999999572,9,7,6,179,22,7,3,9,45,41,4,9,4,0,0.08888888888888889,0.9111111111111111,18,2.25,159.73333333332567,0.2074997834935497,1,0,1,5,2,35,7,3,40,0,0,0,0,0,6,6,2,0
difficulty-hard,20260712,1,0.12,0.45,0.2,0.18,3,30,9,2931,3919176794,1198446517,false,false,815.3333333332491,830.3333333332491,9,6,5,179,20,6,3,2,37,32,5,2,5,0,0.13513513513513514,0.8648648648648649,14,1.75,159.73333333332567,0.1959116925592913,1,0,1,4,3,22,6,3,32,0,0,0,0,0,5,8,3,0
difficulty-hard,20260712,1,0.12,0.45,0.2,0.18,3,30,9,2932,3498930229,1207793358,false,false,772.1333333332884,790.1333333332884,9,7,6,179,18,5,3,3,39,31,8,3,8,0,0.20512820512820512,0.7948717948717948,17,2.125,159.73333333332567,0.20687273355206567,1,0,1,5,3,28,5,3,31,0,0,0,0,0,6,7,2,0
difficulty-hard,20260712,1,0.12,0.45,0.2,0.18,3,30,9,2933,3638365361,1787997264,false,false,812.899999999918,827.899999999918,9,6,5,179,18,5,2,9,42,37,5,9,5,0,0.11904761904761904,0.8809523809523809,17,2.125,159.73333333332567,0.1964981342518659,1,0,1,5,2,31,5,2,37,0,0,0,0,0,5,8,2,0
difficulty-hard,20260712,1,0.12,0.45,0.2,0.18,3,30,9,2934,563105409,3484691240,false,false,771.1333333332893,789.1333333332893,9,7,6,179,21,6,2,8,42,38,4,8,4,0,0.09523809523809523,0.9047619047619048,18,2.25,159.73333333332567,0.2071410045820024,1,0,1,5,2,31,6,2,38,0,0,0,0,0,6,11,2,0
difficulty-hard,20260712,1,0.12,0.45,0.2,0.18,3,30,9,2935,127474828,21106249,false,false,805.4333333332581,823.4333333332581,9,7,6,179,25,7,3,11,48,45,3,11,3,0,0.0625,0.9375,20,2.5,159.73333333332567,0.19831974506477745,1,0,1,6,3,34,7,3,42,0,0,0,0,0,6,9,2,0
difficulty-hard,20260712,1,0.12,0.45,0.2,0.18,3,30,9,2936,2248938641,2174011546,false,false,786.5999999999419,801.5999999999419,9,6,5,179,21,6,3,8,46,37,9,8,9,0,0.1956521739130435,0.8043478260869565,18,2.25,159.73333333332567,0.20306805661497263,1,0,1,5,3,29,6,3,37,0,0,0,0,0,7,9,2,0
difficulty-hard,20260712,1,0.12,0.45,0.2,0.18,3,30,9,2937,4066189622,1916914714,false,false,811.1666666665863,826.1666666665863,9,6,5,179,22,6,3,7,43,38,5,7,5,0,0.11627906976744186,0.8837209302325582,19,2.375,159.73333333332567,0.19691801931375572,1,0,1,5,3,34,6,3,37,0,0,0,0,0,6,8,2,0
difficulty-hard,20260712,1,0.12,0.45,0.2,0.18,3,30,9,2938,2253081583,4150359267,false,false,781.33333333328,799.33333333328,9,7,6,179,17,5,3,1,28,26,2,1,2,0,0.07142857142857142,0.9285714285714286,13,1.625,159.73333333332567,0.20443686006826353,1,0,1,4,3,22,5,3,26,0,0,0,0,0,3,5,1,0
difficulty-hard,20260712,1,0.12,0.45,0.2,0.18,3,30,9,2939,392492170,3620011824,false,false,832.8333333332332,847.8333333332332,9,6,5,179,21,6,3,6,41,36,5,6,5,0,0.12195121951219512,0.8780487804878049,18,2.25,159.73333333332567,0.1917950770462416,1,0,1,5,3,31,6,3,36,0,0,0,0,0,7,11,2,0
difficulty-hard,20260712,1,0.12,0.45,0.2,0.18,3,30,9,2940,2480353114,465669971,false,false,806.3333333332573,824.3333333332573,9,7,6,179,23,7,3,5,42,38,4,5,4,0,0.09523809523809523,0.9047619047619048,14,1.75,159.73333333332567,0.19809838776354782,1,0,1,4,3,23,7,3,38,0,0,0,0,0,6,8,2,0
difficulty-hard,20260712,1,0.12,0.45,0.2,0.18,3,30,9,2941,2837823434,3633685838,false,false,809.6666666665876,824.6666666665876,9,6,5,179,15,4,3,0,30,22,8,0,8,0,0.26666666666666666,0.7333333333333333,12,1.5,159.73333333332567,0.19728283244134368,1,0,1,3,3,20,4,3,22,0,0,0,0,0,5,14,2,0
difficulty-hard,20260712,1,0.12,0.45,0.2,0.18,3,30,9,2942,371589044,2512491619,false,false,779.233333333282,794.233333333282,9,6,5,179,22,6,3,14,46,46,0,14,0,0,0,1,21,2.625,159.73333333332567,0.20498780852975515,1,0,1,6,3,37,6,3,46,0,0,0,0,0,3,4,1,0
difficulty-hard,20260712,1,0.12,0.45,0.2,0.18,3,30,9,2943,686874997,3811526891,false,false,789.2666666666062,807.2666666666062,9,7,6,179,20,6,3,0,31,29,2,0,2,0,0.06451612903225806,0.9354838709677419,16,2,159.73333333332567,0.20238195793564226,1,0,1,5,2,23,6,3,28,0,0,0,0,0,5,7,2,0
difficulty-hard,20260712,1,0.12,0.45,0.2,0.18,3,30,9,2944,2953689637,1159255875,false,false,761.7333333332979,779.7333333332979,9,7,6,179,20,5,3,5,40,35,5,5,5,0,0.125,0.875,18,2.25,159.73333333332567,0.20969718186591954,1,0,1,5,3,28,5,3,35,0,0,0,0,0,3,5,3,0
difficulty-hard,20260712,1,0.12,0.45,0.2,0.18,3,30,9,2945,1449825249,1394426326,false,false,798.9999999999307,816.9999999999307,9,7,6,179,20,6,3,5,39,33,6,5,6,0,0.15384615384615385,0.8461538461538461,15,1.875,159.73333333332567,0.19991656236963648,1,0,1,5,3,23,5,3,31,0,0,0,0,0,5,5,2,0
difficulty-hard,20260712,1,0.12,0.45,0.2,0.18,3,30,9,2946,3138215760,707821063,false,false,819.4666666665787,837.4666666665787,9,7,6,179,17,5,3,0,29,26,3,0,3,0,0.10344827586206896,0.896551724137931,12,1.5,159.73333333332567,0.19492352749757097,1,0,1,3,3,20,5,3,25,0,0,0,0,0,6,10,2,0
difficulty-hard,20260712,1,0.12,0.45,0.2,0.18,3,30,9,2947,1080898899,1088487288,false,false,808.4666666665887,823.4666666665887,9,6,5,179,23,7,3,6,40,37,3,6,3,0,0.075,0.925,17,2.125,159.73333333332567,0.19757565762349436,1,0,1,5,3,26,6,3,35,0,0,0,0,0,4,5,2,0
difficulty-hard,20260712,1,0.12,0.45,0.2,0.18,3,30,9,2948,910222349,3574189023,false,false,750.8999999999744,765.8999999999744,9,6,5,179,20,6,3,3,34,31,3,3,3,0,0.08823529411764706,0.9117647058823529,18,2.25,159.73333333332567,0.212722510764857,1,0,1,5,3,29,6,3,31,0,0,0,0,0,6,8,2,0
difficulty-hard,20260712,1,0.12,0.45,0.2,0.18,3,30,9,2949,355068524,3432916530,false,false,730.499999999993,748.499999999993,9,7,6,179,18,5,2,3,37,30,7,3,7,0,0.1891891891891892,0.8108108108108109,15,1.875,159.73333333332567,0.21866301619894213,1,0,1,4,2,25,5,2,30,0,0,0,0,0,6,4,2,0
difficulty-hard,20260712,1,0.12,0.45,0.2,0.18,3,30,9,2950,1620153244,3803631267,false,false,819.3333333332455,837.3333333332455,9,7,6,179,24,7,3,10,49,44,5,10,5,0,0.10204081632653061,0.8979591836734694,20,2.5,159.73333333332567,0.19495524816925483,1,0,1,6,3,35,7,3,42,0,0,0,0,0,9,10,3,0
difficulty-hard,20260712,1,0.12,0.45,0.2,0.18,3,30,9,2951,2375129223,3207605818,false,false,802.5999999999274,817.5999999999274,9,6,5,179,23,7,3,3,39,34,5,3,5,0,0.1282051282051282,0.8717948717948718,16,2,159.73333333332567,0.19901985214719678,1,0,1,4,3,26,7,3,34,0,0,0,0,0,3,5,2,0
difficulty-hard,20260712,1,0.12,0.45,0.2,0.18,3,30,9,2952,552479520,1445056057,false,false,794.633333333268,812.633333333268,9,7,6,179,22,7,3,5,43,35,8,5,8,0,0.18604651162790697,0.813953488372093,18,2.25,159.73333333332567,0.20101514325266012,1,0,1,5,3,29,7,3,34,0,0,0,0,0,8,5,2,0
difficulty-hard,20260712,1,0.12,0.45,0.2,0.18,3,30,9,2953,3021899944,1756064945,false,false,773.5333333332871,788.5333333332871,9,6,5,179,16,5,3,0,27,24,3,0,3,0,0.1111111111111111,0.8888888888888888,13,1.625,159.73333333332567,0.20649831940015756,1,0,1,4,2,21,5,3,24,0,0,0,0,0,6,11,2,0
difficulty-hard,20260712,1,0.12,0.45,0.2,0.18,3,30,9,2954,3885917920,247521833,false,false,784.7999999999436,799.7999999999436,9,6,5,179,16,4,3,1,30,27,3,1,3,0,0.1,0.9,13,1.625,159.73333333332567,0.20353380903840107,1,0,1,3,2,21,4,3,25,0,0,0,0,0,6,11,2,0
difficulty-hard,20260712,1,0.12,0.45,0.2,0.18,3,30,9,2955,1651331209,3377817666,false,false,766.3999999999603,781.3999999999603,9,6,5,179,18,5,2,3,32,29,3,3,3,0,0.09375,0.90625,14,1.75,159.73333333332567,0.20842032011134387,1,0,1,3,2,25,4,2,28,0,0,0,0,0,6,11,1,0
difficulty-hard,20260712,1,0.12,0.45,0.2,0.18,3,30,9,2956,1382210790,3118073628,false,false,812.2666666665853,830.2666666665853,9,7,6,179,23,7,3,10,46,43,3,10,3,0,0.06521739130434782,0.9347826086956522,23,2.875,159.73333333332567,0.19665134602758744,1,0,1,7,3,37,7,3,42,0,0,0,0,0,5,8,2,0
difficulty-hard,20260712,1,0.12,0.45,0.2,0.18,3,30,9,2957,3593992290,2322306074,false,false,805.2999999999249,823.2999999999249,9,7,6,179,23,7,3,5,39,36,3,5,3,0,0.07692307692307693,0.9230769230769231,18,2.25,159.73333333332567,0.19835258081875148,1,0,1,5,3,27,6,3,34,0,0,0,0,0,5,11,2,0
difficulty-hard,20260712,1,0.12,0.45,0.2,0.18,3,30,9,2958,2909753436,470152301,false,false,806.4999999999238,821.4999999999238,9,6,5,179,26,8,3,7,46,42,4,7,4,0,0.08695652173913043,0.9130434782608695,22,2.75,159.73333333332567,0.19805744988634935,1,0,1,7,3,33,8,3,42,0,0,0,0,0,5,5,3,0
difficulty-hard,20260712,1,0.12,0.45,0.2,0.18,3,30,9,2959,518164714,43422304,false,false,748.766666666643,766.766666666643,9,7,6,179,19,5,3,2,35,30,5,2,5,0,0.14285714285714285,0.8571428571428571,15,1.875,159.73333333332567,0.21332858478386332,1,0,1,4,3,22,5,3,30,0,0,0,0,0,3,3,2,0
difficulty-hard,20260712,1,0.12,0.45,0.2,0.18,3,30,9,2960,915103260,3086153159,false,false,804.8333333332587,822.8333333332587,9,7,6,179,26,8,3,13,51,47,4,13,4,0,0.0784313725490196,0.9215686274509803,21,2.625,159.73333333332567,0.19846759163388755,1,0,1,6,3,37,8,3,47,0,0,0,0,0,3,5,2,0
difficulty-hard,20260712,1,0.12,0.45,0.2,0.18,3,30,9,2961,3062526471,2999157605,true,false,778.466666666616,796.466666666616,9,7,6,180,12,3,3,0,21,20,1,0,1,0,0.047619047619047616,0.9523809523809523,9,1.125,159.73333333332567,0.20518968913248617,1,1,0,2,2,16,3,3,19,3,3,20,119.09999999989168,0.15299306328667392,6,11,1,0
difficulty-hard,20260712,1,0.12,0.45,0.2,0.18,3,30,9,2962,1611807446,190331845,false,false,803.9999999999261,821.9999999999261,9,7,6,179,26,8,3,7,49,42,7,7,7,0,0.14285714285714285,0.8571428571428571,23,2.875,159.73333333332567,0.19867330016584622,1,0,1,7,3,35,8,3,40,0,0,0,0,0,7,11,2,0
difficulty-hard,20260712,1,0.12,0.45,0.2,0.18,3,30,9,2963,2378043760,2750192045,false,false,780.7333333332806,798.7333333332806,9,7,6,179,24,7,3,7,44,41,3,7,3,0,0.06818181818181818,0.9318181818181818,23,2.875,159.73333333332567,0.20459397147980932,1,0,1,7,3,34,7,3,41,0,0,0,0,0,6,14,4,0
difficulty-hard,20260712,1,0.12,0.45,0.2,0.18,3,30,9,2964,1087161015,1120454019,false,false,807.4333333332563,825.4333333332563,9,7,6,179,22,6,3,11,44,41,3,11,3,0,0.06818181818181818,0.9318181818181818,19,2.375,159.73333333332567,0.19782851009372196,1,0,1,5,3,34,5,3,38,0,0,0,0,0,7,5,2,0
difficulty-hard,20260712,1,0.12,0.45,0.2,0.18,3,30,9,2965,2857817955,2866564682,false,false,745.466666666646,763.466666666646,9,7,6,179,21,6,3,1,37,30,7,1,7,0,0.1891891891891892,0.8108108108108109,16,2,159.73333333332567,0.2142729386513997,1,0,1,5,3,24,6,3,29,0,0,0,0,0,5,5,2,0
difficulty-hard,20260712,1,0.12,0.45,0.2,0.18,3,30,9,2966,1943768990,72129001,false,false,757.9666666666346,775.9666666666346,9,7,6,179,25,8,3,8,46,42,4,8,4,0,0.08695652173913043,0.9130434782608695,21,2.625,159.73333333332567,0.21073925854259082,1,0,1,7,3,33,8,3,41,0,0,0,0,0,7,11,3,0
difficulty-hard,20260712,1,0.12,0.45,0.2,0.18,3,30,9,2967,1751066736,427558742,false,false,817.8333333332469,835.8333333332469,9,7,6,179,23,7,3,6,43,39,4,6,4,0,0.09302325581395349,0.9069767441860465,18,2.25,159.73333333332567,0.19531281842267278,1,0,1,5,3,30,7,3,38,0,0,0,0,0,6,5,2,0
difficulty-hard,20260712,1,0.12,0.45,0.2,0.18,3,30,9,2968,1095091823,2232203957,false,false,768.9999999999579,786.9999999999579,9,7,6,179,16,4,3,1,31,26,5,1,5,0,0.16129032258064516,0.8387096774193549,13,1.625,159.73333333332567,0.20771564802774306,1,0,1,3,3,22,4,3,26,0,0,0,0,0,3,5,2,0
difficulty-hard,20260712,1,0.12,0.45,0.2,0.18,3,30,9,2969,3509510474,3311457298,false,false,782.7666666666121,800.7666666666121,9,7,6,179,22,6,2,7,46,39,7,7,7,0,0.15217391304347827,0.8478260869565217,21,2.625,159.73333333332567,0.2040625133075035,1,0,1,6,2,33,6,2,38,0,0,0,0,0,5,8,3,0
difficulty-hard,20260712,1,0.12,0.45,0.2,0.18,3,30,9,2970,3569503536,4222539680,false,false,750.1666666666417,768.1666666666417,9,7,6,179,20,6,3,10,45,40,5,10,5,0,0.1111111111111111,0.8888888888888888,17,2.125,159.73333333332567,0.21293045989779735,1,0,1,5,3,27,6,3,38,0,0,0,0,0,5,5,3,0
difficulty-hard,20260712,1,0.12,0.45,0.2,0.18,3,30,9,2971,4061297125,184596966,false,false,801.7999999999281,819.7999999999281,9,7,6,179,26,8,3,8,47,44,3,8,3,0,0.06382978723404255,0.9361702127659575,23,2.875,159.73333333332567,0.19921842520995262,1,0,1,7,3,38,8,3,43,0,0,0,0,0,6,5,2,0
difficulty-hard,20260712,1,0.12,0.45,0.2,0.18,3,30,9,2972,510216080,2708134044,false,false,759.0333333333003,777.0333333333003,9,7,6,179,17,5,3,0,32,26,6,0,6,0,0.1875,0.8125,14,1.75,159.73333333332567,0.21044310746124362,1,0,1,4,3,22,5,3,25,0,0,0,0,0,5,4,2,0
difficulty-hard,20260712,1,0.12,0.45,0.2,0.18,3,30,9,2973,2627016483,2839385681,false,false,774.0999999999533,789.0999999999533,9,6,5,179,19,6,3,3,37,32,5,3,5,0,0.13513513513513514,0.8648648648648649,14,1.75,159.73333333332567,0.2063471558368884,1,0,1,4,3,24,6,3,31,0,0,0,0,0,6,8,2,0
difficulty-hard,20260712,1,0.12,0.45,0.2,0.18,3,30,9,2974,3794977092,2197391759,false,false,749.0666666666427,767.0666666666427,9,7,6,179,14,4,3,0,29,24,5,0,5,0,0.1724137931034483,0.8275862068965517,11,1.375,159.73333333332567,0.2132431470274085,1,0,1,3,3,18,4,3,24,0,0,0,0,0,5,8,3,0
difficulty-hard,20260712,1,0.12,0.45,0.2,0.18,3,30,9,2975,4223146019,2459473500,false,false,745.5999999999792,763.5999999999792,9,7,6,179,13,4,2,0,22,18,4,0,4,0,0.18181818181818182,0.8181818181818182,7,0.875,159.73333333332567,0.2142346208869771,1,0,1,1,1,13,3,1,17,0,0,0,0,0,3,5,1,0
difficulty-hard,20260712,1,0.12,0.45,0.2,0.18,3,30,9,2976,231038106,3348898174,false,false,815.6999999999155,833.6999999999155,9,7,6,179,19,5,2,4,37,33,4,4,4,0,0.10810810810810811,0.8918918918918919,14,1.75,159.73333333332567,0.19582362796780953,1,0,1,4,2,22,5,2,30,0,0,0,0,0,7,5,2,0
difficulty-hard,20260712,1,0.12,0.45,0.2,0.18,3,30,9,2977,2573565244,2379145735,false,false,807.7999999999226,822.7999999999226,9,6,5,179,17,5,3,2,34,29,5,2,5,0,0.14705882352941177,0.8529411764705882,14,1.75,159.73333333332567,0.19773871420319505,1,0,1,4,3,22,5,3,28,0,0,0,0,0,5,5,2,0
difficulty-hard,20260712,1,0.12,0.45,0.2,0.18,3,30,9,2978,3137734675,1175938202,false,false,800.9333333332622,815.9333333332622,9,6,5,179,23,7,3,3,42,34,8,3,8,0,0.19047619047619047,0.8095238095238095,20,2.5,159.73333333332567,0.1994339936740551,1,0,1,6,3,29,7,3,34,0,0,0,0,0,5,10,2,0
difficulty-hard,20260712,1,0.12,0.45,0.2,0.18,3,30,9,2979,309845859,3426077310,false,false,755.9333333333032,770.9333333333032,9,6,5,179,27,8,3,13,50,49,1,13,1,0,0.02,0.98,22,2.75,159.73333333332567,0.21130611165005564,1,0,1,7,3,34,8,3,47,0,0,0,0,0,6,14,2,0
difficulty-hard,20260712,1,0.12,0.45,0.2,0.18,3,30,9,2980,3789261142,1553509641,false,false,790.4999999999384,808.4999999999384,9,7,6,179,19,6,2,5,38,32,6,5,6,0,0.15789473684210525,0.8421052631578947,14,1.75,159.73333333332567,0.20206620282522217,1,0,1,4,2,23,5,2,30,0,0,0,0,0,8,7,2,0
difficulty-hard,20260712,1,0.12,0.45,0.2,0.18,3,30,9,2981,253841583,3796215447,false,false,807.3666666665897,825.3666666665897,9,7,6,179,16,5,3,2,30,26,4,2,4,0,0.13333333333333333,0.8666666666666667,13,1.625,159.73333333332567,0.1978448453821158,1,0,1,4,3,22,5,3,26,0,0,0,0,0,6,8,2,0
difficulty-hard,20260712,1,0.12,0.45,0.2,0.18,3,30,9,2982,1180594418,3353117964,false,false,822.7333333332424,840.7333333332424,9,7,6,179,21,6,3,4,41,34,7,4,7,0,0.17073170731707318,0.8292682926829268,17,2.125,159.73333333332567,0.19414958269185237,1,0,1,5,3,29,6,3,33,0,0,0,0,0,5,11,2,0
difficulty-hard,20260712,1,0.12,0.45,0.2,0.18,3,30,9,2983,2663388956,2141307682,false,false,776.9999999999507,794.9999999999507,9,7,6,179,14,4,3,0,23,21,2,0,2,0,0.08695652173913043,0.9130434782608695,9,1.125,159.73333333332567,0.20557700557700878,1,0,1,3,3,16,4,3,21,0,0,0,0,0,6,8,2,0
difficulty-hard,20260712,1,0.12,0.45,0.2,0.18,3,30,9,2984,2147892386,220486213,false,false,786.833333333275,801.833333333275,9,6,5,179,25,7,3,12,50,47,3,12,3,0,0.06,0.94,21,2.625,159.73333333332567,0.20300783732260644,1,0,1,6,3,35,7,3,46,0,0,0,0,0,8,5,2,0
difficulty-hard,20260712,1,0.12,0.45,0.2,0.18,3,30,9,2985,158899949,679158864,false,false,780.4333333332809,795.4333333332809,9,6,5,179,15,4,3,10,42,35,7,10,7,0,0.16666666666666666,0.8333333333333334,15,1.875,159.73333333332567,0.20467261777645293,1,0,1,4,3,32,4,3,34,0,0,0,0,0,4,4,2,0
difficulty-hard,20260712,1,0.12,0.45,0.2,0.18,3,30,9,2986,1479533352,1822548952,false,false,811.3999999999194,829.3999999999194,9,7,6,179,18,5,3,1,31,28,3,1,3,0,0.0967741935483871,0.9032258064516129,14,1.75,159.73333333332567,0.1968613918330559,1,0,1,4,3,21,5,3,28,0,0,0,0,0,7,14,2,0
difficulty-hard,20260712,1,0.12,0.45,0.2,0.18,3,30,9,2987,2262731973,2786061299,false,false,747.7666666666439,762.7666666666439,9,6,5,179,14,4,3,0,28,22,6,0,6,0,0.21428571428571427,0.7857142857142857,9,1.125,159.73333333332567,0.21361387242009167,1,0,1,2,2,18,4,3,21,0,0,0,0,0,6,11,1,0
difficulty-hard,20260712,1,0.12,0.45,0.2,0.18,3,30,9,2988,2592135871,1306514180,false,false,823.5333333332417,838.5333333332417,9,6,5,179,15,4,2,5,34,30,4,5,4,0,0.11764705882352941,0.8823529411764706,15,1.875,159.73333333332567,0.19396098113819735,1,0,1,4,2,25,4,2,30,0,0,0,0,0,5,8,2,0
difficulty-hard,20260712,1,0.12,0.45,0.2,0.18,3,30,9,2989,136519652,4145381463,false,false,756.466666666636,771.466666666636,9,6,5,179,12,3,2,0,27,22,5,0,5,0,0.18518518518518517,0.8148148148148148,8,1,159.73333333332567,0.2111571340442392,1,0,1,2,2,16,3,2,22,0,0,0,0,0,6,11,2,0
difficulty-hard,20260712,1,0.12,0.45,0.2,0.18,3,30,9,2990,3092125916,2948711849,false,false,783.8666666666111,801.8666666666111,9,7,6,179,14,4,3,1,29,23,6,1,6,0,0.20689655172413793,0.7931034482758621,11,1.375,159.73333333332567,0.2037761524068766,1,0,1,3,3,19,3,3,21,0,0,0,0,0,5,11,2,0
difficulty-hard,20260712,1,0.12,0.45,0.2,0.18,3,30,9,2991,4048518938,3390558745,false,false,795.1999999999341,810.1999999999341,9,6,5,179,17,5,3,0,28,26,2,0,2,0,0.07142857142857142,0.9285714285714286,15,1.875,159.73333333332567,0.20087189805500366,1,0,1,5,3,22,5,3,26,0,0,0,0,0,6,11,2,0
difficulty-hard,20260712,1,0.12,0.45,0.2,0.18,3,30,9,2992,3379929998,3895216177,false,false,788.5666666666068,803.5666666666068,9,6,5,179,24,7,3,12,50,45,5,12,5,0,0.1,0.9,22,2.75,159.73333333332567,0.20256160967156164,1,0,1,7,3,37,7,3,44,0,0,0,0,0,7,7,2,0
difficulty-hard,20260712,1,0.12,0.45,0.2,0.18,3,30,9,2993,980399198,2332809181,false,false,731.5666666666586,749.5666666666586,9,7,6,179,23,7,2,9,43,42,1,9,1,0,0.023255813953488372,0.9767441860465116,20,2.5,159.73333333332567,0.2183441928281689,1,0,1,6,2,36,7,2,42,0,0,0,0,0,3,5,1,0
difficulty-hard,20260712,1,0.12,0.45,0.2,0.18,3,30,9,2994,169163808,1313098939,false,false,745.799999999979,763.799999999979,9,7,6,179,18,6,3,1,31,27,4,1,4,0,0.12903225806451613,0.8709677419354839,14,1.75,159.73333333332567,0.21417716992937808,1,0,1,4,3,21,6,3,27,0,0,0,0,0,3,7,2,0
difficulty-hard,20260712,1,0.12,0.45,0.2,0.18,3,30,9,2995,2651013332,1851740899,false,false,781.2333333332801,796.2333333332801,9,6,5,179,20,6,3,1,30,29,1,1,1,0,0.03333333333333333,0.9666666666666667,17,2.125,159.73333333332567,0.20446302854461307,1,0,1,5,3,25,6,3,29,0,0,0,0,0,3,5,2,0
difficulty-hard,20260712,1,0.12,0.45,0.2,0.18,3,30,9,2996,643267194,2487263954,false,false,796.6999999999327,814.6999999999327,9,7,6,179,16,5,3,4,37,30,7,4,7,0,0.1891891891891892,0.8108108108108109,16,2,159.73333333332567,0.20049370319234236,1,0,1,5,3,26,5,3,28,0,0,0,0,0,8,8,3,0
difficulty-hard,20260712,1,0.12,0.45,0.2,0.18,3,30,9,2997,238477568,3677831428,false,false,840.9999999998925,858.9999999998925,9,7,6,179,26,8,3,8,47,42,5,8,5,0,0.10638297872340426,0.8936170212765957,19,2.375,159.73333333332567,0.18993261989696325,1,0,1,6,3,30,7,3,37,0,0,0,0,0,4,5,2,0
difficulty-hard,20260712,1,0.12,0.45,0.2,0.18,3,30,9,2998,3076104119,3679421726,false,false,793.9999999999352,811.9999999999352,9,7,6,179,15,4,2,1,27,24,3,1,3,0,0.1111111111111111,0.8888888888888888,11,1.375,159.73333333332567,0.20117548278758024,1,0,1,3,2,18,4,2,24,0,0,0,0,0,3,5,2,0
difficulty-hard,20260712,1,0.12,0.45,0.2,0.18,3,30,9,2999,2334876383,3446584219,false,false,805.6666666665913,823.6666666665913,9,7,6,179,23,7,3,3,41,36,5,3,5,0,0.12195121951219512,0.8780487804878049,19,2.375,159.73333333332567,0.1982623086470922,1,0,1,6,3,28,7,3,35,0,0,0,0,0,7,8,2,0
